ISO-10303-21;
HEADER;
FILE_DESCRIPTION (( 'STEP AP203' ),
    '1' );
FILE_NAME ('M-20iA35M cover J4-M-20iA35M_Défaut_sldprt.STEP',
    '2025-11-12T15:55:36',
    ( '' ),
    ( '' ),
    'SwSTEP 2.0',
    'SolidWorks 2023',
    '' );
FILE_SCHEMA (( 'CONFIG_CONTROL_DESIGN' ));
ENDSEC;

DATA;
#1 = CARTESIAN_POINT ( 'NONE',  ( -48.24271220067993937, 148.4716977578782462, 81.68478044604269428 ) ) ;
#2 = ORIENTED_EDGE ( 'NONE', *, *, #9375, .T. ) ;
#3 = CARTESIAN_POINT ( 'NONE',  ( 71.66170489640835228, 160.0000000000000000, -96.78633074168158146 ) ) ;
#4 = VECTOR ( 'NONE', #3046, 1000.000000000000114 ) ;
#5 = ORIENTED_EDGE ( 'NONE', *, *, #6219, .F. ) ;
#6 = ORIENTED_EDGE ( 'NONE', *, *, #6247, .F. ) ;
#7 = LINE ( 'NONE', #195, #551 ) ;
#8 = CARTESIAN_POINT ( 'NONE',  ( 92.12884091918752461, -18.77865745046262091, -74.00000000000000000 ) ) ;
#9 = CARTESIAN_POINT ( 'NONE',  ( -49.26923926180634083, -39.76288739699472075, -142.1352725124614551 ) ) ;
#10 = CARTESIAN_POINT ( 'NONE',  ( 67.00008119906279092, 159.5485905980988548, 5.091482471156368206 ) ) ;
#11 = LINE ( 'NONE', #1510, #886 ) ;
#12 = VECTOR ( 'NONE', #1611, 1000.000000000000114 ) ;
#13 = CARTESIAN_POINT ( 'NONE',  ( 91.48187991953570020, 20.32806034530249306, -69.29999999999999716 ) ) ;
#14 = CARTESIAN_POINT ( 'NONE',  ( -57.77035791291316968, 160.0000000000000000, 52.32836055400765929 ) ) ;
#15 = VERTEX_POINT ( 'NONE', #9244 ) ;
#16 = AXIS2_PLACEMENT_3D ( 'NONE', #3273, #8631, #6241 ) ;
#17 = CIRCLE ( 'NONE', #6652, 1.500000000000003331 ) ;
#18 = FACE_OUTER_BOUND ( 'NONE', #2204, .T. ) ;
#19 = LINE ( 'NONE', #2950, #3314 ) ;
#20 = CARTESIAN_POINT ( 'NONE',  ( 24.44047130923139477, 62.00001189356565590, 88.33393272164006760 ) ) ;
#21 = CARTESIAN_POINT ( 'NONE',  ( 88.88690013644433918, 150.4843648198865651, -66.24499258292904358 ) ) ;
#22 = VERTEX_POINT ( 'NONE', #2599 ) ;
#23 = PLANE ( 'NONE',  #1701 ) ;
#24 = DIRECTION ( 'NONE',  ( 3.469446951953613696E-16, 1.387778780781445478E-15, 1.000000000000000000 ) ) ;
#25 = AXIS2_PLACEMENT_3D ( 'NONE', #3591, #723, #7464 ) ;
#26 = DIRECTION ( 'NONE',  ( 0.8660254037844328234, 0.000000000000000000, 0.5000000000000101030 ) ) ;
#27 = EDGE_CURVE ( 'NONE', #1059, #9098, #3448, .T. ) ;
#28 = VERTEX_POINT ( 'NONE', #8428 ) ;
#29 = CARTESIAN_POINT ( 'NONE',  ( 94.93594298419260724, -39.94968643874546643, -99.00927282644610727 ) ) ;
#30 = EDGE_CURVE ( 'NONE', #7766, #3704, #440, .T. ) ;
#31 = CARTESIAN_POINT ( 'NONE',  ( 89.35237641727951541, 140.3054171126526057, -72.93851610422166232 ) ) ;
#32 = CARTESIAN_POINT ( 'NONE',  ( 73.25025550504251726, 120.0131145170197584, -67.29799999999998761 ) ) ;
#33 = CARTESIAN_POINT ( 'NONE',  ( 357.3840944635300048, -40.00000000000000000, -76.00000000000000000 ) ) ;
#34 = ORIENTED_EDGE ( 'NONE', *, *, #8595, .F. ) ;
#35 = LINE ( 'NONE', #3783, #2884 ) ;
#36 = CARTESIAN_POINT ( 'NONE',  ( 24.01286444583494273, 62.00000009077665197, 91.16805303497160651 ) ) ;
#37 = CARTESIAN_POINT ( 'NONE',  ( 91.72583822171270640, 4.329881404604490669, -72.52080124090555557 ) ) ;
#38 = CARTESIAN_POINT ( 'NONE',  ( -30.00761524218049914, -37.00000000000000000, -146.0000000000000000 ) ) ;
#39 = B_SPLINE_CURVE_WITH_KNOTS ( 'NONE', 3,
 ( #1707, #4648, #7590, #3921, #9357, #4208, #3421, #5522, #2659, #5669, #402, #3376, #6445, #4156, #1996, #1895, #4111, #508, #4936, #8641, #7111, #4841, #7738, #6299, #6391, #9303, #8594, #7013, #3518, #7882, #556, #2704, #1277, #7784, #2043, #4985, #2755, #4061, #602, #4795, #8540, #8499, #7924, #456, #4252, #9262, #1174, #3330, #9212, #7156, #2614, #9162, #5718, #7833, #5569, #7207, #3470, #1317, #7063, #5614, #2568 ),
 .UNSPECIFIED., .F., .F.,
 ( 4, 1, 1, 1, 1, 1, 1, 2, 2, 1, 1, 1, 1, 1, 2, 2, 1, 1, 1, 1, 2, 2, 2, 1, 1, 1, 1, 1, 2, 2, 1, 1, 1, 1, 1, 2, 2, 1, 1, 1, 1, 1, 1, 2, 2, 4 ),
 ( 0.000000000000000000, 0.06249999999999814038, 0.09374999999999726608, 0.1093749999999968220, 0.1171874999999964750, 0.1210937499999964195, 0.1230468749999963085, 0.1240234374999964889, 0.1249999999999966693, 0.1875000000000104083, 0.2187500000000174027, 0.2343750000000210387, 0.2421875000000229539, 0.2460937500000241196, 0.2480468750000247025, 0.2500000000000252576, 0.3125000000000286993, 0.3437500000000304756, 0.3593750000000310307, 0.3671875000000315858, 0.3710937500000316414, 0.3750000000000316969, 0.5000000000000273115, 0.5625000000000252021, 0.5937500000000246470, 0.6093750000000239808, 0.6171875000000236478, 0.6210937500000233147, 0.6230468750000233147, 0.6250000000000233147, 0.6875000000000230926, 0.7187500000000225375, 0.7343750000000222045, 0.7421875000000219824, 0.7460937500000218714, 0.7480468750000216493, 0.7500000000000213163, 0.8125000000000133227, 0.8437500000000094369, 0.8593750000000074385, 0.8671875000000062172, 0.8710937500000053291, 0.8730468750000046629, 0.8740234375000043299, 0.8750000000000038858, 1.000000000000000000 ),
 .UNSPECIFIED. ) ;
#40 = ORIENTED_EDGE ( 'NONE', *, *, #2851, .T. ) ;
#41 = EDGE_CURVE ( 'NONE', #8076, #2705, #6424, .T. ) ;
#42 = VERTEX_POINT ( 'NONE', #1831 ) ;
#43 = LINE ( 'NONE', #134, #6620 ) ;
#44 = CARTESIAN_POINT ( 'NONE',  ( -56.85504175204268762, 140.0000000000000000, -92.85961089735100416 ) ) ;
#45 = EDGE_CURVE ( 'NONE', #6840, #2988, #4772, .T. ) ;
#46 = CARTESIAN_POINT ( 'NONE',  ( -74.35089723226045066, 140.3070157357931009, 51.63860314515374483 ) ) ;
#47 = CARTESIAN_POINT ( 'NONE',  ( -43.46061404023559760, 155.2787266745444299, 76.90290119343188735 ) ) ;
#48 = VERTEX_POINT ( 'NONE', #5600 ) ;
#49 = CARTESIAN_POINT ( 'NONE',  ( 89.81378025153135525, 1.296049324456755247, -67.30000000000001137 ) ) ;
#50 = CARTESIAN_POINT ( 'NONE',  ( 64.45826928475719342, 160.0000000000000000, -112.6820058868550376 ) ) ;
#51 = ORIENTED_EDGE ( 'NONE', *, *, #6228, .F. ) ;
#52 = ADVANCED_FACE ( 'NONE', ( #8525, #1923 ), #7817, .F. ) ;
#53 = ORIENTED_EDGE ( 'NONE', *, *, #6828, .T. ) ;
#54 = DIRECTION ( 'NONE',  ( 1.000000000000000000, 2.112881669121469423E-17, -1.210469097542615538E-15 ) ) ;
#55 = CARTESIAN_POINT ( 'NONE',  ( 5.689814087868152903, 143.1943551288193248, 84.56757471023882999 ) ) ;
#56 = EDGE_CURVE ( 'NONE', #630, #6805, #8660, .T. ) ;
#57 = CARTESIAN_POINT ( 'NONE',  ( -79.74020499065316869, -39.91861766566594838, -101.1482949511652407 ) ) ;
#58 = CARTESIAN_POINT ( 'NONE',  ( 67.00015687675588083, 159.1501432204701700, 7.254744136844033520 ) ) ;
#59 = FACE_OUTER_BOUND ( 'NONE', #1204, .T. ) ;
#60 = CARTESIAN_POINT ( 'NONE',  ( -103.0000000000000426, 153.3300508075680000, 97.00584757729509988 ) ) ;
#61 = CARTESIAN_POINT ( 'NONE',  ( 97.37748030336528871, 159.1151392947464842, 134.6030191501703825 ) ) ;
#62 = ORIENTED_EDGE ( 'NONE', *, *, #8352, .T. ) ;
#63 = CARTESIAN_POINT ( 'NONE',  ( -72.89237694035642789, 58.55128663062454564, 61.63229416542522898 ) ) ;
#64 = CYLINDRICAL_SURFACE ( 'NONE', #4712, 0.002000000000004498180 ) ;
#65 = ADVANCED_FACE ( 'NONE', ( #7239 ), #5012, .T. ) ;
#66 = DIRECTION ( 'NONE',  ( 1.000000000000000000, 0.000000000000000000, 0.000000000000000000 ) ) ;
#67 = CARTESIAN_POINT ( 'NONE',  ( -9.911775709308578541, 158.5517080573596616, 90.53426704425022820 ) ) ;
#68 = ORIENTED_EDGE ( 'NONE', *, *, #4336, .T. ) ;
#69 = VERTEX_POINT ( 'NONE', #7186 ) ;
#70 = CARTESIAN_POINT ( 'NONE',  ( 13.00000000000000178, -37.00000000000000711, -142.0000000000000284 ) ) ;
#71 = CARTESIAN_POINT ( 'NONE',  ( -94.78139602057051150, 154.9320508075676059, 215.9038475772950392 ) ) ;
#72 = LINE ( 'NONE', #1572, #1850 ) ;
#73 = ORIENTED_EDGE ( 'NONE', *, *, #386, .F. ) ;
#74 = CARTESIAN_POINT ( 'NONE',  ( 89.27842989866863377, -39.73391584362249063, -119.2358437035559575 ) ) ;
#75 = CARTESIAN_POINT ( 'NONE',  ( 67.30979870918339714, 143.2711789856018072, 27.01405035286201439 ) ) ;
#76 = CARTESIAN_POINT ( 'NONE',  ( 89.76142303221948282, 4.295592409926380917, -69.30200000000000671 ) ) ;
#77 = CARTESIAN_POINT ( 'NONE',  ( -2.785413736141392427, 157.2737693069235263, 72.83833457310392134 ) ) ;
#78 = LINE ( 'NONE', #5928, #880 ) ;
#79 = EDGE_CURVE ( 'NONE', #6982, #3983, #3498, .T. ) ;
#80 = CARTESIAN_POINT ( 'NONE',  ( 26.29204229738810028, 62.00046652020263593, 90.31034647832889561 ) ) ;
#81 = DIRECTION ( 'NONE',  ( 0.01745195043442254040, 0.9998215707699756871, -0.007228834559800981566 ) ) ;
#82 = AXIS2_PLACEMENT_3D ( 'NONE', #98, #6046, #1640 ) ;
#83 = FACE_OUTER_BOUND ( 'NONE', #2209, .T. ) ;
#84 = ORIENTED_EDGE ( 'NONE', *, *, #3151, .T. ) ;
#85 = ADVANCED_FACE ( 'NONE', ( #2210 ), #9433, .T. ) ;
#86 = LINE ( 'NONE', #5392, #6150 ) ;
#87 = CARTESIAN_POINT ( 'NONE',  ( -94.78139602057062518, 153.3300508075680000, 149.9461524227070015 ) ) ;
#88 = CIRCLE ( 'NONE', #8544, 1.601999999999999202 ) ;
#89 = CARTESIAN_POINT ( 'NONE',  ( -74.27027234209940332, 140.3162107116390018, 53.10413266574346380 ) ) ;
#90 = CARTESIAN_POINT ( 'NONE',  ( 92.89999999999987779, 153.3320508075678390, 120.8038475772952154 ) ) ;
#91 = PLANE ( 'NONE',  #7350 ) ;
#92 = EDGE_CURVE ( 'NONE', #1059, #7613, #2341, .T. ) ;
#93 = AXIS2_PLACEMENT_3D ( 'NONE', #596, #3321, #7057 ) ;
#94 = CARTESIAN_POINT ( 'NONE',  ( 92.89999999999999147, 58.33405080756781302, 217.8018475772949785 ) ) ;
#95 = ORIENTED_EDGE ( 'NONE', *, *, #1700, .T. ) ;
#96 = ORIENTED_EDGE ( 'NONE', *, *, #3863, .T. ) ;
#97 = ORIENTED_EDGE ( 'NONE', *, *, #7926, .F. ) ;
#98 = CARTESIAN_POINT ( 'NONE',  ( 2.399999999999930189, 154.9340508075675018, 97.00584757729519936 ) ) ;
#99 = DIRECTION ( 'NONE',  ( -1.831626971197524352E-32, -1.000000000000000000, -4.855507225124590245E-17 ) ) ;
#100 = AXIS2_PLACEMENT_3D ( 'NONE', #2259, #6844, #4437 ) ;
#101 = CARTESIAN_POINT ( 'NONE',  ( 73.25222779541259399, 120.0134462860602014, -69.29999999999999716 ) ) ;
#102 = AXIS2_PLACEMENT_3D ( 'NONE', #6714, #3350, #7033 ) ;
#103 = CARTESIAN_POINT ( 'NONE',  ( 67.00000579263138434, 159.8153604998936430, 2.922311228304616648 ) ) ;
#104 = CARTESIAN_POINT ( 'NONE',  ( -75.62687487349734283, 140.4180681856167894, -103.9656489309171974 ) ) ;
#105 = ADVANCED_FACE ( 'NONE', ( #7330 ), #2069, .F. ) ;
#106 = APPLICATION_CONTEXT ( 'configuration controlled 3d designs of mechanical parts and assemblies' ) ;
#107 = LINE ( 'NONE', #3355, #953 ) ;
#108 = EDGE_CURVE ( 'NONE', #2779, #1275, #7908, .T. ) ;
#109 = CARTESIAN_POINT ( 'NONE',  ( 91.77555442493257942, 1.471625796035962441, -72.93764784880130492 ) ) ;
#110 = EDGE_CURVE ( 'NONE', #5885, #4444, #4664, .T. ) ;
#111 = ORIENTED_EDGE ( 'NONE', *, *, #491, .F. ) ;
#112 = CIRCLE ( 'NONE', #7965, 1.601999999999992319 ) ;
#113 = CARTESIAN_POINT ( 'NONE',  ( -72.85110356430908496, 58.58000722947646466, 61.69365180842702756 ) ) ;
#114 = DIRECTION ( 'NONE',  ( -0.7071067811865475727, 0.000000000000000000, 0.7071067811865475727 ) ) ;
#115 = CARTESIAN_POINT ( 'NONE',  ( 61.22763550465067084, 140.4033901439403564, -136.2239436794999961 ) ) ;
#116 = CARTESIAN_POINT ( 'NONE',  ( 89.30681800583921870, 149.7879064246475025, -66.26931221547397399 ) ) ;
#117 = VECTOR ( 'NONE', #1867, 1000.000000000000000 ) ;
#118 = CARTESIAN_POINT ( 'NONE',  ( 89.39594196233529999, 137.8095487079824011, -67.29999999999999716 ) ) ;
#119 = CARTESIAN_POINT ( 'NONE',  ( -49.04375471939422937, -37.00000000000000711, -142.1615299238179375 ) ) ;
#120 = EDGE_LOOP ( 'NONE', ( #438, #5328, #1829, #4304, #8087, #6009 ) ) ;
#121 = CARTESIAN_POINT ( 'NONE',  ( 91.76111842253224893, 4.330497222800503643, -71.34879689964817828 ) ) ;
#122 = EDGE_LOOP ( 'NONE', ( #9163, #6085, #8465, #7261, #2518, #1740, #2980, #6547 ) ) ;
#123 = ORIENTED_EDGE ( 'NONE', *, *, #3785, .T. ) ;
#124 = CARTESIAN_POINT ( 'NONE',  ( -94.78139602057051150, -0.2631397208144595212, 217.8018475772954901 ) ) ;
#125 = DIRECTION ( 'NONE',  ( 2.022266248809774821E-21, -1.000000000000000000, 0.000000000000000000 ) ) ;
#126 = FACE_OUTER_BOUND ( 'NONE', #4019, .T. ) ;
#127 = DIRECTION ( 'NONE',  ( 0.000000000000000000, 1.000000000000000000, 0.000000000000000000 ) ) ;
#128 = CARTESIAN_POINT ( 'NONE',  ( 89.44582560740171573, 134.9517165961289322, -72.93848217720868377 ) ) ;
#129 = CARTESIAN_POINT ( 'NONE',  ( -36.99729524984283557, 157.5000000000000000, -121.1071172953645743 ) ) ;
#130 = FACE_OUTER_BOUND ( 'NONE', #3724, .T. ) ;
#131 = EDGE_CURVE ( 'NONE', #2347, #1367, #7516, .T. ) ;
#132 = CARTESIAN_POINT ( 'NONE',  ( -76.75900485366608450, 151.8890315566567608, 51.41304439313570640 ) ) ;
#133 = ORIENTED_EDGE ( 'NONE', *, *, #3391, .T. ) ;
#134 = CARTESIAN_POINT ( 'NONE',  ( -77.22033814103872373, -24.00000000000000000, -26.00000000000000355 ) ) ;
#135 = CARTESIAN_POINT ( 'NONE',  ( -98.53782217350898520, 58.33205080756781058, 215.9038475772949823 ) ) ;
#136 = VECTOR ( 'NONE', #3793, 1000.000000000000000 ) ;
#137 = EDGE_CURVE ( 'NONE', #875, #2959, #43, .T. ) ;
#138 = CARTESIAN_POINT ( 'NONE',  ( -55.89576550474133398, 157.5000000000000284, -100.6375009698617191 ) ) ;
#139 = CARTESIAN_POINT ( 'NONE',  ( -39.65720652510604083, 157.2098081319262235, 73.09920405124238130 ) ) ;
#140 = EDGE_CURVE ( 'NONE', #4189, #7465, #3941, .T. ) ;
#141 = EDGE_LOOP ( 'NONE', ( #2893, #34, #866, #3100 ) ) ;
#142 = VECTOR ( 'NONE', #3869, 1000.000000000000000 ) ;
#143 = CARTESIAN_POINT ( 'NONE',  ( -104.5999999999999943, 153.3320508075674979, 212.4038475772949823 ) ) ;
#144 = LINE ( 'NONE', #5996, #1862 ) ;
#145 = ORIENTED_EDGE ( 'NONE', *, *, #3908, .T. ) ;
#146 = VERTEX_POINT ( 'NONE', #7561 ) ;
#147 = ORIENTED_EDGE ( 'NONE', *, *, #5111, .F. ) ;
#148 = LINE ( 'NONE', #6001, #4237 ) ;
#149 = EDGE_CURVE ( 'NONE', #7054, #8294, #5070, .T. ) ;
#150 = CARTESIAN_POINT ( 'NONE',  ( -59.57621448089653882, 160.0000000000000000, -130.1587456603904229 ) ) ;
#151 = ADVANCED_FACE ( 'NONE', ( #8277 ), #8142, .F. ) ;
#152 = CARTESIAN_POINT ( 'NONE',  ( -31.46083248255105502, -39.97464174852680685, -145.9995573700740863 ) ) ;
#153 = CARTESIAN_POINT ( 'NONE',  ( 66.13733064341437284, 156.5379511765276561, 8.265463997402683560 ) ) ;
#154 = CARTESIAN_POINT ( 'NONE',  ( -64.58019737150112860, 140.4935534878292458, -125.8357353505567602 ) ) ;
#155 = ADVANCED_FACE ( 'NONE', ( #5348 ), #7467, .T. ) ;
#156 = CARTESIAN_POINT ( 'NONE',  ( -0.1721783756612558225, 150.4029026120745982, 88.27100946596310393 ) ) ;
#157 = PLANE ( 'NONE',  #2922 ) ;
#158 = VERTEX_POINT ( 'NONE', #1005 ) ;
#159 = EDGE_CURVE ( 'NONE', #3950, #22, #3111, .T. ) ;
#160 = DIRECTION ( 'NONE',  ( -1.000000000000000000, 5.551115123125779621E-17, 7.165827653609149284E-17 ) ) ;
#161 = VECTOR ( 'NONE', #306, 1000.000000000000000 ) ;
#162 = CARTESIAN_POINT ( 'NONE',  ( 2.399999999999930189, 154.9320508075674923, 95.40384757729519549 ) ) ;
#163 = AXIS2_PLACEMENT_3D ( 'NONE', #1000, #5580, #318 ) ;
#164 = CARTESIAN_POINT ( 'NONE',  ( -74.35237641727947278, 140.3054171126524921, 51.41304439313702090 ) ) ;
#165 = CARTESIAN_POINT ( 'NONE',  ( -94.78139602057071045, 153.3300508075680000, 97.00384757729511875 ) ) ;
#166 = DIRECTION ( 'NONE',  ( -0.9998476951563904924, -0.01745240643732150904, 0.000000000000000000 ) ) ;
#167 = CARTESIAN_POINT ( 'NONE',  ( -79.17294876661667047, -36.99999999999999289, -104.7240869016006428 ) ) ;
#168 =( BOUNDED_SURFACE ( )  B_SPLINE_SURFACE ( 3, 2, ( 
 ( #7623, #3761, #1695 ),
 ( #2409, #8209, #8387 ),
 ( #977, #5316, #6816 ),
 ( #1601, #3085, #7579 ) ),
 .UNSPECIFIED., .F., .F., .F. ) 
 B_SPLINE_SURFACE_WITH_KNOTS ( ( 4, 4 ),
 ( 3, 3 ),
 ( 4.380109841426458317, 4.712388980384689674 ),
 ( 0.000000000000000000, 1.000000000000000000 ),
 .UNSPECIFIED. ) 
 GEOMETRIC_REPRESENTATION_ITEM ( )  RATIONAL_B_SPLINE_SURFACE ( (
 ( 1.000000000000000000, 0.6202188875365325371, 1.000000000000000000),
 ( 1.000000000000000000, 0.6500704145529244693, 1.000000000000000000),
 ( 1.000000000000000000, 0.6794253534622227697, 1.000000000000000000),
 ( 1.000000000000000000, 0.7071067811865475727, 1.000000000000000000) ) ) 
 REPRESENTATION_ITEM ( '' )  SURFACE ( )  );
#169 = CARTESIAN_POINT ( 'NONE',  ( 0.02721843018823065161, -24.00000000000000000, -75.97094607245199427 ) ) ;
#170 = EDGE_CURVE ( 'NONE', #536, #7638, #9042, .T. ) ;
#171 = VECTOR ( 'NONE', #4014, 1000.000000000000000 ) ;
#172 = VERTEX_POINT ( 'NONE', #184 ) ;
#173 = EDGE_LOOP ( 'NONE', ( #5, #2375, #958, #6922, #3346 ) ) ;
#174 = CARTESIAN_POINT ( 'NONE',  ( 61.68200588686848818, 157.5000000000000284, -115.4582692847710064 ) ) ;
#175 = CARTESIAN_POINT ( 'NONE',  ( 17.35609265221864561, 62.00000000000000000, 89.71920255721201443 ) ) ;
#176 = CARTESIAN_POINT ( 'NONE',  ( -74.20859735926181600, 140.3753625721650735, 61.43432840411539075 ) ) ;
#177 = LINE ( 'NONE', #3003, #8259 ) ;
#178 = LINE ( 'NONE', #952, #7494 ) ;
#179 = CARTESIAN_POINT ( 'NONE',  ( 18.65022381927470008, 62.00011680650459311, 92.18883978097382226 ) ) ;
#180 = CARTESIAN_POINT ( 'NONE',  ( 90.39800000000001035, 56.73005080756779961, 196.8038475772949880 ) ) ;
#181 = CARTESIAN_POINT ( 'NONE',  ( -89.59999999999999432, 58.33205080756781058, 184.8038475772950164 ) ) ;
#182 = ORIENTED_EDGE ( 'NONE', *, *, #1755, .F. ) ;
#183 = CARTESIAN_POINT ( 'NONE',  ( 91.77819544102460725, 1.330338319135315084, -71.45356475716167211 ) ) ;
#184 = CARTESIAN_POINT ( 'NONE',  ( 91.72583822171269219, 4.329881404604480011, -71.34881840449345702 ) ) ;
#185 = DIRECTION ( 'NONE',  ( 3.556224861341670117E-16, 0.000000000000000000, 1.000000000000000000 ) ) ;
#186 = CARTESIAN_POINT ( 'NONE',  ( -56.85504175204268762, 157.5000000000000284, -92.85961089735100416 ) ) ;
#187 = CARTESIAN_POINT ( 'NONE',  ( 90.50883473999489581, -38.52359565090600313, -74.00000000000000000 ) ) ;
#188 = EDGE_LOOP ( 'NONE', ( #6121, #2819, #8032, #4650 ) ) ;
#189 = CARTESIAN_POINT ( 'NONE',  ( -4.768706341644588065, 160.1084238425084152, 82.39489049784528163 ) ) ;
#190 = DIRECTION ( 'NONE',  ( -1.000000000000000000, 5.551115123125779621E-17, 1.922270984668059849E-16 ) ) ;
#191 = VERTEX_POINT ( 'NONE', #5937 ) ;
#192 = VERTEX_POINT ( 'NONE', #2439 ) ;
#193 = EDGE_CURVE ( 'NONE', #4824, #2844, #1676, .T. ) ;
#194 = VERTEX_POINT ( 'NONE', #6795 ) ;
#195 = CARTESIAN_POINT ( 'NONE',  ( -89.59999999999999432, 58.33405080756781302, 217.8018475772949785 ) ) ;
#196 = CARTESIAN_POINT ( 'NONE',  ( -59.89441353030428417, 140.4935534384611913, -130.5215191934770189 ) ) ;
#197 = PLANE ( 'NONE',  #895 ) ;
#198 = CARTESIAN_POINT ( 'NONE',  ( -375.8093363810669985, -30.00000000000000000, -72.82544935071780401 ) ) ;
#199 = DIRECTION ( 'NONE',  ( -6.774000177147301763E-17, 0.03489949670250085123, -0.9993908270190957621 ) ) ;
#200 = DIRECTION ( 'NONE',  ( 0.9861451850233945438, 0.1658845202397584151, 0.000000000000000000 ) ) ;
#201 = ADVANCED_FACE ( 'NONE', ( #8859 ), #3742, .F. ) ;
#202 = LINE ( 'NONE', #885, #7870 ) ;
#203 = VERTEX_POINT ( 'NONE', #6700 ) ;
#204 = EDGE_CURVE ( 'NONE', #4245, #5358, #86, .T. ) ;
#205 = DIRECTION ( 'NONE',  ( 0.01461204901310250368, 0.000000000000000000, -0.9998932383127904222 ) ) ;
#206 = DIRECTION ( 'NONE',  ( 0.9998446458052582253, 0.01762249948207099057, 0.0003629966422490555657 ) ) ;
#207 = CARTESIAN_POINT ( 'NONE',  ( 86.64617350251511141, 140.3896144728868194, -108.6624922824374266 ) ) ;
#208 = CARTESIAN_POINT ( 'NONE',  ( 44.99238359780460428, -37.00000000000000000, -95.99238359780468954 ) ) ;
#209 = LINE ( 'NONE', #6774, #6791 ) ;
#210 = CARTESIAN_POINT ( 'NONE',  ( -69.91093033141768842, -36.99999999999998579, -126.2011972928993089 ) ) ;
#211 = EDGE_CURVE ( 'NONE', #3925, #6094, #8995, .T. ) ;
#212 = EDGE_CURVE ( 'NONE', #9505, #1625, #3011, .T. ) ;
#213 = DIRECTION ( 'NONE',  ( 0.000000000000000000, -0.000000000000000000, -1.000000000000000000 ) ) ;
#214 = VERTEX_POINT ( 'NONE', #5987 ) ;
#215 = ORIENTED_EDGE ( 'NONE', *, *, #5144, .T. ) ;
#216 = CARTESIAN_POINT ( 'NONE',  ( 86.92548690399911493, 140.3881860046990084, -108.1621261268884950 ) ) ;
#217 = CARTESIAN_POINT ( 'NONE',  ( 54.45236241702896507, -37.00000000000000711, -145.0972641892043384 ) ) ;
#218 = CARTESIAN_POINT ( 'NONE',  ( 121.8999999999999915, 153.3320508075674979, 120.8038475772952012 ) ) ;
#219 = CARTESIAN_POINT ( 'NONE',  ( 5.837712875124646317, 149.0143636132322342, 81.46146087959665749 ) ) ;
#220 = FACE_OUTER_BOUND ( 'NONE', #748, .T. ) ;
#221 = CARTESIAN_POINT ( 'NONE',  ( 91.42952270022389882, 23.32760343077164578, -67.30000000000001137 ) ) ;
#222 = DIRECTION ( 'NONE',  ( 1.000000000000000000, 0.000000000000000000, 0.000000000000000000 ) ) ;
#223 = EDGE_CURVE ( 'NONE', #487, #7090, #8908, .T. ) ;
#224 = EDGE_CURVE ( 'NONE', #7638, #6375, #8192, .T. ) ;
#225 = DIRECTION ( 'NONE',  ( 0.01745240643728300511, -0.9998476951563911586, 0.000000000000000000 ) ) ;
#226 = ORIENTED_EDGE ( 'NONE', *, *, #7707, .F. ) ;
#227 = CARTESIAN_POINT ( 'NONE',  ( 72.02822988192899345, 157.4999706945882565, -72.94480568835714962 ) ) ;
#228 = DIRECTION ( 'NONE',  ( 0.000000000000000000, 0.4239401060486308048, 0.9056902265584385603 ) ) ;
#229 = LINE ( 'NONE', #4035, #1014 ) ;
#230 = CARTESIAN_POINT ( 'NONE',  ( 44.95448846517700048, -37.00000000000000711, -143.4472539851056183 ) ) ;
#231 = VECTOR ( 'NONE', #3596, 1000.000000000000000 ) ;
#232 = CARTESIAN_POINT ( 'NONE',  ( 89.35237641727954383, 140.3054171126524921, -92.85961089735098994 ) ) ;
#233 = CARTESIAN_POINT ( 'NONE',  ( -89.59999999999999432, 153.3300508075680000, 217.8018475772949785 ) ) ;
#234 = CALENDAR_DATE ( 2025, 12, 11 ) ;
#235 = ORIENTED_EDGE ( 'NONE', *, *, #7558, .F. ) ;
#236 = VECTOR ( 'NONE', #1809, 1000.000000000000114 ) ;
#237 = EDGE_CURVE ( 'NONE', #6493, #487, #6033, .T. ) ;
#238 = ORIENTED_EDGE ( 'NONE', *, *, #1514, .F. ) ;
#239 = ORIENTED_EDGE ( 'NONE', *, *, #5053, .F. ) ;
#240 = CARTESIAN_POINT ( 'NONE',  ( 90.25110987776221805, 88.81701164531838799, -68.92778299018848998 ) ) ;
#241 = CARTESIAN_POINT ( 'NONE',  ( -46.12409318688835924, -39.78985098578395707, -143.3548899837218755 ) ) ;
#242 = DIRECTION ( 'NONE',  ( -0.01744974916068280785, -0.9996954598818874604, -0.01744974916068275581 ) ) ;
#243 = DIRECTION ( 'NONE',  ( -0.000000000000000000, -1.000000000000000000, -6.123233995736769734E-17 ) ) ;
#244 = AXIS2_PLACEMENT_3D ( 'NONE', #4550, #7583, #891 ) ;
#245 = FACE_OUTER_BOUND ( 'NONE', #5489, .T. ) ;
#246 = CARTESIAN_POINT ( 'NONE',  ( 66.99999999999998579, 160.0000000000000000, -0.9136645896020569868 ) ) ;
#247 = ORIENTED_EDGE ( 'NONE', *, *, #428, .T. ) ;
#248 = AXIS2_PLACEMENT_3D ( 'NONE', #5952, #8679, #9497 ) ;
#249 = CYLINDRICAL_SURFACE ( 'NONE', #5696, 0.002000000000002000178 ) ;
#250 = DIRECTION ( 'NONE',  ( 0.01744974916068270376, -0.9996954598818874604, -0.01744974916068274540 ) ) ;
#251 = CARTESIAN_POINT ( 'NONE',  ( 65.24032497716675039, 140.4163965629072948, -134.2286165227399692 ) ) ;
#252 = DIRECTION ( 'NONE',  ( 1.000000000000000000, -1.110223024625155801E-16, 0.000000000000000000 ) ) ;
#253 = PLANE ( 'NONE',  #6945 ) ;
#254 = CARTESIAN_POINT ( 'NONE',  ( -55.89907809821286122, -37.00000000000000711, -138.7234380870707753 ) ) ;
#255 = AXIS2_PLACEMENT_3D ( 'NONE', #7995, #1388, #7902 ) ;
#256 = ORIENTED_EDGE ( 'NONE', *, *, #3195, .T. ) ;
#257 = VECTOR ( 'NONE', #252, 1000.000000000000000 ) ;
#258 = DIRECTION ( 'NONE',  ( 1.000000000000000000, -0.000000000000000000, 0.000000000000000000 ) ) ;
#259 = ORIENTED_EDGE ( 'NONE', *, *, #709, .F. ) ;
#260 = ORIENTED_EDGE ( 'NONE', *, *, #4721, .F. ) ;
#261 = ORIENTED_EDGE ( 'NONE', *, *, #6428, .T. ) ;
#262 = ORIENTED_EDGE ( 'NONE', *, *, #6342, .F. ) ;
#263 = CARTESIAN_POINT ( 'NONE',  ( 45.78633074168170225, 157.5000000000000284, -122.6617048964083949 ) ) ;
#264 = CARTESIAN_POINT ( 'NONE',  ( 84.43198368737289172, 137.7229024939919952, -69.29999999999999716 ) ) ;
#265 = DIRECTION ( 'NONE',  ( -0.9998476951563912696, -0.01745240643728360533, 3.503998260924795799E-16 ) ) ;
#266 = CARTESIAN_POINT ( 'NONE',  ( -74.35236722973543522, 140.3059434667014216, 51.48294198110687603 ) ) ;
#267 = CIRCLE ( 'NONE', #6443, 17.50000000000000000 ) ;
#268 = CARTESIAN_POINT ( 'NONE',  ( -0.7646087111332641184, 156.5585159294650737, 74.85913945279075676 ) ) ;
#269 = CARTESIAN_POINT ( 'NONE',  ( 89.09962644084650663, 156.8072707341499950, -69.29999999999999716 ) ) ;
#270 = DIRECTION ( 'NONE',  ( 0.000000000000000000, -1.000000000000000000, 0.000000000000000000 ) ) ;
#271 = DIRECTION ( 'NONE',  ( 1.000000000000000000, 0.000000000000000000, 0.000000000000000000 ) ) ;
#272 = DIRECTION ( 'NONE',  ( -0.7071067811865475727, 0.000000000000000000, -0.7071067811865475727 ) ) ;
#273 = VERTEX_POINT ( 'NONE', #7660 ) ;
#274 = VECTOR ( 'NONE', #4239, 1000.000000000000000 ) ;
#275 = ORIENTED_EDGE ( 'NONE', *, *, #9211, .F. ) ;
#276 = CARTESIAN_POINT ( 'NONE',  ( -80.00000000000000000, -40.00000000000000000, -76.00199999999999534 ) ) ;
#277 = CARTESIAN_POINT ( 'NONE',  ( 65.62203956980137320, 155.4599240101330224, 12.25788591432764107 ) ) ;
#278 = CARTESIAN_POINT ( 'NONE',  ( -41.03988718744415820, 159.3744065725758503, 74.48188454634980360 ) ) ;
#279 = EDGE_CURVE ( 'NONE', #5121, #158, #5914, .T. ) ;
#280 = DIRECTION ( 'NONE',  ( 0.01745240643693182075, 0.9998476951363208798, 6.336149282255970007E-06 ) ) ;
#281 = ADVANCED_FACE ( 'NONE', ( #9132, #1961 ), #2537, .T. ) ;
#282 = CARTESIAN_POINT ( 'NONE',  ( -41.92892412318742146, 156.2930574023481256, 75.37092147500496253 ) ) ;
#283 = ORIENTED_EDGE ( 'NONE', *, *, #8595, .T. ) ;
#284 = PERSON_AND_ORGANIZATION ( #1527, #3230 ) ;
#285 = ORIENTED_EDGE ( 'NONE', *, *, #5394, .T. ) ;
#286 = AXIS2_PLACEMENT_3D ( 'NONE', #7744, #6352, #9267 ) ;
#287 = ORIENTED_EDGE ( 'NONE', *, *, #4693, .F. ) ;
#288 = ORIENTED_EDGE ( 'NONE', *, *, #1772, .F. ) ;
#289 = ORIENTED_EDGE ( 'NONE', *, *, #4516, .T. ) ;
#290 = DIRECTION ( 'NONE',  ( 1.083784262211880045E-15, 0.000000000000000000, -1.000000000000000000 ) ) ;
#291 = CARTESIAN_POINT ( 'NONE',  ( 89.73867403193395376, 88.80806704435887866, -67.90682129874701900 ) ) ;
#292 = CYLINDRICAL_SURFACE ( 'NONE', #1050, 17.49999999999999645 ) ;
#293 = CYLINDRICAL_SURFACE ( 'NONE', #1801, 49.99999999999999289 ) ;
#294 = CARTESIAN_POINT ( 'NONE',  ( -45.43650611916337567, 140.4537084252569628, -139.2705323902803798 ) ) ;
#295 = VECTOR ( 'NONE', #1499, 1000.000000000000000 ) ;
#296 = LINE ( 'NONE', #2363, #6940 ) ;
#297 = EDGE_CURVE ( 'NONE', #1470, #5709, #8371, .T. ) ;
#298 = ORIENTED_EDGE ( 'NONE', *, *, #4575, .F. ) ;
#299 = EDGE_CURVE ( 'NONE', #4920, #697, #1053, .T. ) ;
#300 = DIRECTION ( 'NONE',  ( 1.000000000000000000, 3.984190484152030133E-18, -2.282541199667060851E-16 ) ) ;
#301 = CARTESIAN_POINT ( 'NONE',  ( -94.78139602057062518, 58.33405080756781302, 149.9461524227070015 ) ) ;
#302 = DIRECTION ( 'NONE',  ( -1.000000000000000000, -0.000000000000000000, 1.541976423090495042E-15 ) ) ;
#303 = CARTESIAN_POINT ( 'NONE',  ( 9.065582935676891552, 144.1502867831963499, 84.68933102936411217 ) ) ;
#304 = CARTESIAN_POINT ( 'NONE',  ( 65.55289712190170803, 120.0000024564104848, 33.59776391611080726 ) ) ;
#305 = CARTESIAN_POINT ( 'NONE',  ( -76.69472253070573231, -36.99999999999999289, -113.6978231020839445 ) ) ;
#306 = DIRECTION ( 'NONE',  ( -1.000000000000000000, -2.022266248809774821E-21, -0.000000000000000000 ) ) ;
#307 = ADVANCED_FACE ( 'NONE', ( #5586 ), #6089, .T. ) ;
#308 = ORIENTED_EDGE ( 'NONE', *, *, #4505, .T. ) ;
#309 = CIRCLE ( 'NONE', #4933, 17.50000000000000000 ) ;
#310 = EDGE_LOOP ( 'NONE', ( #6777, #2184, #6207, #1015 ) ) ;
#311 = VERTEX_POINT ( 'NONE', #4815 ) ;
#312 = CARTESIAN_POINT ( 'NONE',  ( 55.15284193020797687, 157.5000000000000284, -119.8207263535676645 ) ) ;
#313 = DIRECTION ( 'NONE',  ( 1.000000000000000000, 0.000000000000000000, 0.000000000000000000 ) ) ;
#314 = DIRECTION ( 'NONE',  ( -0.01461204901308623370, 0.000000000000000000, 0.9998932383127906443 ) ) ;
#315 = CARTESIAN_POINT ( 'NONE',  ( -74.32828730438882303, 140.3116612012717610, 52.32891261307766229 ) ) ;
#316 = CARTESIAN_POINT ( 'NONE',  ( 3.988585616642203568, 152.3666435303139508, 79.61245569080207929 ) ) ;
#317 = CARTESIAN_POINT ( 'NONE',  ( -39.17339238076024088, 140.3748027843292618, -138.8323112276407585 ) ) ;
#318 = DIRECTION ( 'NONE',  ( -1.000000000000000000, 0.000000000000000000, 0.000000000000000000 ) ) ;
#319 = PRODUCT_DEFINITION_FORMATION_WITH_SPECIFIED_SOURCE ( 'ANY', '', #5703, .NOT_KNOWN. ) ;
#320 = CARTESIAN_POINT ( 'NONE',  ( 64.21958600479719337, 119.9996275721867391, 33.20677450169560530 ) ) ;
#321 = VECTOR ( 'NONE', #166, 1000.000000000000114 ) ;
#322 = PLANE ( 'NONE',  #4496 ) ;
#323 = ORIENTED_EDGE ( 'NONE', *, *, #491, .T. ) ;
#324 = CARTESIAN_POINT ( 'NONE',  ( 67.11252825617145845, 156.5004863628854821, -67.29799999999998761 ) ) ;
#325 = CARTESIAN_POINT ( 'NONE',  ( 88.28669468826906552, 88.78272265063975510, -69.30200000000000671 ) ) ;
#326 = DIRECTION ( 'NONE',  ( 2.616848805689858374E-17, -9.654438261914849276E-16, 1.000000000000000000 ) ) ;
#327 = AXIS2_PLACEMENT_3D ( 'NONE', #7313, #4513, #6594 ) ;
#328 = CARTESIAN_POINT ( 'NONE',  ( -30.78633074168836004, 157.5000000000000284, -122.6617048964084091 ) ) ;
#329 = CARTESIAN_POINT ( 'NONE',  ( -79.59135986528937678, -40.00000000000000000, -102.4688033371649567 ) ) ;
#330 = ORIENTED_EDGE ( 'NONE', *, *, #8874, .F. ) ;
#331 = AXIS2_PLACEMENT_3D ( 'NONE', #5537, #1002, #225 ) ;
#332 = EDGE_CURVE ( 'NONE', #4742, #1242, #1102, .T. ) ;
#333 = ORIENTED_EDGE ( 'NONE', *, *, #8696, .F. ) ;
#334 = EDGE_LOOP ( 'NONE', ( #6446, #8250, #3119, #8833, #7126, #6181, #4244, #3377, #7871, #3176, #7158, #111, #1013, #4857 ) ) ;
#335 = ORIENTED_EDGE ( 'NONE', *, *, #822, .T. ) ;
#336 = VERTEX_POINT ( 'NONE', #1244 ) ;
#337 = ORIENTED_EDGE ( 'NONE', *, *, #6226, .T. ) ;
#338 = DIRECTION ( 'NONE',  ( -1.000000000000000000, 1.586032892321652285E-15, 0.000000000000000000 ) ) ;
#339 = CARTESIAN_POINT ( 'NONE',  ( 53.61970827605534851, -36.99999999999999289, -142.6502707665541152 ) ) ;
#340 = CARTESIAN_POINT ( 'NONE',  ( 87.48103829603718395, 134.9387464491812523, -74.00000000000000000 ) ) ;
#341 = CARTESIAN_POINT ( 'NONE',  ( 121.8999999999999915, 153.3320508075674979, 120.8038475772952012 ) ) ;
#342 = LINE ( 'NONE', #5068, #9026 ) ;
#343 = ADVANCED_FACE ( 'NONE', ( #8557 ), #425, .T. ) ;
#344 = DIRECTION ( 'NONE',  ( 1.000000000000000000, 0.000000000000000000, 0.000000000000000000 ) ) ;
#345 = VERTEX_POINT ( 'NONE', #1145 ) ;
#346 = FACE_OUTER_BOUND ( 'NONE', #8220, .T. ) ;
#347 = DIRECTION ( 'NONE',  ( -5.420778447220343641E-17, -1.000000000000000000, 1.413929085492997955E-18 ) ) ;
#348 = FACE_OUTER_BOUND ( 'NONE', #6817, .T. ) ;
#349 = FACE_OUTER_BOUND ( 'NONE', #9381, .T. ) ;
#351 = ORIENTED_EDGE ( 'NONE', *, *, #3372, .F. ) ;
#350 = CARTESIAN_POINT ( 'NONE',  ( 65.04592557029468480, 119.9999974953677366, 33.15124185405065305 ) ) ;
#352 = DIRECTION ( 'NONE',  ( -0.01744974916068280785, -0.9996954598818874604, -0.01744974916068275581 ) ) ;
#353 = VERTEX_POINT ( 'NONE', #3348 ) ;
#354 = PLANE ( 'NONE',  #5247 ) ;
#355 = ORIENTED_EDGE ( 'NONE', *, *, #3113, .T. ) ;
#356 = ORIENTED_EDGE ( 'NONE', *, *, #2927, .F. ) ;
#357 = EDGE_LOOP ( 'NONE', ( #2336, #5448, #8787, #5217, #6657, #8666 ) ) ;
#358 = CARTESIAN_POINT ( 'NONE',  ( 77.32118611340217740, 157.5000000000000284, -123.9644384066576350 ) ) ;
#359 = LINE ( 'NONE', #4698, #4450 ) ;
#360 = DIRECTION ( 'NONE',  ( -1.000000000000000000, 1.110223024625155801E-16, 0.000000000000000000 ) ) ;
#361 = DIRECTION ( 'NONE',  ( 0.000000000000000000, 1.000000000000000000, 6.123233995736769734E-17 ) ) ;
#362 = CARTESIAN_POINT ( 'NONE',  ( -1.364605111387469538, 156.8263558822348784, 74.25935671903438617 ) ) ;
#363 = CARTESIAN_POINT ( 'NONE',  ( -74.35237641727951541, 140.3054171126525205, -92.85961089735101837 ) ) ;
#364 = CARTESIAN_POINT ( 'NONE',  ( -57.35412031625198637, 157.5000000000000853, 51.91212295723104120 ) ) ;
#365 = LINE ( 'NONE', #5387, #4489 ) ;
#366 = ORIENTED_EDGE ( 'NONE', *, *, #6127, .F. ) ;
#367 = LINE ( 'NONE', #6887, #1870 ) ;
#368 = EDGE_LOOP ( 'NONE', ( #2762, #1100, #7146, #3818 ) ) ;
#369 = CARTESIAN_POINT ( 'NONE',  ( 94.66284902611586460, -37.00000000000000000, -72.93658812097554289 ) ) ;
#370 = CARTESIAN_POINT ( 'NONE',  ( 10.40000000000000213, 153.3320508075674979, 95.40384757729519549 ) ) ;
#371 = CARTESIAN_POINT ( 'NONE',  ( 377.0830826144305092, 157.5000000000000000, -66.00000000000000000 ) ) ;
#372 = CARTESIAN_POINT ( 'NONE',  ( -41.89255555652054852, 160.0000000000000000, -118.8908915475416990 ) ) ;
#373 = EDGE_CURVE ( 'NONE', #4984, #5904, #6317, .T. ) ;
#374 = CARTESIAN_POINT ( 'NONE',  ( -38.55276091706776498, -37.00000000000001421, -142.6626414879900437 ) ) ;
#375 = CARTESIAN_POINT ( 'NONE',  ( -39.45391422617569788, -40.00000000000001421, -145.0998425951005117 ) ) ;
#376 = PRODUCT_DEFINITION ( 'UNKNOWN', '', #319, #7353 ) ;
#377 = ORIENTED_EDGE ( 'NONE', *, *, #3633, .F. ) ;
#378 = PERSON_AND_ORGANIZATION ( #1527, #3230 ) ;
#379 = ADVANCED_FACE ( 'NONE', ( #7129 ), #7170, .T. ) ;
#380 = ORIENTED_EDGE ( 'NONE', *, *, #9401, .F. ) ;
#381 = EDGE_LOOP ( 'NONE', ( #1442, #4953, #298, #5355 ) ) ;
#382 = ORIENTED_EDGE ( 'NONE', *, *, #4305, .T. ) ;
#383 = PLANE ( 'NONE',  #8537 ) ;
#384 = CARTESIAN_POINT ( 'NONE',  ( 56.23017521400531393, -37.00000000000001421, -142.1011812707147044 ) ) ;
#385 = DIRECTION ( 'NONE',  ( -3.000491698228080021E-16, 4.855507225124590245E-17, -1.000000000000000000 ) ) ;
#386 = EDGE_CURVE ( 'NONE', #2498, #5648, #1383, .T. ) ;
#387 = LINE ( 'NONE', #7095, #8419 ) ;
#388 = CARTESIAN_POINT ( 'NONE',  ( 91.16152992383507581, -37.00000000000001421, -115.0437547193823065 ) ) ;
#389 = EDGE_CURVE ( 'NONE', #5500, #9062, #4604, .T. ) ;
#390 = CIRCLE ( 'NONE', #5791, 17.50000000000000000 ) ;
#391 = CARTESIAN_POINT ( 'NONE',  ( 71.85504175204269472, 140.0000000000000000, -146.0000000000000000 ) ) ;
#392 = ORIENTED_EDGE ( 'NONE', *, *, #5105, .F. ) ;
#393 = LINE ( 'NONE', #4684, #3834 ) ;
#394 = CARTESIAN_POINT ( 'NONE',  ( 67.12746537215200249, 156.4237452360824818, -67.29999999999999716 ) ) ;
#395 = CARTESIAN_POINT ( 'NONE',  ( 91.76116983382040360, 2.305734702596854202, -73.70920503616949304 ) ) ;
#396 = EDGE_CURVE ( 'NONE', #6780, #5596, #8590, .T. ) ;
#397 = VECTOR ( 'NONE', #586, 1000.000000000000000 ) ;
#398 = CARTESIAN_POINT ( 'NONE',  ( -59.99311537684509688, -39.78011755942815597, 52.71287704825549270 ) ) ;
#400 = ORIENTED_EDGE ( 'NONE', *, *, #7004, .T. ) ;
#399 = LINE ( 'NONE', #3325, #2773 ) ;
#401 = CARTESIAN_POINT ( 'NONE',  ( 90.31256868823771811, 87.31785592077940805, -72.30200000000000671 ) ) ;
#402 = CARTESIAN_POINT ( 'NONE',  ( 54.08050235981742304, -40.00000000000000711, -145.1700252479716653 ) ) ;
#403 = ORIENTED_EDGE ( 'NONE', *, *, #4420, .T. ) ;
#404 = VECTOR ( 'NONE', #6863, 1000.000000000000000 ) ;
#405 = ORIENTED_EDGE ( 'NONE', *, *, #212, .F. ) ;
#406 = VERTEX_POINT ( 'NONE', #2910 ) ;
#407 = DIRECTION ( 'NONE',  ( 0.000000000000000000, 0.5000000000000003331, -0.8660254037844383745 ) ) ;
#408 = CARTESIAN_POINT ( 'NONE',  ( -98.53782217350901362, 56.73205080756780205, 215.9038475772950392 ) ) ;
#409 = LINE ( 'NONE', #7790, #6874 ) ;
#410 = CARTESIAN_POINT ( 'NONE',  ( -76.78777594652251537, 57.61420626301370618, 59.63035051922913965 ) ) ;
#411 = CARTESIAN_POINT ( 'NONE',  ( -92.17074539372529784, 58.33405080756782013, 217.8018475772949785 ) ) ;
#412 = VECTOR ( 'NONE', #3978, 1000.000000000000000 ) ;
#413 = PLANE ( 'NONE',  #9332 ) ;
#414 = VECTOR ( 'NONE', #5819, 1000.000000000000114 ) ;
#415 = CARTESIAN_POINT ( 'NONE',  ( -58.74830255465711559, 157.2942718022496535, 53.30667122166531158 ) ) ;
#416 = CARTESIAN_POINT ( 'NONE',  ( -98.53782217350899941, 58.33205080756781058, 215.9038475772950108 ) ) ;
#417 = EDGE_CURVE ( 'NONE', #4443, #3332, #3049, .T. ) ;
#418 = ORIENTED_EDGE ( 'NONE', *, *, #3620, .T. ) ;
#419 = CARTESIAN_POINT ( 'NONE',  ( 63.80210403497167704, 157.5000000000000000, -113.3381964446100341 ) ) ;
#420 = ORIENTED_EDGE ( 'NONE', *, *, #4464, .T. ) ;
#421 = AXIS2_PLACEMENT_3D ( 'NONE', #9328, #7177, #6605 ) ;
#422 = ORIENTED_EDGE ( 'NONE', *, *, #7754, .T. ) ;
#423 = CARTESIAN_POINT ( 'NONE',  ( 94.66284902611586460, -40.00000000000000711, -72.93658812097554289 ) ) ;
#424 = AXIS2_PLACEMENT_3D ( 'NONE', #7152, #9259, #2079 ) ;
#425 = PLANE ( 'NONE',  #9205 ) ;
#426 = LINE ( 'NONE', #5349, #1320 ) ;
#427 = CARTESIAN_POINT ( 'NONE',  ( -30.78633074168836004, 160.0000000000000000, -122.6617048964084091 ) ) ;
#428 = EDGE_CURVE ( 'NONE', #8008, #1481, #4470, .T. ) ;
#429 = DIRECTION ( 'NONE',  ( -0.9998476951563911586, -0.01745240643728384819, 0.000000000000000000 ) ) ;
#430 = CARTESIAN_POINT ( 'NONE',  ( -39.15523474672277615, -40.00000000000002132, -145.1561777338972661 ) ) ;
#431 = DIRECTION ( 'NONE',  ( 0.9998476951563912696, 0.01745240643728375798, 4.897650611858551270E-16 ) ) ;
#432 = EDGE_CURVE ( 'NONE', #1610, #8633, #2244, .T. ) ;
#433 = VECTOR ( 'NONE', #4923, 1000.000000000000000 ) ;
#434 = CARTESIAN_POINT ( 'NONE',  ( 71.60229177560970015, 156.5018536214975313, -69.29999999999999716 ) ) ;
#435 = ORIENTED_EDGE ( 'NONE', *, *, #4355, .F. ) ;
#436 = PERSON_AND_ORGANIZATION ( #1527, #3230 ) ;
#437 = ADVANCED_FACE ( 'NONE', ( #7550, #5976 ), #3883, .T. ) ;
#438 = ORIENTED_EDGE ( 'NONE', *, *, #2511, .T. ) ;
#439 = EDGE_LOOP ( 'NONE', ( #2335, #970, #4358, #5636 ) ) ;
#440 = LINE ( 'NONE', #2646, #5683 ) ;
#441 = DIRECTION ( 'NONE',  ( -0.02607463783499785678, 0.000000000000000000, -0.9996599988304891715 ) ) ;
#442 = VECTOR ( 'NONE', #6190, 999.9999999999998863 ) ;
#443 = CARTESIAN_POINT ( 'NONE',  ( 92.89999999999999147, 154.9320508075680038, 217.8018475772949785 ) ) ;
#444 = DIRECTION ( 'NONE',  ( -1.873065082678784805E-16, 4.855507225124589628E-17, -1.000000000000000000 ) ) ;
#445 = CARTESIAN_POINT ( 'NONE',  ( 2.399999999999930189, 172.9320508075679754, 95.40384757729520970 ) ) ;
#446 = CARTESIAN_POINT ( 'NONE',  ( 91.41909637871464156, -37.00000000000001421, -114.4057196626298634 ) ) ;
#447 = DIRECTION ( 'NONE',  ( 0.000000000000000000, 1.000000000000000000, -0.000000000000000000 ) ) ;
#448 = ORIENTED_EDGE ( 'NONE', *, *, #5946, .T. ) ;
#449 = CARTESIAN_POINT ( 'NONE',  ( 64.97202022465934590, 146.5596511620248350, 24.15882040692935817 ) ) ;
#450 = VECTOR ( 'NONE', #2089, 1000.000000000000114 ) ;
#451 = LINE ( 'NONE', #9206, #4438 ) ;
#452 = LINE ( 'NONE', #8638, #8883 ) ;
#454 = ORIENTED_EDGE ( 'NONE', *, *, #8915, .F. ) ;
#453 = DIRECTION ( 'NONE',  ( 1.913402524860850093E-16, 3.339856530526139354E-18, 1.000000000000000000 ) ) ;
#455 = DIRECTION ( 'NONE',  ( -0.01745240643728365043, -0.9998476951563911586, 0.000000000000000000 ) ) ;
#456 = CARTESIAN_POINT ( 'NONE',  ( 91.21389511864262545, -40.00000000000002842, -115.0961199141091669 ) ) ;
#457 = EDGE_CURVE ( 'NONE', #5707, #2067, #8265, .T. ) ;
#458 = ORIENTED_EDGE ( 'NONE', *, *, #1278, .T. ) ;
#459 = EDGE_CURVE ( 'NONE', #8573, #7813, #7367, .T. ) ;
#460 = VERTEX_POINT ( 'NONE', #6831 ) ;
#461 = ADVANCED_FACE ( 'NONE', ( #6692 ), #3001, .T. ) ;
#462 = DIRECTION ( 'NONE',  ( -0.01744974916068260662, 0.9996954598818874604, 0.01744974916068275581 ) ) ;
#463 = FACE_OUTER_BOUND ( 'NONE', #4148, .T. ) ;
#464 = CARTESIAN_POINT ( 'NONE',  ( 90.33874729789368985, 85.81808437804480150, -67.30000000000001137 ) ) ;
#465 = CARTESIAN_POINT ( 'NONE',  ( -77.80014367190162261, 56.20299821344382707, 56.61549592960284372 ) ) ;
#466 = DIRECTION ( 'NONE',  ( -0.7071067811865463515, 0.000000000000000000, -0.7071067811865487940 ) ) ;
#467 = CYLINDRICAL_SURFACE ( 'NONE', #5038, 2.001999999999990010 ) ;
#468 = LINE ( 'NONE', #3388, #3232 ) ;
#469 = CARTESIAN_POINT ( 'NONE',  ( -56.73999811684817018, -36.99999999999999289, -138.2464783743745329 ) ) ;
#470 = ORIENTED_EDGE ( 'NONE', *, *, #3015, .F. ) ;
#471 = CARTESIAN_POINT ( 'NONE',  ( 71.34318179865464060, 157.4999999999999716, -98.37807446334477390 ) ) ;
#472 = ADVANCED_FACE ( 'NONE', ( #6112 ), #1576, .F. ) ;
#473 = ORIENTED_EDGE ( 'NONE', *, *, #6138, .T. ) ;
#474 = CARTESIAN_POINT ( 'NONE',  ( 62.80481073781525936, -39.77483489878602541, -142.7232340942602775 ) ) ;
#475 = CARTESIAN_POINT ( 'NONE',  ( 65.12743316779625502, 149.2671145977510037, 22.06218259634522028 ) ) ;
#476 = CARTESIAN_POINT ( 'NONE',  ( 88.30548052690366490, 140.4533406215745686, -111.3488671162417489 ) ) ;
#477 = CARTESIAN_POINT ( 'NONE',  ( 88.80454938864460246, 88.79176183805918754, -69.29999999999999716 ) ) ;
#478 = VECTOR ( 'NONE', #1214, 1000.000000000000114 ) ;
#479 = CARTESIAN_POINT ( 'NONE',  ( -46.68200588686177355, 157.5000000000000284, -115.4582692847708643 ) ) ;
#480 = VECTOR ( 'NONE', #772, 1000.000000000000000 ) ;
#481 = CARTESIAN_POINT ( 'NONE',  ( -74.82225116985840430, -39.99999999999999289, -118.2788672025284313 ) ) ;
#482 = CARTESIAN_POINT ( 'NONE',  ( -37.41304439313704222, 140.3490481287456078, 90.85199565517046949 ) ) ;
#483 = CARTESIAN_POINT ( 'NONE',  ( -46.51289248278724386, 140.1275207369698705, 86.53366605067655826 ) ) ;
#484 = EDGE_CURVE ( 'NONE', #336, #5885, #545, .T. ) ;
#485 = ORIENTED_EDGE ( 'NONE', *, *, #8377, .F. ) ;
#486 = VECTOR ( 'NONE', #4368, 1000.000000000000000 ) ;
#487 = VERTEX_POINT ( 'NONE', #8848 ) ;
#488 = ORIENTED_EDGE ( 'NONE', *, *, #4812, .F. ) ;
#489 = CARTESIAN_POINT ( 'NONE',  ( 65.14023788612470867, 156.1687173224059961, 7.700000000000025935 ) ) ;
#490 = DIRECTION ( 'NONE',  ( 5.390695917567118667E-33, 4.855507225124589012E-17, -1.000000000000000000 ) ) ;
#491 = EDGE_CURVE ( 'NONE', #3358, #8294, #8349, .T. ) ;
#492 = CARTESIAN_POINT ( 'NONE',  ( 71.11556850382686434, -37.00000000000002842, -135.5937788601472391 ) ) ;
#493 = DIRECTION ( 'NONE',  ( -0.000000000000000000, 0.000000000000000000, 1.000000000000000000 ) ) ;
#494 = CARTESIAN_POINT ( 'NONE',  ( -102.9980000000000047, 153.3300508075680000, 211.5507292157780057 ) ) ;
#495 = CARTESIAN_POINT ( 'NONE',  ( 86.59161679012638047, -37.00000000000001421, -123.6280945853347504 ) ) ;
#496 = VECTOR ( 'NONE', #3890, 1000.000000000000000 ) ;
#497 = CARTESIAN_POINT ( 'NONE',  ( 89.35237641727979963, 140.3054171126389917, -67.29999999999999716 ) ) ;
#498 = ORIENTED_EDGE ( 'NONE', *, *, #8835, .T. ) ;
#499 = PLANE ( 'NONE',  #1784 ) ;
#500 = DIRECTION ( 'NONE',  ( 0.01745240643693210525, -0.9998476951363208798, 6.336149283133092952E-06 ) ) ;
#501 = CARTESIAN_POINT ( 'NONE',  ( -357.3840944635300048, 62.00000000000000000, 69.00000000000000000 ) ) ;
#502 = EDGE_CURVE ( 'NONE', #2999, #3549, #1678, .T. ) ;
#503 = EDGE_CURVE ( 'NONE', #7157, #2705, #5723, .T. ) ;
#504 = B_SPLINE_CURVE_WITH_KNOTS ( 'NONE', 3,
 ( #8527, #1779, #8338, #1209, #2601, #291, #9290, #1926, #1883, #4830 ),
 .UNSPECIFIED., .F., .F.,
 ( 4, 2, 2, 2, 4 ),
 ( 0.000000000000000000, 0.2500000000000000000, 0.5000000000000000000, 0.7500000000000000000, 1.000000000000000000 ),
 .UNSPECIFIED. ) ;
#506 = ORIENTED_EDGE ( 'NONE', *, *, #7412, .T. ) ;
#505 = PLANE ( 'NONE',  #5556 ) ;
#507 = CARTESIAN_POINT ( 'NONE',  ( -52.11949948336351213, 61.99999999999999289, 86.36261118217042565 ) ) ;
#508 = CARTESIAN_POINT ( 'NONE',  ( 63.22241504681891655, -40.00000000000001421, -142.5643421071654586 ) ) ;
#509 = ADVANCED_FACE ( 'NONE', ( #1132 ), #6260, .T. ) ;
#510 = EDGE_LOOP ( 'NONE', ( #4571, #1358, #8825, #7513 ) ) ;
#511 = EDGE_CURVE ( 'NONE', #9287, #9130, #359, .T. ) ;
#512 = ORIENTED_EDGE ( 'NONE', *, *, #5644, .T. ) ;
#513 = DIRECTION ( 'NONE',  ( 0.9999999340962500982, 0.000000000000000000, 0.0003630530201410025353 ) ) ;
#514 = FACE_OUTER_BOUND ( 'NONE', #7863, .T. ) ;
#515 = CARTESIAN_POINT ( 'NONE',  ( 91.42978115432867980, 20.32715095797313154, -68.77798073551274172 ) ) ;
#516 = DIRECTION ( 'NONE',  ( 0.000000000000000000, -1.955056683769164554E-16, -1.000000000000000000 ) ) ;
#517 = DIRECTION ( 'NONE',  ( 1.946256115286405818E-16, -3.355613991873119387E-17, 1.000000000000000000 ) ) ;
#518 = CARTESIAN_POINT ( 'NONE',  ( 89.45600591956697656, 21.79292707516248129, -72.30200000000000671 ) ) ;
#519 = ADVANCED_FACE ( 'NONE', ( #6211 ), #5527, .T. ) ;
#520 = ORIENTED_EDGE ( 'NONE', *, *, #224, .T. ) ;
#521 = CARTESIAN_POINT ( 'NONE',  ( -63.52719907346151018, 154.7382193488392090, 58.08520287049026365 ) ) ;
#522 = CARTESIAN_POINT ( 'NONE',  ( -71.63859106389912768, -36.99999999999999289, -123.6758899704963710 ) ) ;
#523 = CARTESIAN_POINT ( 'NONE',  ( 58.06160469751591791, 157.4999999999999716, -118.1037298256981956 ) ) ;
#524 = ORIENTED_EDGE ( 'NONE', *, *, #3532, .T. ) ;
#525 = CARTESIAN_POINT ( 'NONE',  ( 75.50416546400343520, -39.69905007032558331, -135.6461338910731342 ) ) ;
#526 = DIRECTION ( 'NONE',  ( 0.000000000000000000, 0.000000000000000000, -1.000000000000000000 ) ) ;
#527 = LINE ( 'NONE', #1194, #9474 ) ;
#528 = CARTESIAN_POINT ( 'NONE',  ( 74.91564438688885730, 156.2443163745073491, -67.30000000000001137 ) ) ;
#529 = CARTESIAN_POINT ( 'NONE',  ( -64.69683279106371288, -36.99999999999998579, -128.3788372955293084 ) ) ;
#530 = EDGE_CURVE ( 'NONE', #345, #3213, #3243, .T. ) ;
#531 = CARTESIAN_POINT ( 'NONE',  ( -77.46850064601576946, -40.00000000000000711, -111.7536205062847898 ) ) ;
#532 = CARTESIAN_POINT ( 'NONE',  ( 68.01793539019021750, 139.0614698620260015, 29.69999999999998153 ) ) ;
#533 = CARTESIAN_POINT ( 'NONE',  ( 91.76111842253229156, 4.330497222800476997, -72.30200000000000671 ) ) ;
#534 = ORIENTED_EDGE ( 'NONE', *, *, #6428, .F. ) ;
#535 = ORIENTED_EDGE ( 'NONE', *, *, #5956, .F. ) ;
#536 = VERTEX_POINT ( 'NONE', #9169 ) ;
#537 = EDGE_LOOP ( 'NONE', ( #543, #1544, #724, #1520, #8513, #8541, #9393, #2263, #8596, #3264 ) ) ;
#538 = CARTESIAN_POINT ( 'NONE',  ( 66.99942378564911394, 157.4834987973395926, 8.495309342120499707 ) ) ;
#539 = CARTESIAN_POINT ( 'NONE',  ( -70.62617007867825691, 140.3184763243611144, 62.21049670283789368 ) ) ;
#540 = CYLINDRICAL_SURFACE ( 'NONE', #7670, 17.50000000000000000 ) ;
#541 = LINE ( 'NONE', #3364, #3177 ) ;
#542 = CARTESIAN_POINT ( 'NONE',  ( 94.10381253911471333, -37.00000000000002842, -105.1028695519268865 ) ) ;
#543 = ORIENTED_EDGE ( 'NONE', *, *, #544, .T. ) ;
#544 = EDGE_CURVE ( 'NONE', #172, #8651, #1087, .T. ) ;
#545 = B_SPLINE_CURVE_WITH_KNOTS ( 'NONE', 3,
 ( #5332, #3779, #2427, #5380, #2292, #3684 ),
 .UNSPECIFIED., .F., .F.,
 ( 4, 2, 4 ),
 ( 0.000000000000000000, 0.5000000000000000000, 1.000000000000000000 ),
 .UNSPECIFIED. ) ;
#546 = DIRECTION ( 'NONE',  ( -0.7071067811865475727, 7.358593231695304474E-17, -0.7071067811865475727 ) ) ;
#547 = ORIENTED_EDGE ( 'NONE', *, *, #994, .F. ) ;
#548 = CARTESIAN_POINT ( 'NONE',  ( -80.00000000000000000, 157.5000000000000000, -66.00000000000000000 ) ) ;
#549 = LINE ( 'NONE', #6439, #8124 ) ;
#550 = FACE_OUTER_BOUND ( 'NONE', #2732, .T. ) ;
#551 = VECTOR ( 'NONE', #3120, 1000.000000000000000 ) ;
#553 = ORIENTED_EDGE ( 'NONE', *, *, #5883, .F. ) ;
#552 = CARTESIAN_POINT ( 'NONE',  ( 92.34809121248362374, -37.00000000000001421, -99.57713370047220280 ) ) ;
#554 = CARTESIAN_POINT ( 'NONE',  ( -80.00000000000000000, 157.5000000000000000, -146.0000000000000000 ) ) ;
#555 = ADVANCED_FACE ( 'NONE', ( #4745 ), #4022, .T. ) ;
#556 = CARTESIAN_POINT ( 'NONE',  ( 81.57850973782012716, -40.00000000000001421, -130.1385016843333062 ) ) ;
#557 = VERTEX_POINT ( 'NONE', #264 ) ;
#558 = ORIENTED_EDGE ( 'NONE', *, *, #4477, .T. ) ;
#559 = AXIS2_PLACEMENT_3D ( 'NONE', #1714, #5333, #360 ) ;
#560 = DIRECTION ( 'NONE',  ( -7.231268945543359605E-17, 0.000000000000000000, -1.000000000000000000 ) ) ;
#561 = PLANE ( 'NONE',  #4870 ) ;
#562 = CARTESIAN_POINT ( 'NONE',  ( -78.05773291782564627, 55.60095438238839449, 55.32914134207771184 ) ) ;
#563 = DIRECTION ( 'NONE',  ( 1.000000000000000000, -0.000000000000000000, 0.000000000000000000 ) ) ;
#564 = CARTESIAN_POINT ( 'NONE',  ( -59.05860823407206084, 157.2203017332031436, 53.61661428456679346 ) ) ;
#565 = CARTESIAN_POINT ( 'NONE',  ( -66.57304542020513338, -36.99999999999999289, -130.1332006705333697 ) ) ;
#566 = AXIS2_PLACEMENT_3D ( 'NONE', #2326, #5086, #1421 ) ;
#567 = CARTESIAN_POINT ( 'NONE',  ( 66.71577529096704495, 157.4999999999999432, -109.6515389536467069 ) ) ;
#568 = ORIENTED_EDGE ( 'NONE', *, *, #7125, .F. ) ;
#569 = ORIENTED_EDGE ( 'NONE', *, *, #1405, .F. ) ;
#570 = CARTESIAN_POINT ( 'NONE',  ( 79.33297758290954960, -39.69192993036344319, -132.3485258912261031 ) ) ;
#571 = CARTESIAN_POINT ( 'NONE',  ( 95.00000000000000000, -37.00000000000000711, -96.00761524218061993 ) ) ;
#572 = PLANE ( 'NONE',  #3937 ) ;
#573 = VECTOR ( 'NONE', #517, 1000.000000000000000 ) ;
#574 = FACE_OUTER_BOUND ( 'NONE', #3693, .T. ) ;
#575 = CARTESIAN_POINT ( 'NONE',  ( 1.876663818031714843E-14, -40.04363101609320807, 91.50038076210898907 ) ) ;
#576 = CARTESIAN_POINT ( 'NONE',  ( 73.48462140672060627, 20.01391702943395146, -67.29999999999999716 ) ) ;
#577 = CARTESIAN_POINT ( 'NONE',  ( 30.30673171734788696, 63.77904396061813230, 87.45480076906900990 ) ) ;
#578 = CARTESIAN_POINT ( 'NONE',  ( -42.14514294354603408, 157.5948708621948526, 80.95240940461997070 ) ) ;
#579 = CIRCLE ( 'NONE', #4262, 20.00000000000000355 ) ;
#580 = AXIS2_PLACEMENT_3D ( 'NONE', #9057, #3172, #7481 ) ;
#581 = ORIENTED_EDGE ( 'NONE', *, *, #5828, .T. ) ;
#582 = ORIENTED_EDGE ( 'NONE', *, *, #4807, .T. ) ;
#583 = EDGE_CURVE ( 'NONE', #4584, #5022, #4116, .T. ) ;
#584 = ORIENTED_EDGE ( 'NONE', *, *, #3611, .T. ) ;
#585 = CARTESIAN_POINT ( 'NONE',  ( -74.30611947408308993, 140.3054171126524068, -75.99793301705381054 ) ) ;
#586 = DIRECTION ( 'NONE',  ( -5.390695917567118667E-33, -4.855507225124589012E-17, 1.000000000000000000 ) ) ;
#587 = CARTESIAN_POINT ( 'NONE',  ( -73.01452112245209491, 140.3305724019778040, 58.12213981647002470 ) ) ;
#588 = PLANE ( 'NONE',  #5839 ) ;
#589 = VECTOR ( 'NONE', #5186, 1000.000000000000000 ) ;
#590 = CARTESIAN_POINT ( 'NONE',  ( -48.14076641167751802, 148.7274575279724900, 81.58282388181213207 ) ) ;
#591 = ORIENTED_EDGE ( 'NONE', *, *, #3352, .T. ) ;
#592 = CARTESIAN_POINT ( 'NONE',  ( 90.33874729789370406, 85.81808437804480150, -68.50318765216118777 ) ) ;
#593 = ORIENTED_EDGE ( 'NONE', *, *, #818, .F. ) ;
#594 = VECTOR ( 'NONE', #9473, 1000.000000000000114 ) ;
#595 = ORIENTED_EDGE ( 'NONE', *, *, #7509, .T. ) ;
#596 = CARTESIAN_POINT ( 'NONE',  ( 89.45740077281088531, 136.3103929834424264, -72.30200000000000671 ) ) ;
#597 = CARTESIAN_POINT ( 'NONE',  ( -65.40122261454125407, -39.69160042378452147, -131.3049338787182592 ) ) ;
#598 = CARTESIAN_POINT ( 'NONE',  ( 26.99999999999999645, -40.00000000000000711, -76.00199999999999534 ) ) ;
#599 = CARTESIAN_POINT ( 'NONE',  ( 86.18020154848954917, -37.00000000000001421, -119.5607266592264750 ) ) ;
#600 = FACE_OUTER_BOUND ( 'NONE', #368, .T. ) ;
#601 = ORIENTED_EDGE ( 'NONE', *, *, #2278, .T. ) ;
#602 = CARTESIAN_POINT ( 'NONE',  ( 86.82260895090806230, -40.00000000000002132, -123.4094418511910334 ) ) ;
#603 = ORIENTED_EDGE ( 'NONE', *, *, #9009, .F. ) ;
#604 = ORIENTED_EDGE ( 'NONE', *, *, #2481, .F. ) ;
#605 = VECTOR ( 'NONE', #2301, 1000.000000000000000 ) ;
#606 = CARTESIAN_POINT ( 'NONE',  ( -92.17074539372529784, 153.3300508075680000, 219.4038475772949823 ) ) ;
#607 = DIRECTION ( 'NONE',  ( 0.9998476951563911586, 0.01745240643728360533, 0.000000000000000000 ) ) ;
#608 = ADVANCED_FACE ( 'NONE', ( #6973 ), #9121, .T. ) ;
#609 = CARTESIAN_POINT ( 'NONE',  ( -28.00000000000000000, -40.00200000000000244, -74.00000000000001421 ) ) ;
#610 = CARTESIAN_POINT ( 'NONE',  ( 89.48018483383262378, 20.29312062761504976, -69.30200000000000671 ) ) ;
#611 = CARTESIAN_POINT ( 'NONE',  ( -62.89655674402173702, 155.2749919783931887, 57.45479338056737362 ) ) ;
#612 = CARTESIAN_POINT ( 'NONE',  ( -77.08269411141195349, -36.99999999999999289, -112.9007826543110298 ) ) ;
#613 = AXIS2_PLACEMENT_3D ( 'NONE', #2989, #5274, #1604 ) ;
#614 = ORIENTED_EDGE ( 'NONE', *, *, #3054, .T. ) ;
#615 = CARTESIAN_POINT ( 'NONE',  ( 53.84394510559866376, 157.4999999999999716, -120.3761006719233819 ) ) ;
#616 = ORIENTED_EDGE ( 'NONE', *, *, #3373, .T. ) ;
#617 = CARTESIAN_POINT ( 'NONE',  ( 47.70736851922244171, -39.95465018180237138, -145.9529591086622986 ) ) ;
#618 = CARTESIAN_POINT ( 'NONE',  ( 72.98951218526265450, -37.00000000000000711, -137.4291779574408565 ) ) ;
#619 = CARTESIAN_POINT ( 'NONE',  ( 87.50611557808703367, 140.4610163008432551, -113.2468669597297435 ) ) ;
#620 = CARTESIAN_POINT ( 'NONE',  ( 88.83757124393680726, 143.4351944880015708, -67.29999999999999716 ) ) ;
#621 = ORIENTED_EDGE ( 'NONE', *, *, #6077, .F. ) ;
#622 = CARTESIAN_POINT ( 'NONE',  ( 89.32252909046586353, 134.8078102974044157, -68.48211143357102060 ) ) ;
#623 = DIRECTION ( 'NONE',  ( -0.000000000000000000, 0.000000000000000000, 1.000000000000000000 ) ) ;
#624 = DIRECTION ( 'NONE',  ( 0.01745240643728350124, -0.9998476951563911586, -1.032755642038752105E-16 ) ) ;
#625 = ADVANCED_FACE ( 'NONE', ( #8454 ), #7067, .F. ) ;
#626 = CARTESIAN_POINT ( 'NONE',  ( 0.3253581342408065069, 141.7762718129644952, 90.16002272804146855 ) ) ;
#627 = B_SPLINE_CURVE_WITH_KNOTS ( 'NONE', 3,
 ( #6939, #5443, #6272, #2391, #3258, #1768, #2538, #4816, #9043, #8468, #4078, #9185, #3210, #2589, #278, #6224, #9133, #2440 ),
 .UNSPECIFIED., .F., .F.,
 ( 4, 2, 2, 2, 2, 2, 2, 2, 4 ),
 ( 0.000000000000000000, 0.1250000000000000000, 0.2500000000000000000, 0.3750000000000000000, 0.5000000000000000000, 0.6250000000000000000, 0.7500000000000000000, 0.8750000000000000000, 1.000000000000000000 ),
 .UNSPECIFIED. ) ;
#628 = EDGE_LOOP ( 'NONE', ( #8285, #3572, #1051, #1696 ) ) ;
#629 = ORIENTED_EDGE ( 'NONE', *, *, #5891, .T. ) ;
#630 = VERTEX_POINT ( 'NONE', #5432 ) ;
#631 = AXIS2_PLACEMENT_3D ( 'NONE', #5417, #8970, #8925 ) ;
#632 = CARTESIAN_POINT ( 'NONE',  ( 85.05026601824951626, 151.4984424833792502, -66.20962481956649981 ) ) ;
#633 = CARTESIAN_POINT ( 'NONE',  ( -51.55302610111354511, 140.3490481287456362, 84.99502346001914077 ) ) ;
#634 = AXIS2_PLACEMENT_3D ( 'NONE', #1657, #8841, #942 ) ;
#635 = CARTESIAN_POINT ( 'NONE',  ( -73.44674233433565291, 140.3298106727097263, 56.96955111931454496 ) ) ;
#636 = DIRECTION ( 'NONE',  ( 1.000000000000000000, 0.000000000000000000, -4.744542840278450606E-16 ) ) ;
#637 = CARTESIAN_POINT ( 'NONE',  ( -49.20055215787141378, 145.3329165338055873, 82.64243531825367484 ) ) ;
#638 = ADVANCED_FACE ( 'NONE', ( #463 ), #4802, .F. ) ;
#639 = EDGE_CURVE ( 'NONE', #2901, #4043, #4653, .T. ) ;
#640 = ORIENTED_EDGE ( 'NONE', *, *, #5957, .F. ) ;
#641 = VECTOR ( 'NONE', #9273, 1000.000000000000227 ) ;
#642 = CARTESIAN_POINT ( 'NONE',  ( 66.91227174352603413, 140.4777740391180600, -136.2428317285375385 ) ) ;
#643 = ORIENTED_EDGE ( 'NONE', *, *, #1583, .F. ) ;
#644 = ORIENTED_EDGE ( 'NONE', *, *, #6853, .F. ) ;
#645 = CARTESIAN_POINT ( 'NONE',  ( 90.39999999999999147, 38.23686027918557784, 191.4461524227064615 ) ) ;
#646 = VECTOR ( 'NONE', #2681, 1000.000000000000114 ) ;
#647 = PLANE ( 'NONE',  #1811 ) ;
#648 = CARTESIAN_POINT ( 'NONE',  ( 30.15191370677208837, 62.88109949927798681, 84.36954836974432226 ) ) ;
#649 = CARTESIAN_POINT ( 'NONE',  ( 91.67083487980063694, -37.00000000000000711, -104.5081225541094625 ) ) ;
#650 = PLANE ( 'NONE',  #3089 ) ;
#651 = CARTESIAN_POINT ( 'NONE',  ( -56.85504175204258814, 160.0000000000000284, 51.41304439313702090 ) ) ;
#652 = ORIENTED_EDGE ( 'NONE', *, *, #9523, .T. ) ;
#653 = ORIENTED_EDGE ( 'NONE', *, *, #5111, .T. ) ;
#654 = CARTESIAN_POINT ( 'NONE',  ( -42.00000000000000000, -55.00000000000000000, -74.00000000000000000 ) ) ;
#655 = DIRECTION ( 'NONE',  ( 0.9998476951564022608, 0.01745240643665173924, 0.000000000000000000 ) ) ;
#656 = CARTESIAN_POINT ( 'NONE',  ( 24.20349669119439184, 62.00000005052950769, 88.42850208934217449 ) ) ;
#657 = LINE ( 'NONE', #7792, #9175 ) ;
#658 = VERTEX_POINT ( 'NONE', #7116 ) ;
#659 = ORIENTED_EDGE ( 'NONE', *, *, #5713, .T. ) ;
#660 = CARTESIAN_POINT ( 'NONE',  ( -67.12156716422681768, 149.7697094179478938, 61.67956994053811570 ) ) ;
#661 = CARTESIAN_POINT ( 'NONE',  ( -79.15367040379919672, -36.99999999999998579, -105.1537381090038679 ) ) ;
#662 = ORIENTED_EDGE ( 'NONE', *, *, #1989, .T. ) ;
#663 = FACE_OUTER_BOUND ( 'NONE', #7741, .T. ) ;
#664 = ORIENTED_EDGE ( 'NONE', *, *, #7601, .F. ) ;
#665 = CARTESIAN_POINT ( 'NONE',  ( 93.28883269274523116, -39.82164312759610425, -108.9879498993404354 ) ) ;
#666 = CARTESIAN_POINT ( 'NONE',  ( 72.45094314240527922, -37.00000000000002132, -137.7870282800610084 ) ) ;
#667 = FACE_OUTER_BOUND ( 'NONE', #7185, .T. ) ;
#668 = CARTESIAN_POINT ( 'NONE',  ( 85.28247366905208082, 150.3490122920131284, -67.30000000000001137 ) ) ;
#669 = CARTESIAN_POINT ( 'NONE',  ( -61.21980158359783530, -37.00000000000000000, -131.8557925746663670 ) ) ;
#670 = CARTESIAN_POINT ( 'NONE',  ( -55.05254417939926981, 157.4999999999999716, -103.1072080838367810 ) ) ;
#671 = CARTESIAN_POINT ( 'NONE',  ( 89.75942333682914409, 4.295557505114190100, -69.29999999999999716 ) ) ;
#672 = CARTESIAN_POINT ( 'NONE',  ( 7.183888434941416712, 143.6506915757933314, 86.52650798998116954 ) ) ;
#673 = ORIENTED_EDGE ( 'NONE', *, *, #7652, .T. ) ;
#674 = ORIENTED_EDGE ( 'NONE', *, *, #8153, .F. ) ;
#675 = ORIENTED_EDGE ( 'NONE', *, *, #8634, .F. ) ;
#676 = ADVANCED_FACE ( 'NONE', ( #514 ), #8599, .F. ) ;
#677 = CARTESIAN_POINT ( 'NONE',  ( 87.48188429676369537, 134.7756817230220179, -67.29999999999999716 ) ) ;
#678 = LINE ( 'NONE', #2827, #231 ) ;
#679 = EDGE_CURVE ( 'NONE', #9479, #3504, #6980, .T. ) ;
#680 = CARTESIAN_POINT ( 'NONE',  ( -73.98113104306699483, 140.3248829647968989, 54.99745691945867065 ) ) ;
#681 = CARTESIAN_POINT ( 'NONE',  ( -56.69194309468729642, 150.3943942426946023, 68.75423803372117959 ) ) ;
#682 = CARTESIAN_POINT ( 'NONE',  ( -46.35686918058682693, 152.0957411404558570, 79.79891118044052689 ) ) ;
#683 = ORIENTED_EDGE ( 'NONE', *, *, #5416, .F. ) ;
#684 = EDGE_CURVE ( 'NONE', #4371, #7589, #9506, .T. ) ;
#685 = CARTESIAN_POINT ( 'NONE',  ( 79.52151919347352305, 140.4935534384611060, -125.8944135303078014 ) ) ;
#686 = VERTEX_POINT ( 'NONE', #2047 ) ;
#687 = VERTEX_POINT ( 'NONE', #606 ) ;
#688 = CARTESIAN_POINT ( 'NONE',  ( 40.00000000000004974, 120.0000000000000000, 57.38579192629974557 ) ) ;
#689 = EDGE_CURVE ( 'NONE', #5342, #9455, #6542, .T. ) ;
#690 = CARTESIAN_POINT ( 'NONE',  ( -76.14670151448056856, 159.9999999999727436, -99.35272452926609787 ) ) ;
#691 = CARTESIAN_POINT ( 'NONE',  ( -50.63860471562338006, -39.75216176133911006, -141.5429419756931395 ) ) ;
#692 = CARTESIAN_POINT ( 'NONE',  ( -56.85504175204269472, -37.00000000000000000, -92.85961089735100416 ) ) ;
#693 = LINE ( 'NONE', #2181, #5341 ) ;
#694 = EDGE_CURVE ( 'NONE', #8814, #7636, #6497, .T. ) ;
#695 = LINE ( 'NONE', #4451, #7883 ) ;
#696 = CARTESIAN_POINT ( 'NONE',  ( 91.85199565517049791, 140.3490481287456078, -66.59892443686011632 ) ) ;
#697 = VERTEX_POINT ( 'NONE', #5034 ) ;
#698 = ORIENTED_EDGE ( 'NONE', *, *, #3391, .F. ) ;
#699 = EDGE_CURVE ( 'NONE', #5376, #2999, #1999, .T. ) ;
#700 = FACE_OUTER_BOUND ( 'NONE', #7260, .T. ) ;
#701 = DIRECTION ( 'NONE',  ( -0.2718618336224464249, 0.9621897258691908261, -0.01679508413831049679 ) ) ;
#702 = EDGE_CURVE ( 'NONE', #6457, #8482, #4213, .T. ) ;
#703 = CARTESIAN_POINT ( 'NONE',  ( 20.34921946989191710, 62.00000008248951389, 89.48608332894076511 ) ) ;
#704 = VECTOR ( 'NONE', #2027, 1000.000000000000000 ) ;
#705 = CARTESIAN_POINT ( 'NONE',  ( 87.96072264756871562, 151.8668734341487436, -66.19679263227641286 ) ) ;
#706 = ORIENTED_EDGE ( 'NONE', *, *, #2913, .T. ) ;
#707 = CARTESIAN_POINT ( 'NONE',  ( -68.16045933755732733, 147.1175800827913918, 62.71847379570112935 ) ) ;
#708 = CARTESIAN_POINT ( 'NONE',  ( 64.00539369629861142, 120.0000000000000000, 33.38039823000111284 ) ) ;
#709 = EDGE_CURVE ( 'NONE', #1441, #6325, #4895, .T. ) ;
#710 = ORIENTED_EDGE ( 'NONE', *, *, #4998, .F. ) ;
#711 = PLANE ( 'NONE',  #7862 ) ;
#712 = AXIS2_PLACEMENT_3D ( 'NONE', #7320, #4374, #6024 ) ;
#713 = ORIENTED_EDGE ( 'NONE', *, *, #7944, .T. ) ;
#714 = FACE_OUTER_BOUND ( 'NONE', #9024, .T. ) ;
#715 = CARTESIAN_POINT ( 'NONE',  ( 87.07578295376806921, -37.00000000000002132, -123.0064861874709266 ) ) ;
#716 = CARTESIAN_POINT ( 'NONE',  ( 72.29624171239174757, 156.9829683979739912, -75.94470858355711584 ) ) ;
#717 = CARTESIAN_POINT ( 'NONE',  ( -3.438111426937083159, 157.4000802267759411, 72.18628666268180893 ) ) ;
#718 = CARTESIAN_POINT ( 'NONE',  ( 97.08334710676265900, -21.66911413992934143, 29.70000000000005969 ) ) ;
#719 = EDGE_CURVE ( 'NONE', #7137, #1879, #8473, .T. ) ;
#720 = VECTOR ( 'NONE', #7068, 1000.000000000000000 ) ;
#721 = CARTESIAN_POINT ( 'NONE',  ( -56.39022741665178273, 157.5000000000000000, -98.12092031910925982 ) ) ;
#722 = CARTESIAN_POINT ( 'NONE',  ( 71.85504175204269472, 157.5000000000000000, -72.94486856483494819 ) ) ;
#723 = DIRECTION ( 'NONE',  ( 7.165827653609149284E-17, -4.855507225124589628E-17, 1.000000000000000000 ) ) ;
#724 = ORIENTED_EDGE ( 'NONE', *, *, #679, .F. ) ;
#725 = VECTOR ( 'NONE', #4246, 1000.000000000000000 ) ;
#726 = VERTEX_POINT ( 'NONE', #4941 ) ;
#727 = DIRECTION ( 'NONE',  ( 0.4999999999999990008, 0.000000000000000000, -0.8660254037844392627 ) ) ;
#728 = DIRECTION ( 'NONE',  ( 0.000000000000000000, -0.000000000000000000, -1.000000000000000000 ) ) ;
#729 = CARTESIAN_POINT ( 'NONE',  ( -74.08137415078789445, 140.3229100291527232, 54.48219937719091632 ) ) ;
#730 = CARTESIAN_POINT ( 'NONE',  ( -26.85961089735092244, 157.5000000000000284, -122.8550417520426805 ) ) ;
#731 = CARTESIAN_POINT ( 'NONE',  ( -48.87442098754583242, 146.5976246228377420, 82.31641813967988242 ) ) ;
#732 = VECTOR ( 'NONE', #5222, 999.9999999999998863 ) ;
#733 = AXIS2_PLACEMENT_3D ( 'NONE', #6058, #2464, #1076 ) ;
#734 = ORIENTED_EDGE ( 'NONE', *, *, #79, .T. ) ;
#735 = CARTESIAN_POINT ( 'NONE',  ( 90.25181775948085772, 140.4283460392377947, -105.8213768680472953 ) ) ;
#736 = ORIENTED_EDGE ( 'NONE', *, *, #8450, .F. ) ;
#737 = ORIENTED_EDGE ( 'NONE', *, *, #4980, .F. ) ;
#738 = DIRECTION ( 'NONE',  ( -0.7660444431189777914, -0.6427876096865396960, 0.000000000000000000 ) ) ;
#739 = VECTOR ( 'NONE', #8340, 999.9999999999998863 ) ;
#740 = DIRECTION ( 'NONE',  ( -0.7071067811865474617, 0.000000000000000000, 0.7071067811865474617 ) ) ;
#741 = CARTESIAN_POINT ( 'NONE',  ( -66.76009534522269462, -39.69234787835847555, -129.8901725475842852 ) ) ;
#742 = CARTESIAN_POINT ( 'NONE',  ( 67.00000000182636484, 159.3634474690301204, 6.165450699878278762 ) ) ;
#743 = DIRECTION ( 'NONE',  ( -0.9861451850233946548, -0.1658845202397584428, 3.318029182253224536E-16 ) ) ;
#744 = CARTESIAN_POINT ( 'NONE',  ( 89.48018483383266641, 20.29312062761569280, -67.29999999999999716 ) ) ;
#745 = CIRCLE ( 'NONE', #7825, 0.002000000000002000178 ) ;
#746 = CARTESIAN_POINT ( 'NONE',  ( -70.87394784248716917, 142.9353281593886322, 65.43195048358163035 ) ) ;
#747 = B_SPLINE_CURVE_WITH_KNOTS ( 'NONE', 3,
 ( #538, #3552, #9289, #1302, #8574, #2162, #1397, #5747, #7909, #7092 ),
 .UNSPECIFIED., .F., .F.,
 ( 4, 2, 2, 2, 4 ),
 ( 0.000000000000000000, 0.2454965854221193844, 0.4969977236147464228, 0.7484988618073734612, 1.000000000000000000 ),
 .UNSPECIFIED. ) ;
#748 = EDGE_LOOP ( 'NONE', ( #4671, #4157, #2747, #1943 ) ) ;
#749 = CARTESIAN_POINT ( 'NONE',  ( -74.24496399101784050, 57.43346533479783744, 59.24422139706818058 ) ) ;
#750 = CYLINDRICAL_SURFACE ( 'NONE', #8553, 20.00000000000000711 ) ;
#751 = CLOSED_SHELL ( 'NONE', ( #4168, #2742, #4707, #1351, #6947, #9264, #6253, #4144, #3882, #7847, #3122, #3261, #2173, #7869, #5224, #85, #7806, #4394, #6765, #9404, #2640, #1782, #6856, #3429, #4220, #8734, #8448, #1741, #6180, #1786, #2803, #676, #555, #7228, #3555, #9442, #7625, #7835, #5306, #3070, #1785, #4581, #5344, #9390, #767, #8560, #8464, #7397, #4506, #799, #7614, #3080, #3886, #5776, #6014, #151, #1165, #4494, #6749, #8589, #2912, #8459, #4406, #1307, #3598, #6105, #2957, #3500, #2925, #7627, #8169, #5399, #8351, #6676, #155, #6809, #461, #2392, #625, #5080, #8926, #2387, #4753, #8475, #2218, #3781, #6661, #9512, #608, #5292, #8476, #7135, #8116, #4027, #6520, #1889, #5936, #6608, #9107, #1380, #638, #5356, #4271, #2809, #5515, #5618, #8348, #7581, #8129, #5657, #9225, #307, #3465, #3099, #2189, #5805, #7003, #1448, #7921, #5178, #3666, #8989, #1834, #2527, #343, #4158, #9454, #7879, #6422, #3814, #5609, #7052, #2624, #4113, #9321, #379, #201, #7993, #5239, #5850, #4750, #9465, #6989, #2712, #5992, #3245, #6889, #5510, #8784, #4463, #509, #3483, #1270, #519, #1250, #5164, #3506, #3027, #3086, #2045, #2930, #4261, #6128, #8415, #5905, #8697, #7253, #6481, #1135, #5225 ) ) ;
#752 = CARTESIAN_POINT ( 'NONE',  ( 90.39999999999999147, 44.23686027918444807, 181.0538475772950164 ) ) ;
#753 = CARTESIAN_POINT ( 'NONE',  ( 88.77815735969923594, 150.6598532237182724, -66.23886784881945289 ) ) ;
#754 = ORIENTED_EDGE ( 'NONE', *, *, #8450, .T. ) ;
#755 = CARTESIAN_POINT ( 'NONE',  ( -68.75687824572401041, 144.7982734615926006, 63.31476044287824578 ) ) ;
#756 = CARTESIAN_POINT ( 'NONE',  ( -79.71997733591959445, -36.99999999999999289, -102.0979409821608641 ) ) ;
#757 = EDGE_CURVE ( 'NONE', #7559, #2046, #7975, .T. ) ;
#758 = ORIENTED_EDGE ( 'NONE', *, *, #5588, .F. ) ;
#759 = DIRECTION ( 'NONE',  ( -1.000000000000000000, 0.000000000000000000, 0.000000000000000000 ) ) ;
#760 = ORIENTED_EDGE ( 'NONE', *, *, #8490, .F. ) ;
#761 = VECTOR ( 'NONE', #2338, 1000.000000000000000 ) ;
#762 = EDGE_CURVE ( 'NONE', #3592, #3395, #8740, .T. ) ;
#763 = ORIENTED_EDGE ( 'NONE', *, *, #1957, .F. ) ;
#764 = CARTESIAN_POINT ( 'NONE',  ( 87.14391678838170208, -39.71261339784830824, -122.9493605357299941 ) ) ;
#765 = CARTESIAN_POINT ( 'NONE',  ( 90.81426102660059030, 58.33205080756781058, 184.8038475772950164 ) ) ;
#766 = CARTESIAN_POINT ( 'NONE',  ( 89.44829918164720084, 134.8100056225119943, -68.92778299018847576 ) ) ;
#767 = ADVANCED_FACE ( 'NONE', ( #700 ), #5085, .F. ) ;
#768 = CARTESIAN_POINT ( 'NONE',  ( -2.393882602443683894, 157.1835455489599269, 73.22986571269284184 ) ) ;
#769 = AXIS2_PLACEMENT_3D ( 'NONE', #1073, #6960, #8389 ) ;
#770 = LINE ( 'NONE', #3887, #3317 ) ;
#771 = CARTESIAN_POINT ( 'NONE',  ( -37.96052130938712565, 157.5000000000000284, -120.7257397143038276 ) ) ;
#772 = DIRECTION ( 'NONE',  ( 0.000000000000000000, 0.000000000000000000, 1.000000000000000000 ) ) ;
#773 = EDGE_CURVE ( 'NONE', #6679, #5567, #1524, .T. ) ;
#774 = CARTESIAN_POINT ( 'NONE',  ( -76.75900485366608450, 151.8890315566574998, 58.29271523508641195 ) ) ;
#775 = EDGE_LOOP ( 'NONE', ( #4154, #3263, #8907, #2448 ) ) ;
#776 = ORIENTED_EDGE ( 'NONE', *, *, #6640, .T. ) ;
#777 = CARTESIAN_POINT ( 'NONE',  ( 86.94099823293571205, 148.9470247796206763, -66.29878929588234371 ) ) ;
#778 = DIRECTION ( 'NONE',  ( 1.000000000000000000, -1.110223024625155801E-16, 0.000000000000000000 ) ) ;
#779 = CARTESIAN_POINT ( 'NONE',  ( -74.11733924085727665, 140.3220061837971286, 54.27040772390972023 ) ) ;
#780 = CARTESIAN_POINT ( 'NONE',  ( 89.81378025153131262, 1.296049324456735263, -72.52105735611272053 ) ) ;
#781 = CARTESIAN_POINT ( 'NONE',  ( -44.16109690913255292, 154.6689550579783656, 77.60309529709486753 ) ) ;
#782 = ORIENTED_EDGE ( 'NONE', *, *, #332, .F. ) ;
#783 = CARTESIAN_POINT ( 'NONE',  ( 5.354636517952691577, 140.1466480125749285, 88.88535703987716374 ) ) ;
#784 = CARTESIAN_POINT ( 'NONE',  ( 84.83804533604477172, 160.0000000000272848, -117.6784101618659406 ) ) ;
#785 = VECTOR ( 'NONE', #8111, 1000.000000000000114 ) ;
#786 = ORIENTED_EDGE ( 'NONE', *, *, #8401, .F. ) ;
#787 = ORIENTED_EDGE ( 'NONE', *, *, #1932, .T. ) ;
#788 = DIRECTION ( 'NONE',  ( -7.106337030393732182E-33, 1.000000000000000000, -2.017992310671154842E-17 ) ) ;
#789 = CARTESIAN_POINT ( 'NONE',  ( 90.50883473999489581, -38.52359565090600313, -74.00000000000000000 ) ) ;
#790 = DIRECTION ( 'NONE',  ( 0.000000000000000000, -1.000000000000000000, -1.583748323458199862E-16 ) ) ;
#791 = DIRECTION ( 'NONE',  ( 0.000000000000000000, 1.000000000000000000, 0.000000000000000000 ) ) ;
#792 = CARTESIAN_POINT ( 'NONE',  ( -89.59999999999999432, 153.3300508075680000, 217.8038475772949880 ) ) ;
#793 = LOCAL_TIME ( 22, 55, 36.00000000000000000, #3214 ) ;
#794 = ADVANCED_FACE ( 'NONE', ( #4257 ), #7210, .F. ) ;
#795 = DIRECTION ( 'NONE',  ( 0.000000000000000000, 0.8660254037844404840, 0.4999999999999968914 ) ) ;
#796 = DIRECTION ( 'NONE',  ( -0.000000000000000000, -0.000000000000000000, 1.000000000000000000 ) ) ;
#797 = EDGE_LOOP ( 'NONE', ( #259, #2630, #3379, #9467 ) ) ;
#798 = AXIS2_PLACEMENT_3D ( 'NONE', #180, #6979, #222 ) ;
#799 = ADVANCED_FACE ( 'NONE', ( #18 ), #8929, .T. ) ;
#800 = CARTESIAN_POINT ( 'NONE',  ( 92.90000000000001990, 58.33405080756781302, 217.8038475772949880 ) ) ;
#801 = DIRECTION ( 'NONE',  ( -0.9998476951563911586, -0.01745240643728360533, 3.503998260924795306E-16 ) ) ;
#802 = CARTESIAN_POINT ( 'NONE',  ( 25.60228960386052677, 62.00029645784768917, 87.81432676277454163 ) ) ;
#803 = DIRECTION ( 'NONE',  ( 0.000000000000000000, 1.000000000000000000, 0.000000000000000000 ) ) ;
#804 = ORIENTED_EDGE ( 'NONE', *, *, #6640, .F. ) ;
#805 = LINE ( 'NONE', #2286, #321 ) ;
#806 = DIRECTION ( 'NONE',  ( -0.9999999340962500982, 0.000000000000000000, -0.0003630530201410025353 ) ) ;
#807 = AXIS2_PLACEMENT_3D ( 'NONE', #5890, #6031, #8953 ) ;
#808 = PRODUCT_RELATED_PRODUCT_CATEGORY ( 'detail', '', ( #5703 ) ) ;
#809 = LINE ( 'NONE', #6641, #2008 ) ;
#810 = VERTEX_POINT ( 'NONE', #4408 ) ;
#811 = ORIENTED_EDGE ( 'NONE', *, *, #1456, .F. ) ;
#812 = CARTESIAN_POINT ( 'NONE',  ( 93.95735934296340020, -39.85343379062545921, -106.1516904938483066 ) ) ;
#813 = CARTESIAN_POINT ( 'NONE',  ( 67.84354027070789073, 140.0982085952152545, 29.13743455189066012 ) ) ;
#814 = CARTESIAN_POINT ( 'NONE',  ( 72.37449297733736842, 156.9831537293266877, -72.94467997648639823 ) ) ;
#815 = CARTESIAN_POINT ( 'NONE',  ( -3.014874924580637217, 157.3235480194187517, 72.60904781123441865 ) ) ;
#816 = ORIENTED_EDGE ( 'NONE', *, *, #4641, .T. ) ;
#817 = EDGE_CURVE ( 'NONE', #42, #7719, #8144, .T. ) ;
#818 = EDGE_CURVE ( 'NONE', #2044, #6875, #2040, .T. ) ;
#819 = DIRECTION ( 'NONE',  ( 7.165827653609149284E-17, -4.855507225124589628E-17, 1.000000000000000000 ) ) ;
#820 = CARTESIAN_POINT ( 'NONE',  ( 17.36842037482779233, 61.99999999999995737, 92.21958337732172595 ) ) ;
#821 = CARTESIAN_POINT ( 'NONE',  ( 97.37748030336528871, 159.1171392947464938, 152.6030191501704962 ) ) ;
#822 = EDGE_CURVE ( 'NONE', #2457, #7636, #1795, .T. ) ;
#823 = CARTESIAN_POINT ( 'NONE',  ( -56.66864328649366911, 159.9991313714381533, 51.41304439313479691 ) ) ;
#824 = ORIENTED_EDGE ( 'NONE', *, *, #9089, .T. ) ;
#825 = DIRECTION ( 'NONE',  ( 0.000000000000000000, 1.000000000000000000, 0.000000000000000000 ) ) ;
#826 = CARTESIAN_POINT ( 'NONE',  ( -102.9980000000000047, 153.3300508075680000, 97.00384757729513296 ) ) ;
#827 = EDGE_CURVE ( 'NONE', #3207, #2629, #4508, .T. ) ;
#828 = ADVANCED_FACE ( 'NONE', ( #3090 ), #5916, .T. ) ;
#829 = LINE ( 'NONE', #9219, #2723 ) ;
#830 = CARTESIAN_POINT ( 'NONE',  ( -55.32318189294436905, 157.5000000000000284, -102.5252698231933408 ) ) ;
#831 = LINE ( 'NONE', #7470, #4882 ) ;
#832 = ORIENTED_EDGE ( 'NONE', *, *, #4755, .T. ) ;
#833 = CALENDAR_DATE ( 2025, 12, 11 ) ;
#834 = ORIENTED_EDGE ( 'NONE', *, *, #8987, .F. ) ;
#835 = VERTEX_POINT ( 'NONE', #890 ) ;
#836 = LINE ( 'NONE', #1549, #1925 ) ;
#837 = CARTESIAN_POINT ( 'NONE',  ( -26.85961089735094376, 140.0000000000000000, -122.8550417520426237 ) ) ;
#838 = CARTESIAN_POINT ( 'NONE',  ( 116.7943999880707935, 159.1171392947464938, 152.6030191501704962 ) ) ;
#839 = DIRECTION ( 'NONE',  ( 0.9998476951563911586, 0.01745240643728300511, -0.000000000000000000 ) ) ;
#840 = CARTESIAN_POINT ( 'NONE',  ( -45.34886713296479144, 140.4533406216157232, -139.3054805202512227 ) ) ;
#841 = CARTESIAN_POINT ( 'NONE',  ( -46.84118720137765024, 62.00037045057622009, 90.19656754493810524 ) ) ;
#842 = ORIENTED_EDGE ( 'NONE', *, *, #389, .F. ) ;
#843 = DIRECTION ( 'NONE',  ( 0.000000000000000000, 1.000000000000000000, -1.955056683769164554E-16 ) ) ;
#844 = LINE ( 'NONE', #7264, #2856 ) ;
#845 = CARTESIAN_POINT ( 'NONE',  ( 59.38883847551154105, 140.3965347237886476, -136.9975102761482049 ) ) ;
#846 = CARTESIAN_POINT ( 'NONE',  ( 90.56858475472013481, 147.1109770046712413, -66.36356002981446522 ) ) ;
#847 = EDGE_CURVE ( 'NONE', #7836, #4760, #8252, .T. ) ;
#848 = EDGE_CURVE ( 'NONE', #985, #4824, #8972, .T. ) ;
#849 = CARTESIAN_POINT ( 'NONE',  ( -69.22752574652209034, 140.3054171126526342, 63.78552838761648758 ) ) ;
#850 = CARTESIAN_POINT ( 'NONE',  ( -76.56726487984249729, -36.99999999999999289, -114.0285148684390180 ) ) ;
#851 =( BOUNDED_SURFACE ( )  B_SPLINE_SURFACE ( 3, 2, ( 
 ( #186, #1542, #4486 ),
 ( #962, #3896, #3160 ),
 ( #3796, #6748, #9045 ),
 ( #138, #7431, #6130 ),
 ( #830, #4576, #2442 ),
 ( #3746, #7518, #916 ),
 ( #3844, #7662, #8422 ),
 ( #6896, #3944, #9281 ),
 ( #8518, #7761, #4862 ),
 ( #479, #5544, #1915 ),
 ( #2539, #1148, #9095 ),
 ( #7083, #1727, #5494 ),
 ( #7034, #8471, #4666 ),
 ( #1874, #4818, #4131 ),
 ( #3400, #2678, #7807 ),
 ( #328, #6987, #1007 ),
 ( #4080, #6368, #5637 ),
 ( #7610, #1824, #1055 ) ),
 .UNSPECIFIED., .F., .F., .F. ) 
 B_SPLINE_SURFACE_WITH_KNOTS ( ( 4, 2, 2, 2, 2, 2, 2, 2, 4 ),
 ( 3, 3 ),
 ( 5.497939437029719656, 5.694250904567186744, 5.890562372104653832, 6.086873839642120032, 6.283185307179587120, 6.479496774717054208, 6.675808242254520408, 6.872119709791987496, 7.068431177329454584 ),
 ( 0.000000000000000000, 1.000000000000000000 ),
 .UNSPECIFIED. ) 
 GEOMETRIC_REPRESENTATION_ITEM ( )  RATIONAL_B_SPLINE_SURFACE ( (
 ( 1.000000000000000000, 0.7132504491541836744, 1.000000000000000000),
 ( 1.000000000000000000, 0.7136506714058973300, 1.000000000000000000),
 ( 1.000000000000000000, 0.7140110277313133080, 1.000000000000000000),
 ( 1.000000000000000000, 0.7146388945018503636, 1.000000000000000000),
 ( 1.000000000000000000, 0.7149063402709497916, 1.000000000000000000),
 ( 1.000000000000000000, 0.7153383346307010671, 1.000000000000000000),
 ( 1.000000000000000000, 0.7155028742678798404, 1.000000000000000000),
 ( 1.000000000000000000, 0.7157229504421177557, 1.000000000000000000),
 ( 1.000000000000000000, 0.7157784824661368450, 1.000000000000000000),
 ( 1.000000000000000000, 0.7157784824661368450, 1.000000000000000000),
 ( 1.000000000000000000, 0.7157229504420089539, 1.000000000000000000),
 ( 1.000000000000000000, 0.7155028742679888643, 1.000000000000000000),
 ( 1.000000000000000000, 0.7153383346309190038, 1.000000000000000000),
 ( 1.000000000000000000, 0.7149063402707318549, 1.000000000000000000),
 ( 1.000000000000000000, 0.7146388945018499195, 1.000000000000000000),
 ( 1.000000000000000000, 0.7140110277313128639, 1.000000000000000000),
 ( 1.000000000000000000, 0.7136506714058985512, 1.000000000000000000),
 ( 1.000000000000000000, 0.7132504491541837854, 1.000000000000000000) ) ) 
 REPRESENTATION_ITEM ( '' )  SURFACE ( )  );
#852 = FACE_OUTER_BOUND ( 'NONE', #9117, .T. ) ;
#853 = VERTEX_POINT ( 'NONE', #2897 ) ;
#854 = ORIENTED_EDGE ( 'NONE', *, *, #4856, .F. ) ;
#855 = DIRECTION ( 'NONE',  ( -5.647072517543570993E-33, 1.000000000000000000, 4.083550012934418183E-49 ) ) ;
#856 = CARTESIAN_POINT ( 'NONE',  ( 92.50853013030760508, -38.48869083803140256, -74.00000000000000000 ) ) ;
#857 = CARTESIAN_POINT ( 'NONE',  ( 72.02823031274519394, 157.4999997161687872, -86.21983789321923553 ) ) ;
#858 = CARTESIAN_POINT ( 'NONE',  ( -79.81911006053677227, -29.63682230876180057, -72.00000000000002842 ) ) ;
#859 = VERTEX_POINT ( 'NONE', #2185 ) ;
#860 = LINE ( 'NONE', #1620, #4593 ) ;
#861 = CARTESIAN_POINT ( 'NONE',  ( -38.72126748052262002, 157.5000000000000000, -120.4126640002107678 ) ) ;
#862 = FACE_OUTER_BOUND ( 'NONE', #2285, .T. ) ;
#863 = AXIS2_PLACEMENT_3D ( 'NONE', #1898, #5074, #407 ) ;
#864 = FACE_OUTER_BOUND ( 'NONE', #628, .T. ) ;
#865 = EDGE_CURVE ( 'NONE', #8906, #6457, #5136, .T. ) ;
#866 = ORIENTED_EDGE ( 'NONE', *, *, #7188, .T. ) ;
#867 = CARTESIAN_POINT ( 'NONE',  ( -77.50000000000000000, -40.00000000000000000, -74.00000000000000000 ) ) ;
#868 = FACE_OUTER_BOUND ( 'NONE', #4729, .T. ) ;
#869 = VECTOR ( 'NONE', #5433, 1000.000000000000000 ) ;
#870 = CARTESIAN_POINT ( 'NONE',  ( 89.90055763475078265, 154.9325187186816208, 134.6030191501703825 ) ) ;
#871 = CARTESIAN_POINT ( 'NONE',  ( -78.35817942464518637, 54.05983776666710838, 52.03692613787969634 ) ) ;
#872 = ORIENTED_EDGE ( 'NONE', *, *, #8943, .T. ) ;
#873 = EDGE_CURVE ( 'NONE', #7113, #5685, #7688, .T. ) ;
#874 = LINE ( 'NONE', #6802, #4764 ) ;
#875 = VERTEX_POINT ( 'NONE', #7401 ) ;
#876 = VERTEX_POINT ( 'NONE', #800 ) ;
#877 = ORIENTED_EDGE ( 'NONE', *, *, #7944, .F. ) ;
#878 = CARTESIAN_POINT ( 'NONE',  ( 90.48224027898389465, -37.00000000000000711, -75.93810610141855477 ) ) ;
#879 = CARTESIAN_POINT ( 'NONE',  ( -64.15874566038372961, 160.0000000000000000, -125.5762144808896181 ) ) ;
#880 = VECTOR ( 'NONE', #4473, 1000.000000000000000 ) ;
#881 = CARTESIAN_POINT ( 'NONE',  ( -39.88869093652862574, -39.85652482408541175, -145.0110148639595025 ) ) ;
#882 = DIRECTION ( 'NONE',  ( 0.9998476951563912696, -0.01745240643728357757, 0.000000000000000000 ) ) ;
#883 = CARTESIAN_POINT ( 'NONE',  ( -45.28622780842596995, 140.4530770596240075, -139.3303596704910774 ) ) ;
#884 = CARTESIAN_POINT ( 'NONE',  ( 7.394091418813922623, 147.4796171598298145, 83.37700565247214968 ) ) ;
#885 = CARTESIAN_POINT ( 'NONE',  ( -89.59999999999999432, 58.33405080756781302, 217.8038475772949880 ) ) ;
#886 = VECTOR ( 'NONE', #7301, 1000.000000000000000 ) ;
#887 = ORIENTED_EDGE ( 'NONE', *, *, #131, .F. ) ;
#888 = CIRCLE ( 'NONE', #8730, 0.002000000000002000178 ) ;
#889 = EDGE_CURVE ( 'NONE', #9275, #460, #7221, .T. ) ;
#890 = CARTESIAN_POINT ( 'NONE',  ( -70.99502346001916919, 140.3490481287456078, 65.55302610111355932 ) ) ;
#891 = DIRECTION ( 'NONE',  ( -0.01745240643728350124, 0.9998476951563911586, 0.000000000000000000 ) ) ;
#892 = CARTESIAN_POINT ( 'NONE',  ( 84.80940739561469854, 140.4081865168742809, -113.3895018639650516 ) ) ;
#893 = CARTESIAN_POINT ( 'NONE',  ( 90.30346709707407626, 85.81746855984881961, -26.00000000000000355 ) ) ;
#894 = EDGE_LOOP ( 'NONE', ( #4963, #3368, #2814, #8261, #1661, #7250, #7925, #2087, #1402, #323, #2277, #9305, #3606, #7338, #5546, #1998, #2093, #3621, #1461, #782, #6733, #4290, #7351, #5798, #2290, #987, #7849, #6827, #1709 ) ) ;
#895 = AXIS2_PLACEMENT_3D ( 'NONE', #9010, #2404, #5362 ) ;
#896 = DIRECTION ( 'NONE',  ( -1.000000000000000000, -0.000000000000000000, -0.000000000000000000 ) ) ;
#897 = CARTESIAN_POINT ( 'NONE',  ( 92.44628970186501249, -37.00000000000001421, -73.29159526418141013 ) ) ;
#898 = CARTESIAN_POINT ( 'NONE',  ( 91.76111842253219208, 4.330497222800480550, -67.29999999999999716 ) ) ;
#899 = ORIENTED_EDGE ( 'NONE', *, *, #1729, .F. ) ;
#900 = EDGE_CURVE ( 'NONE', #901, #6861, #3720, .T. ) ;
#901 = VERTEX_POINT ( 'NONE', #1120 ) ;
#902 = CARTESIAN_POINT ( 'NONE',  ( 89.03261475297915695, 157.5000000000000284, -95.94667486347354668 ) ) ;
#903 = VECTOR ( 'NONE', #7724, 1000.000000000000000 ) ;
#904 = DIRECTION ( 'NONE',  ( 1.000000000000000000, 0.000000000000000000, -1.541976423090495042E-15 ) ) ;
#905 = CARTESIAN_POINT ( 'NONE',  ( 72.34840912615219111, 156.9831537293267445, -73.94468951221172404 ) ) ;
#906 = CARTESIAN_POINT ( 'NONE',  ( 24.40000000000000568, 172.9320508075679754, 97.00384757729521823 ) ) ;
#907 = CARTESIAN_POINT ( 'NONE',  ( -104.5999999999999943, 58.33205080756781058, 95.40384757729519549 ) ) ;
#908 = CARTESIAN_POINT ( 'NONE',  ( -35.62112644585866406, 157.5000000000000000, -121.5762729969044784 ) ) ;
#909 = CARTESIAN_POINT ( 'NONE',  ( -77.50038076210900329, -40.04363101609320807, -72.00000000000001421 ) ) ;
#910 = CARTESIAN_POINT ( 'NONE',  ( -94.78139602057062518, 153.3320508075674979, 149.9461524227070015 ) ) ;
#911 = ORIENTED_EDGE ( 'NONE', *, *, #4344, .T. ) ;
#912 = ORIENTED_EDGE ( 'NONE', *, *, #7895, .T. ) ;
#913 = CARTESIAN_POINT ( 'NONE',  ( -89.59999999999999432, 153.3300508075680000, 217.8018475772949785 ) ) ;
#914 = DIRECTION ( 'NONE',  ( 0.9999999340962500982, -1.634322157372888383E-15, 0.0003630530201409584625 ) ) ;
#915 = DIRECTION ( 'NONE',  ( -1.000000000000000000, 0.000000000000000000, 3.556224861341670117E-16 ) ) ;
#916 = CARTESIAN_POINT ( 'NONE',  ( -69.54622150057718954, 140.4098110218081956, -113.9054044969054331 ) ) ;
#917 = DIRECTION ( 'NONE',  ( 0.007228834559800760388, 0.9998215707699756871, -0.01745195043442243632 ) ) ;
#918 = ORIENTED_EDGE ( 'NONE', *, *, #3861, .T. ) ;
#919 = VECTOR ( 'NONE', #7435, 1000.000000000000000 ) ;
#920 = DIRECTION ( 'NONE',  ( -0.000000000000000000, -1.000000000000000000, -0.000000000000000000 ) ) ;
#921 = APPLICATION_PROTOCOL_DEFINITION ( 'international standard', 'config_control_design', 1994, #1097 ) ;
#922 = ORIENTED_EDGE ( 'NONE', *, *, #3563, .T. ) ;
#923 = EDGE_LOOP ( 'NONE', ( #7916, #2721, #1561, #614 ) ) ;
#924 = CARTESIAN_POINT ( 'NONE',  ( -102.9980000000000047, 153.3300508075680000, 97.00584757729509988 ) ) ;
#925 = CARTESIAN_POINT ( 'NONE',  ( -28.82304684453383103, 160.0000000000000000, -122.8550417520972502 ) ) ;
#926 = PLANE ( 'NONE',  #7971 ) ;
#927 = ADVANCED_FACE ( 'NONE', ( #2560 ), #1742, .F. ) ;
#928 = FACE_OUTER_BOUND ( 'NONE', #5808, .T. ) ;
#929 = EDGE_CURVE ( 'NONE', #7471, #7831, #6912, .T. ) ;
#930 = LINE ( 'NONE', #4678, #3017 ) ;
#931 = CARTESIAN_POINT ( 'NONE',  ( -92.17074539372529784, 58.33405080756781302, 217.8018475772949785 ) ) ;
#932 = EDGE_CURVE ( 'NONE', #6281, #4443, #2411, .T. ) ;
#933 = FACE_OUTER_BOUND ( 'NONE', #4881, .T. ) ;
#934 = EDGE_LOOP ( 'NONE', ( #3393, #2145, #3718 ) ) ;
#935 = ORIENTED_EDGE ( 'NONE', *, *, #6171, .F. ) ;
#936 = CARTESIAN_POINT ( 'NONE',  ( -89.59999999999999432, 153.3320508075674979, 110.8038475772950022 ) ) ;
#937 = VECTOR ( 'NONE', #3958, 1000.000000000000000 ) ;
#938 = CARTESIAN_POINT ( 'NONE',  ( 88.28917169812959287, 88.64081485076530953, -72.93890210393138318 ) ) ;
#939 = VECTOR ( 'NONE', #7684, 1000.000000000000000 ) ;
#940 = DIRECTION ( 'NONE',  ( -1.913402524860850093E-16, -3.339856530526139354E-18, -1.000000000000000000 ) ) ;
#941 = CARTESIAN_POINT ( 'NONE',  ( -76.85199565517051212, 140.3490481287456646, -92.85961089735101837 ) ) ;
#942 = DIRECTION ( 'NONE',  ( -0.01745240643728350124, 0.9998476951563911586, 0.000000000000000000 ) ) ;
#943 = CARTESIAN_POINT ( 'NONE',  ( -79.53899467050473504, -36.99999999999999289, -102.4164381429529413 ) ) ;
#944 = PLANE ( 'NONE',  #9073 ) ;
#945 = VECTOR ( 'NONE', #1894, 1000.000000000000000 ) ;
#946 = ORIENTED_EDGE ( 'NONE', *, *, #1746, .F. ) ;
#947 = ORIENTED_EDGE ( 'NONE', *, *, #1501, .T. ) ;
#948 = CARTESIAN_POINT ( 'NONE',  ( 72.96443840667097902, 157.5000000000000284, -128.3211861134160472 ) ) ;
#949 = DIRECTION ( 'NONE',  ( -0.2718618336224462584, 0.9621897258691907151, -0.01679508413831043434 ) ) ;
#950 = LINE ( 'NONE', #3884, #5019 ) ;
#951 = CARTESIAN_POINT ( 'NONE',  ( -0.04289258190948703336, 156.1814373345923457, 75.58104731758228922 ) ) ;
#952 = CARTESIAN_POINT ( 'NONE',  ( 73.25025550504250305, 120.0131145170197158, -69.29999999999999716 ) ) ;
#953 = VECTOR ( 'NONE', #3909, 1000.000000000000000 ) ;
#954 = CARTESIAN_POINT ( 'NONE',  ( -56.85504175204269472, 140.0000000000000000, -146.0000000000000000 ) ) ;
#955 = DIRECTION ( 'NONE',  ( 0.01745240643728307103, -0.9998476951563913806, 0.000000000000000000 ) ) ;
#956 = B_SPLINE_CURVE_WITH_KNOTS ( 'NONE', 3,
 ( #6490, #9300, #552, #1364, #7204, #2798, #4934, #4206, #649, #3466, #2041, #3567, #6536, #8538, #6441, #7880, #2082, #3516, #4888, #7969, #7830, #9449, #599, #2753, #7154, #5758, #1225, #4153, #1274, #8639, #5027, #4774, #5453, #4722, #4874, #6236, #492, #5504, #7671, #3222, #9103, #5408, #3310, #7723, #5551, #7819, #6189, #1114, #4047, #384, #8431, #2648, #3268, #6998, #6283, #8382, #339, #8484, #9143, #2550 ),
 .UNSPECIFIED., .F., .F.,
 ( 4, 1, 1, 1, 1, 1, 1, 2, 2, 1, 1, 1, 1, 1, 2, 2, 1, 1, 1, 1, 2, 2, 2, 1, 1, 1, 1, 2, 2, 1, 1, 1, 1, 1, 2, 2, 1, 1, 1, 1, 1, 1, 2, 2, 4 ),
 ( 0.000000000000000000, 0.06249999999996050382, 0.09374999999994078348, 0.1093749999999306804, 0.1171874999999256151, 0.1210937499999230338, 0.1230468749999220346, 0.1240234374999218264, 0.1249999999999216183, 0.1874999999999151234, 0.2187499999999121258, 0.2343749999999104050, 0.2421874999999096278, 0.2460937499999092393, 0.2480468749999090172, 0.2499999999999088507, 0.3124999999999089617, 0.3437499999999088507, 0.3593749999999090172, 0.3671874999999092393, 0.3710937499999096834, 0.3749999999999101830, 0.4999999999999273914, 0.5624999999999361622, 0.5937499999999403810, 0.6093749999999424904, 0.6171874999999430456, 0.6210937499999436007, 0.6249999999999440448, 0.6874999999999513722, 0.7187499999999547029, 0.7343749999999561462, 0.7421874999999565903, 0.7460937499999568123, 0.7480468749999571454, 0.7499999999999574785, 0.8124999999999722444, 0.8437499999999797939, 0.8593749999999836797, 0.8671874999999857891, 0.8710937499999868994, 0.8730468749999875655, 0.8740234374999877875, 0.8749999999999880096, 1.000000000000000000 ),
 .UNSPECIFIED. ) ;
#957 = DIRECTION ( 'NONE',  ( -1.000000000000000000, -0.000000000000000000, 1.541976423090495042E-15 ) ) ;
#958 = ORIENTED_EDGE ( 'NONE', *, *, #3765, .F. ) ;
#959 = DIRECTION ( 'NONE',  ( 0.000000000000000000, -1.000000000000000000, -1.583748323458199862E-16 ) ) ;
#960 = CARTESIAN_POINT ( 'NONE',  ( -357.3840944635300048, -4.000000000000000000, -72.00000000000001421 ) ) ;
#961 = CARTESIAN_POINT ( 'NONE',  ( 60.23932158027631090, 140.4528793196300001, -139.3489342680095433 ) ) ;
#962 = CARTESIAN_POINT ( 'NONE',  ( -56.85504175204950172, 157.5000000000000284, -94.82304684452857657 ) ) ;
#963 = CARTESIAN_POINT ( 'NONE',  ( -94.78139602057051150, 58.33405080756782013, 217.8018475772954901 ) ) ;
#964 = EDGE_CURVE ( 'NONE', #8425, #192, #1697, .T. ) ;
#965 = EDGE_CURVE ( 'NONE', #1593, #191, #3229, .T. ) ;
#966 = CARTESIAN_POINT ( 'NONE',  ( 0.4844684766220854200, 140.1626628929270737, 90.85438026068493400 ) ) ;
#967 = CYLINDRICAL_SURFACE ( 'NONE', #4326, 5.000000000000004441 ) ;
#968 = EDGE_CURVE ( 'NONE', #5376, #2988, #1069, .T. ) ;
#969 = VERTEX_POINT ( 'NONE', #7678 ) ;
#970 = ORIENTED_EDGE ( 'NONE', *, *, #2019, .T. ) ;
#971 = ORIENTED_EDGE ( 'NONE', *, *, #8062, .T. ) ;
#972 = LINE ( 'NONE', #3168, #7167 ) ;
#973 = CARTESIAN_POINT ( 'NONE',  ( -41.79797871055137648, -39.83465553172381846, -144.5882443455204509 ) ) ;
#974 = CARTESIAN_POINT ( 'NONE',  ( 72.37558213639782423, -37.00000000000000711, -75.94467977877511089 ) ) ;
#975 = CARTESIAN_POINT ( 'NONE',  ( 89.35237641727920277, 140.3054171126688061, -69.29999999999999716 ) ) ;
#976 = CARTESIAN_POINT ( 'NONE',  ( 4.089218660503025404, 140.1283170110030483, 86.63156762889784090 ) ) ;
#977 = CARTESIAN_POINT ( 'NONE',  ( 65.92166605892194298, 157.5000000000000000, 2.906357289197610605 ) ) ;
#978 = ORIENTED_EDGE ( 'NONE', *, *, #7895, .F. ) ;
#979 = B_SPLINE_CURVE_WITH_KNOTS ( 'NONE', 3,
 ( #3012, #3649, #8143, #5117, #6747, #7428 ),
 .UNSPECIFIED., .F., .F.,
 ( 4, 2, 4 ),
 ( 0.000000000000000000, 0.5000000000000000000, 1.000000000000000000 ),
 .UNSPECIFIED. ) ;
#980 = DIRECTION ( 'NONE',  ( 0.9998476951563912696, 0.01745240643728360533, -3.503998260924795799E-16 ) ) ;
#981 = CARTESIAN_POINT ( 'NONE',  ( 66.98802807361956013, 157.1571688838871808, 13.66758132506664580 ) ) ;
#982 = CARTESIAN_POINT ( 'NONE',  ( -89.59999999999999432, 154.9320508075680038, 110.8038475772950022 ) ) ;
#983 = DIRECTION ( 'NONE',  ( 0.000000000000000000, 3.768217412517130209E-16, -1.000000000000000000 ) ) ;
#985 = VERTEX_POINT ( 'NONE', #1026 ) ;
#984 = CARTESIAN_POINT ( 'NONE',  ( 64.76231868314467022, 119.9999945981667793, 33.08872145656259534 ) ) ;
#986 = CARTESIAN_POINT ( 'NONE',  ( -79.14323772562119075, -37.00000000000000000, -104.8885885684383652 ) ) ;
#987 = ORIENTED_EDGE ( 'NONE', *, *, #3863, .F. ) ;
#988 = DIRECTION ( 'NONE',  ( 0.000000000000000000, 0.000000000000000000, 1.000000000000000000 ) ) ;
#989 = ORIENTED_EDGE ( 'NONE', *, *, #4481, .F. ) ;
#990 = EDGE_CURVE ( 'NONE', #2812, #810, #7007, .T. ) ;
#991 = ORIENTED_EDGE ( 'NONE', *, *, #7707, .T. ) ;
#992 = VERTEX_POINT ( 'NONE', #4638 ) ;
#993 = CARTESIAN_POINT ( 'NONE',  ( 71.66170489640835228, 157.5000000000000284, -96.78633074168158146 ) ) ;
#994 = EDGE_CURVE ( 'NONE', #5188, #5698, #393, .T. ) ;
#995 = DIRECTION ( 'NONE',  ( -1.000000000000000000, -0.000000000000000000, -0.000000000000000000 ) ) ;
#996 = DIRECTION ( 'NONE',  ( -4.127389888154581984E-17, -2.086033818784818940E-16, -1.000000000000000000 ) ) ;
#997 = CARTESIAN_POINT ( 'NONE',  ( -74.34824083608182832, 140.3080976335838272, 51.79330279118192948 ) ) ;
#998 = CARTESIAN_POINT ( 'NONE',  ( -0.8836153457110695886, 156.6152731959245727, 74.74014915963697092 ) ) ;
#999 = CARTESIAN_POINT ( 'NONE',  ( -89.59999999999999432, 154.9320508075680038, 95.40384757729509602 ) ) ;
#1000 = CARTESIAN_POINT ( 'NONE',  ( -56.85504175204265920, 140.0000000000000000, 51.41304439313701380 ) ) ;
#1001 = DIRECTION ( 'NONE',  ( -0.8660254037844328234, 0.000000000000000000, -0.5000000000000101030 ) ) ;
#1002 = DIRECTION ( 'NONE',  ( -0.9998476951563912696, -0.01745240643728300858, 2.891346153894660857E-16 ) ) ;
#1003 = ORIENTED_EDGE ( 'NONE', *, *, #204, .T. ) ;
#1004 = DIRECTION ( 'NONE',  ( 0.000000000000000000, -1.000000000000000000, -9.654438261914849276E-16 ) ) ;
#1005 = CARTESIAN_POINT ( 'NONE',  ( 88.28469499287874100, 88.78268774582740264, -69.29999999999999716 ) ) ;
#1006 = DIRECTION ( 'NONE',  ( 0.01745240643694581997, -0.9998476951363206577, 6.336149282419897140E-06 ) ) ;
#1007 = CARTESIAN_POINT ( 'NONE',  ( -33.07625418902450321, 140.3434077208651445, -140.0455966006663857 ) ) ;
#1008 = VECTOR ( 'NONE', #2401, 1000.000000000000000 ) ;
#1009 = ADVANCED_FACE ( 'NONE', ( #3913 ), #3320, .T. ) ;
#1010 = CARTESIAN_POINT ( 'NONE',  ( -39.83313718406441950, 157.1623623744234237, 73.27516265724042910 ) ) ;
#1011 = EDGE_LOOP ( 'NONE', ( #1473, #547, #8306, #5710 ) ) ;
#1012 = DIRECTION ( 'NONE',  ( 0.000000000000000000, 0.000000000000000000, 1.000000000000000000 ) ) ;
#1013 = ORIENTED_EDGE ( 'NONE', *, *, #3795, .T. ) ;
#1014 = VECTOR ( 'NONE', #6318, 1000.000000000000000 ) ;
#1015 = ORIENTED_EDGE ( 'NONE', *, *, #4040, .T. ) ;
#1016 = ORIENTED_EDGE ( 'NONE', *, *, #7754, .F. ) ;
#1017 = FACE_OUTER_BOUND ( 'NONE', #120, .T. ) ;
#1018 = DIRECTION ( 'NONE',  ( 0.000000000000000000, 0.01745240643728358104, -0.9998476951563912696 ) ) ;
#1019 = CARTESIAN_POINT ( 'NONE',  ( 71.52714395570428962, 119.7232611191402043, -68.30624519870254119 ) ) ;
#1020 = FACE_OUTER_BOUND ( 'NONE', #3922, .T. ) ;
#1021 = CARTESIAN_POINT ( 'NONE',  ( -74.37444768160756325, 140.4403495469343000, -108.4162009686442616 ) ) ;
#1022 = VECTOR ( 'NONE', #4008, 1000.000000000000114 ) ;
#1023 = DIRECTION ( 'NONE',  ( 0.8660254037844326014, 0.000000000000000000, 0.5000000000000104361 ) ) ;
#1024 = VERTEX_POINT ( 'NONE', #3178 ) ;
#1025 = VECTOR ( 'NONE', #1796, 999.9999999999998863 ) ;
#1026 = CARTESIAN_POINT ( 'NONE',  ( 121.8999999999999915, 153.3320508075674979, 110.8038475772950022 ) ) ;
#1027 = CARTESIAN_POINT ( 'NONE',  ( 91.76111842253226314, 4.330497222800516077, -71.34879689964816407 ) ) ;
#1028 = CARTESIAN_POINT ( 'NONE',  ( 60.66671824631681176, 140.4013724614273713, -136.4716188062243987 ) ) ;
#1029 = LINE ( 'NONE', #6248, #5197 ) ;
#1030 = CARTESIAN_POINT ( 'NONE',  ( -74.35237641727947278, 140.3054171126524068, -26.00000000000000355 ) ) ;
#1031 = LINE ( 'NONE', #1659, #2170 ) ;
#1032 = VECTOR ( 'NONE', #3387, 1000.000000000000114 ) ;
#1033 = VECTOR ( 'NONE', #1553, 1000.000000000000000 ) ;
#1034 = CARTESIAN_POINT ( 'NONE',  ( -49.45826928476409989, 160.0000000000000000, -112.6820058868549097 ) ) ;
#1035 = ORIENTED_EDGE ( 'NONE', *, *, #6479, .F. ) ;
#1036 = ORIENTED_EDGE ( 'NONE', *, *, #7690, .F. ) ;
#1037 = ORIENTED_EDGE ( 'NONE', *, *, #3741, .F. ) ;
#1038 = CARTESIAN_POINT ( 'NONE',  ( 65.45514695682327044, 157.5000000000000284, -133.7196720785545665 ) ) ;
#1039 = CARTESIAN_POINT ( 'NONE',  ( 91.72583822171270640, 4.329881404604467576, -71.34881840449342860 ) ) ;
#1040 = CARTESIAN_POINT ( 'NONE',  ( 88.33905190758090953, 85.78317956517030041, -67.29999999999999716 ) ) ;
#1041 = CARTESIAN_POINT ( 'NONE',  ( -74.16655102799583688, 140.3205484462515642, 53.95448299434183781 ) ) ;
#1042 = VECTOR ( 'NONE', #3110, 1000.000000000000114 ) ;
#1043 = CARTESIAN_POINT ( 'NONE',  ( 2.466841875582330701, 154.1987432672947307, 78.09071034798334665 ) ) ;
#1044 = LINE ( 'NONE', #999, #412 ) ;
#1045 = EDGE_CURVE ( 'NONE', #1432, #6840, #9213, .T. ) ;
#1046 = CARTESIAN_POINT ( 'NONE',  ( 91.95108080290788166, -8.605730363330309274, -72.93757263668379665 ) ) ;
#1047 = CARTESIAN_POINT ( 'NONE',  ( 84.43198368737289172, 137.7229024939920237, -67.29999999999999716 ) ) ;
#1048 = LINE ( 'NONE', #6981, #496 ) ;
#1049 = ORIENTED_EDGE ( 'NONE', *, *, #6056, .T. ) ;
#1050 = AXIS2_PLACEMENT_3D ( 'NONE', #1927, #444, #3363 ) ;
#1051 = ORIENTED_EDGE ( 'NONE', *, *, #7123, .T. ) ;
#1052 = CARTESIAN_POINT ( 'NONE',  ( 67.11252825617144424, 156.5004863628853968, -67.29852359877561696 ) ) ;
#1053 = LINE ( 'NONE', #370, #8758 ) ;
#1054 = CARTESIAN_POINT ( 'NONE',  ( 54.47628514158505197, 140.4260180115805952, -141.2568511078627012 ) ) ;
#1055 = CARTESIAN_POINT ( 'NONE',  ( -26.85961089735085849, 140.3054171126525773, -140.3523764172795723 ) ) ;
#1056 = EDGE_CURVE ( 'NONE', #3805, #48, #6244, .T. ) ;
#1057 = CARTESIAN_POINT ( 'NONE',  ( -78.31482991395185422, -40.00000000000000711, -109.0584176053151424 ) ) ;
#1058 = ADVANCED_FACE ( 'NONE', ( #346 ), #249, .F. ) ;
#1059 = VERTEX_POINT ( 'NONE', #5465 ) ;
#1060 = COORDINATED_UNIVERSAL_TIME_OFFSET ( 7, 0, .AHEAD. ) ;
#1061 = AXIS2_PLACEMENT_3D ( 'NONE', #5925, #904, #6784 ) ;
#1062 = ORIENTED_EDGE ( 'NONE', *, *, #5144, .F. ) ;
#1063 = ORIENTED_EDGE ( 'NONE', *, *, #1259, .T. ) ;
#1064 = PLANE ( 'NONE',  #2233 ) ;
#1065 = CARTESIAN_POINT ( 'NONE',  ( -1.670905825007964942E-14, -40.04363101609320807, -143.5003807621090175 ) ) ;
#1066 = DIRECTION ( 'NONE',  ( -0.000000000000000000, -1.000000000000000000, -0.000000000000000000 ) ) ;
#1067 = CARTESIAN_POINT ( 'NONE',  ( 87.48388399215400568, 134.7757166278334182, -69.30095280244881906 ) ) ;
#1068 = CARTESIAN_POINT ( 'NONE',  ( 92.03445974712107613, -37.00000000000000711, -112.8512770129171230 ) ) ;
#1069 = CIRCLE ( 'NONE', #7999, 1.499999999999999778 ) ;
#1070 = ADVANCED_FACE ( 'NONE', ( #6041 ), #8914, .T. ) ;
#1071 = LINE ( 'NONE', #1118, #4778 ) ;
#1072 = EDGE_LOOP ( 'NONE', ( #3891, #1152, #8894, #9441, #5538, #2885, #7495, #1330, #4416 ) ) ;
#1073 = CARTESIAN_POINT ( 'NONE',  ( 89.45600591956703340, 21.79292707516248129, -72.30200000000000671 ) ) ;
#1074 = LINE ( 'NONE', #1605, #5183 ) ;
#1075 = DIRECTION ( 'NONE',  ( 0.000000000000000000, -0.000000000000000000, 1.000000000000000000 ) ) ;
#1076 = DIRECTION ( 'NONE',  ( 0.000000000000000000, 0.000000000000000000, -1.000000000000000000 ) ) ;
#1077 = LINE ( 'NONE', #4839, #6030 ) ;
#1078 = DIRECTION ( 'NONE',  ( -0.000000000000000000, 1.000000000000000000, 0.000000000000000000 ) ) ;
#1079 = VERTEX_POINT ( 'NONE', #3020 ) ;
#1080 = FACE_OUTER_BOUND ( 'NONE', #6668, .T. ) ;
#1081 = ORIENTED_EDGE ( 'NONE', *, *, #8044, .F. ) ;
#1082 = VECTOR ( 'NONE', #9464, 1000.000000000000000 ) ;
#1083 = ORIENTED_EDGE ( 'NONE', *, *, #5172, .F. ) ;
#1084 = VECTOR ( 'NONE', #4277, 1000.000000000000000 ) ;
#1085 = ORIENTED_EDGE ( 'NONE', *, *, #2542, .T. ) ;
#1086 = CARTESIAN_POINT ( 'NONE',  ( 79.61999226552828191, 140.4290765388639102, -121.8286001124751010 ) ) ;
#1087 = LINE ( 'NONE', #1039, #5375 ) ;
#1088 = DIRECTION ( 'NONE',  ( -9.570888143320329693E-16, 0.000000000000000000, -1.000000000000000000 ) ) ;
#1089 = CARTESIAN_POINT ( 'NONE',  ( -74.27006484754160454, 140.3162226287435885, 53.10626228148887407 ) ) ;
#1090 = CARTESIAN_POINT ( 'NONE',  ( -1.014259973316415930, 156.6757206900852566, 74.60954729113160511 ) ) ;
#1091 = DIRECTION ( 'NONE',  ( 0.007399699481118141887, 0.4239284993523980138, 0.9056654304346682949 ) ) ;
#1092 = CARTESIAN_POINT ( 'NONE',  ( 45.00761524217200815, -39.99999999999992895, -146.0000000000000284 ) ) ;
#1093 = SECURITY_CLASSIFICATION ( '', '', #6418 ) ;
#1094 = DIRECTION ( 'NONE',  ( 2.453681692038064138E-17, -1.405713299909616376E-15, -1.000000000000000000 ) ) ;
#1095 = VECTOR ( 'NONE', #5438, 1000.000000000000000 ) ;
#1096 = VERTEX_POINT ( 'NONE', #1591 ) ;
#1097 = APPLICATION_CONTEXT ( 'configuration controlled 3d designs of mechanical parts and assemblies' ) ;
#1098 = DIRECTION ( 'NONE',  ( 0.000000000000000000, 6.123233995736769734E-17, -1.000000000000000000 ) ) ;
#1099 = EDGE_CURVE ( 'NONE', #2139, #2057, #3164, .T. ) ;
#1100 = ORIENTED_EDGE ( 'NONE', *, *, #5293, .F. ) ;
#1101 = FACE_OUTER_BOUND ( 'NONE', #6619, .T. ) ;
#1102 = LINE ( 'NONE', #7757, #3505 ) ;
#1103 = CARTESIAN_POINT ( 'NONE',  ( 60.18469403721596223, 140.4526486289923355, -139.3705069429298646 ) ) ;
#1104 = VECTOR ( 'NONE', #1459, 1000.000000000000114 ) ;
#1105 = CARTESIAN_POINT ( 'NONE',  ( -57.35308900501487983, 140.4903731872186654, -132.6071860082092257 ) ) ;
#1106 = CARTESIAN_POINT ( 'NONE',  ( -38.50812255412959928, -37.00000000000000000, -142.6708348798007080 ) ) ;
#1107 = CARTESIAN_POINT ( 'NONE',  ( -41.87674741489772856, -40.00000000000000711, -144.5830847074296344 ) ) ;
#1108 = ORIENTED_EDGE ( 'NONE', *, *, #4994, .F. ) ;
#1109 = ORIENTED_EDGE ( 'NONE', *, *, #8295, .T. ) ;
#1110 = EDGE_CURVE ( 'NONE', #8482, #1896, #874, .T. ) ;
#1111 = EDGE_LOOP ( 'NONE', ( #3155, #2548, #7815, #380 ) ) ;
#1112 = DIRECTION ( 'NONE',  ( 0.9998476951563911586, 0.01745240643728360533, -3.503998260924795306E-16 ) ) ;
#1113 = PLANE ( 'NONE',  #2992 ) ;
#1114 = CARTESIAN_POINT ( 'NONE',  ( 61.00572260448013395, -37.00000000000000711, -140.6797352520794107 ) ) ;
#1115 = FACE_OUTER_BOUND ( 'NONE', #7545, .T. ) ;
#1116 = FACE_OUTER_BOUND ( 'NONE', #1072, .T. ) ;
#1117 = CARTESIAN_POINT ( 'NONE',  ( 85.08626461891775250, -37.00000000000000711, -125.7915355396978754 ) ) ;
#1118 = CARTESIAN_POINT ( 'NONE',  ( -104.5999999999999943, 153.3300508075680000, 211.5507292157780057 ) ) ;
#1119 = ORIENTED_EDGE ( 'NONE', *, *, #702, .T. ) ;
#1120 = CARTESIAN_POINT ( 'NONE',  ( -26.85961089735091534, 140.3054171129349186, -140.3523764172746269 ) ) ;
#1121 = CARTESIAN_POINT ( 'NONE',  ( 94.94763480521532983, -37.00000000000000000, -95.95525004739590713 ) ) ;
#1122 = CARTESIAN_POINT ( 'NONE',  ( -56.85504175204269472, -40.00000000000000000, -75.99159735016459649 ) ) ;
#1123 = CARTESIAN_POINT ( 'NONE',  ( 89.76389566218431071, 4.153935534111418804, -72.93836670090706775 ) ) ;
#1124 = B_SPLINE_CURVE_WITH_KNOTS ( 'NONE', 3,
 ( #7104, #5662, #449, #6486, #6292, #2654, #5711, #2561, #5608, #8439 ),
 .UNSPECIFIED., .F., .F.,
 ( 4, 2, 2, 2, 4 ),
 ( 0.000000000000000000, 0.2515397185838974536, 0.5030794371677953514, 0.7546191557516932491, 1.000000000000000000 ),
 .UNSPECIFIED. ) ;
#1125 = CARTESIAN_POINT ( 'NONE',  ( 89.42982730991111850, 23.29269861789708429, -72.30200000000000671 ) ) ;
#1126 = LINE ( 'NONE', #7109, #945 ) ;
#1127 = PLANE ( 'NONE',  #7402 ) ;
#1128 = ORIENTED_EDGE ( 'NONE', *, *, #2835, .F. ) ;
#1129 = ORIENTED_EDGE ( 'NONE', *, *, #1525, .T. ) ;
#1130 = ORIENTED_EDGE ( 'NONE', *, *, #6176, .T. ) ;
#1131 = DIRECTION ( 'NONE',  ( -0.6427876096865396960, 0.7660444431189777914, 0.000000000000000000 ) ) ;
#1132 = FACE_OUTER_BOUND ( 'NONE', #4739, .T. ) ;
#1133 = CARTESIAN_POINT ( 'NONE',  ( 10.40000000000000213, 154.9320508075674923, 95.40384757729519549 ) ) ;
#1134 = PLANE ( 'NONE',  #1354 ) ;
#1135 = ADVANCED_FACE ( 'NONE', ( #9001 ), #4480, .T. ) ;
#1136 = CARTESIAN_POINT ( 'NONE',  ( 2.784202064519035513, 153.8630091821451629, 78.40798361656634086 ) ) ;
#1137 = CARTESIAN_POINT ( 'NONE',  ( 91.81347564184406451, 1.330954137331329168, -74.00000000000000000 ) ) ;
#1138 = CARTESIAN_POINT ( 'NONE',  ( -58.34745689320740070, 157.3741908839816404, 52.90637820464876029 ) ) ;
#1139 = CARTESIAN_POINT ( 'NONE',  ( -60.24860865737074533, -36.99999999999999289, -135.9577703363111141 ) ) ;
#1140 = EDGE_CURVE ( 'NONE', #3939, #2812, #5944, .T. ) ;
#1141 = CARTESIAN_POINT ( 'NONE',  ( 52.84507520482645049, 157.4999999999999432, -120.7714445988108309 ) ) ;
#1142 = ORIENTED_EDGE ( 'NONE', *, *, #530, .F. ) ;
#1143 = ORIENTED_EDGE ( 'NONE', *, *, #1462, .F. ) ;
#1144 = CARTESIAN_POINT ( 'NONE',  ( 53.89094394525755405, -39.86867782881077460, -145.2029868156128600 ) ) ;
#1145 = CARTESIAN_POINT ( 'NONE',  ( -98.53782217350899941, 56.73205080756780205, 215.9038475772950108 ) ) ;
#1146 = DIRECTION ( 'NONE',  ( -0.01258382628791149781, 0.7069948209687560992, 0.7071067602839844479 ) ) ;
#1147 = CARTESIAN_POINT ( 'NONE',  ( -33.40338611006626479, 140.3924659666983814, -142.5290097012752142 ) ) ;
#1148 = CARTESIAN_POINT ( 'NONE',  ( -55.57310436536814535, 157.5000000000000853, -130.2871627871279543 ) ) ;
#1149 = CARTESIAN_POINT ( 'NONE',  ( -48.60715661311409264, -39.99999999999999289, -142.4120028587498155 ) ) ;
#1150 = CARTESIAN_POINT ( 'NONE',  ( 68.69604441733906697, 147.0868482760695883, 24.13017885970183585 ) ) ;
#1151 = CARTESIAN_POINT ( 'NONE',  ( -77.50038076210900329, -40.04363101609320807, -90.00000000000000000 ) ) ;
#1152 = ORIENTED_EDGE ( 'NONE', *, *, #9486, .T. ) ;
#1153 = VERTEX_POINT ( 'NONE', #3749 ) ;
#1154 = ORIENTED_EDGE ( 'NONE', *, *, #9136, .T. ) ;
#1155 = CARTESIAN_POINT ( 'NONE',  ( 89.35237641727955804, 140.3054171126526057, -146.0000000000000000 ) ) ;
#1156 = DIRECTION ( 'NONE',  ( 0.9996599988304892825, -5.422622145091490194E-17, -0.02607463783499786025 ) ) ;
#1157 = DIRECTION ( 'NONE',  ( -2.282888894703145239E-16, 0.01745240643728355329, -0.9998476951563912696 ) ) ;
#1158 = CARTESIAN_POINT ( 'NONE',  ( 121.8999999999999915, 154.9320508075680038, 217.8038475772949880 ) ) ;
#1159 = DIRECTION ( 'NONE',  ( 0.9999999340962500982, 0.000000000000000000, 0.0003630530201410025353 ) ) ;
#1160 = CARTESIAN_POINT ( 'NONE',  ( 91.35963766397773611, -37.00000000000002132, -114.5547914183215283 ) ) ;
#1161 = EDGE_CURVE ( 'NONE', #5659, #8322, #4490, .T. ) ;
#1162 = EDGE_CURVE ( 'NONE', #9130, #2844, #5259, .T. ) ;
#1163 = AXIS2_PLACEMENT_3D ( 'NONE', #8453, #1946, #7340 ) ;
#1164 = CARTESIAN_POINT ( 'NONE',  ( 89.44582560740170152, 134.9517165961290175, -72.93848217720868377 ) ) ;
#1165 = ADVANCED_FACE ( 'NONE', ( #6847 ), #7385, .F. ) ;
#1166 = EDGE_LOOP ( 'NONE', ( #8123, #2487, #3840, #5754, #8678, #2834, #4041 ) ) ;
#1167 = CARTESIAN_POINT ( 'NONE',  ( -76.87123684247437438, -4.000000000000007994, -72.00000000000001421 ) ) ;
#1168 = CARTESIAN_POINT ( 'NONE',  ( 91.76008964926425904, 2.367618434374703984, -73.73057730975935442 ) ) ;
#1169 = VECTOR ( 'NONE', #1435, 1000.000000000000114 ) ;
#1170 = DIRECTION ( 'NONE',  ( 0.01745240643728350124, -0.9998476951563911586, -0.000000000000000000 ) ) ;
#1171 = EDGE_CURVE ( 'NONE', #8141, #3805, #5353, .T. ) ;
#1172 = CARTESIAN_POINT ( 'NONE',  ( 65.69047113919201308, 119.9999998606159721, 33.98142101384544134 ) ) ;
#1173 = CARTESIAN_POINT ( 'NONE',  ( -48.40571966263128445, -36.99999999999999289, -142.4190963787132205 ) ) ;
#1174 = CARTESIAN_POINT ( 'NONE',  ( 91.45116665092193386, -40.00000000000002842, -114.5091261152567483 ) ) ;
#1175 = ORIENTED_EDGE ( 'NONE', *, *, #4320, .F. ) ;
#1176 = VECTOR ( 'NONE', #7778, 1000.000000000000000 ) ;
#1177 = VERTEX_POINT ( 'NONE', #1682 ) ;
#1178 = LINE ( 'NONE', #688, #7781 ) ;
#1179 = DIRECTION ( 'NONE',  ( 0.9998475094691551268, 0.01745240319786308877, 0.0006094513489405431299 ) ) ;
#1180 = DIRECTION ( 'NONE',  ( 0.000000000000000000, 0.01745240643728358104, -0.9998476951563912696 ) ) ;
#1181 = CARTESIAN_POINT ( 'NONE',  ( 90.25358105436636436, 88.67543803248467782, -72.93818891913481650 ) ) ;
#1182 = CARTESIAN_POINT ( 'NONE',  ( -37.41304439313704222, 160.0000000000000000, 70.85504175204262367 ) ) ;
#1183 = VECTOR ( 'NONE', #6005, 1000.000000000000000 ) ;
#1184 = CARTESIAN_POINT ( 'NONE',  ( 30.15191370677205285, 62.88109949927802944, 84.36954836974425120 ) ) ;
#1185 = VECTOR ( 'NONE', #3768, 1000.000000000000000 ) ;
#1186 = CARTESIAN_POINT ( 'NONE',  ( 90.50883473999489581, -38.52359565090600313, -91.00000000000000000 ) ) ;
#1187 = CARTESIAN_POINT ( 'NONE',  ( -39.00996801764962640, -36.99999999999999289, -145.1802443040701860 ) ) ;
#1188 = CARTESIAN_POINT ( 'NONE',  ( 70.57627299693956502, 157.5000000000000000, -101.6211264457150776 ) ) ;
#1189 = ORIENTED_EDGE ( 'NONE', *, *, #5764, .T. ) ;
#1190 = EDGE_LOOP ( 'NONE', ( #3789, #9418, #1568, #3774 ) ) ;
#1191 = CARTESIAN_POINT ( 'NONE',  ( 54.53010177816991444, -39.86083381322053043, -145.0821045787696733 ) ) ;
#1192 = VECTOR ( 'NONE', #3714, 1000.000000000000000 ) ;
#1193 = DIRECTION ( 'NONE',  ( 1.762074767641133789E-20, -1.000000000000000000, -4.853491236154555551E-17 ) ) ;
#1194 = CARTESIAN_POINT ( 'NONE',  ( -104.5999999999999943, 56.73205080756780205, 184.8038475772950164 ) ) ;
#1195 = CARTESIAN_POINT ( 'NONE',  ( -66.60718600821211055, 140.4903731872187791, -123.3530890050105029 ) ) ;
#1196 = CARTESIAN_POINT ( 'NONE',  ( -33.57713370104367101, -37.00000000000001421, -143.3480912124836379 ) ) ;
#1197 = PLANE ( 'NONE',  #3169 ) ;
#1198 = CARTESIAN_POINT ( 'NONE',  ( 91.99999875156009921, 56.73205080756780205, 184.8038475772950164 ) ) ;
#1199 = CIRCLE ( 'NONE', #4587, 1.601999999999992319 ) ;
#1200 = CARTESIAN_POINT ( 'NONE',  ( 1.876663818031714843E-14, 62.00000000000000000, 89.71920255721201443 ) ) ;
#1201 = EDGE_CURVE ( 'NONE', #8700, #5698, #2264, .T. ) ;
#1202 = ORIENTED_EDGE ( 'NONE', *, *, #9150, .T. ) ;
#1203 = APPROVAL_DATE_TIME ( #2595, #9447 ) ;
#1204 = EDGE_LOOP ( 'NONE', ( #593, #4256, #488, #7006 ) ) ;
#1206 = VERTEX_POINT ( 'NONE', #6707 ) ;
#1205 = ADVANCED_FACE ( 'NONE', ( #4623 ), #7568, .T. ) ;
#1207 = VERTEX_POINT ( 'NONE', #49 ) ;
#1208 = CARTESIAN_POINT ( 'NONE',  ( 2.000000000000000444, -37.00000000000000711, -142.0000000000000284 ) ) ;
#1209 = CARTESIAN_POINT ( 'NONE',  ( 89.17997676381379790, 88.79831494726862218, -67.49660555433379727 ) ) ;
#1210 = CARTESIAN_POINT ( 'NONE',  ( 91.48187991953570020, 20.32806034530249306, -70.79014968541760311 ) ) ;
#1211 = DIRECTION ( 'NONE',  ( -0.01745240643728564883, 0.9998476951563911586, 0.000000000000000000 ) ) ;
#1212 = CARTESIAN_POINT ( 'NONE',  ( 72.22263543155588650, -37.00000000000001421, -137.8581346235003480 ) ) ;
#1213 = ADVANCED_FACE ( 'NONE', ( #2977 ), #5212, .T. ) ;
#1214 = DIRECTION ( 'NONE',  ( 0.9998446481886438253, 0.01762236425580013255, 0.0003629966431191644551 ) ) ;
#1215 = ORIENTED_EDGE ( 'NONE', *, *, #9150, .F. ) ;
#1216 = EDGE_CURVE ( 'NONE', #2705, #6186, #6316, .T. ) ;
#1217 = EDGE_CURVE ( 'NONE', #7114, #3805, #7897, .T. ) ;
#1218 = CARTESIAN_POINT ( 'NONE',  ( 66.60638456532370810, 156.3625094962599746, -69.24789324670759072 ) ) ;
#1219 = VECTOR ( 'NONE', #3063, 1000.000000000000000 ) ;
#1220 = EDGE_CURVE ( 'NONE', #6156, #7089, #2058, .T. ) ;
#1221 = CARTESIAN_POINT ( 'NONE',  ( 91.76465820689442410, 2.105885943034104812, -73.61780161241848930 ) ) ;
#1222 = EDGE_CURVE ( 'NONE', #4043, #687, #9228, .T. ) ;
#1223 = CARTESIAN_POINT ( 'NONE',  ( 1.895060060276634884E-14, -40.00000000000000000, 94.00000000000000000 ) ) ;
#1224 = PRODUCT_DEFINITION_SHAPE ( 'NONE', 'NONE',  #376 ) ;
#1225 = CARTESIAN_POINT ( 'NONE',  ( 84.81567376162290373, -37.00000000000001421, -121.7761769318106104 ) ) ;
#1226 = FACE_OUTER_BOUND ( 'NONE', #5607, .T. ) ;
#1227 = FACE_OUTER_BOUND ( 'NONE', #5011, .T. ) ;
#1228 = ORIENTED_EDGE ( 'NONE', *, *, #5172, .T. ) ;
#1229 = EDGE_LOOP ( 'NONE', ( #4517, #8533, #4647, #2515, #6709, #8583 ) ) ;
#1230 = CARTESIAN_POINT ( 'NONE',  ( -29.95448846517705732, -37.00000000000000000, -143.4472539851056183 ) ) ;
#1231 = EDGE_CURVE ( 'NONE', #3801, #7777, #3536, .T. ) ;
#1232 = CARTESIAN_POINT ( 'NONE',  ( 90.28336279064428993, 4.304702902300139300, -67.35210670131006339 ) ) ;
#1233 = FACE_OUTER_BOUND ( 'NONE', #9074, .T. ) ;
#1234 = CARTESIAN_POINT ( 'NONE',  ( -76.79831855367044113, 57.60249504751609351, 59.60533245559984294 ) ) ;
#1235 = DIRECTION ( 'NONE',  ( -1.000000000000000000, -0.000000000000000000, -0.000000000000000000 ) ) ;
#1236 = EDGE_CURVE ( 'NONE', #8750, #8845, #6065, .T. ) ;
#1237 = DIRECTION ( 'NONE',  ( -0.000000000000000000, -1.000000000000000000, -0.000000000000000000 ) ) ;
#1238 = CARTESIAN_POINT ( 'NONE',  ( -59.08214782887138483, 157.2142389066286796, 53.64015046790409258 ) ) ;
#1239 = CARTESIAN_POINT ( 'NONE',  ( -74.04376826882260332, -37.00000000000000000, -119.7677824826770205 ) ) ;
#1240 = CARTESIAN_POINT ( 'NONE',  ( 56.76873816879059831, 157.4999999999999716, -118.8969429061270091 ) ) ;
#1241 = VECTOR ( 'NONE', #7510, 1000.000000000000000 ) ;
#1242 = VERTEX_POINT ( 'NONE', #423 ) ;
#1243 = CARTESIAN_POINT ( 'NONE',  ( 66.99999709489443944, 157.4999168086633006, 8.524301962039645630 ) ) ;
#1244 = CARTESIAN_POINT ( 'NONE',  ( 92.11799061394339105, -18.13651409970695383, -72.13336222320992874 ) ) ;
#1245 = CARTESIAN_POINT ( 'NONE',  ( -79.94763480521538668, -37.00000000000001421, -95.95525004739580766 ) ) ;
#1246 = CARTESIAN_POINT ( 'NONE',  ( 78.06544309983964069, 155.3856445507027217, -67.29999999999999716 ) ) ;
#1247 = VECTOR ( 'NONE', #6492, 1000.000000000000000 ) ;
#1248 = CARTESIAN_POINT ( 'NONE',  ( -76.52784914876232847, -36.99999999999999289, -105.2589875429164152 ) ) ;
#1249 = VECTOR ( 'NONE', #8072, 1000.000000000000114 ) ;
#1250 = ADVANCED_FACE ( 'NONE', ( #7939 ), #5585, .T. ) ;
#1251 = CARTESIAN_POINT ( 'NONE',  ( -62.22435403326289105, -39.99999999999998579, -134.3051473202084480 ) ) ;
#1252 = CARTESIAN_POINT ( 'NONE',  ( 73.76385990971722606, 4.016353906930153705, -67.29999999999999716 ) ) ;
#1253 = CARTESIAN_POINT ( 'NONE',  ( -42.14514294354603408, 140.1423300313111895, 88.35446294710470738 ) ) ;
#1254 = ORIENTED_EDGE ( 'NONE', *, *, #3751, .T. ) ;
#1255 = APPROVAL_PERSON_ORGANIZATION ( #436, #8332, #9138 ) ;
#1256 = AXIS2_PLACEMENT_3D ( 'NONE', #8831, #8063, #5179 ) ;
#1257 = EDGE_LOOP ( 'NONE', ( #8196, #8056, #535, #8011 ) ) ;
#1258 = ORIENTED_EDGE ( 'NONE', *, *, #170, .F. ) ;
#1259 = EDGE_CURVE ( 'NONE', #6485, #5406, #8234, .T. ) ;
#1260 = VERTEX_POINT ( 'NONE', #1382 ) ;
#1261 = CARTESIAN_POINT ( 'NONE',  ( 69.99022576023692466, 139.3932389025054306, 29.70000000000000284 ) ) ;
#1262 = CARTESIAN_POINT ( 'NONE',  ( -73.50930965509752468, 140.3295042397855923, 56.77786546581295113 ) ) ;
#1263 = CARTESIAN_POINT ( 'NONE',  ( 71.85504175204269472, -37.00000000000000000, -92.85961089735100416 ) ) ;
#1264 = CARTESIAN_POINT ( 'NONE',  ( -92.17474539372480535, 58.33405080756781302, 217.8018475772954901 ) ) ;
#1265 = CARTESIAN_POINT ( 'NONE',  ( 94.08052215063641199, -37.00000000000001421, -105.2273721018710262 ) ) ;
#1266 = CIRCLE ( 'NONE', #9251, 0.002000000000002000178 ) ;
#1267 = ORIENTED_EDGE ( 'NONE', *, *, #2166, .F. ) ;
#1268 = DIRECTION ( 'NONE',  ( -1.110223024625155924E-16, -1.000000000000000000, -4.746751567737249532E-17 ) ) ;
#1269 = ORIENTED_EDGE ( 'NONE', *, *, #9136, .F. ) ;
#1270 = ADVANCED_FACE ( 'NONE', ( #714 ), #3635, .T. ) ;
#1271 = CARTESIAN_POINT ( 'NONE',  ( -104.5999999999999801, 56.73205080756780205, 212.4038475772949823 ) ) ;
#1272 = CARTESIAN_POINT ( 'NONE',  ( 91.74050505897153585, 3.489618860798070266, -73.65131677384857767 ) ) ;
#1273 = DIRECTION ( 'NONE',  ( -1.000000000000000000, 0.000000000000000000, -0.000000000000000000 ) ) ;
#1275 = VERTEX_POINT ( 'NONE', #2960 ) ;
#1274 = CARTESIAN_POINT ( 'NONE',  ( 82.91239562409921859, -37.00000000000001421, -124.6881249276839299 ) ) ;
#1276 = CARTESIAN_POINT ( 'NONE',  ( 116.7943999880707935, 159.1171392947464938, 134.6030191501703825 ) ) ;
#1277 = CARTESIAN_POINT ( 'NONE',  ( 85.13862981384728812, -40.00000000000002132, -125.8439007343382912 ) ) ;
#1278 = EDGE_CURVE ( 'NONE', #7148, #9275, #6691, .T. ) ;
#1279 = VERTEX_POINT ( 'NONE', #4518 ) ;
#1280 = ORIENTED_EDGE ( 'NONE', *, *, #4530, .T. ) ;
#1281 = DIRECTION ( 'NONE',  ( 0.7660444431189520342, 0.6427876096865702271, 0.000000000000000000 ) ) ;
#1282 = LINE ( 'NONE', #1133, #2555 ) ;
#1283 = DIRECTION ( 'NONE',  ( 0.000000000000000000, 6.123233995736769734E-17, -1.000000000000000000 ) ) ;
#1284 = LINE ( 'NONE', #4216, #3010 ) ;
#1285 = CARTESIAN_POINT ( 'NONE',  ( -65.49313532431567353, 152.5306408539057941, 60.05113928138580093 ) ) ;
#1286 = CARTESIAN_POINT ( 'NONE',  ( 88.28469499287872679, 88.78268774582790002, -69.29999999999999716 ) ) ;
#1287 = EDGE_CURVE ( 'NONE', #3332, #8305, #7365, .T. ) ;
#1288 = DIRECTION ( 'NONE',  ( 1.000000000000000000, 0.000000000000000000, 1.387778780781445922E-16 ) ) ;
#1289 = ORIENTED_EDGE ( 'NONE', *, *, #4825, .F. ) ;
#1290 = CARTESIAN_POINT ( 'NONE',  ( 66.99942378564911394, 157.4834987973395926, 8.495309342120499707 ) ) ;
#1291 = CARTESIAN_POINT ( 'NONE',  ( 87.24647837444317133, -37.00000000000000711, -122.7399981167332328 ) ) ;
#1292 = LINE ( 'NONE', #8659, #6099 ) ;
#1293 = CARTESIAN_POINT ( 'NONE',  ( 72.63531720525908497, 156.5198248550846643, -67.29999999999999716 ) ) ;
#1294 = CARTESIAN_POINT ( 'NONE',  ( -66.33713441077509287, -37.00000000000000000, -126.5604020594185073 ) ) ;
#1295 = CARTESIAN_POINT ( 'NONE',  ( 30.86280292375126422, 67.00425695775759038, 86.03591998892132153 ) ) ;
#1296 = LINE ( 'NONE', #1876, #7099 ) ;
#1297 = CARTESIAN_POINT ( 'NONE',  ( -104.5999999999999943, 154.9320508075676059, 95.40384757729518128 ) ) ;
#1298 = ORIENTED_EDGE ( 'NONE', *, *, #8050, .T. ) ;
#1299 = ORIENTED_EDGE ( 'NONE', *, *, #149, .T. ) ;
#1300 = VERTEX_POINT ( 'NONE', #8131 ) ;
#1301 = CARTESIAN_POINT ( 'NONE',  ( -77.50000000000000000, -37.00000000000000000, -74.00000000000000000 ) ) ;
#1302 = CARTESIAN_POINT ( 'NONE',  ( 66.89686614627463257, 154.5466328426768712, 16.44944697809163259 ) ) ;
#1303 = CARTESIAN_POINT ( 'NONE',  ( -72.90473680944521107, 140.3305451290434576, 58.38095562926152837 ) ) ;
#1304 = CARTESIAN_POINT ( 'NONE',  ( 71.60229177560970015, 156.5018536214975029, -69.29999999999999716 ) ) ;
#1305 = CARTESIAN_POINT ( 'NONE',  ( -42.43014635860407680, 155.9977815721370291, 75.87227637594031648 ) ) ;
#1306 = EDGE_LOOP ( 'NONE', ( #1710, #9118, #2239, #4412 ) ) ;
#1307 = ADVANCED_FACE ( 'NONE', ( #7456 ), #6734, .F. ) ;
#1308 = CARTESIAN_POINT ( 'NONE',  ( 61.68200588686848818, 160.0000000000000000, -115.4582692847710064 ) ) ;
#1309 = ORIENTED_EDGE ( 'NONE', *, *, #4440, .T. ) ;
#1310 = ORIENTED_EDGE ( 'NONE', *, *, #92, .F. ) ;
#1311 = CARTESIAN_POINT ( 'NONE',  ( -89.59999999999999432, 153.3300508075680000, 219.4038475772949823 ) ) ;
#1312 = CARTESIAN_POINT ( 'NONE',  ( -79.12343732045273725, -39.86344333218813318, -105.3159325574597887 ) ) ;
#1313 = DIRECTION ( 'NONE',  ( 1.913402524860850093E-16, 3.339856530526139354E-18, 1.000000000000000000 ) ) ;
#1314 = VECTOR ( 'NONE', #2147, 1000.000000000000000 ) ;
#1315 = DIRECTION ( 'NONE',  ( 0.000000000000000000, -0.000000000000000000, -1.000000000000000000 ) ) ;
#1316 = DIRECTION ( 'NONE',  ( 3.521488656232920374E-16, 2.017992310671154842E-17, 1.000000000000000000 ) ) ;
#1317 = CARTESIAN_POINT ( 'NONE',  ( 94.16107026994305329, -40.00000000000002132, -105.1288994671584334 ) ) ;
#1318 = ORIENTED_EDGE ( 'NONE', *, *, #1538, .T. ) ;
#1319 = ORIENTED_EDGE ( 'NONE', *, *, #5420, .F. ) ;
#1320 = VECTOR ( 'NONE', #1006, 1000.000000000000227 ) ;
#1321 = DIRECTION ( 'NONE',  ( -1.000000000000000000, -1.387778780780057725E-11, 0.000000000000000000 ) ) ;
#1322 = CARTESIAN_POINT ( 'NONE',  ( -77.21850058436845643, -24.00000000000000711, -74.00000000000000000 ) ) ;
#1323 = CARTESIAN_POINT ( 'NONE',  ( -78.35817942464521479, 54.05983776666710128, 52.03692613787970345 ) ) ;
#1324 = DIRECTION ( 'NONE',  ( -0.000000000000000000, -1.000000000000000000, -0.000000000000000000 ) ) ;
#1325 = CARTESIAN_POINT ( 'NONE',  ( -59.93091734160758222, 156.9599125375985409, 54.48933458212971459 ) ) ;
#1326 = CARTESIAN_POINT ( 'NONE',  ( -57.00648618753666597, -37.00000000000000711, -138.0757829537288899 ) ) ;
#1327 = AXIS2_PLACEMENT_3D ( 'NONE', #789, #7966, #2270 ) ;
#1328 = ORIENTED_EDGE ( 'NONE', *, *, #3924, .F. ) ;
#1329 = CARTESIAN_POINT ( 'NONE',  ( 66.82347222334676928, 157.4999999999999716, -109.4902161328617609 ) ) ;
#1330 = ORIENTED_EDGE ( 'NONE', *, *, #847, .F. ) ;
#1331 = EDGE_LOOP ( 'NONE', ( #7361, #2825, #9139, #3087 ) ) ;
#1332 = CARTESIAN_POINT ( 'NONE',  ( 67.00000000000000000, 332.6043478007205181, -66.00000000000000000 ) ) ;
#1333 = CARTESIAN_POINT ( 'NONE',  ( 79.13320067054617368, -37.00000000000001421, -132.5730454203255704 ) ) ;
#1334 = CARTESIAN_POINT ( 'NONE',  ( 67.11310592664639785, 156.5005835357875696, -67.29941421356240028 ) ) ;
#1335 = CIRCLE ( 'NONE', #4278, 2.001999999999990010 ) ;
#1336 = EDGE_CURVE ( 'NONE', #536, #7399, #6022, .T. ) ;
#1337 = VECTOR ( 'NONE', #6070, 1000.000000000000000 ) ;
#1338 = EDGE_CURVE ( 'NONE', #5121, #5649, #5048, .T. ) ;
#1339 = CARTESIAN_POINT ( 'NONE',  ( 88.84525757355447695, 143.4057055941509304, -67.30000000000002558 ) ) ;
#1340 = CARTESIAN_POINT ( 'NONE',  ( -104.5999999999999801, 153.3320508075674979, 212.4038475772950108 ) ) ;
#1341 = CARTESIAN_POINT ( 'NONE',  ( 92.00000000000000000, 47.51666049839860051, 196.8038475772949880 ) ) ;
#1342 = CARTESIAN_POINT ( 'NONE',  ( 90.39800000000001035, 56.73205080756780205, 184.8038475772950164 ) ) ;
#1343 = DIRECTION ( 'NONE',  ( 1.000000000000000000, -1.284234786308083958E-18, -7.357376163247689864E-17 ) ) ;
#1344 = VECTOR ( 'NONE', #2431, 999.9999999999998863 ) ;
#1345 = VECTOR ( 'NONE', #1885, 1000.000000000000000 ) ;
#1346 = ORIENTED_EDGE ( 'NONE', *, *, #5264, .T. ) ;
#1347 = EDGE_LOOP ( 'NONE', ( #1109, #5282, #3791, #3444, #6711 ) ) ;
#1348 = ORIENTED_EDGE ( 'NONE', *, *, #6171, .T. ) ;
#1349 = CARTESIAN_POINT ( 'NONE',  ( 87.54405376247910908, 147.8601429340339735, -66.33663127102539647 ) ) ;
#1350 = CARTESIAN_POINT ( 'NONE',  ( 89.44829918164718663, 134.8100056225119943, -26.00000000000000355 ) ) ;
#1351 = ADVANCED_FACE ( 'NONE', ( #4322 ), #7274, .F. ) ;
#1352 = CARTESIAN_POINT ( 'NONE',  ( -72.98090002497767159, 140.3305698985074912, 58.20266262292285120 ) ) ;
#1353 = CARTESIAN_POINT ( 'NONE',  ( 88.57540104207321008, 144.7723055666499761, -69.30000000000001137 ) ) ;
#1354 = AXIS2_PLACEMENT_3D ( 'NONE', #7161, #1283, #361 ) ;
#1355 = CARTESIAN_POINT ( 'NONE',  ( -41.96916221231801813, 156.2706559288258461, 75.41116088419143182 ) ) ;
#1356 = ORIENTED_EDGE ( 'NONE', *, *, #2976, .F. ) ;
#1357 = CARTESIAN_POINT ( 'NONE',  ( 49.63750096987528337, 160.0000000000000000, -121.8957655047414050 ) ) ;
#1358 = ORIENTED_EDGE ( 'NONE', *, *, #7291, .T. ) ;
#1359 = VECTOR ( 'NONE', #8092, 1000.000000000000114 ) ;
#1360 = EDGE_LOOP ( 'NONE', ( #7101, #1638, #5719, #3434, #6472, #1684, #816 ) ) ;
#1361 = DIRECTION ( 'NONE',  ( 0.9999999340962500982, -0.000000000000000000, 0.0003630530201410025353 ) ) ;
#1362 = CARTESIAN_POINT ( 'NONE',  ( -51.24912876681668905, -39.74766850502264504, -141.2594928937485861 ) ) ;
#1363 = DIRECTION ( 'NONE',  ( 0.000000000000000000, 0.000000000000000000, -1.000000000000000000 ) ) ;
#1364 = CARTESIAN_POINT ( 'NONE',  ( 92.05904375741648948, -37.00000000000001421, -102.0926228137111877 ) ) ;
#1365 = DIRECTION ( 'NONE',  ( -1.000000000000000000, -0.000000000000000000, -0.000000000000000000 ) ) ;
#1366 = CARTESIAN_POINT ( 'NONE',  ( -63.87049320390372742, 157.4138591128407256, 58.42849584499820992 ) ) ;
#1367 = VERTEX_POINT ( 'NONE', #6877 ) ;
#1368 = EDGE_LOOP ( 'NONE', ( #3806, #6839, #8776, #6495, #308, #4241, #8480, #4176 ) ) ;
#1369 = VECTOR ( 'NONE', #8754, 1000.000000000000000 ) ;
#1370 = CARTESIAN_POINT ( 'NONE',  ( 71.60229177560970015, 156.5018536214975029, -67.29999999999999716 ) ) ;
#1371 = PLANE ( 'NONE',  #2700 ) ;
#1372 = CARTESIAN_POINT ( 'NONE',  ( 26.91825530189291982, 62.00065823740376203, 87.10694798836908603 ) ) ;
#1373 = FACE_OUTER_BOUND ( 'NONE', #5126, .T. ) ;
#1374 = ORIENTED_EDGE ( 'NONE', *, *, #8987, .T. ) ;
#1375 = CARTESIAN_POINT ( 'NONE',  ( -65.46660705824278637, 152.5671777661127919, 60.02461347357475319 ) ) ;
#1376 = LINE ( 'NONE', #1472, #8327 ) ;
#1377 = AXIS2_PLACEMENT_3D ( 'NONE', #233, #8097, #5304 ) ;
#1378 = ORIENTED_EDGE ( 'NONE', *, *, #8934, .F. ) ;
#1379 = CARTESIAN_POINT ( 'NONE',  ( -4.768706341644576518, 160.0000000000000284, 70.85504175204262367 ) ) ;
#1380 = ADVANCED_FACE ( 'NONE', ( #7500 ), #6147, .F. ) ;
#1381 = ORIENTED_EDGE ( 'NONE', *, *, #4998, .T. ) ;
#1382 = CARTESIAN_POINT ( 'NONE',  ( 87.48103829603715553, 134.9387464491812807, -91.00000000000001421 ) ) ;
#1383 = LINE ( 'NONE', #4373, #1369 ) ;
#1384 = DIRECTION ( 'NONE',  ( 0.01745240643728350471, -0.9998476951563912696, -1.032755642038752228E-16 ) ) ;
#1385 = CC_DESIGN_PERSON_AND_ORGANIZATION_ASSIGNMENT ( #4042, #5447, ( #319 ) ) ;
#1386 = CARTESIAN_POINT ( 'NONE',  ( 88.93918745807469861, 143.0304879812913441, -67.29999999999999716 ) ) ;
#1387 = CARTESIAN_POINT ( 'NONE',  ( -77.18290523367156197, -36.99999999999999289, -101.7412691673052052 ) ) ;
#1388 = DIRECTION ( 'NONE',  ( -0.4999999999999998890, 0.000000000000000000, 0.8660254037844387076 ) ) ;
#1389 = DIRECTION ( 'NONE',  ( -1.000000000000000000, 1.110223024625155801E-16, -0.000000000000000000 ) ) ;
#1390 = CARTESIAN_POINT ( 'NONE',  ( -80.00000000000001421, -40.00000000000000000, -73.00000000000000000 ) ) ;
#1391 = EDGE_CURVE ( 'NONE', #4645, #3754, #8701, .T. ) ;
#1392 = ORIENTED_EDGE ( 'NONE', *, *, #1231, .T. ) ;
#1393 = VERTEX_POINT ( 'NONE', #3880 ) ;
#1394 = ORIENTED_EDGE ( 'NONE', *, *, #5810, .F. ) ;
#1395 = AXIS2_PLACEMENT_3D ( 'NONE', #7409, #759, #1474 ) ;
#1396 = CARTESIAN_POINT ( 'NONE',  ( 84.13425198138573080, 152.4688148496987594, -66.17569285565311077 ) ) ;
#1397 = CARTESIAN_POINT ( 'NONE',  ( 66.72977486206299602, 149.7617645066243028, 22.66513346359384329 ) ) ;
#1398 = AXIS2_PLACEMENT_3D ( 'NONE', #4674, #7619, #1018 ) ;
#1399 = CARTESIAN_POINT ( 'NONE',  ( -73.96144505468275554, 140.3252347492681906, 55.08991698283531235 ) ) ;
#1400 = DIRECTION ( 'NONE',  ( 0.000000000000000000, -1.000000000000000000, -3.768217412517130209E-16 ) ) ;
#1401 = DIRECTION ( 'NONE',  ( 1.000000000000000000, 0.000000000000000000, -1.541976423090495042E-15 ) ) ;
#1402 = ORIENTED_EDGE ( 'NONE', *, *, #2226, .F. ) ;
#1403 = VECTOR ( 'NONE', #4525, 1000.000000000000000 ) ;
#1404 = ADVANCED_FACE ( 'NONE', ( #9216 ), #2708, .F. ) ;
#1405 = EDGE_CURVE ( 'NONE', #1753, #6712, #4065, .T. ) ;
#1406 = PLANE ( 'NONE',  #1555 ) ;
#1407 = ADVANCED_FACE ( 'NONE', ( #9306 ), #7742, .T. ) ;
#1408 = ORIENTED_EDGE ( 'NONE', *, *, #2896, .T. ) ;
#1409 = ORIENTED_EDGE ( 'NONE', *, *, #2915, .T. ) ;
#1410 = DIRECTION ( 'NONE',  ( 0.000000000000000000, 1.000000000000000000, 0.000000000000000000 ) ) ;
#1411 = CYLINDRICAL_SURFACE ( 'NONE', #248, 0.002000000000002000178 ) ;
#1412 = VECTOR ( 'NONE', #8229, 1000.000000000000000 ) ;
#1413 = DIRECTION ( 'NONE',  ( 1.000000000000000000, -5.551115123125779621E-17, -1.922270984668059849E-16 ) ) ;
#1414 = LINE ( 'NONE', #3758, #4110 ) ;
#1415 = DIRECTION ( 'NONE',  ( -5.647072517543570993E-33, 1.000000000000000000, 4.083550012934418183E-49 ) ) ;
#1416 = DIRECTION ( 'NONE',  ( 0.9998476951563911586, 0.01745240643728300511, 0.000000000000000000 ) ) ;
#1417 = CARTESIAN_POINT ( 'NONE',  ( -103.7989999999999498, 58.33405080756782013, 212.9381019126405192 ) ) ;
#1418 = ORIENTED_EDGE ( 'NONE', *, *, #5176, .F. ) ;
#1419 = VERTEX_POINT ( 'NONE', #8012 ) ;
#1420 = CARTESIAN_POINT ( 'NONE',  ( 89.89927205953139833, 154.9340508075680418, 134.6030191501703825 ) ) ;
#1421 = DIRECTION ( 'NONE',  ( 0.000000000000000000, 0.000000000000000000, 1.000000000000000000 ) ) ;
#1422 = CARTESIAN_POINT ( 'NONE',  ( 20.87315321425846193, 62.00000037087715299, 89.38844273373732108 ) ) ;
#1423 = LINE ( 'NONE', #4458, #3946 ) ;
#1424 = B_SPLINE_CURVE_WITH_KNOTS ( 'NONE', 3,
 ( #2822, #1968, #5784, #1150, #4186, #7809, #8564, #3545, #7036, #4083 ),
 .UNSPECIFIED., .F., .F.,
 ( 4, 2, 2, 2, 4 ),
 ( 0.000000000000000000, 0.2500000000000000000, 0.5000000000000000000, 0.7500000000000000000, 1.000000000000000000 ),
 .UNSPECIFIED. ) ;
#1425 = ORIENTED_EDGE ( 'NONE', *, *, #1983, .T. ) ;
#1426 = ORIENTED_EDGE ( 'NONE', *, *, #297, .F. ) ;
#1427 = CARTESIAN_POINT ( 'NONE',  ( -61.35938437389020805, 156.2994445335480975, 55.91738700589354494 ) ) ;
#1428 = CARTESIAN_POINT ( 'NONE',  ( 67.12746537215200249, 156.4237452360826808, -69.29999999999999716 ) ) ;
#1429 = ORIENTED_EDGE ( 'NONE', *, *, #3030, .T. ) ;
#1430 = DIRECTION ( 'NONE',  ( 0.9998476292827489509, 0.01745240528746901804, 0.0003629977254149859955 ) ) ;
#1431 = ORIENTED_EDGE ( 'NONE', *, *, #9055, .F. ) ;
#1432 = VERTEX_POINT ( 'NONE', #5856 ) ;
#1433 = CARTESIAN_POINT ( 'NONE',  ( 91.13527250823335635, -39.76288739688925489, -115.2692392719335430 ) ) ;
#1434 = CARTESIAN_POINT ( 'NONE',  ( 93.31143194852640477, -37.00000000000002132, -109.0562195966859775 ) ) ;
#1435 = DIRECTION ( 'NONE',  ( 0.7071067811865474617, 0.000000000000000000, 0.7071067811865474617 ) ) ;
#1436 = CARTESIAN_POINT ( 'NONE',  ( 67.00000000000001421, 159.9999999999999716, -0.9136645896020700874 ) ) ;
#1437 = CARTESIAN_POINT ( 'NONE',  ( 88.28669468826902289, 88.78272265063949931, -72.30200000000000671 ) ) ;
#1438 = CARTESIAN_POINT ( 'NONE',  ( -46.18974811493313837, 157.5000000000000284, -115.8380539148740240 ) ) ;
#1439 = CARTESIAN_POINT ( 'NONE',  ( 67.89089154754167055, 160.0000000000000284, -107.8925555565206054 ) ) ;
#1440 = CARTESIAN_POINT ( 'NONE',  ( -104.5999999999999375, 58.33205080756781058, 212.4038475772949823 ) ) ;
#1441 = VERTEX_POINT ( 'NONE', #1854 ) ;
#1442 = ORIENTED_EDGE ( 'NONE', *, *, #4693, .T. ) ;
#1443 = CARTESIAN_POINT ( 'NONE',  ( 79.36550057507410827, 155.8469522351744843, -66.05841243015423458 ) ) ;
#1444 = CARTESIAN_POINT ( 'NONE',  ( 91.97007995202942254, -9.667987932747012181, -74.00000000000002842 ) ) ;
#1445 = CARTESIAN_POINT ( 'NONE',  ( -74.02135015280489938, 140.3241179040683448, 54.79872447555196402 ) ) ;
#1446 = CARTESIAN_POINT ( 'NONE',  ( -56.69194309468729642, 157.4992399500096667, 61.53910136141367104 ) ) ;
#1447 = CARTESIAN_POINT ( 'NONE',  ( -44.57774440086131307, 154.2690614464513601, 78.01985062618000200 ) ) ;
#1448 = ADVANCED_FACE ( 'NONE', ( #5800 ), #5617, .F. ) ;
#1449 = ORIENTED_EDGE ( 'NONE', *, *, #2417, .T. ) ;
#1450 = CARTESIAN_POINT ( 'NONE',  ( 64.01291343501746667, 140.4683554534718155, -137.7927208072874805 ) ) ;
#1451 = ORIENTED_EDGE ( 'NONE', *, *, #827, .T. ) ;
#1452 = ORIENTED_EDGE ( 'NONE', *, *, #457, .T. ) ;
#1453 = CARTESIAN_POINT ( 'NONE',  ( 94.66284902611587881, -20.68463364240707136, -72.93658812097564237 ) ) ;
#1454 = FACE_OUTER_BOUND ( 'NONE', #5234, .T. ) ;
#1455 = CARTESIAN_POINT ( 'NONE',  ( -69.64613369041212820, -39.69905006938265757, -126.5041657216264781 ) ) ;
#1456 = EDGE_CURVE ( 'NONE', #8076, #4291, #8777, .T. ) ;
#1457 = DIRECTION ( 'NONE',  ( 0.000000000000000000, -1.000000000000000000, -1.583748323458199862E-16 ) ) ;
#1458 = CARTESIAN_POINT ( 'NONE',  ( 92.22635064038830421, -22.32263868756755087, -74.00000000000001421 ) ) ;
#1459 = DIRECTION ( 'NONE',  ( -0.02607463783499785678, 0.000000000000000000, -0.9996599988304891715 ) ) ;
#1460 = CARTESIAN_POINT ( 'NONE',  ( 73.25222779541259399, 120.0134462860602014, -67.29800000000000182 ) ) ;
#1461 = ORIENTED_EDGE ( 'NONE', *, *, #7640, .F. ) ;
#1462 = EDGE_CURVE ( 'NONE', #8916, #28, #9350, .T. ) ;
#1463 = CARTESIAN_POINT ( 'NONE',  ( -102.9980000000000047, 153.3300508075680000, 211.5507292157780057 ) ) ;
#1464 = FACE_OUTER_BOUND ( 'NONE', #1347, .T. ) ;
#1465 = LINE ( 'NONE', #752, #8577 ) ;
#1466 = EDGE_CURVE ( 'NONE', #28, #4381, #2126, .T. ) ;
#1467 = CIRCLE ( 'NONE', #2081, 0.002000000000002000178 ) ;
#1468 = CARTESIAN_POINT ( 'NONE',  ( -29.99238359780465046, -37.00000000000000000, -95.99238359780468954 ) ) ;
#1469 = ORIENTED_EDGE ( 'NONE', *, *, #7166, .T. ) ;
#1470 = VERTEX_POINT ( 'NONE', #7838 ) ;
#1471 = FACE_BOUND ( 'NONE', #4854, .T. ) ;
#1472 = CARTESIAN_POINT ( 'NONE',  ( 13.00000000000000178, -40.00000000000000000, -142.0000000000000284 ) ) ;
#1473 = ORIENTED_EDGE ( 'NONE', *, *, #1201, .T. ) ;
#1474 = DIRECTION ( 'NONE',  ( 0.000000000000000000, 0.000000000000000000, 1.000000000000000000 ) ) ;
#1475 = VECTOR ( 'NONE', #5051, 1000.000000000000000 ) ;
#1476 = VERTEX_POINT ( 'NONE', #1230 ) ;
#1477 = CARTESIAN_POINT ( 'NONE',  ( 92.35488998373070046, -39.78985098628662342, -112.1240931868969568 ) ) ;
#1478 = CARTESIAN_POINT ( 'NONE',  ( 51.09794098194446121, -37.00000000000001421, -145.7199773359211861 ) ) ;
#1479 = CARTESIAN_POINT ( 'NONE',  ( 65.38941670683320240, 156.2106329650059990, -68.30624519870254119 ) ) ;
#1480 = CARTESIAN_POINT ( 'NONE',  ( 2.399999999999930189, -0.2631397208144555244, 95.40384757729519549 ) ) ;
#1481 = VERTEX_POINT ( 'NONE', #5127 ) ;
#1482 = DIRECTION ( 'NONE',  ( -1.000000000000000000, 1.722526201536344676E-16, 3.521488656232920374E-16 ) ) ;
#1483 = VECTOR ( 'NONE', #9362, 1000.000000000000000 ) ;
#1484 = CARTESIAN_POINT ( 'NONE',  ( -52.00133892071195163, 157.4999999999999716, -109.2200454831183976 ) ) ;
#1485 = CARTESIAN_POINT ( 'NONE',  ( 56.89255555652750473, 160.0000000000000000, -118.8908915475416563 ) ) ;
#1486 = LINE ( 'NONE', #7423, #1412 ) ;
#1487 = B_SPLINE_CURVE_WITH_KNOTS ( 'NONE', 3,
 ( #7489, #981, #5275, #2412, #6055, #7539, #1743, #5422, #8973, #3231, #2367, #5319, #8346, #8253, #8214, #2509, #3914, #1653, #6200, #1793, #4597, #5369 ),
 .UNSPECIFIED., .F., .F.,
 ( 4, 1, 1, 1, 1, 2, 2, 2, 1, 1, 1, 1, 2, 2, 4 ),
 ( 0.000000000000000000, 0.1250000000000096589, 0.1875000000000139611, 0.2187500000000159039, 0.2343750000000180134, 0.2421875000000179023, 0.2500000000000177636, 0.5000000000000208722, 0.6250000000000225375, 0.6875000000000234257, 0.7187500000000237588, 0.7343750000000220934, 0.7421875000000215383, 0.7500000000000208722, 1.000000000000000000 ),
 .UNSPECIFIED. ) ;
#1488 = VERTEX_POINT ( 'NONE', #7296 ) ;
#1489 = ORIENTED_EDGE ( 'NONE', *, *, #7314, .T. ) ;
#1490 = CARTESIAN_POINT ( 'NONE',  ( 88.04160659125999189, 146.6517011026039086, -66.37883096531204785 ) ) ;
#1491 = CARTESIAN_POINT ( 'NONE',  ( -103.0000000000000142, 153.3300508075680000, 212.4756443470194824 ) ) ;
#1492 = CARTESIAN_POINT ( 'NONE',  ( -74.23780840483371435, 140.3179884480931889, 53.41138685998355840 ) ) ;
#1493 = CARTESIAN_POINT ( 'NONE',  ( 89.17128518376087243, 142.6167561587011221, -69.29999999999999716 ) ) ;
#1494 = CARTESIAN_POINT ( 'NONE',  ( -44.28321114621228816, 154.5554865851671309, 77.72522470984195309 ) ) ;
#1495 = AXIS2_PLACEMENT_3D ( 'NONE', #954, #6835, #7507 ) ;
#1496 = VECTOR ( 'NONE', #1737, 1000.000000000000114 ) ;
#1497 = ADVANCED_FACE ( 'NONE', ( #2618 ), #5573, .T. ) ;
#1498 = ORIENTED_EDGE ( 'NONE', *, *, #5235, .F. ) ;
#1499 = DIRECTION ( 'NONE',  ( 1.000000000000000000, 0.000000000000000000, 0.000000000000000000 ) ) ;
#1500 = CARTESIAN_POINT ( 'NONE',  ( 89.84600669302216147, 159.9999999999727436, -105.7123848247305773 ) ) ;
#1501 = EDGE_CURVE ( 'NONE', #9181, #7692, #1178, .T. ) ;
#1502 = EDGE_LOOP ( 'NONE', ( #922, #8675, #7572, #3580 ) ) ;
#1503 = VERTEX_POINT ( 'NONE', #3333 ) ;
#1504 = LINE ( 'NONE', #2221, #3605 ) ;
#1505 = LINE ( 'NONE', #2176, #4248 ) ;
#1506 = CARTESIAN_POINT ( 'NONE',  ( -76.23061107165632677, -39.76472398294419719, -115.0396667019467003 ) ) ;
#1507 = EDGE_CURVE ( 'NONE', #5962, #4189, #2580, .T. ) ;
#1508 = CC_DESIGN_PERSON_AND_ORGANIZATION_ASSIGNMENT ( #378, #7088, ( #1093 ) ) ;
#1509 = LINE ( 'NONE', #692, #1192 ) ;
#1510 = CARTESIAN_POINT ( 'NONE',  ( -104.6000000000000085, 153.3300508075680000, 97.00584757729509988 ) ) ;
#1511 = CARTESIAN_POINT ( 'NONE',  ( -89.59999999999999432, 154.9320508075680038, 217.8018475772949785 ) ) ;
#1512 = CARTESIAN_POINT ( 'NONE',  ( -66.11454596484161073, 155.1723027525494842, 60.67254860593607191 ) ) ;
#1513 = ORIENTED_EDGE ( 'NONE', *, *, #932, .T. ) ;
#1514 = EDGE_CURVE ( 'NONE', #3191, #4661, #1467, .T. ) ;
#1515 = CARTESIAN_POINT ( 'NONE',  ( -89.59999999999999432, 154.9320508075680038, 152.6030191501704962 ) ) ;
#1516 = DIRECTION ( 'NONE',  ( -0.9623254593469978690, -0.2719001844291203396, 0.000000000000000000 ) ) ;
#1517 = CARTESIAN_POINT ( 'NONE',  ( 26.99999999999999645, -40.00000000000000711, -76.00199999999999534 ) ) ;
#1518 = CARTESIAN_POINT ( 'NONE',  ( 89.63049492009069752, 149.1967704552462806, -66.29016529475332220 ) ) ;
#1519 = ORIENTED_EDGE ( 'NONE', *, *, #6550, .F. ) ;
#1520 = ORIENTED_EDGE ( 'NONE', *, *, #4282, .F. ) ;
#1521 = DIRECTION ( 'NONE',  ( -1.110223024625155801E-16, -1.000000000000000000, -4.855507225124589012E-17 ) ) ;
#1522 = PLANE ( 'NONE',  #1864 ) ;
#1523 = LINE ( 'NONE', #4465, #8190 ) ;
#1524 = CIRCLE ( 'NONE', #6914, 0.002000000000002000178 ) ;
#1525 = EDGE_CURVE ( 'NONE', #3262, #5943, #4115, .T. ) ;
#1526 = ORIENTED_EDGE ( 'NONE', *, *, #3015, .T. ) ;
#1527 = PERSON ( 'UNSPECIFIED', 'UNSPECIFIED', 'UNSPECIFIED', ('UNSPECIFIED'), ('UNSPECIFIED'), ('UNSPECIFIED') ) ;
#1528 = CARTESIAN_POINT ( 'NONE',  ( -80.00000000000000000, -37.00000000000000000, -73.00000000000000000 ) ) ;
#1529 = DIRECTION ( 'NONE',  ( -0.01745240643728311267, 0.9998476951563913806, -2.775557561562891667E-14 ) ) ;
#1530 = DIRECTION ( 'NONE',  ( 0.000000000000000000, 1.000000000000000000, 6.123233995736769734E-17 ) ) ;
#1531 = LINE ( 'NONE', #1436, #2559 ) ;
#1532 = AXIS2_PLACEMENT_3D ( 'NONE', #1528, #3777, #4469 ) ;
#1533 = DIRECTION ( 'NONE',  ( 0.01745240643728350124, -0.9998476951563911586, -0.000000000000000000 ) ) ;
#1534 = CARTESIAN_POINT ( 'NONE',  ( -33.15260216992086129, 157.4999999999999716, -122.1894755721808394 ) ) ;
#1535 = LINE ( 'NONE', #6697, #3698 ) ;
#1536 = CARTESIAN_POINT ( 'NONE',  ( 91.77819544102455041, 1.330338319135318637, -71.45356475716168632 ) ) ;
#1537 = ORIENTED_EDGE ( 'NONE', *, *, #8401, .T. ) ;
#1538 = EDGE_CURVE ( 'NONE', #4997, #2113, #3382, .T. ) ;
#1539 = DIRECTION ( 'NONE',  ( 0.01463879097863352366, -0.8386557734865015545, -0.5444650580123958639 ) ) ;
#1540 = DIRECTION ( 'NONE',  ( -0.000000000000000000, -1.000000000000000000, -0.000000000000000000 ) ) ;
#1541 = CARTESIAN_POINT ( 'NONE',  ( -80.00000000000000000, 140.3490481287456078, 90.85199565517045528 ) ) ;
#1542 = CARTESIAN_POINT ( 'NONE',  ( -74.05224385656718766, 157.5000000000000284, -92.85961089735103258 ) ) ;
#1543 = CARTESIAN_POINT ( 'NONE',  ( -39.69124749271797015, 157.2008791219076613, 73.13324675141574005 ) ) ;
#1544 = ORIENTED_EDGE ( 'NONE', *, *, #1693, .F. ) ;
#1545 = DIRECTION ( 'NONE',  ( -0.000000000000000000, -0.000000000000000000, -1.000000000000000000 ) ) ;
#1546 = VECTOR ( 'NONE', #258, 1000.000000000000000 ) ;
#1547 = ORIENTED_EDGE ( 'NONE', *, *, #4344, .F. ) ;
#1548 = ORIENTED_EDGE ( 'NONE', *, *, #8100, .F. ) ;
#1549 = CARTESIAN_POINT ( 'NONE',  ( 64.83062389320413388, 143.6315009352969980, 25.46571775250655634 ) ) ;
#1550 = EDGE_CURVE ( 'NONE', #8555, #8794, #8964, .T. ) ;
#1551 = CARTESIAN_POINT ( 'NONE',  ( 6.553737874344741421, 143.4251331466195438, 83.80451410796911205 ) ) ;
#1552 = CARTESIAN_POINT ( 'NONE',  ( -42.82115702217589615, 151.8890315566566755, 90.75900485366602766 ) ) ;
#1553 = DIRECTION ( 'NONE',  ( 7.231268945543359605E-17, 0.000000000000000000, 1.000000000000000000 ) ) ;
#1554 = LINE ( 'NONE', #9500, #1799 ) ;
#1555 = AXIS2_PLACEMENT_3D ( 'NONE', #2217, #7914, #5853 ) ;
#1556 = VERTEX_POINT ( 'NONE', #4445 ) ;
#1557 = AXIS2_PLACEMENT_3D ( 'NONE', #3726, #1521, #4461 ) ;
#1558 = LINE ( 'NONE', #8969, #6505 ) ;
#1559 = CARTESIAN_POINT ( 'NONE',  ( -92.17074539372529784, 58.33405080756782013, 217.8018475772949785 ) ) ;
#1560 = EDGE_CURVE ( 'NONE', #460, #4976, #148, .T. ) ;
#1561 = ORIENTED_EDGE ( 'NONE', *, *, #5416, .T. ) ;
#1562 = EDGE_LOOP ( 'NONE', ( #7953, #7140, #7108, #4045 ) ) ;
#1563 = VECTOR ( 'NONE', #8785, 1000.000000000000000 ) ;
#1564 = CARTESIAN_POINT ( 'NONE',  ( 67.12262752065979043, 156.4493493614985198, -67.29994794530142599 ) ) ;
#1565 = PLANE ( 'NONE',  #2248 ) ;
#1566 = CARTESIAN_POINT ( 'NONE',  ( 66.64027078635115231, 140.4201118782393962, -133.4050141694849003 ) ) ;
#1567 = DIRECTION ( 'NONE',  ( 7.165827653609149284E-17, 0.000000000000000000, 1.000000000000000000 ) ) ;
#1568 = ORIENTED_EDGE ( 'NONE', *, *, #432, .F. ) ;
#1569 = CARTESIAN_POINT ( 'NONE',  ( -68.97660849529205507, 143.5199025044179564, 63.53461093516350644 ) ) ;
#1570 = CARTESIAN_POINT ( 'NONE',  ( -78.88792602247549723, -37.00000000000000000, -106.4941041792101544 ) ) ;
#1571 = VECTOR ( 'NONE', #1288, 1000.000000000000000 ) ;
#1572 = CARTESIAN_POINT ( 'NONE',  ( -77.21593728849863680, -24.00000000000000355, -75.99898943526908113 ) ) ;
#1573 = VERTEX_POINT ( 'NONE', #6713 ) ;
#1574 = EDGE_LOOP ( 'NONE', ( #5679, #9396, #3215, #5400 ) ) ;
#1575 = CARTESIAN_POINT ( 'NONE',  ( 94.99999999999998579, -40.00000000000001421, -96.00761524218060572 ) ) ;
#1576 = PLANE ( 'NONE',  #8598 ) ;
#1577 = LINE ( 'NONE', #1617, #7945 ) ;
#1578 = CARTESIAN_POINT ( 'NONE',  ( -102.9980000000000047, 58.33205080756781058, 95.40384757729518128 ) ) ;
#1579 = DIRECTION ( 'NONE',  ( 1.000000000000000000, 0.000000000000000000, -0.000000000000000000 ) ) ;
#1580 = ADVANCED_FACE ( 'NONE', ( #7526 ), #6623, .F. ) ;
#1581 = CARTESIAN_POINT ( 'NONE',  ( 19.49097556849337920, 62.00011044487913381, 92.11677651574838421 ) ) ;
#1582 = CARTESIAN_POINT ( 'NONE',  ( 92.89999999999999147, 153.3320508075680095, 199.8038475772949880 ) ) ;
#1583 = EDGE_CURVE ( 'NONE', #7327, #3129, #7181, .T. ) ;
#1584 = LINE ( 'NONE', #8140, #4182 ) ;
#1585 = ORIENTED_EDGE ( 'NONE', *, *, #8748, .F. ) ;
#1586 = DIRECTION ( 'NONE',  ( 7.231268945543358372E-17, -9.714451465470120961E-17, 1.000000000000000000 ) ) ;
#1587 = DIRECTION ( 'NONE',  ( 1.000000000000000000, 0.000000000000000000, -1.541976423090495042E-15 ) ) ;
#1588 = CARTESIAN_POINT ( 'NONE',  ( -74.35446294710473580, 140.1423300313112748, 51.49540465618105856 ) ) ;
#1589 = B_SPLINE_CURVE_WITH_KNOTS ( 'NONE', 3,
 ( #2664, #7020, #515, #8648, #5620, #3426, #2048, #2710, #2000, #7930 ),
 .UNSPECIFIED., .F., .F.,
 ( 4, 2, 2, 2, 4 ),
 ( 0.000000000000000000, 0.2500000000000000000, 0.5000000000000000000, 0.7500000000000000000, 1.000000000000000000 ),
 .UNSPECIFIED. ) ;
#1590 = CARTESIAN_POINT ( 'NONE',  ( -37.41304439313702801, 157.5000000000000284, 70.85504175204262367 ) ) ;
#1591 = CARTESIAN_POINT ( 'NONE',  ( 89.48218452922293409, 20.29315553242789605, -72.30200000000000671 ) ) ;
#1592 = CARTESIAN_POINT ( 'NONE',  ( 0.000000000000000000, 0.000000000000000000, 0.000000000000000000 ) ) ;
#1593 = VERTEX_POINT ( 'NONE', #7573 ) ;
#1594 = ORIENTED_EDGE ( 'NONE', *, *, #964, .T. ) ;
#1595 = CARTESIAN_POINT ( 'NONE',  ( -77.21593728849863680, -24.00000000000001776, -75.99898943526906692 ) ) ;
#1596 = CARTESIAN_POINT ( 'NONE',  ( -55.89576550474133398, 160.0000000000000000, -100.6375009698617191 ) ) ;
#1597 = CARTESIAN_POINT ( 'NONE',  ( 71.27796513499576747, 119.6813454765402156, -67.56006118718693187 ) ) ;
#1598 = FACE_OUTER_BOUND ( 'NONE', #8917, .T. ) ;
#1599 = CARTESIAN_POINT ( 'NONE',  ( -73.57928811062149066, 140.4503573000826862, -110.6474842071859399 ) ) ;
#1600 = PLANE ( 'NONE',  #2454 ) ;
#1601 = CARTESIAN_POINT ( 'NONE',  ( 66.00000000000000000, 157.5000000000000000, 0.08633541039803499517 ) ) ;
#1602 = ORIENTED_EDGE ( 'NONE', *, *, #2085, .F. ) ;
#1603 = EDGE_CURVE ( 'NONE', #4468, #6032, #8919, .T. ) ;
#1604 = DIRECTION ( 'NONE',  ( -1.000000000000000000, 0.000000000000000000, 3.469446951953613696E-16 ) ) ;
#1605 = CARTESIAN_POINT ( 'NONE',  ( 13.00000000000000178, -55.00000000000000000, -76.00000000000000000 ) ) ;
#1606 = CARTESIAN_POINT ( 'NONE',  ( 87.83708193818479515, 140.3727715178029030, -104.8455814295414257 ) ) ;
#1607 = CARTESIAN_POINT ( 'NONE',  ( 71.79649834968947175, 116.7264221947488068, -67.29999999999999716 ) ) ;
#1608 = CARTESIAN_POINT ( 'NONE',  ( 357.3840944635300048, -25.00000000000000000, -75.73817402607673444 ) ) ;
#1609 = CARTESIAN_POINT ( 'NONE',  ( -79.12172696593363241, -37.00000000000000711, -105.0060630133940407 ) ) ;
#1610 = VERTEX_POINT ( 'NONE', #3755 ) ;
#1611 = DIRECTION ( 'NONE',  ( 0.1658845202397592200, -0.9861451850233944327, 0.000000000000000000 ) ) ;
#1612 = VERTEX_POINT ( 'NONE', #1595 ) ;
#1613 = VERTEX_POINT ( 'NONE', #5309 ) ;
#1614 = CARTESIAN_POINT ( 'NONE',  ( 70.32318189294437616, 157.5000000000000284, -102.5252698231934261 ) ) ;
#1615 = ADVANCED_FACE ( 'NONE', ( #7478 ), #7438, .F. ) ;
#1616 = DIRECTION ( 'NONE',  ( 3.086098517357006503E-16, -5.386804999534300482E-18, 1.000000000000000000 ) ) ;
#1617 = CARTESIAN_POINT ( 'NONE',  ( 89.48357938246681442, 134.8106214407078198, -72.30200000000000671 ) ) ;
#1618 = DIRECTION ( 'NONE',  ( -1.000000000000000000, -5.647072517543570993E-33, 7.231268945543359605E-17 ) ) ;
#1619 = EDGE_CURVE ( 'NONE', #8066, #2113, #4552, .T. ) ;
#1620 = CARTESIAN_POINT ( 'NONE',  ( 67.00000000000000000, 158.5000000000000000, 99.00000000000000000 ) ) ;
#1621 = CARTESIAN_POINT ( 'NONE',  ( -26.85961089735092244, 157.5000000000000284, -122.8550417520426805 ) ) ;
#1622 = CARTESIAN_POINT ( 'NONE',  ( 65.71848603151738644, 156.2659873974766356, -68.71362777593549254 ) ) ;
#1623 = AXIS2_PLACEMENT_3D ( 'NONE', #8404, #2426, #1807 ) ;
#1624 = CARTESIAN_POINT ( 'NONE',  ( 89.35082833984611739, 140.3861088682729985, -69.29999999999999716 ) ) ;
#1625 = VERTEX_POINT ( 'NONE', #6808 ) ;
#1626 = EDGE_CURVE ( 'NONE', #3191, #2901, #7, .T. ) ;
#1627 = CARTESIAN_POINT ( 'NONE',  ( 92.16246820600609624, -20.68463364240705005, -72.93658812097559974 ) ) ;
#1628 = CYLINDRICAL_SURFACE ( 'NONE', #2998, 16.98292805394314797 ) ;
#1629 = VECTOR ( 'NONE', #1587, 1000.000000000000000 ) ;
#1630 = DIRECTION ( 'NONE',  ( -3.511746451959966784E-19, -0.5445234052425247384, 0.8387456474659557015 ) ) ;
#1631 = CARTESIAN_POINT ( 'NONE',  ( -40.48178227506499383, 156.9558781477898322, 73.92411763742666153 ) ) ;
#1632 = ORIENTED_EDGE ( 'NONE', *, *, #4752, .T. ) ;
#1633 = VECTOR ( 'NONE', #2759, 1000.000000000000114 ) ;
#1634 = CARTESIAN_POINT ( 'NONE',  ( -4.768706341644588953, 159.9991313714381533, 70.66864328649369043 ) ) ;
#1635 = MECHANICAL_CONTEXT ( 'NONE', #106, 'mechanical' ) ;
#1636 = ORIENTED_EDGE ( 'NONE', *, *, #7424, .F. ) ;
#1637 = EDGE_CURVE ( 'NONE', #859, #7624, #836, .T. ) ;
#1638 = ORIENTED_EDGE ( 'NONE', *, *, #2252, .F. ) ;
#1639 = VERTEX_POINT ( 'NONE', #8826 ) ;
#1640 = DIRECTION ( 'NONE',  ( 0.000000000000000000, 0.000000000000000000, -1.000000000000000000 ) ) ;
#1641 = CARTESIAN_POINT ( 'NONE',  ( -26.85961089735085494, 140.3490481287458067, -142.8519956551705548 ) ) ;
#1642 = AXIS2_PLACEMENT_3D ( 'NONE', #6215, #9035, #8313 ) ;
#1643 = CARTESIAN_POINT ( 'NONE',  ( -43.77636902687748943, -39.81337843435154866, -144.0697530367054355 ) ) ;
#1644 = AXIS2_PLACEMENT_3D ( 'NONE', #1468, #7405, #5277 ) ;
#1645 = CARTESIAN_POINT ( 'NONE',  ( -29.98629836118289660, -39.65137702742600112, -95.98629836118290370 ) ) ;
#1646 = CARTESIAN_POINT ( 'NONE',  ( -73.34893425050277926, 140.4528793198240635, -111.2393216245343979 ) ) ;
#1647 = CARTESIAN_POINT ( 'NONE',  ( -4.768706341644588065, 150.4029026120746266, 88.27100946596310393 ) ) ;
#1648 = CARTESIAN_POINT ( 'NONE',  ( 27.00000000000000000, -40.00200000000000244, -74.00000000000001421 ) ) ;
#1649 = VECTOR ( 'NONE', #4449, 1000.000000000000114 ) ;
#1650 = ORIENTED_EDGE ( 'NONE', *, *, #2348, .F. ) ;
#1651 = AXIS2_PLACEMENT_3D ( 'NONE', #7968, #9207, #9298 ) ;
#1652 = CARTESIAN_POINT ( 'NONE',  ( -72.16953428325255970, 59.04818746763696424, 62.69385504449716251 ) ) ;
#1653 = CARTESIAN_POINT ( 'NONE',  ( 66.67697424508563131, 148.2497526653695843, 25.17537060975421781 ) ) ;
#1654 = CARTESIAN_POINT ( 'NONE',  ( 86.03280535628799441, 140.3961887062268090, -110.2997165286733434 ) ) ;
#1655 = LINE ( 'NONE', #2512, #8568 ) ;
#1656 = CIRCLE ( 'NONE', #5209, 0.002000000000002000178 ) ;
#1658 = ORIENTED_EDGE ( 'NONE', *, *, #5346, .F. ) ;
#1657 = CARTESIAN_POINT ( 'NONE',  ( 92.50853013030760508, -38.48869083803140256, -74.00000000000000000 ) ) ;
#1659 = CARTESIAN_POINT ( 'NONE',  ( 89.35237641727950120, 140.3054171126526057, -66.60044806551580621 ) ) ;
#1660 = FACE_OUTER_BOUND ( 'NONE', #2022, .T. ) ;
#1661 = ORIENTED_EDGE ( 'NONE', *, *, #4844, .F. ) ;
#1662 = EDGE_LOOP ( 'NONE', ( #5428, #6280, #786, #5471 ) ) ;
#1663 = CARTESIAN_POINT ( 'NONE',  ( 41.85961089735091889, 157.5000000000000284, -140.0522438565672303 ) ) ;
#1664 = VECTOR ( 'NONE', #7143, 1000.000000000000000 ) ;
#1665 = CARTESIAN_POINT ( 'NONE',  ( 48.06583807540912545, -37.00000000000001421, -145.9990036217762963 ) ) ;
#1666 = FACE_OUTER_BOUND ( 'NONE', #9016, .T. ) ;
#1667 = CARTESIAN_POINT ( 'NONE',  ( 5.059864043323933025, 150.6444253333419852, 80.68369960861529933 ) ) ;
#1668 = DIRECTION ( 'NONE',  ( 7.165827653609149284E-17, -4.855507225124589628E-17, 1.000000000000000000 ) ) ;
#1669 = CARTESIAN_POINT ( 'NONE',  ( 20.71584178041124247, 62.00000004239445417, 91.95821009540615876 ) ) ;
#1670 = CARTESIAN_POINT ( 'NONE',  ( 67.00000000000000000, 332.6043478007205181, -66.00000000000000000 ) ) ;
#1671 = AXIS2_PLACEMENT_3D ( 'NONE', #3407, #9288, #8815 ) ;
#1672 = CARTESIAN_POINT ( 'NONE',  ( 92.90000000000001990, 58.33405080756781302, 217.8018475772949785 ) ) ;
#1673 = ORIENTED_EDGE ( 'NONE', *, *, #6897, .T. ) ;
#1674 = CARTESIAN_POINT ( 'NONE',  ( -80.00000000000000000, 157.5000000000000000, 70.85504175204262367 ) ) ;
#1675 = EDGE_CURVE ( 'NONE', #5659, #6032, #3077, .T. ) ;
#1676 = LINE ( 'NONE', #3842, #2744 ) ;
#1677 = CARTESIAN_POINT ( 'NONE',  ( 59.95487439754482750, 140.4516734407463616, -139.4605715394412755 ) ) ;
#1678 = CIRCLE ( 'NONE', #6615, 1.499999999999999778 ) ;
#1679 = CARTESIAN_POINT ( 'NONE',  ( 89.76142303221948282, 4.295592409925914623, -72.30200000000000671 ) ) ;
#1680 = EDGE_CURVE ( 'NONE', #8333, #4920, #5262, .T. ) ;
#1681 = CARTESIAN_POINT ( 'NONE',  ( -37.91211096489217169, 157.5000000000000568, 71.35410832383620061 ) ) ;
#1682 = CARTESIAN_POINT ( 'NONE',  ( 97.37748030336528871, 159.1171392947464653, 152.6030191501704962 ) ) ;
#1683 = APPLICATION_PROTOCOL_DEFINITION ( 'international standard', 'config_control_design', 1994, #106 ) ;
#1684 = ORIENTED_EDGE ( 'NONE', *, *, #5628, .T. ) ;
#1685 = VERTEX_POINT ( 'NONE', #4493 ) ;
#1686 = ORIENTED_EDGE ( 'NONE', *, *, #4675, .T. ) ;
#1687 = CARTESIAN_POINT ( 'NONE',  ( 80.06353196256580418, 158.3155220167339223, -66.00000000000000000 ) ) ;
#1688 = CARTESIAN_POINT ( 'NONE',  ( -65.94603819863723970, 61.99999999999999289, 68.99999999999998579 ) ) ;
#1689 = DIRECTION ( 'NONE',  ( -0.2718618336224464249, 0.9621897258691908261, -0.01679508413831049679 ) ) ;
#1690 = CARTESIAN_POINT ( 'NONE',  ( -73.40062585051853716, 140.4523247010601494, -111.1081569280111978 ) ) ;
#1691 = EDGE_CURVE ( 'NONE', #1975, #3189, #5950, .T. ) ;
#1692 = DIRECTION ( 'NONE',  ( 0.01745240643728365043, 0.9998476951563911586, -0.000000000000000000 ) ) ;
#1693 = EDGE_CURVE ( 'NONE', #3504, #8651, #8286, .T. ) ;
#1694 = MANIFOLD_SOLID_BREP ( 'Importée2', #751 ) ;
#1695 = CARTESIAN_POINT ( 'NONE',  ( 67.00000000000000000, 157.4880749376728488, 8.620646744575838127 ) ) ;
#1696 = ORIENTED_EDGE ( 'NONE', *, *, #4466, .T. ) ;
#1697 = LINE ( 'NONE', #4053, #4611 ) ;
#1698 = CIRCLE ( 'NONE', #5555, 0.002000000000002000178 ) ;
#1699 = DIRECTION ( 'NONE',  ( 1.913402524860850093E-16, 3.339856530526139354E-18, 1.000000000000000000 ) ) ;
#1700 = EDGE_CURVE ( 'NONE', #6846, #5251, #1504, .T. ) ;
#1701 = AXIS2_PLACEMENT_3D ( 'NONE', #7492, #2236, #3134 ) ;
#1702 = CARTESIAN_POINT ( 'NONE',  ( 88.18859648194417389, 140.3658167724410362, -103.4104610851817370 ) ) ;
#1703 = CARTESIAN_POINT ( 'NONE',  ( 67.11252825617145845, 156.5004863628854821, -67.29799999999998761 ) ) ;
#1704 = CARTESIAN_POINT ( 'NONE',  ( 65.60270374609123678, 119.9998544807630338, 33.69545680471689764 ) ) ;
#1705 = CARTESIAN_POINT ( 'NONE',  ( 92.44641829611289552, -37.00000000000001421, -73.64579763209070506 ) ) ;
#1706 = VERTEX_POINT ( 'NONE', #3710 ) ;
#1707 = CARTESIAN_POINT ( 'NONE',  ( 45.00761524217200815, -39.99999999999992895, -146.0000000000000284 ) ) ;
#1708 = VECTOR ( 'NONE', #7053, 1000.000000000000000 ) ;
#1709 = ORIENTED_EDGE ( 'NONE', *, *, #4829, .F. ) ;
#1710 = ORIENTED_EDGE ( 'NONE', *, *, #1818, .F. ) ;
#1711 = ORIENTED_EDGE ( 'NONE', *, *, #7236, .F. ) ;
#1712 = CARTESIAN_POINT ( 'NONE',  ( 64.45826928475719342, 157.5000000000000284, -112.6820058868550376 ) ) ;
#1713 = CARTESIAN_POINT ( 'NONE',  ( 65.37820649852869792, 154.7540488471946105, 12.22936553146937122 ) ) ;
#1714 = CARTESIAN_POINT ( 'NONE',  ( -29.99238359780465046, -37.00000000000000000, -95.99238359780468954 ) ) ;
#1715 = CARTESIAN_POINT ( 'NONE',  ( -74.34545898982750600, 140.3090605984573642, 51.90296570552702349 ) ) ;
#1716 = CARTESIAN_POINT ( 'NONE',  ( -94.78139602057069624, 58.33205080756781058, 95.40384757729519549 ) ) ;
#1717 = DIRECTION ( 'NONE',  ( 3.503464585017659440E-16, 6.115320180519409318E-18, 1.000000000000000000 ) ) ;
#1718 = AXIS2_PLACEMENT_3D ( 'NONE', #181, #9179, #1763 ) ;
#1719 = CARTESIAN_POINT ( 'NONE',  ( 23.41258744326646379, 62.00002336411249360, 91.35417042111720320 ) ) ;
#1720 = CARTESIAN_POINT ( 'NONE',  ( -94.78139602057051150, 153.3300508075680000, 216.2968971362029720 ) ) ;
#1721 = DIRECTION ( 'NONE',  ( -0.01745240643728340063, 0.9998476951563911586, 0.000000000000000000 ) ) ;
#1722 = EDGE_CURVE ( 'NONE', #6861, #6209, #390, .T. ) ;
#1723 = ORIENTED_EDGE ( 'NONE', *, *, #1919, .T. ) ;
#1724 = CARTESIAN_POINT ( 'NONE',  ( 116.7943999880707935, 160.7171392947464881, 134.6030191501703825 ) ) ;
#1725 = DIRECTION ( 'NONE',  ( -0.01463879097862797428, 0.8386557734865155433, 0.5444650580123745476 ) ) ;
#1726 = CARTESIAN_POINT ( 'NONE',  ( 56.68798976695571668, 140.4368970967925350, -140.6069089613949075 ) ) ;
#1727 = CARTESIAN_POINT ( 'NONE',  ( -50.45514695681622896, 157.5000000000000000, -133.7196720785819366 ) ) ;
#1728 = CARTESIAN_POINT ( 'NONE',  ( 24.40000000000000213, 153.3320508075674979, 95.40384757729519549 ) ) ;
#1729 = EDGE_CURVE ( 'NONE', #6669, #8774, #2840, .T. ) ;
#1730 = ORIENTED_EDGE ( 'NONE', *, *, #1930, .T. ) ;
#1731 = PERSON_AND_ORGANIZATION_ROLE ( 'creator' ) ;
#1732 = ORIENTED_EDGE ( 'NONE', *, *, #2166, .T. ) ;
#1733 = VERTEX_POINT ( 'NONE', #6997 ) ;
#1734 = DIRECTION ( 'NONE',  ( 0.01745240643728300858, -0.9998476951563912696, 2.792940039774046544E-15 ) ) ;
#1735 = CYLINDRICAL_SURFACE ( 'NONE', #1398, 49.99999999999997868 ) ;
#1736 = CARTESIAN_POINT ( 'NONE',  ( -51.61950938334553740, 140.1144944437751576, 84.93208844175437378 ) ) ;
#1737 = DIRECTION ( 'NONE',  ( -0.9998476951563911586, -0.01745240643728360533, 3.503998260924795306E-16 ) ) ;
#1738 = PLANE ( 'NONE',  #8258 ) ;
#1739 = CARTESIAN_POINT ( 'NONE',  ( -56.85504175204270183, 157.5000000000000284, -72.99159715245330915 ) ) ;
#1740 = ORIENTED_EDGE ( 'NONE', *, *, #4880, .F. ) ;
#1741 = ADVANCED_FACE ( 'NONE', ( #4773 ), #1113, .F. ) ;
#1742 = PLANE ( 'NONE',  #6921 ) ;
#1743 = CARTESIAN_POINT ( 'NONE',  ( 66.91938844872639436, 155.1915872002023491, 17.56356603734075250 ) ) ;
#1744 = CARTESIAN_POINT ( 'NONE',  ( 86.13065699439663092, 140.3952142920242068, -110.0502477865295532 ) ) ;
#1745 = CARTESIAN_POINT ( 'NONE',  ( 91.95108080290791008, -8.605730363330289734, -72.93757263668381086 ) ) ;
#1746 = EDGE_CURVE ( 'NONE', #5018, #8687, #1882, .T. ) ;
#1747 = CARTESIAN_POINT ( 'NONE',  ( 41.85961089735094021, 140.3054171126525489, -140.3523764172795438 ) ) ;
#1748 = CARTESIAN_POINT ( 'NONE',  ( -76.51197691235901743, -36.99999999999998579, -114.1700498520930864 ) ) ;
#1749 = ORIENTED_EDGE ( 'NONE', *, *, #4194, .F. ) ;
#1750 = CARTESIAN_POINT ( 'NONE',  ( -34.63750096986832716, 160.0000000000000000, -121.8957655047414192 ) ) ;
#1751 = ORIENTED_EDGE ( 'NONE', *, *, #7193, .T. ) ;
#1752 = EDGE_LOOP ( 'NONE', ( #2157, #2488, #6911, #333 ) ) ;
#1753 = VERTEX_POINT ( 'NONE', #1778 ) ;
#1754 = CARTESIAN_POINT ( 'NONE',  ( 67.89089154754167055, 157.5000000000000284, -107.8925555565206054 ) ) ;
#1755 = EDGE_CURVE ( 'NONE', #6256, #1777, #4046, .T. ) ;
#1756 = CARTESIAN_POINT ( 'NONE',  ( 66.07287608930840861, 150.6243984666795086, 19.55500836562442402 ) ) ;
#1757 = DIRECTION ( 'NONE',  ( 0.9999999340962500982, 0.000000000000000000, 0.0003630530201409584625 ) ) ;
#1758 = CARTESIAN_POINT ( 'NONE',  ( -74.35017659185187711, 140.3073935085321295, 51.68876547820907064 ) ) ;
#1759 = CARTESIAN_POINT ( 'NONE',  ( 1.200669966470374161, 155.3291599913243033, 76.82441809859007265 ) ) ;
#1760 = CARTESIAN_POINT ( 'NONE',  ( -50.65980722013556203, 140.4180522842073913, -134.0738392059236901 ) ) ;
#1761 = LINE ( 'NONE', #1861, #3645 ) ;
#1762 = LINE ( 'NONE', #1720, #3390 ) ;
#1763 = DIRECTION ( 'NONE',  ( 0.000000000000000000, 0.000000000000000000, -1.000000000000000000 ) ) ;
#1764 = EDGE_CURVE ( 'NONE', #4064, #6982, #5407, .T. ) ;
#1765 = ORIENTED_EDGE ( 'NONE', *, *, #79, .F. ) ;
#1766 = LINE ( 'NONE', #6794, #117 ) ;
#1767 = CARTESIAN_POINT ( 'NONE',  ( -42.00000000000000000, -40.00000000000000711, -146.0000000000000000 ) ) ;
#1768 = CARTESIAN_POINT ( 'NONE',  ( -50.04539886580180763, 149.0842087328835532, 83.48739622470742461 ) ) ;
#1769 = CARTESIAN_POINT ( 'NONE',  ( -42.35273579709051717, -37.00000000000000000, -141.8463466509687407 ) ) ;
#1770 = AXIS2_PLACEMENT_3D ( 'NONE', #6783, #8264, #4607 ) ;
#1771 = CARTESIAN_POINT ( 'NONE',  ( -57.45548151097827372, -39.99999999999999289, -137.7924065154315656 ) ) ;
#1772 = EDGE_CURVE ( 'NONE', #2139, #4188, #5479, .T. ) ;
#1773 = ORIENTED_EDGE ( 'NONE', *, *, #7056, .T. ) ;
#1774 = ORIENTED_EDGE ( 'NONE', *, *, #3988, .F. ) ;
#1775 = VECTOR ( 'NONE', #728, 1000.000000000000000 ) ;
#1776 = ORIENTED_EDGE ( 'NONE', *, *, #4440, .F. ) ;
#1777 = VERTEX_POINT ( 'NONE', #5451 ) ;
#1778 = CARTESIAN_POINT ( 'NONE',  ( -75.50000000000000000, -37.00000000000000000, -75.99836645901302745 ) ) ;
#1779 = CARTESIAN_POINT ( 'NONE',  ( 88.51535178016143846, 88.78671387502602386, -67.30000000000001137 ) ) ;
#1780 = FACE_OUTER_BOUND ( 'NONE', #4454, .T. ) ;
#1781 = CARTESIAN_POINT ( 'NONE',  ( 92.19105969042216486, -22.32263868756756509, -74.00000000000001421 ) ) ;
#1782 = ADVANCED_FACE ( 'NONE', ( #4720 ), #383, .T. ) ;
#1783 = CARTESIAN_POINT ( 'NONE',  ( -46.65642689873924098, 140.4587109346007878, -138.7668314115340422 ) ) ;
#1784 = AXIS2_PLACEMENT_3D ( 'NONE', #7008, #3416, #4930 ) ;
#1785 = ADVANCED_FACE ( 'NONE', ( #1017 ), #6188, .T. ) ;
#1786 = ADVANCED_FACE ( 'NONE', ( #8483 ), #6329, .F. ) ;
#1787 = FACE_OUTER_BOUND ( 'NONE', #2543, .T. ) ;
#1788 = VERTEX_POINT ( 'NONE', #240 ) ;
#1789 = VECTOR ( 'NONE', #9270, 1000.000000000000000 ) ;
#1790 = ADVANCED_FACE ( 'NONE', ( #9245 ), #6282, .F. ) ;
#1791 = B_SPLINE_CURVE_WITH_KNOTS ( 'NONE', 3,
 ( #5444, #7711, #1196, #6274, #3351, #3989, #6225, #3211, #1106, #374, #6178, #8374, #1769, #4038, #4713, #6321, #9234, #6941, #2636, #5591, #9134, #9187, #2591, #2772, #3440, #7175, #7279, #9426, #6514, #669, #529, #1294, #7132, #8038, #4327, #8759, #3588, #2820, #4910, #2062, #5055, #2152, #2727, #7322, #5782, #5106, #8708, #9376, #7994, #6412, #7855, #1248, #4226, #9327, #5691, #3542, #2107, #1387, #8614, #8662 ),
 .UNSPECIFIED., .F., .F.,
 ( 4, 1, 1, 1, 1, 1, 1, 2, 2, 1, 1, 1, 1, 1, 2, 2, 1, 1, 1, 1, 2, 2, 2, 1, 1, 1, 1, 2, 2, 1, 1, 1, 1, 1, 2, 2, 1, 1, 1, 1, 1, 1, 2, 2, 4 ),
 ( 0.000000000000000000, 0.06250000000000965894, 0.09375000000001428024, 0.1093750000000164452, 0.1171875000000176248, 0.1210937500000183048, 0.1230468750000186517, 0.1240234375000188599, 0.1250000000000190681, 0.1875000000000254241, 0.2187500000000284772, 0.2343750000000298095, 0.2421875000000301426, 0.2460937500000303091, 0.2480468750000303924, 0.2500000000000304756, 0.3125000000000341949, 0.3437500000000358047, 0.3593750000000364153, 0.3671875000000368594, 0.3710937500000369704, 0.3750000000000370814, 0.5000000000000404121, 0.5625000000000421885, 0.5937500000000436318, 0.6093750000000446310, 0.6171875000000450751, 0.6210937500000452971, 0.6250000000000454081, 0.6875000000000498490, 0.7187500000000520695, 0.7343750000000529576, 0.7421875000000532907, 0.7460937500000534017, 0.7480468750000534017, 0.7500000000000535127, 0.8125000000000512923, 0.8437500000000504041, 0.8593750000000497380, 0.8671875000000494049, 0.8710937500000492939, 0.8730468750000490719, 0.8740234375000490719, 0.8750000000000489608, 1.000000000000000000 ),
 .UNSPECIFIED. ) ;
#1792 = DIRECTION ( 'NONE',  ( 0.000000000000000000, -1.000000000000000000, -1.583748323458199862E-16 ) ) ;
#1793 = CARTESIAN_POINT ( 'NONE',  ( 66.62896474431087768, 146.8749404411970545, 26.09345277759129189 ) ) ;
#1794 = CARTESIAN_POINT ( 'NONE',  ( 91.72938309431721393, 4.126795789101633360, -73.07033493830994075 ) ) ;
#1795 = B_SPLINE_CURVE_WITH_KNOTS ( 'NONE', 3,
 ( #5184, #5230, #8790, #1564, #4596, #8166 ),
 .UNSPECIFIED., .F., .F.,
 ( 4, 2, 4 ),
 ( 0.000000000000000000, 0.5000000000000000000, 1.000000000000000000 ),
 .UNSPECIFIED. ) ;
#1796 = DIRECTION ( 'NONE',  ( 0.9998446488794958675, 0.01762232505870875779, 0.0003629966433693477927 ) ) ;
#1797 = CARTESIAN_POINT ( 'NONE',  ( -70.63220262977371533, 59.83153236755426008, 64.36736460341124655 ) ) ;
#1798 = CARTESIAN_POINT ( 'NONE',  ( -57.40311631618404675, -37.00000000000000000, -137.7400413206507039 ) ) ;
#1799 = VECTOR ( 'NONE', #8782, 1000.000000000000000 ) ;
#1800 = EDGE_LOOP ( 'NONE', ( #3959, #2025, #3972, #5777 ) ) ;
#1801 = AXIS2_PLACEMENT_3D ( 'NONE', #1645, #242, #882 ) ;
#1802 = EDGE_CURVE ( 'NONE', #2194, #5582, #4303, .T. ) ;
#1803 = CARTESIAN_POINT ( 'NONE',  ( -56.66170489640830255, 160.0000000000000000, -96.78633074169540862 ) ) ;
#1804 = ORIENTED_EDGE ( 'NONE', *, *, #7004, .F. ) ;
#1805 = EDGE_LOOP ( 'NONE', ( #3994, #3033, #6083, #4758, #7317, #9049 ) ) ;
#1806 = ORIENTED_EDGE ( 'NONE', *, *, #193, .T. ) ;
#1807 = DIRECTION ( 'NONE',  ( -0.01745240643728311267, 0.9998476951563913806, 0.000000000000000000 ) ) ;
#1808 = DIRECTION ( 'NONE',  ( 0.9993908270190957621, -0.03489949670250140634, -1.937665913190809079E-16 ) ) ;
#1809 = DIRECTION ( 'NONE',  ( -0.9998476951563911586, -0.01745240643728340063, 0.000000000000000000 ) ) ;
#1810 = CARTESIAN_POINT ( 'NONE',  ( -74.30462700933146891, 140.3139104840336699, 52.70282757237884397 ) ) ;
#1811 = AXIS2_PLACEMENT_3D ( 'NONE', #3564, #7252, #790 ) ;
#1812 = CARTESIAN_POINT ( 'NONE',  ( 2.679533318241311690, 153.9754102644120337, 78.30334531805242193 ) ) ;
#1813 = CARTESIAN_POINT ( 'NONE',  ( -79.37161766258421380, -4.000000000000015099, -72.00000000000000000 ) ) ;
#1814 = CARTESIAN_POINT ( 'NONE',  ( 89.75942333682914409, 4.295557505114190100, -69.29999999999999716 ) ) ;
#1815 = CARTESIAN_POINT ( 'NONE',  ( -42.00000000000000000, -38.00000000000000000, -74.00000000000000000 ) ) ;
#1816 = EDGE_CURVE ( 'NONE', #3983, #6250, #8526, .T. ) ;
#1817 = DIRECTION ( 'NONE',  ( 0.000000000000000000, 0.000000000000000000, -1.000000000000000000 ) ) ;
#1818 = EDGE_CURVE ( 'NONE', #8403, #8066, #7669, .T. ) ;
#1819 = ORIENTED_EDGE ( 'NONE', *, *, #4780, .T. ) ;
#1820 = DIRECTION ( 'NONE',  ( 7.231268945543358372E-17, -1.583748323458199862E-16, 1.000000000000000000 ) ) ;
#1821 = CARTESIAN_POINT ( 'NONE',  ( 66.57653840945610568, 145.3736466375989949, 25.63176373304781208 ) ) ;
#1822 = DIRECTION ( 'NONE',  ( -5.390695917567118667E-33, -4.855507225124589012E-17, 1.000000000000000000 ) ) ;
#1823 = CARTESIAN_POINT ( 'NONE',  ( -34.63750096986832716, 160.0000000000000000, -121.8957655047414192 ) ) ;
#1824 = CARTESIAN_POINT ( 'NONE',  ( -26.85961089735085849, 157.5000000000000000, -140.0522438565672303 ) ) ;
#1825 = CARTESIAN_POINT ( 'NONE',  ( -76.52733607105460578, -40.00000000000001421, -114.3167294673023804 ) ) ;
#1826 =( BOUNDED_SURFACE ( )  B_SPLINE_SURFACE ( 3, 3, ( 
 ( #3757, #2451, #5953, #7574 ),
 ( #3905, #3857, #1552, #6854 ),
 ( #4497, #5409, #8204, #9056 ),
 ( #2359, #8245, #8873, #1736 ) ),
 .UNSPECIFIED., .F., .F., .F. ) 
 B_SPLINE_SURFACE_WITH_KNOTS ( ( 4, 4 ),
 ( 4, 4 ),
 ( 0.000000000000000000, 1.000000000000000000 ),
 ( 0.000000000000000000, 1.000000000000000000 ),
 .UNSPECIFIED. ) 
 GEOMETRIC_REPRESENTATION_ITEM ( )  RATIONAL_B_SPLINE_SURFACE ( (
 ( 1.000000000000000000, 0.8044580340672394803, 0.8044580340672394803, 1.000000000000000000),
 ( 0.9486698473856747249, 0.7631650804067480198, 0.7631650804067480198, 0.9486698473856747249),
 ( 0.9486698473856747249, 0.7631650804067480198, 0.7631650804067480198, 0.9486698473856747249),
 ( 1.000000000000000000, 0.8044580340672394803, 0.8044580340672394803, 1.000000000000000000) ) ) 
 REPRESENTATION_ITEM ( '' )  SURFACE ( )  );
#1827 = ORIENTED_EDGE ( 'NONE', *, *, #3380, .F. ) ;
#1828 = AXIS2_PLACEMENT_3D ( 'NONE', #3671, #160, #2949 ) ;
#1829 = ORIENTED_EDGE ( 'NONE', *, *, #2525, .F. ) ;
#1830 = EDGE_LOOP ( 'NONE', ( #1804, #4405, #946, #6994 ) ) ;
#1831 = CARTESIAN_POINT ( 'NONE',  ( -76.85199565517046949, 140.3490481287456078, 51.41304439313702090 ) ) ;
#1832 = DIRECTION ( 'NONE',  ( -0.000000000000000000, 0.000000000000000000, -1.000000000000000000 ) ) ;
#1833 = LINE ( 'NONE', #9198, #9387 ) ;
#1834 = ADVANCED_FACE ( 'NONE', ( #1924 ), #1064, .F. ) ;
#1835 = LINE ( 'NONE', #6331, #7519 ) ;
#1836 = CARTESIAN_POINT ( 'NONE',  ( 90.39999999999999147, 47.51666049839860051, 196.8038475772949880 ) ) ;
#1837 = CARTESIAN_POINT ( 'NONE',  ( 81.52614454292691448, -37.00000000000001421, -130.0861364896572923 ) ) ;
#1838 = AXIS2_PLACEMENT_3D ( 'NONE', #1463, #8836, #4455 ) ;
#1839 = DIRECTION ( 'NONE',  ( -1.000000000000000000, 1.110223024625155801E-16, 0.000000000000000000 ) ) ;
#1840 = ORIENTED_EDGE ( 'NONE', *, *, #1841, .T. ) ;
#1841 = EDGE_CURVE ( 'NONE', #5648, #7915, #972, .T. ) ;
#1842 = DIRECTION ( 'NONE',  ( -1.000000000000000000, 0.000000000000000000, -0.000000000000000000 ) ) ;
#1843 = DIRECTION ( 'NONE',  ( 1.000000000000000000, 0.000000000000000000, -6.776263578034396550E-17 ) ) ;
#1844 = CARTESIAN_POINT ( 'NONE',  ( -4.768706341644585400, 140.0000000000000000, 70.85504175204260946 ) ) ;
#1845 = CARTESIAN_POINT ( 'NONE',  ( 71.20434642208550713, 132.1755717989750849, -67.29799999999994498 ) ) ;
#1846 = CARTESIAN_POINT ( 'NONE',  ( -80.00000000000000000, 157.5000000000000000, -146.0000000000000000 ) ) ;
#1847 = CARTESIAN_POINT ( 'NONE',  ( -103.0000000000000426, 58.33405080756780592, 97.00584757729509988 ) ) ;
#1848 = CARTESIAN_POINT ( 'NONE',  ( 2.000000000000000000, -38.51793358416909996, -142.0000000000000284 ) ) ;
#1849 = ORIENTED_EDGE ( 'NONE', *, *, #9318, .T. ) ;
#1850 = VECTOR ( 'NONE', #3773, 1000.000000000000114 ) ;
#1851 = ORIENTED_EDGE ( 'NONE', *, *, #131, .T. ) ;
#1852 = AXIS2_PLACEMENT_3D ( 'NONE', #5189, #896, #2330 ) ;
#1853 = ORIENTED_EDGE ( 'NONE', *, *, #7985, .F. ) ;
#1854 = CARTESIAN_POINT ( 'NONE',  ( 90.48224027898392308, -37.00000000000000711, -91.00000000000001421 ) ) ;
#1855 = DIRECTION ( 'NONE',  ( 0.01745240643728300858, -0.9998476951563912696, 4.179952650081193436E-15 ) ) ;
#1856 = CARTESIAN_POINT ( 'NONE',  ( -71.92033444114788665, 140.3585076899751982, 64.62748160892276417 ) ) ;
#1857 = LINE ( 'NONE', #6262, #8890 ) ;
#1858 = EDGE_CURVE ( 'NONE', #6394, #4052, #6137, .T. ) ;
#1859 = CARTESIAN_POINT ( 'NONE',  ( 2.962289386494796783, 153.6643692438256608, 78.58603980323223936 ) ) ;
#1860 = CARTESIAN_POINT ( 'NONE',  ( 73.25222779541259399, 120.0134462860602014, -67.29999999999999716 ) ) ;
#1861 = CARTESIAN_POINT ( 'NONE',  ( -98.53782217350889994, 154.9320508075680038, 215.9038475772950392 ) ) ;
#1862 = VECTOR ( 'NONE', #6042, 1000.000000000000000 ) ;
#1863 = CARTESIAN_POINT ( 'NONE',  ( -52.27509300687403027, -37.00000000000000000, -140.8173191500958126 ) ) ;
#1864 = AXIS2_PLACEMENT_3D ( 'NONE', #8695, #2996, #2141 ) ;
#1865 = CARTESIAN_POINT ( 'NONE',  ( 89.26581917061861304, 141.7685481651289479, -73.84499467773822801 ) ) ;
#1866 = VERTEX_POINT ( 'NONE', #7287 ) ;
#1867 = DIRECTION ( 'NONE',  ( 5.390695917567118667E-33, 4.855507225124589012E-17, -1.000000000000000000 ) ) ;
#1868 = CARTESIAN_POINT ( 'NONE',  ( 64.83062389320410546, 143.6315009352968559, 25.46571775250646397 ) ) ;
#1869 = CARTESIAN_POINT ( 'NONE',  ( 41.85961089735094021, 140.3490481287456930, -142.8519956551705263 ) ) ;
#1870 = VECTOR ( 'NONE', #6268, 1000.000000000000000 ) ;
#1871 = EDGE_CURVE ( 'NONE', #5943, #1958, #678, .T. ) ;
#1872 = EDGE_CURVE ( 'NONE', #273, #3658, #4285, .T. ) ;
#1873 = PLANE ( 'NONE',  #102 ) ;
#1874 = CARTESIAN_POINT ( 'NONE',  ( -36.52526982318654092, 157.5000000000000284, -121.3231818929444046 ) ) ;
#1875 = CARTESIAN_POINT ( 'NONE',  ( -79.89562108104910010, -39.99999999999999289, -99.82091807470328604 ) ) ;
#1876 = CARTESIAN_POINT ( 'NONE',  ( 27.00000000000000000, -55.00000000000000000, -74.00000000000000000 ) ) ;
#1877 = CARTESIAN_POINT ( 'NONE',  ( 7.394091418813924399, 152.6505940633445562, 78.11498132656747373 ) ) ;
#1878 = ORIENTED_EDGE ( 'NONE', *, *, #428, .F. ) ;
#1879 = VERTEX_POINT ( 'NONE', #633 ) ;
#1880 = ORIENTED_EDGE ( 'NONE', *, *, #7056, .F. ) ;
#1881 = DIRECTION ( 'NONE',  ( -7.165827653609149284E-17, 4.855507225124589628E-17, -1.000000000000000000 ) ) ;
#1882 = LINE ( 'NONE', #4828, #8386 ) ;
#1883 = CARTESIAN_POINT ( 'NONE',  ( 90.20799514587926637, 88.81625907487497784, -68.70115704999567185 ) ) ;
#1884 = PLANE ( 'NONE',  #5831 ) ;
#1885 = DIRECTION ( 'NONE',  ( 1.000000000000000000, 0.000000000000000000, -3.521488656232920374E-16 ) ) ;
#1886 = CARTESIAN_POINT ( 'NONE',  ( 77.86609449864305077, -37.00000000000002132, -133.7461106051829347 ) ) ;
#1887 = FACE_OUTER_BOUND ( 'NONE', #4737, .T. ) ;
#1888 = ORIENTED_EDGE ( 'NONE', *, *, #9232, .F. ) ;
#1889 = ADVANCED_FACE ( 'NONE', ( #3499 ), #7864, .F. ) ;
#1890 = DIRECTION ( 'NONE',  ( -0.01744177813809550878, 0.9992388003036507538, 0.03489418781261412889 ) ) ;
#1891 = CARTESIAN_POINT ( 'NONE',  ( -28.00000000000000000, -40.00200000000000244, -76.00000000000000000 ) ) ;
#1892 = FACE_OUTER_BOUND ( 'NONE', #7984, .T. ) ;
#1893 = CARTESIAN_POINT ( 'NONE',  ( 65.07966880550056032, 120.0000071394234311, 33.16524615214307659 ) ) ;
#1894 = DIRECTION ( 'NONE',  ( 1.000000000000000000, -1.110223024625155801E-16, -0.000000000000000000 ) ) ;
#1895 = CARTESIAN_POINT ( 'NONE',  ( 62.75018829669323850, -40.00000000000001421, -142.7470877255546782 ) ) ;
#1896 = VERTEX_POINT ( 'NONE', #6377 ) ;
#1897 = ORIENTED_EDGE ( 'NONE', *, *, #3380, .T. ) ;
#1898 = CARTESIAN_POINT ( 'NONE',  ( 90.39999999999999147, 38.23686027918554942, 191.4461524227065183 ) ) ;
#1899 = DIRECTION ( 'NONE',  ( 1.000000000000000000, 0.000000000000000000, -2.908929859086129829E-16 ) ) ;
#1900 = CARTESIAN_POINT ( 'NONE',  ( 92.00000000000000000, 38.23686027918554942, 184.8038475772950164 ) ) ;
#1901 = LINE ( 'NONE', #1181, #9341 ) ;
#1902 = DIRECTION ( 'NONE',  ( 1.913402524860850093E-16, 3.339856530526139354E-18, 1.000000000000000000 ) ) ;
#1903 = CARTESIAN_POINT ( 'NONE',  ( 30.05143184319580385, 62.29830469053607089, 84.64067614405625761 ) ) ;
#1904 = EDGE_CURVE ( 'NONE', #9195, #6186, #9338, .T. ) ;
#1905 = EDGE_CURVE ( 'NONE', #4717, #2422, #5014, .T. ) ;
#1906 = FACE_OUTER_BOUND ( 'NONE', #1662, .T. ) ;
#1907 = CARTESIAN_POINT ( 'NONE',  ( -40.69781048795778844, -37.00000000000000000, -144.8675836367119132 ) ) ;
#1908 = ORIENTED_EDGE ( 'NONE', *, *, #6127, .T. ) ;
#1909 = CARTESIAN_POINT ( 'NONE',  ( 47.20551809434086721, 157.5000000000000000, -122.3749485963481902 ) ) ;
#1910 = ORIENTED_EDGE ( 'NONE', *, *, #4036, .T. ) ;
#1911 = CARTESIAN_POINT ( 'NONE',  ( 53.53248191545291235, -39.87318741879148831, -145.2659680101267554 ) ) ;
#1912 = CARTESIAN_POINT ( 'NONE',  ( 65.45799999797628743, 153.7933414021128726, 16.00997165681723189 ) ) ;
#1913 = DIRECTION ( 'NONE',  ( 0.000000000000000000, -1.000000000000000000, 0.000000000000000000 ) ) ;
#1914 = DIRECTION ( 'NONE',  ( -0.000000000000000000, -1.000000000000000000, -0.000000000000000000 ) ) ;
#1915 = CARTESIAN_POINT ( 'NONE',  ( -58.24286257486418350, 140.4318592586533043, -128.6386129548976669 ) ) ;
#1916 = CARTESIAN_POINT ( 'NONE',  ( -72.64385150164252991, -39.99999999999999289, -122.1193375191507329 ) ) ;
#1917 = LINE ( 'NONE', #4961, #5097 ) ;
#1918 = CARTESIAN_POINT ( 'NONE',  ( -37.41304439313703512, 140.1423300313111895, 88.35446294710469317 ) ) ;
#1919 = EDGE_CURVE ( 'NONE', #2474, #2953, #2116, .T. ) ;
#1920 = VERTEX_POINT ( 'NONE', #1208 ) ;
#1921 = ORIENTED_EDGE ( 'NONE', *, *, #5934, .F. ) ;
#1922 = ORIENTED_EDGE ( 'NONE', *, *, #7595, .T. ) ;
#1923 = FACE_BOUND ( 'NONE', #3847, .T. ) ;
#1924 = FACE_OUTER_BOUND ( 'NONE', #2859, .T. ) ;
#1925 = VECTOR ( 'NONE', #8102, 1000.000000000000227 ) ;
#1926 = CARTESIAN_POINT ( 'NONE',  ( 90.12533978658089495, 88.81481632021177575, -68.48211143357100639 ) ) ;
#1927 = CARTESIAN_POINT ( 'NONE',  ( -56.85504175204269472, 140.0000000000000000, -146.0000000000000000 ) ) ;
#1928 = CARTESIAN_POINT ( 'NONE',  ( 0.02721843018823065161, -40.00000000000000000, -75.97094607245199427 ) ) ;
#1929 = CARTESIAN_POINT ( 'NONE',  ( 63.30953316626001026, -37.00000000000001421, -142.4571728760674318 ) ) ;
#1930 = EDGE_CURVE ( 'NONE', #4371, #3682, #5846, .T. ) ;
#1931 = AXIS2_PLACEMENT_3D ( 'NONE', #6602, #9519, #2339 ) ;
#1932 = EDGE_CURVE ( 'NONE', #9382, #3801, #8623, .T. ) ;
#1933 = LINE ( 'NONE', #4879, #3378 ) ;
#1934 = EDGE_LOOP ( 'NONE', ( #2465, #3496, #5125 ) ) ;
#1935 = CARTESIAN_POINT ( 'NONE',  ( 65.90341782850730112, 156.2838843913235110, -68.89896621133290466 ) ) ;
#1936 = CARTESIAN_POINT ( 'NONE',  ( 91.75438463739027384, 2.694458345736673532, -73.80196216998663772 ) ) ;
#1937 = VECTOR ( 'NONE', #206, 999.9999999999998863 ) ;
#1938 = CARTESIAN_POINT ( 'NONE',  ( 92.50853013030760508, -38.48869083803140256, -74.00000000000000000 ) ) ;
#1940 = VERTEX_POINT ( 'NONE', #8719 ) ;
#1939 = DIRECTION ( 'NONE',  ( -0.9861451850233946548, -0.1658845202397584428, 3.318029182253224536E-16 ) ) ;
#1941 = FACE_OUTER_BOUND ( 'NONE', #7571, .T. ) ;
#1942 = DIRECTION ( 'NONE',  ( 0.000000000000000000, -0.000000000000000000, -1.000000000000000000 ) ) ;
#1943 = ORIENTED_EDGE ( 'NONE', *, *, #8847, .F. ) ;
#1944 = VECTOR ( 'NONE', #8986, 1000.000000000000227 ) ;
#1945 = ORIENTED_EDGE ( 'NONE', *, *, #3324, .T. ) ;
#1946 = DIRECTION ( 'NONE',  ( 0.01744974916068260662, -0.9996954598818874604, -0.01744974916068275581 ) ) ;
#1947 = CARTESIAN_POINT ( 'NONE',  ( 91.76111842253220630, 4.330497222801632518, -69.30200000000000671 ) ) ;
#1948 = FACE_OUTER_BOUND ( 'NONE', #8492, .T. ) ;
#1949 = CARTESIAN_POINT ( 'NONE',  ( -75.55559959996614339, 58.75980017698531555, 62.07797687147818522 ) ) ;
#1950 = LINE ( 'NONE', #7119, #573 ) ;
#1951 = VECTOR ( 'NONE', #2395, 1000.000000000000000 ) ;
#1952 = CARTESIAN_POINT ( 'NONE',  ( 95.11105673671589500, -22.00088318040884872, -142.0000000000000284 ) ) ;
#1953 = VECTOR ( 'NONE', #7932, 1000.000000000000114 ) ;
#1954 = DIRECTION ( 'NONE',  ( 0.01743327344408279744, -0.9998480289208780958, 6.329202991822210488E-06 ) ) ;
#1955 = CARTESIAN_POINT ( 'NONE',  ( -71.81723320555133228, -36.99999999999999289, -123.4049102098210113 ) ) ;
#1956 = CARTESIAN_POINT ( 'NONE',  ( 90.50883473999489581, -38.52359565090600313, -67.29999999999999716 ) ) ;
#1957 = EDGE_CURVE ( 'NONE', #8750, #992, #747, .T. ) ;
#1958 = VERTEX_POINT ( 'NONE', #4967 ) ;
#1959 = CARTESIAN_POINT ( 'NONE',  ( 66.99999999999998579, 157.4999998794499163, 8.571616755409023014 ) ) ;
#1960 = VECTOR ( 'NONE', #9448, 1000.000000000000000 ) ;
#1961 = FACE_OUTER_BOUND ( 'NONE', #7938, .T. ) ;
#1962 = CARTESIAN_POINT ( 'NONE',  ( 89.48018483383262378, 20.29312062761504976, -69.30200000000000671 ) ) ;
#1963 = CARTESIAN_POINT ( 'NONE',  ( 89.21124114468365462, 141.7074038827000493, -67.30000000000001137 ) ) ;
#1964 = ORIENTED_EDGE ( 'NONE', *, *, #9089, .F. ) ;
#1965 = DIRECTION ( 'NONE',  ( 0.000000000000000000, 0.000000000000000000, -1.000000000000000000 ) ) ;
#1966 = EDGE_CURVE ( 'NONE', #4548, #1593, #7187, .T. ) ;
#1967 = CARTESIAN_POINT ( 'NONE',  ( -71.96675712996669461, -40.00000000000000711, -123.1883409591080891 ) ) ;
#1968 = CARTESIAN_POINT ( 'NONE',  ( 69.63889678223958413, 141.4818085864667410, 28.56675807986640336 ) ) ;
#1969 = VECTOR ( 'NONE', #3370, 1000.000000000000000 ) ;
#1970 = CARTESIAN_POINT ( 'NONE',  ( -74.30611947408308993, 140.3054171126524068, -75.99793301705381054 ) ) ;
#1971 = ORIENTED_EDGE ( 'NONE', *, *, #3153, .T. ) ;
#1972 = CALENDAR_DATE ( 2025, 12, 11 ) ;
#1973 = ORIENTED_EDGE ( 'NONE', *, *, #1871, .T. ) ;
#1974 = VERTEX_POINT ( 'NONE', #5064 ) ;
#1975 = VERTEX_POINT ( 'NONE', #2070 ) ;
#1976 = CARTESIAN_POINT ( 'NONE',  ( 89.35237641727955804, 140.3054171126526057, -146.0000000000000000 ) ) ;
#1977 = CARTESIAN_POINT ( 'NONE',  ( -49.54189472557180807, 62.00000005422216987, 85.40414347172688281 ) ) ;
#1978 = LINE ( 'NONE', #7048, #3965 ) ;
#1979 = CARTESIAN_POINT ( 'NONE',  ( -77.44701168744985864, -36.99999785548581599, -73.66635773925595743 ) ) ;
#1980 = CARTESIAN_POINT ( 'NONE',  ( 62.03466568466025421, -37.00000000000000711, -142.9434474060680600 ) ) ;
#1981 = ORIENTED_EDGE ( 'NONE', *, *, #3867, .F. ) ;
#1982 = AXIS2_PLACEMENT_3D ( 'NONE', #5687, #8078, #6601 ) ;
#1983 = EDGE_CURVE ( 'NONE', #8302, #5302, #8004, .T. ) ;
#1984 = LINE ( 'NONE', #4099, #478 ) ;
#1985 = ORIENTED_EDGE ( 'NONE', *, *, #5514, .F. ) ;
#1986 = CARTESIAN_POINT ( 'NONE',  ( 67.11544928600069682, 156.4877687629755201, -67.29959933366659186 ) ) ;
#1987 = VECTOR ( 'NONE', #855, 1000.000000000000000 ) ;
#1988 = DIRECTION ( 'NONE',  ( 0.000000000000000000, 1.000000000000000000, 0.000000000000000000 ) ) ;
#1989 = EDGE_CURVE ( 'NONE', #48, #1920, #8768, .T. ) ;
#1990 = DIRECTION ( 'NONE',  ( -0.01461204901307746641, -2.264845006116601672E-15, 0.9998932383127907553 ) ) ;
#1991 = EDGE_CURVE ( 'NONE', #7238, #7613, #6425, .T. ) ;
#1992 = EDGE_CURVE ( 'NONE', #5582, #6197, #9434, .T. ) ;
#1994 = EDGE_LOOP ( 'NONE', ( #4232, #7040, #8149, #1129 ) ) ;
#1993 = CARTESIAN_POINT ( 'NONE',  ( 92.89999999999993463, 154.9320508075680038, 120.8038475772951870 ) ) ;
#1995 = CYLINDRICAL_SURFACE ( 'NONE', #9241, 49.99999999999999289 ) ;
#1996 = CARTESIAN_POINT ( 'NONE',  ( 62.08703087919076324, -40.00000000000000711, -142.9958126009407238 ) ) ;
#1997 = VERTEX_POINT ( 'NONE', #4236 ) ;
#1998 = ORIENTED_EDGE ( 'NONE', *, *, #5414, .F. ) ;
#1999 = LINE ( 'NONE', #6448, #5852 ) ;
#2000 = CARTESIAN_POINT ( 'NONE',  ( 89.74220610783147833, 20.29769422596527662, -67.30000000000001137 ) ) ;
#2001 = CARTESIAN_POINT ( 'NONE',  ( -76.82288185390331137, 57.57505216277704108, 59.54671055180767070 ) ) ;
#2002 = CARTESIAN_POINT ( 'NONE',  ( 72.29624171239170494, -37.00000000000000000, -75.94470858355759901 ) ) ;
#2003 = PLANE ( 'NONE',  #6584 ) ;
#2004 = VERTEX_POINT ( 'NONE', #1261 ) ;
#2005 = CARTESIAN_POINT ( 'NONE',  ( -64.78034051778666935, 153.4429830538853423, 59.33858396252325207 ) ) ;
#2006 = CARTESIAN_POINT ( 'NONE',  ( -49.97822524160114455, -36.99999999999999289, -141.8637543759282096 ) ) ;
#2007 = CARTESIAN_POINT ( 'NONE',  ( 67.52049101304820056, 157.5000000000000000, -108.4259704285743879 ) ) ;
#2008 = VECTOR ( 'NONE', #26, 1000.000000000000114 ) ;
#2009 = ORIENTED_EDGE ( 'NONE', *, *, #3537, .F. ) ;
#2010 = CARTESIAN_POINT ( 'NONE',  ( 54.73910963403228180, -39.85830541380626357, -145.0409646450769117 ) ) ;
#2011 = CARTESIAN_POINT ( 'NONE',  ( 94.58952634547550531, -37.00000000000002132, -102.4677417397430474 ) ) ;
#2012 = FACE_OUTER_BOUND ( 'NONE', #6000, .T. ) ;
#2013 = CARTESIAN_POINT ( 'NONE',  ( 86.05302206183863234, 149.3081649817580114, -67.29999999999999716 ) ) ;
#2014 = CC_DESIGN_SECURITY_CLASSIFICATION ( #1093, ( #319 ) ) ;
#2015 = CARTESIAN_POINT ( 'NONE',  ( 13.00000000000000178, -40.00200000000000244, -76.00199999999999534 ) ) ;
#2016 = CIRCLE ( 'NONE', #4162, 1.601999999999999202 ) ;
#2017 = CARTESIAN_POINT ( 'NONE',  ( 89.89927205953139833, 154.9320508075680038, 217.8038475772949880 ) ) ;
#2018 = LINE ( 'NONE', #6323, #2926 ) ;
#2019 = EDGE_CURVE ( 'NONE', #8101, #5571, #3408, .T. ) ;
#2020 = CARTESIAN_POINT ( 'NONE',  ( -49.84370125956947817, 152.3172882795242060, 70.74024058431260187 ) ) ;
#2021 = B_SPLINE_CURVE_WITH_KNOTS ( 'NONE', 3,
 ( #9046, #5301, #7521, #8329 ),
 .UNSPECIFIED., .F., .F.,
 ( 4, 4 ),
 ( 0.000000000000000000, 1.000000000000000000 ),
 .UNSPECIFIED. ) ;
#2022 = EDGE_LOOP ( 'NONE', ( #6553, #3550, #8444, #7400 ) ) ;
#2023 = VECTOR ( 'NONE', #8127, 1000.000000000000114 ) ;
#2024 = ORIENTED_EDGE ( 'NONE', *, *, #3334, .T. ) ;
#2025 = ORIENTED_EDGE ( 'NONE', *, *, #2593, .F. ) ;
#2026 = CARTESIAN_POINT ( 'NONE',  ( 74.01453536937928845, 157.4011999867829559, -66.00365091204803036 ) ) ;
#2027 = DIRECTION ( 'NONE',  ( 5.390695917567118667E-33, 4.855507225124589012E-17, -1.000000000000000000 ) ) ;
#2028 = CARTESIAN_POINT ( 'NONE',  ( -74.00230538426963278, 140.3244832886391009, 54.89407826866001017 ) ) ;
#2029 = DIRECTION ( 'NONE',  ( 0.000000000000000000, 3.768217412517130209E-16, -1.000000000000000000 ) ) ;
#2030 = DIRECTION ( 'NONE',  ( 0.8660254038194863391, 0.000000000000000000, 0.4999999999392956695 ) ) ;
#2031 = CARTESIAN_POINT ( 'NONE',  ( -45.50199634756409495, 153.2565892067360664, 78.94423359768489945 ) ) ;
#2032 = VECTOR ( 'NONE', #4811, 1000.000000000000000 ) ;
#2033 = VERTEX_POINT ( 'NONE', #3064 ) ;
#2034 = CARTESIAN_POINT ( 'NONE',  ( 24.40000000000000213, 154.9320508075674923, 95.40384820151517431 ) ) ;
#2035 = ORIENTED_EDGE ( 'NONE', *, *, #5764, .F. ) ;
#2036 = ORIENTED_EDGE ( 'NONE', *, *, #4507, .T. ) ;
#2037 = LINE ( 'NONE', #548, #1176 ) ;
#2038 = CARTESIAN_POINT ( 'NONE',  ( -65.42781479206347228, -39.69160147705074593, -131.2782624972614940 ) ) ;
#2039 = DIRECTION ( 'NONE',  ( 0.01745195043442254734, 0.9998215707699757981, -0.007228834559800748245 ) ) ;
#2040 = B_SPLINE_CURVE_WITH_KNOTS ( 'NONE', 3,
 ( #6680, #5964, #8213, #4549, #7354, #2230, #7447, #2366, #8884, #5318, #749, #6012, #2325, #3820, #2279, #63, #113, #1652, #7488, #5866 ),
 .UNSPECIFIED., .F., .F.,
 ( 4, 1, 1, 1, 2, 2, 2, 1, 1, 1, 2, 2, 4 ),
 ( 0.000000000000000000, 0.1249999999999987788, 0.1874999999999975575, 0.2187499999999973632, 0.2343749999999968914, 0.2499999999999963918, 0.4999999999999955591, 0.6249999999999945599, 0.6874999999999952260, 0.7187499999999953371, 0.7343749999999955591, 0.7499999999999958922, 1.000000000000000000 ),
 .UNSPECIFIED. ) ;
#2041 = CARTESIAN_POINT ( 'NONE',  ( 91.65877793275107877, -37.00000000000000711, -104.5737313600912586 ) ) ;
#2042 = CARTESIAN_POINT ( 'NONE',  ( 27.00000000000000000, -39.48206641583090004, -76.00000000000000000 ) ) ;
#2043 = CARTESIAN_POINT ( 'NONE',  ( 86.43458567538822024, -40.00000000000002842, -123.9941253060181197 ) ) ;
#2044 = VERTEX_POINT ( 'NONE', #5254 ) ;
#2045 = ADVANCED_FACE ( 'NONE', ( #868 ), #7468, .F. ) ;
#2046 = VERTEX_POINT ( 'NONE', #3843 ) ;
#2047 = CARTESIAN_POINT ( 'NONE',  ( 94.70761653009370207, -40.00000000000001421, -76.00000000000000000 ) ) ;
#2048 = CARTESIAN_POINT ( 'NONE',  ( 90.48827647190789492, 20.31071693261125333, -67.55267965051480417 ) ) ;
#2049 = CARTESIAN_POINT ( 'NONE',  ( -74.95197223108307583, 59.20496518281058940, 63.02879397674340822 ) ) ;
#2050 = LINE ( 'NONE', #6355, #1789 ) ;
#2051 = ORIENTED_EDGE ( 'NONE', *, *, #3609, .T. ) ;
#2052 = CARTESIAN_POINT ( 'NONE',  ( -63.27870993515902143, 154.9584335581672292, 57.83677774384099024 ) ) ;
#2053 = CARTESIAN_POINT ( 'NONE',  ( -70.13314510432969939, -37.00000000000000000, -125.8390451966460404 ) ) ;
#2054 = VERTEX_POINT ( 'NONE', #2302 ) ;
#2055 = CARTESIAN_POINT ( 'NONE',  ( 71.34907654081007422, 157.4999999999999716, -98.34647103993748374 ) ) ;
#2056 = EDGE_CURVE ( 'NONE', #8398, #5827, #6796, .T. ) ;
#2057 = VERTEX_POINT ( 'NONE', #2924 ) ;
#2058 = LINE ( 'NONE', #1332, #3669 ) ;
#2059 = CARTESIAN_POINT ( 'NONE',  ( 86.90513158326632492, -37.00000000000002842, -123.2704883389723420 ) ) ;
#2060 = DIRECTION ( 'NONE',  ( 0.9999999340962505423, 0.000000000000000000, 0.0003630530189073383771 ) ) ;
#2061 = CARTESIAN_POINT ( 'NONE',  ( 80.40198206917163759, 154.3152313426712681, -67.30000000000001137 ) ) ;
#2062 = CARTESIAN_POINT ( 'NONE',  ( -71.79366614632142785, -37.00000000000000000, -118.5304736748908851 ) ) ;
#2063 = CARTESIAN_POINT ( 'NONE',  ( -47.33819644443556030, 157.5000000000000568, -114.8021040350767663 ) ) ;
#2064 = DIRECTION ( 'NONE',  ( -1.000000000000000000, 2.369902754740968558E-16, -2.017448495904356403E-15 ) ) ;
#2065 = DIRECTION ( 'NONE',  ( 0.000000000000000000, -1.000000000000000000, 0.000000000000000000 ) ) ;
#2066 = ORIENTED_EDGE ( 'NONE', *, *, #1560, .F. ) ;
#2067 = VERTEX_POINT ( 'NONE', #6079 ) ;
#2068 = VERTEX_POINT ( 'NONE', #4483 ) ;
#2069 = PLANE ( 'NONE',  #2424 ) ;
#2070 = CARTESIAN_POINT ( 'NONE',  ( 76.70831691120201867, 117.5526642917093625, -67.29999999999999716 ) ) ;
#2071 = CARTESIAN_POINT ( 'NONE',  ( -40.26959554489856430, 62.00010105832345886, 89.60641343359067434 ) ) ;
#2072 = CARTESIAN_POINT ( 'NONE',  ( -66.95240940461997070, 140.2710115319408715, 69.00582795364474009 ) ) ;
#2073 = CARTESIAN_POINT ( 'NONE',  ( -49.60541454820928209, 142.9957580833883526, 83.04735633409337936 ) ) ;
#2074 = ORIENTED_EDGE ( 'NONE', *, *, #7002, .T. ) ;
#2075 = DIRECTION ( 'NONE',  ( 1.000000000000000000, 0.000000000000000000, 0.000000000000000000 ) ) ;
#2076 = VERTEX_POINT ( 'NONE', #3743 ) ;
#2077 = ORIENTED_EDGE ( 'NONE', *, *, #9055, .T. ) ;
#2078 = CARTESIAN_POINT ( 'NONE',  ( -79.38535892707687935, -39.88222809492731358, -103.8234592373811864 ) ) ;
#2079 = DIRECTION ( 'NONE',  ( 0.01745240643728311267, -0.9998476951563913806, 0.000000000000000000 ) ) ;
#2080 = EDGE_CURVE ( 'NONE', #4694, #4005, #6865, .T. ) ;
#2081 = AXIS2_PLACEMENT_3D ( 'NONE', #4845, #6303, #7787 ) ;
#2082 = CARTESIAN_POINT ( 'NONE',  ( 89.23590307039607694, -37.00000000000002132, -113.1240882392617380 ) ) ;
#2083 = DIRECTION ( 'NONE',  ( -3.301091116633059285E-19, 1.891193834115548192E-17, 1.000000000000000000 ) ) ;
#2084 = CARTESIAN_POINT ( 'NONE',  ( -44.42286480178449892, 62.00037045067482211, 91.19826948668966793 ) ) ;
#2085 = EDGE_CURVE ( 'NONE', #7399, #1685, #2350, .T. ) ;
#2086 = VERTEX_POINT ( 'NONE', #8860 ) ;
#2087 = ORIENTED_EDGE ( 'NONE', *, *, #9375, .F. ) ;
#2088 = AXIS2_PLACEMENT_3D ( 'NONE', #7502, #8755, #314 ) ;
#2089 = DIRECTION ( 'NONE',  ( -0.9998476951563904924, -0.01745240643732150904, 0.000000000000000000 ) ) ;
#2090 = DIRECTION ( 'NONE',  ( -1.000000000000000000, -0.000000000000000000, -1.387778780781445922E-16 ) ) ;
#2091 = DIRECTION ( 'NONE',  ( -1.000000000000000000, 0.000000000000000000, -0.000000000000000000 ) ) ;
#2092 = PLANE ( 'NONE',  #8875 ) ;
#2093 = ORIENTED_EDGE ( 'NONE', *, *, #5624, .F. ) ;
#2094 = CARTESIAN_POINT ( 'NONE',  ( -63.42167451452016280, 154.8329504256253131, 57.97969519674333583 ) ) ;
#2095 = CARTESIAN_POINT ( 'NONE',  ( -37.41304439313704222, 140.0000000000000000, 70.85504175204260946 ) ) ;
#2096 = VECTOR ( 'NONE', #6819, 1000.000000000000000 ) ;
#2097 = ORIENTED_EDGE ( 'NONE', *, *, #1140, .T. ) ;
#2098 = B_SPLINE_CURVE_WITH_KNOTS ( 'NONE', 3,
 ( #2641, #2823, #672, #4962, #4866, #9331, #626, #6324, #7180, #5694 ),
 .UNSPECIFIED., .F., .F.,
 ( 4, 2, 2, 2, 4 ),
 ( 0.000000000000000000, 0.2500000000000000000, 0.5000000000000000000, 0.7500000000000000000, 1.000000000000000000 ),
 .UNSPECIFIED. ) ;
#2099 = CARTESIAN_POINT ( 'NONE',  ( 52.50512676811680990, 157.4999999999999716, -120.9033023517147711 ) ) ;
#2100 = ORIENTED_EDGE ( 'NONE', *, *, #4100, .T. ) ;
#2101 = CARTESIAN_POINT ( 'NONE',  ( 80.33253770779980130, -39.69159971916376151, -131.3736719219234885 ) ) ;
#2102 = CARTESIAN_POINT ( 'NONE',  ( -80.00000000000001421, -37.00000000000000000, -96.00761524218039256 ) ) ;
#2103 = CARTESIAN_POINT ( 'NONE',  ( 79.58019784037209376, 140.4935533940293055, -125.8357348849602459 ) ) ;
#2104 = VECTOR ( 'NONE', #4775, 1000.000000000000000 ) ;
#2105 = VECTOR ( 'NONE', #6726, 1000.000000000000000 ) ;
#2106 = CARTESIAN_POINT ( 'NONE',  ( 76.54193907581844769, 155.8952617696605216, -67.30000000000001137 ) ) ;
#2107 = CARTESIAN_POINT ( 'NONE',  ( -76.65027076655407257, -36.99999999999999289, -104.6197082760619423 ) ) ;
#2108 = EDGE_CURVE ( 'NONE', #3950, #6156, #979, .T. ) ;
#2109 = LINE ( 'NONE', #5888, #8566 ) ;
#2110 = CARTESIAN_POINT ( 'NONE',  ( 71.85504175200183852, 160.0000000000000000, -94.82304684453902155 ) ) ;
#2111 = CARTESIAN_POINT ( 'NONE',  ( -49.84370125956947106, 140.1001826383032665, 83.17245760554042988 ) ) ;
#2112 = VECTOR ( 'NONE', #623, 1000.000000000000000 ) ;
#2113 = VERTEX_POINT ( 'NONE', #826 ) ;
#2114 = ORIENTED_EDGE ( 'NONE', *, *, #873, .F. ) ;
#2115 = CARTESIAN_POINT ( 'NONE',  ( 77.26008456236853306, 156.6828774225220116, -66.02920634483398032 ) ) ;
#2116 = LINE ( 'NONE', #1350, #5168 ) ;
#2117 = CARTESIAN_POINT ( 'NONE',  ( -70.09067116653469043, 140.3139067314921533, 62.87127690598929775 ) ) ;
#2118 = CARTESIAN_POINT ( 'NONE',  ( -357.3840944635300048, 62.00000000000000000, 92.21958337732181121 ) ) ;
#2119 = VECTOR ( 'NONE', #2587, 1000.000000000000000 ) ;
#2120 = CARTESIAN_POINT ( 'NONE',  ( -49.77901244537925152, 140.8332170811173683, 83.22101284649134811 ) ) ;
#2121 = ORIENTED_EDGE ( 'NONE', *, *, #6360, .T. ) ;
#2122 = CARTESIAN_POINT ( 'NONE',  ( 92.00000000000000000, 38.23686027918557784, 191.4461524227064615 ) ) ;
#2123 = VERTEX_POINT ( 'NONE', #5897 ) ;
#2124 = AXIS2_PLACEMENT_3D ( 'NONE', #4093, #3269, #7672 ) ;
#2125 = VERTEX_POINT ( 'NONE', #2257 ) ;
#2126 = LINE ( 'NONE', #8729, #3767 ) ;
#2127 = CARTESIAN_POINT ( 'NONE',  ( 92.28769384615078764, -27.88932536301387444, -74.00000000000000000 ) ) ;
#2128 = CARTESIAN_POINT ( 'NONE',  ( -76.46112382027902754, -39.76929518435962052, -114.4718640971798038 ) ) ;
#2129 = CARTESIAN_POINT ( 'NONE',  ( -91.80000000000001137, 153.3300508075680000, 218.0182069312400017 ) ) ;
#2130 = DIRECTION ( 'NONE',  ( 7.231268945543358372E-17, -1.583748323458199862E-16, 1.000000000000000000 ) ) ;
#2131 = LINE ( 'NONE', #8019, #1247 ) ;
#2132 = VERTEX_POINT ( 'NONE', #9531 ) ;
#2133 = ORIENTED_EDGE ( 'NONE', *, *, #4230, .F. ) ;
#2134 = AXIS2_PLACEMENT_3D ( 'NONE', #7019, #5480, #3288 ) ;
#2135 = CARTESIAN_POINT ( 'NONE',  ( 10.40000000000000213, 56.73205080756780205, 95.40384757729519549 ) ) ;
#2136 = DIRECTION ( 'NONE',  ( 1.000000000000000000, 0.000000000000000000, -3.521488656232920374E-16 ) ) ;
#2137 = CARTESIAN_POINT ( 'NONE',  ( 24.40000000000000568, 154.9340508075675018, 97.00584757729519936 ) ) ;
#2138 = CARTESIAN_POINT ( 'NONE',  ( 88.55684193631729784, 151.0066455574382758, -66.22677046098584697 ) ) ;
#2139 = VERTEX_POINT ( 'NONE', #6034 ) ;
#2140 = CARTESIAN_POINT ( 'NONE',  ( -65.40424196924752209, 152.6523005281496808, 59.96225938555916457 ) ) ;
#2141 = DIRECTION ( 'NONE',  ( 0.000000000000000000, 9.714451465470123426E-17, -1.000000000000000000 ) ) ;
#2142 = VECTOR ( 'NONE', #9320, 1000.000000000000000 ) ;
#2143 = ORIENTED_EDGE ( 'NONE', *, *, #1905, .T. ) ;
#2144 = DIRECTION ( 'NONE',  ( 0.1658845202397584428, -0.9861451850233946548, -1.122237407658821211E-16 ) ) ;
#2145 = ORIENTED_EDGE ( 'NONE', *, *, #817, .F. ) ;
#2146 = ORIENTED_EDGE ( 'NONE', *, *, #3609, .F. ) ;
#2147 = DIRECTION ( 'NONE',  ( -3.503464585017659440E-16, -6.115320180519409318E-18, -1.000000000000000000 ) ) ;
#2148 = EDGE_CURVE ( 'NONE', #6793, #1207, #5988, .T. ) ;
#2149 = CARTESIAN_POINT ( 'NONE',  ( 94.89449341323910403, -37.00000000000002842, -99.82028763691639028 ) ) ;
#2150 = CARTESIAN_POINT ( 'NONE',  ( 90.39999999999999147, 38.23686027918554942, 191.4461524227065183 ) ) ;
#2151 = PLANE ( 'NONE',  #2254 ) ;
#2152 = CARTESIAN_POINT ( 'NONE',  ( -73.58019239805057055, -36.99999999999997868, -114.7353747139541582 ) ) ;
#2153 = CARTESIAN_POINT ( 'NONE',  ( -54.37610067197628183, 157.5000000000000568, -104.8439451055071601 ) ) ;
#2154 = CARTESIAN_POINT ( 'NONE',  ( 70.32318189294437616, 160.0000000000000000, -102.5252698231934261 ) ) ;
#2155 = LINE ( 'NONE', #7373, #1241 ) ;
#2156 = VERTEX_POINT ( 'NONE', #1444 ) ;
#2157 = ORIENTED_EDGE ( 'NONE', *, *, #4194, .T. ) ;
#2158 = EDGE_CURVE ( 'NONE', #7589, #345, #4529, .T. ) ;
#2159 = ORIENTED_EDGE ( 'NONE', *, *, #7072, .T. ) ;
#2160 = AXIS2_PLACEMENT_3D ( 'NONE', #9515, #8128, #7272 ) ;
#2161 = CARTESIAN_POINT ( 'NONE',  ( 88.40323529823443494, 145.6974284839755001, -66.41225088691669498 ) ) ;
#2162 = CARTESIAN_POINT ( 'NONE',  ( 66.77643111511952156, 151.0978247863824606, 21.32770982726006537 ) ) ;
#2163 = AXIS2_PLACEMENT_3D ( 'NONE', #8520, #431, #5006 ) ;
#2164 = CARTESIAN_POINT ( 'NONE',  ( -73.57265072097541747, 140.3291440665384755, 56.57685708298419058 ) ) ;
#2165 = CARTESIAN_POINT ( 'NONE',  ( 89.76142303221948282, 4.295592409926380917, -69.30200000000000671 ) ) ;
#2166 = EDGE_CURVE ( 'NONE', #7399, #7436, #6701, .T. ) ;
#2167 = B_SPLINE_CURVE_WITH_KNOTS ( 'NONE', 3,
 ( #4699, #8985, #6879, #3832, #5481, #8266, #9032, #2380, #3289, #9122 ),
 .UNSPECIFIED., .F., .F.,
 ( 4, 2, 2, 2, 4 ),
 ( 0.000000000000000000, 0.2500000000000000000, 0.5000000000000000000, 0.7500000000000000000, 1.000000000000000000 ),
 .UNSPECIFIED. ) ;
#2168 = CARTESIAN_POINT ( 'NONE',  ( -49.56232888070504572, 143.3233034164863682, 83.00432103611575485 ) ) ;
#2169 = ORIENTED_EDGE ( 'NONE', *, *, #9194, .T. ) ;
#2170 = VECTOR ( 'NONE', #7544, 1000.000000000000227 ) ;
#2171 = CARTESIAN_POINT ( 'NONE',  ( 60.15717786478465712, 160.0000000000000000, -116.7096360667111412 ) ) ;
#2172 = VERTEX_POINT ( 'NONE', #8956 ) ;
#2173 = ADVANCED_FACE ( 'NONE', ( #8232 ), #1628, .T. ) ;
#2174 = ORIENTED_EDGE ( 'NONE', *, *, #5130, .T. ) ;
#2175 = CARTESIAN_POINT ( 'NONE',  ( 94.61837143405321626, -18.13651409970695028, -72.13336222320992874 ) ) ;
#2176 = CARTESIAN_POINT ( 'NONE',  ( -94.78139602057051150, 58.33405080756782013, 217.8018475772954901 ) ) ;
#2177 = AXIS2_PLACEMENT_3D ( 'NONE', #6092, #5315, #6050 ) ;
#2178 = CARTESIAN_POINT ( 'NONE',  ( -79.04277995287529279, -39.85841559045271509, -105.7299710467601130 ) ) ;
#2179 = ADVANCED_FACE ( 'NONE', ( #5158 ), #7517, .F. ) ;
#2180 = CARTESIAN_POINT ( 'NONE',  ( 67.00003794541326840, 159.7617873485295377, 3.441570658641928127 ) ) ;
#2181 = CARTESIAN_POINT ( 'NONE',  ( -42.00000000000000000, -38.00000000000000000, -76.00000000000000000 ) ) ;
#2182 = DIRECTION ( 'NONE',  ( 0.000000000000000000, -1.000000000000000000, 0.000000000000000000 ) ) ;
#2183 = CARTESIAN_POINT ( 'NONE',  ( 92.89999999999994884, 154.9320508075676059, 95.40384757729519549 ) ) ;
#2184 = ORIENTED_EDGE ( 'NONE', *, *, #8212, .F. ) ;
#2185 = CARTESIAN_POINT ( 'NONE',  ( 64.83062389348734200, 143.6315009352017569, 25.46571775225181611 ) ) ;
#2186 = CARTESIAN_POINT ( 'NONE',  ( 89.44829918164722926, 134.8100056225119090, -72.30200000000000671 ) ) ;
#2187 = CARTESIAN_POINT ( 'NONE',  ( 73.25222779541259399, 120.0134462860602014, -69.29999999999999716 ) ) ;
#2188 = CARTESIAN_POINT ( 'NONE',  ( 92.50038076210898907, -40.04363101609320807, -26.00000000000000355 ) ) ;
#2189 = ADVANCED_FACE ( 'NONE', ( #8089 ), #7377, .F. ) ;
#2190 = ORIENTED_EDGE ( 'NONE', *, *, #417, .F. ) ;
#2191 = LINE ( 'NONE', #1608, #5722 ) ;
#2192 = CYLINDRICAL_SURFACE ( 'NONE', #5562, 2.001999999999990010 ) ;
#2193 =( BOUNDED_SURFACE ( )  B_SPLINE_SURFACE ( 3, 3, ( 
 ( #3760, #1877, #884, #3174 ),
 ( #6766, #4592, #5226, #976 ),
 ( #3815, #7578, #156, #8248 ),
 ( #2274, #3127, #1647, #5365 ) ),
 .UNSPECIFIED., .F., .F., .F. ) 
 B_SPLINE_SURFACE_WITH_KNOTS ( ( 4, 4 ),
 ( 4, 4 ),
 ( 0.000000000000000000, 1.000000000000000000 ),
 ( 0.000000000000000000, 1.000000000000000000 ),
 .UNSPECIFIED. ) 
 GEOMETRIC_REPRESENTATION_ITEM ( )  RATIONAL_B_SPLINE_SURFACE ( (
 ( 1.000000000000000000, 0.8044580340672394803, 0.8044580340672394803, 1.000000000000000000),
 ( 0.9513936124107594816, 0.7653562350640887857, 0.7653562350640887857, 0.9513936124107594816),
 ( 0.9513936124107594816, 0.7653562350640887857, 0.7653562350640887857, 0.9513936124107594816),
 ( 1.000000000000000000, 0.8044580340672394803, 0.8044580340672394803, 1.000000000000000000) ) ) 
 REPRESENTATION_ITEM ( '' )  SURFACE ( )  );
#2194 = VERTEX_POINT ( 'NONE', #4385 ) ;
#2195 = CARTESIAN_POINT ( 'NONE',  ( 67.12746537215200249, 156.4237452360825387, -69.29999999999999716 ) ) ;
#2196 = ORIENTED_EDGE ( 'NONE', *, *, #8119, .F. ) ;
#2197 = VERTEX_POINT ( 'NONE', #7331 ) ;
#2198 = CARTESIAN_POINT ( 'NONE',  ( 90.86228756681647667, -39.75777271042482397, -115.9123346415371287 ) ) ;
#2199 = CARTESIAN_POINT ( 'NONE',  ( 64.09289445405529762, -37.00000000000000711, -142.2094141781726364 ) ) ;
#2200 = CARTESIAN_POINT ( 'NONE',  ( -94.78139602057071045, 58.33405080756781302, 95.40384757729518128 ) ) ;
#2201 = FACE_OUTER_BOUND ( 'NONE', #5099, .T. ) ;
#2202 = CARTESIAN_POINT ( 'NONE',  ( 89.44545348553039332, 134.9730354438597999, -75.93848251001995209 ) ) ;
#2204 = EDGE_LOOP ( 'NONE', ( #8501, #7730, #2843, #6539, #911 ) ) ;
#2203 = CARTESIAN_POINT ( 'NONE',  ( -54.82682391175404746, 157.5000000000000284, -103.7035553428941625 ) ) ;
#2205 = DIRECTION ( 'NONE',  ( 0.1658845202397590257, -0.9861451850233945438, 0.000000000000000000 ) ) ;
#2206 = DIRECTION ( 'NONE',  ( 1.000000000000000000, 0.000000000000000000, 0.000000000000000000 ) ) ;
#2207 = ORIENTED_EDGE ( 'NONE', *, *, #5340, .F. ) ;
#2208 = CC_DESIGN_PERSON_AND_ORGANIZATION_ASSIGNMENT ( #2643, #9240, ( #319 ) ) ;
#2209 = EDGE_LOOP ( 'NONE', ( #2802, #4295, #4606, #6066 ) ) ;
#2210 = FACE_OUTER_BOUND ( 'NONE', #3239, .T. ) ;
#2211 = DIRECTION ( 'NONE',  ( 0.9999999340962500982, 0.000000000000000000, 0.0003630530201409584625 ) ) ;
#2212 = CARTESIAN_POINT ( 'NONE',  ( -74.30604299249851863, 140.3137940767362863, 52.68351827739962800 ) ) ;
#2213 = CARTESIAN_POINT ( 'NONE',  ( -74.30720863314350311, 140.3054171126524636, -72.99793321476499841 ) ) ;
#2214 = CARTESIAN_POINT ( 'NONE',  ( -46.22295591181701724, 152.2894777359191210, 79.66496564028834371 ) ) ;
#2215 = ORIENTED_EDGE ( 'NONE', *, *, #299, .T. ) ;
#2216 = CARTESIAN_POINT ( 'NONE',  ( 9.131633956022291443, 148.5481338969483716, 85.16585763824775768 ) ) ;
#2217 = CARTESIAN_POINT ( 'NONE',  ( -29.99238359780465046, -37.00000000000000000, -95.99238359780468954 ) ) ;
#2218 = ADVANCED_FACE ( 'NONE', ( #3697 ), #6660, .T. ) ;
#2219 = EDGE_LOOP ( 'NONE', ( #5279, #1451, #5278, #7306 ) ) ;
#2220 = VERTEX_POINT ( 'NONE', #8421 ) ;
#2221 = CARTESIAN_POINT ( 'NONE',  ( -75.50000000000000000, -40.00000000000000000, -90.00000000000000000 ) ) ;
#2222 = CARTESIAN_POINT ( 'NONE',  ( -0.3113999252448696464, 141.5542378363440719, 87.74690010604156498 ) ) ;
#2223 = CARTESIAN_POINT ( 'NONE',  ( -76.72323409426343233, -39.77483489896639668, -113.8048107378181015 ) ) ;
#2224 = LINE ( 'NONE', #5175, #1960 ) ;
#2225 = CARTESIAN_POINT ( 'NONE',  ( 90.28639007858178900, 88.81762746351400040, -72.30200000000000671 ) ) ;
#2226 = EDGE_CURVE ( 'NONE', #3358, #5842, #426, .T. ) ;
#2227 = DIRECTION ( 'NONE',  ( 1.000000000000000000, 0.000000000000000000, -3.521488656232920374E-16 ) ) ;
#2228 = LINE ( 'NONE', #7972, #785 ) ;
#2229 = VERTEX_POINT ( 'NONE', #6125 ) ;
#2230 = CARTESIAN_POINT ( 'NONE',  ( -75.55562409727899364, 55.50662892601575038, 55.12779816012458411 ) ) ;
#2231 = DIRECTION ( 'NONE',  ( 6.123233995736769734E-17, -9.958194727654479714E-17, -1.000000000000000000 ) ) ;
#2232 = CARTESIAN_POINT ( 'NONE',  ( 24.19293843679688294, 61.99999999740329315, 88.43264053919695300 ) ) ;
#2233 = AXIS2_PLACEMENT_3D ( 'NONE', #6852, #4873, #3996 ) ;
#2234 = LINE ( 'NONE', #2850, #4255 ) ;
#2235 = ORIENTED_EDGE ( 'NONE', *, *, #3373, .F. ) ;
#2236 = DIRECTION ( 'NONE',  ( 0.9998476951563912696, 0.01745240643728350471, -3.503998260924795306E-16 ) ) ;
#2237 = CARTESIAN_POINT ( 'NONE',  ( -77.86506375044517370, -36.99999999999999289, -110.6074671731899315 ) ) ;
#2238 = CARTESIAN_POINT ( 'NONE',  ( -102.9980000000000047, 58.33405080756780592, 97.00584757729509988 ) ) ;
#2239 = ORIENTED_EDGE ( 'NONE', *, *, #30, .F. ) ;
#2240 = VECTOR ( 'NONE', #8310, 1000.000000000000000 ) ;
#2241 = VERTEX_POINT ( 'NONE', #9093 ) ;
#2242 = ORIENTED_EDGE ( 'NONE', *, *, #7475, .T. ) ;
#2243 = CARTESIAN_POINT ( 'NONE',  ( 93.88393691727769408, -39.84935057196918251, -106.5019694638069723 ) ) ;
#2244 = LINE ( 'NONE', #8946, #4909 ) ;
#2245 = DIRECTION ( 'NONE',  ( -0.9998476951563911586, -0.01745240643728360533, 3.503998260924795306E-16 ) ) ;
#2246 = CARTESIAN_POINT ( 'NONE',  ( -1.527224401975316947, 156.8906607097940196, 74.09679120541673569 ) ) ;
#2247 = CARTESIAN_POINT ( 'NONE',  ( 87.71254108404642125, 134.7797078522187064, -67.30000000000001137 ) ) ;
#2248 = AXIS2_PLACEMENT_3D ( 'NONE', #6543, #4509, #2136 ) ;
#2249 = FACE_OUTER_BOUND ( 'NONE', #2520, .T. ) ;
#2250 = FACE_OUTER_BOUND ( 'NONE', #9358, .T. ) ;
#2251 = CARTESIAN_POINT ( 'NONE',  ( -76.85438026068503348, 140.1626628929270737, 51.50717040804450164 ) ) ;
#2252 = EDGE_CURVE ( 'NONE', #2156, #3995, #4711, .T. ) ;
#2253 = ORIENTED_EDGE ( 'NONE', *, *, #3753, .F. ) ;
#2254 = AXIS2_PLACEMENT_3D ( 'NONE', #477, #8706, #9326 ) ;
#2255 = EDGE_LOOP ( 'NONE', ( #659, #7906, #2074, #1922 ) ) ;
#2256 = CARTESIAN_POINT ( 'NONE',  ( 91.96634791900420680, -7.427092755576320648, -71.75938098906155460 ) ) ;
#2257 = CARTESIAN_POINT ( 'NONE',  ( 87.48140458133913455, 134.9177619782839201, -72.93919536624201783 ) ) ;
#2258 = CARTESIAN_POINT ( 'NONE',  ( -74.33136935074598739, 140.3112345785886248, 52.26810002624235807 ) ) ;
#2259 = CARTESIAN_POINT ( 'NONE',  ( 89.42212057199131436, 136.3097771652464303, -72.30200000000000671 ) ) ;
#2260 = CARTESIAN_POINT ( 'NONE',  ( 91.93106810707419640, -7.427730853239918218, -71.75940327192299151 ) ) ;
#2261 = VECTOR ( 'NONE', #2985, 1000.000000000000000 ) ;
#2262 = VECTOR ( 'NONE', #4299, 1000.000000000000227 ) ;
#2263 = ORIENTED_EDGE ( 'NONE', *, *, #2333, .T. ) ;
#2264 = LINE ( 'NONE', #143, #5229 ) ;
#2265 = CARTESIAN_POINT ( 'NONE',  ( 55.15284193020797687, 160.0000000000000000, -119.8207263535676645 ) ) ;
#2266 = ORIENTED_EDGE ( 'NONE', *, *, #5894, .F. ) ;
#2267 = EDGE_LOOP ( 'NONE', ( #5855, #9088, #8844, #1985, #3285, #1049 ) ) ;
#2268 = CARTESIAN_POINT ( 'NONE',  ( 78.48608578551058201, 158.9437829724669484, -66.00000000000000000 ) ) ;
#2269 = VECTOR ( 'NONE', #500, 1000.000000000000114 ) ;
#2270 = DIRECTION ( 'NONE',  ( -0.01745240643728350124, 0.9998476951563911586, 0.000000000000000000 ) ) ;
#2271 = CARTESIAN_POINT ( 'NONE',  ( -30.00761524218050269, -40.00000000000000000, -146.0000000000000284 ) ) ;
#2272 = CARTESIAN_POINT ( 'NONE',  ( 67.11252825617145845, 156.5004863628854821, -67.29799999999998761 ) ) ;
#2273 = DIRECTION ( 'NONE',  ( -0.9998476951563911586, 0.01745240643728377533, 0.000000000000000000 ) ) ;
#2274 = CARTESIAN_POINT ( 'NONE',  ( -4.768706341644588953, 157.4992399500083877, 70.69194309468730353 ) ) ;
#2275 = AXIS2_PLACEMENT_3D ( 'NONE', #7289, #5016, #4288 ) ;
#2276 = CARTESIAN_POINT ( 'NONE',  ( -37.97951777538705187, 61.99999999999999289, 92.21958337732181121 ) ) ;
#2277 = ORIENTED_EDGE ( 'NONE', *, *, #149, .F. ) ;
#2278 = EDGE_CURVE ( 'NONE', #8555, #1441, #229, .T. ) ;
#2279 = CARTESIAN_POINT ( 'NONE',  ( -72.97256359658719305, 58.49472803208355742, 61.51146443217857041 ) ) ;
#2280 = DIRECTION ( 'NONE',  ( 0.9998476951563912696, 0.01745240643728360533, -3.503998260924795799E-16 ) ) ;
#2281 = CARTESIAN_POINT ( 'NONE',  ( 20.80800035486409882, 61.99999999935553774, 89.40068412671172382 ) ) ;
#2282 = DIRECTION ( 'NONE',  ( 0.01745240643728340063, -0.9998476951563911586, -0.000000000000000000 ) ) ;
#2283 = EDGE_CURVE ( 'NONE', #7613, #3129, #3158, .T. ) ;
#2284 = VERTEX_POINT ( 'NONE', #3986 ) ;
#2285 = EDGE_LOOP ( 'NONE', ( #8944, #5072, #5763, #287 ) ) ;
#2286 = CARTESIAN_POINT ( 'NONE',  ( 71.60229177560970015, 156.5018536214975029, -69.29999999999999716 ) ) ;
#2287 = LINE ( 'NONE', #1428, #486 ) ;
#2288 = LINE ( 'NONE', #5192, #4159 ) ;
#2289 = AXIS2_PLACEMENT_3D ( 'NONE', #6926, #3974, #313 ) ;
#2290 = ORIENTED_EDGE ( 'NONE', *, *, #1966, .F. ) ;
#2291 = CARTESIAN_POINT ( 'NONE',  ( 89.68051524206092040, -39.73909024139548762, -118.4540591901705113 ) ) ;
#2292 = CARTESIAN_POINT ( 'NONE',  ( 92.15776536573324051, -20.41520981316064010, -72.76167504524411811 ) ) ;
#2293 = CARTESIAN_POINT ( 'NONE',  ( 91.85199565517051212, 140.3490481287456078, -66.59892443686010211 ) ) ;
#2294 = CARTESIAN_POINT ( 'NONE',  ( 27.00000000000000000, -38.00000000000000000, -74.00000000000000000 ) ) ;
#2295 = VECTOR ( 'NONE', #3961, 1000.000000000000000 ) ;
#2296 = CARTESIAN_POINT ( 'NONE',  ( 90.39999999999999147, 56.73205080756771679, 196.8038475772949880 ) ) ;
#2297 = CARTESIAN_POINT ( 'NONE',  ( 28.27853889519693453, 62.00044672344280627, 89.26787578037308890 ) ) ;
#2298 = CARTESIAN_POINT ( 'NONE',  ( 71.85504175204269472, 160.0000000000000284, -66.00000000000000000 ) ) ;
#2299 = FACE_OUTER_BOUND ( 'NONE', #2267, .T. ) ;
#2300 = ORIENTED_EDGE ( 'NONE', *, *, #965, .T. ) ;
#2301 = DIRECTION ( 'NONE',  ( -0.007228834559800859268, -0.9998215707699756871, 0.01745195043442228713 ) ) ;
#2302 = CARTESIAN_POINT ( 'NONE',  ( 72.29624171239171915, -37.00000000000000711, -75.94470858355759901 ) ) ;
#2303 = CARTESIAN_POINT ( 'NONE',  ( -74.29413135923319089, 140.3147316055483032, 52.83794817001680855 ) ) ;
#2304 = CARTESIAN_POINT ( 'NONE',  ( -76.87123684247437438, -4.000000000000003553, -72.00000000000001421 ) ) ;
#2305 = CARTESIAN_POINT ( 'NONE',  ( 66.53381774197498544, 144.1502867831963783, 27.22109622306578913 ) ) ;
#2306 = CARTESIAN_POINT ( 'NONE',  ( 5.354636517952692465, 158.0301285442030803, 70.68699503881940416 ) ) ;
#2307 = DIRECTION ( 'NONE',  ( 0.000000000000000000, 0.000000000000000000, 1.000000000000000000 ) ) ;
#2308 = VECTOR ( 'NONE', #6157, 1000.000000000000227 ) ;
#2309 = AXIS2_PLACEMENT_3D ( 'NONE', #2918, #9525, #2205 ) ;
#2310 = ORIENTED_EDGE ( 'NONE', *, *, #1904, .T. ) ;
#2311 = ORIENTED_EDGE ( 'NONE', *, *, #373, .F. ) ;
#2312 = CARTESIAN_POINT ( 'NONE',  ( -89.59999999999999432, 153.3300508075680000, 217.8038475772949596 ) ) ;
#2313 = CARTESIAN_POINT ( 'NONE',  ( 89.34984498869921765, 140.4264501268273762, -67.29999999999999716 ) ) ;
#2314 = CARTESIAN_POINT ( 'NONE',  ( 71.67347540769242187, 119.7478762803534806, -68.52832253338978319 ) ) ;
#2315 = DIRECTION ( 'NONE',  ( 0.000000000000000000, -0.8660254037844438146, -0.4999999999999909517 ) ) ;
#2316 = DIRECTION ( 'NONE',  ( -0.007228834559800908707, -0.9998215707699757981, 0.01745195043442239816 ) ) ;
#2317 = CC_DESIGN_APPROVAL ( #5634, ( #376 ) ) ;
#2318 = ORIENTED_EDGE ( 'NONE', *, *, #8147, .T. ) ;
#2319 = VECTOR ( 'NONE', #8892, 1000.000000000000000 ) ;
#2320 = CARTESIAN_POINT ( 'NONE',  ( 2.399999999999930189, 154.9320508075676059, 95.40384820151517431 ) ) ;
#2321 = DIRECTION ( 'NONE',  ( 1.850371467388899139E-14, -0.0003576945188999615540, -0.9999999360273135185 ) ) ;
#2322 = EDGE_LOOP ( 'NONE', ( #392, #4395, #1083, #5695 ) ) ;
#2323 = VECTOR ( 'NONE', #8342, 1000.000000000000000 ) ;
#2324 = EDGE_CURVE ( 'NONE', #1879, #8656, #627, .T. ) ;
#2325 = CARTESIAN_POINT ( 'NONE',  ( -73.36131356291475925, 58.20885585402235307, 60.90073750632052452 ) ) ;
#2326 = CARTESIAN_POINT ( 'NONE',  ( -80.00000000000000000, 140.0000000000000000, 70.85504175204260946 ) ) ;
#2327 = EDGE_CURVE ( 'NONE', #7964, #8179, #5393, .T. ) ;
#2328 = CARTESIAN_POINT ( 'NONE',  ( 77.69437860488513081, 140.4318592089386470, -124.1870969266123268 ) ) ;
#2329 = CARTESIAN_POINT ( 'NONE',  ( 91.93106810707418219, -7.427730853239919107, -71.75940327192297730 ) ) ;
#2330 = DIRECTION ( 'NONE',  ( 0.000000000000000000, 0.000000000000000000, -1.000000000000000000 ) ) ;
#2331 = CARTESIAN_POINT ( 'NONE',  ( -72.59148630709502470, -36.99999999999999289, -122.0669723239672919 ) ) ;
#2332 = EDGE_CURVE ( 'NONE', #6800, #4234, #8278, .T. ) ;
#2333 = EDGE_CURVE ( 'NONE', #2606, #5596, #6985, .T. ) ;
#2334 = CARTESIAN_POINT ( 'NONE',  ( -53.82072635358122881, 160.0000000000000284, -106.1528419302080124 ) ) ;
#2335 = ORIENTED_EDGE ( 'NONE', *, *, #8153, .T. ) ;
#2336 = ORIENTED_EDGE ( 'NONE', *, *, #6531, .T. ) ;
#2337 = CARTESIAN_POINT ( 'NONE',  ( 48.07625418900642700, 140.3434077208647182, -140.0455966006699953 ) ) ;
#2338 = DIRECTION ( 'NONE',  ( 8.673617379884039170E-17, -1.000000000000000000, -0.000000000000000000 ) ) ;
#2339 = DIRECTION ( 'NONE',  ( -1.000000000000000000, 1.110223024625155801E-16, 0.000000000000000000 ) ) ;
#2340 = CARTESIAN_POINT ( 'NONE',  ( -3.080117323196912338, 157.3365530733868525, 72.54388980219889049 ) ) ;
#2341 = B_SPLINE_CURVE_WITH_KNOTS ( 'NONE', 3,
 ( #7376, #5746, #6474, #6659, #5157, #2161, #4284, #6613, #8088, #3595, #9482, #8045, #9385, #1490, #2736, #6564, #1349, #777, #2826, #2781, #632, #9530, #4434, #4966, #8718, #3551, #8669, #3696, #1396, #5700, #5896, #4338, #1443, #2115, #8622, #2026, #4384, #5063 ),
 .UNSPECIFIED., .F., .F.,
 ( 4, 2, 2, 2, 1, 1, 1, 1, 1, 2, 2, 2, 2, 2, 1, 1, 1, 2, 2, 2, 2, 2, 4 ),
 ( 0.000000000000000000, 0.1249999999996536937, 0.1874999999994805266, 0.2187499999993941791, 0.2343749999993506583, 0.2421874999993288424, 0.2460937499993199606, 0.2480468749993154920, 0.2490234374993136601, 0.2495117187493123556, 0.2499999999993109956, 0.3749999999994390043, 0.4374999999995022315, 0.4687499999995327071, 0.4843749999995478617, 0.4921874999995554667, 0.4960937499995610178, 0.4980468749995631828, 0.4999999999995653477, 0.6249999999996740385, 0.7499999999997826183, 0.8749999999998913092, 1.000000000000000000 ),
 .UNSPECIFIED. ) ;
#2342 = CARTESIAN_POINT ( 'NONE',  ( 88.93586333581893655, 134.8010610215515044, -67.90682129874703321 ) ) ;
#2343 = CARTESIAN_POINT ( 'NONE',  ( -28.69505185772432654, 157.5000000000000568, -122.8549777501646787 ) ) ;
#2344 = DIRECTION ( 'NONE',  ( 0.000000000000000000, 0.000000000000000000, -1.000000000000000000 ) ) ;
#2345 = EDGE_CURVE ( 'NONE', #5943, #7445, #5161, .T. ) ;
#2346 = CARTESIAN_POINT ( 'NONE',  ( -56.66864328649365490, 159.9991313714394323, 62.98568092831067844 ) ) ;
#2347 = VERTEX_POINT ( 'NONE', #1245 ) ;
#2348 = EDGE_CURVE ( 'NONE', #7471, #859, #8392, .T. ) ;
#2349 = DIRECTION ( 'NONE',  ( 7.017299691634258992E-17, 0.9056902265584385603, -0.4239401060486308048 ) ) ;
#2350 = LINE ( 'NONE', #5938, #1629 ) ;
#2351 = DIRECTION ( 'NONE',  ( 0.007399699481118356126, 0.4239284993523986800, 0.9056654304346679618 ) ) ;
#2352 = CARTESIAN_POINT ( 'NONE',  ( -40.01960871807590081, 157.1085394418638259, 73.46170551585967701 ) ) ;
#2353 = DIRECTION ( 'NONE',  ( -7.165827653609149284E-17, 2.402145685636844926E-16, -1.000000000000000000 ) ) ;
#2354 =( NAMED_UNIT ( * ) SI_UNIT ( $, .STERADIAN. ) SOLID_ANGLE_UNIT ( ) );
#2355 = ORIENTED_EDGE ( 'NONE', *, *, #8981, .F. ) ;
#2356 = ORIENTED_EDGE ( 'NONE', *, *, #6379, .F. ) ;
#2357 = DIRECTION ( 'NONE',  ( 5.390695917567118667E-33, 4.855507225124589012E-17, -1.000000000000000000 ) ) ;
#2358 = CARTESIAN_POINT ( 'NONE',  ( -40.15284193021484782, 160.0000000000000000, -119.8207263535812501 ) ) ;
#2359 = CARTESIAN_POINT ( 'NONE',  ( -51.61950938334554451, 154.0769008908847866, 70.72384041749403139 ) ) ;
#2360 = CARTESIAN_POINT ( 'NONE',  ( 24.40000000000000213, 154.9340508075675018, 97.00584757729519936 ) ) ;
#2361 = CARTESIAN_POINT ( 'NONE',  ( 67.00000000000000000, 158.5000000000000000, -66.00000000000000000 ) ) ;
#2362 = LINE ( 'NONE', #5270, #6656 ) ;
#2363 = CARTESIAN_POINT ( 'NONE',  ( -28.00000000000000000, -38.00000000000000000, -74.00000000000000000 ) ) ;
#2364 = EDGE_CURVE ( 'NONE', #6923, #7041, #2725, .T. ) ;
#2365 = ORIENTED_EDGE ( 'NONE', *, *, #5214, .T. ) ;
#2366 = CARTESIAN_POINT ( 'NONE',  ( -75.51515490056719671, 55.60365675871192792, 55.33508489361188509 ) ) ;
#2367 = CARTESIAN_POINT ( 'NONE',  ( 66.84510223485042957, 153.0643083642210627, 20.75508464008458276 ) ) ;
#2368 = LINE ( 'NONE', #982, #3960 ) ;
#2369 = CARTESIAN_POINT ( 'NONE',  ( -77.50000000000000000, -24.00000000000000000, -90.00000000000000000 ) ) ;
#2371 = ORIENTED_EDGE ( 'NONE', *, *, #2080, .T. ) ;
#2370 = CARTESIAN_POINT ( 'NONE',  ( -69.13523771931744477, 142.4057550481299472, 63.69324357997899000 ) ) ;
#2372 = LINE ( 'NONE', #9069, #7718 ) ;
#2373 = ORIENTED_EDGE ( 'NONE', *, *, #1220, .F. ) ;
#2374 = DIRECTION ( 'NONE',  ( -0.01745240643728300858, 0.9998476951563912696, -1.891481915972949175E-17 ) ) ;
#2375 = ORIENTED_EDGE ( 'NONE', *, *, #3272, .F. ) ;
#2376 = ORIENTED_EDGE ( 'NONE', *, *, #8462, .T. ) ;
#2377 = CARTESIAN_POINT ( 'NONE',  ( 41.85961089735094021, 157.5000000000000284, -122.8550417520427800 ) ) ;
#2378 = AXIS2_PLACEMENT_3D ( 'NONE', #3424, #4801, #1410 ) ;
#2379 = CARTESIAN_POINT ( 'NONE',  ( 59.60746717308065712, -37.00000000000001421, -143.8650637505017471 ) ) ;
#2380 = CARTESIAN_POINT ( 'NONE',  ( 8.129813666223762780, 148.5092579158983881, 83.75356175991100827 ) ) ;
#2381 = DIRECTION ( 'NONE',  ( 2.558182173707144518E-17, -1.520780256872541994E-16, 1.000000000000000000 ) ) ;
#2382 = CARTESIAN_POINT ( 'NONE',  ( -92.17074539372529784, 58.33405080756779171, 97.00384757729510454 ) ) ;
#2383 = EDGE_CURVE ( 'NONE', #6598, #4984, #7171, .T. ) ;
#2384 = CARTESIAN_POINT ( 'NONE',  ( 20.72292316300353932, 62.00000000914599951, 91.95709527372422087 ) ) ;
#2385 = LINE ( 'NONE', #4756, #4634 ) ;
#2386 = CYLINDRICAL_SURFACE ( 'NONE', #8488, 1.601999999999992319 ) ;
#2387 = ADVANCED_FACE ( 'NONE', ( #667 ), #5736, .F. ) ;
#2388 = ORIENTED_EDGE ( 'NONE', *, *, #9501, .F. ) ;
#2389 = PLANE ( 'NONE',  #5049 ) ;
#2390 = CARTESIAN_POINT ( 'NONE',  ( -37.41304439313704222, 140.3054171126524068, 88.35237641727951541 ) ) ;
#2391 = CARTESIAN_POINT ( 'NONE',  ( -51.04743498556274517, 145.4664790949065605, 84.48943234446835504 ) ) ;
#2392 = ADVANCED_FACE ( 'NONE', ( #9230 ), #2817, .F. ) ;
#2393 = AXIS2_PLACEMENT_3D ( 'NONE', #5196, #8134, #7416 ) ;
#2394 = LINE ( 'NONE', #5396, #8132 ) ;
#2395 = DIRECTION ( 'NONE',  ( -0.000000000000000000, -1.000000000000000000, -0.000000000000000000 ) ) ;
#2396 = AXIS2_PLACEMENT_3D ( 'NONE', #8837, #2280, #7403 ) ;
#2397 = CARTESIAN_POINT ( 'NONE',  ( -357.3840944635300048, -40.00000000000000000, -72.00000000000001421 ) ) ;
#2398 =( NAMED_UNIT ( * ) PLANE_ANGLE_UNIT ( ) SI_UNIT ( $, .RADIAN. ) );
#2399 = ORIENTED_EDGE ( 'NONE', *, *, #6192, .T. ) ;
#2400 = ORIENTED_EDGE ( 'NONE', *, *, #3508, .F. ) ;
#2401 = DIRECTION ( 'NONE',  ( 0.000000000000000000, 1.000000000000000000, 0.000000000000000000 ) ) ;
#2402 = CARTESIAN_POINT ( 'NONE',  ( -75.25181775948594520, 140.4283460392379084, -105.8213768680214315 ) ) ;
#2403 = VECTOR ( 'NONE', #5364, 1000.000000000000114 ) ;
#2404 = DIRECTION ( 'NONE',  ( 7.231268945543358372E-17, -1.583748323458199862E-16, 1.000000000000000000 ) ) ;
#2405 = VECTOR ( 'NONE', #2282, 1000.000000000000114 ) ;
#2406 = DIRECTION ( 'NONE',  ( -0.2718618336224462584, 0.9621897258691907151, -0.01679508413831108313 ) ) ;
#2407 = CARTESIAN_POINT ( 'NONE',  ( -45.96094508932835510, 140.4558859578862382, -139.0579515065407179 ) ) ;
#2408 = CARTESIAN_POINT ( 'NONE',  ( 71.77561869571499642, 116.7229099214700057, -69.29999999999999716 ) ) ;
#2409 = CARTESIAN_POINT ( 'NONE',  ( 65.84338824662664535, 157.1751302234265779, 5.724358533135039728 ) ) ;
#2410 = ORIENTED_EDGE ( 'NONE', *, *, #8756, .F. ) ;
#2411 = LINE ( 'NONE', #8438, #8764 ) ;
#2412 = CARTESIAN_POINT ( 'NONE',  ( 66.94284261888196852, 155.8632267573174488, 16.38203129822606385 ) ) ;
#2413 = ADVANCED_FACE ( 'NONE', ( #7899 ), #572, .F. ) ;
#2414 = DIRECTION ( 'NONE',  ( 0.000000000000000000, 0.8660254037844383745, 0.5000000000000003331 ) ) ;
#2415 = CARTESIAN_POINT ( 'NONE',  ( -28.00000000000000000, -55.00000000000000000, -74.00000000000000000 ) ) ;
#2416 = AXIS2_PLACEMENT_3D ( 'NONE', #5467, #4510, #6725 ) ;
#2417 = EDGE_CURVE ( 'NONE', #203, #1706, #88, .T. ) ;
#2418 = LINE ( 'NONE', #9159, #2462 ) ;
#2419 = CARTESIAN_POINT ( 'NONE',  ( -56.85504175204266630, 157.4989269163039580, -75.99159735016458228 ) ) ;
#2420 = ORIENTED_EDGE ( 'NONE', *, *, #9254, .T. ) ;
#2421 = CARTESIAN_POINT ( 'NONE',  ( 84.90000000000000568, -128.4334684294335887, 152.6030191501704962 ) ) ;
#2422 = VERTEX_POINT ( 'NONE', #4224 ) ;
#2423 = EDGE_LOOP ( 'NONE', ( #2355, #1063 ) ) ;
#2424 = AXIS2_PLACEMENT_3D ( 'NONE', #8003, #727, #3648 ) ;
#2425 = ORIENTED_EDGE ( 'NONE', *, *, #5182, .T. ) ;
#2426 = DIRECTION ( 'NONE',  ( 0.9998476951563912696, 0.01745240643728360533, -3.503998260924795799E-16 ) ) ;
#2427 = CARTESIAN_POINT ( 'NONE',  ( 92.13688161557065825, -19.22503652529714557, -72.27151332249540872 ) ) ;
#2428 = CARTESIAN_POINT ( 'NONE',  ( -76.72280484625682107, 140.3657177476844993, 54.03051696478543420 ) ) ;
#2429 = CARTESIAN_POINT ( 'NONE',  ( 1.548268680921033980, 155.0579105851601014, 77.17201752642839097 ) ) ;
#2430 = CARTESIAN_POINT ( 'NONE',  ( -42.16212612687318284, 140.3881860046712688, -137.9254869040061351 ) ) ;
#2431 = DIRECTION ( 'NONE',  ( 0.6973099475644944922, 0.1172980691555156607, 0.7071067811865403563 ) ) ;
#2432 = CARTESIAN_POINT ( 'NONE',  ( 64.45834401103553546, 119.9996468666597025, 33.10975906032984284 ) ) ;
#2433 = VECTOR ( 'NONE', #3383, 1000.000000000000000 ) ;
#2434 = CYLINDRICAL_SURFACE ( 'NONE', #3249, 17.50000000000000355 ) ;
#2435 = VERTEX_POINT ( 'NONE', #4860 ) ;
#2436 = B_SPLINE_CURVE_WITH_KNOTS ( 'NONE', 3,
 ( #9061, #4546, #3910, #6860 ),
 .UNSPECIFIED., .F., .F.,
 ( 4, 4 ),
 ( 0.000000000000000000, 1.000000000000000000 ),
 .UNSPECIFIED. ) ;
#2437 = ORIENTED_EDGE ( 'NONE', *, *, #7191, .T. ) ;
#2438 = LINE ( 'NONE', #276, #9039 ) ;
#2439 = CARTESIAN_POINT ( 'NONE',  ( 76.21066335048277551, 120.5110998467795866, -67.29999999999999716 ) ) ;
#2440 = CARTESIAN_POINT ( 'NONE',  ( -37.41304439313704222, 160.0000000000000284, 70.85504175204262367 ) ) ;
#2441 = VECTOR ( 'NONE', #6894, 1000.000000000000000 ) ;
#2442 = CARTESIAN_POINT ( 'NONE',  ( -71.92548690399887334, 140.3881860046710983, -108.1621261268905982 ) ) ;
#2443 = CARTESIAN_POINT ( 'NONE',  ( -41.94976917807111505, 156.2814725677903311, 75.39176699646404245 ) ) ;
#2444 = ADVANCED_FACE ( 'NONE', ( #2012 ), #7130, .T. ) ;
#2445 = ORIENTED_EDGE ( 'NONE', *, *, #5951, .F. ) ;
#2446 = APPROVAL_DATE_TIME ( #9048, #5634 ) ;
#2447 = ORIENTED_EDGE ( 'NONE', *, *, #3029, .F. ) ;
#2448 = ORIENTED_EDGE ( 'NONE', *, *, #9440, .F. ) ;
#2449 = ORIENTED_EDGE ( 'NONE', *, *, #8529, .F. ) ;
#2450 = DIRECTION ( 'NONE',  ( 0.000000000000000000, 1.000000000000000000, -0.000000000000000000 ) ) ;
#2451 = CARTESIAN_POINT ( 'NONE',  ( -37.41304439313704222, 160.1084238425084152, 82.39489049784528163 ) ) ;
#2452 = CARTESIAN_POINT ( 'NONE',  ( 66.98417753652067574, 157.3096762263064079, 8.453593208486019250 ) ) ;
#2453 = LINE ( 'NONE', #9012, #7811 ) ;
#2454 = AXIS2_PLACEMENT_3D ( 'NONE', #2408, #7484, #200 ) ;
#2455 = CARTESIAN_POINT ( 'NONE',  ( -80.00000000000000000, -40.00000000000000000, -73.00000000000000000 ) ) ;
#2456 = CYLINDRICAL_SURFACE ( 'NONE', #631, 1.499999999999999778 ) ;
#2457 = VERTEX_POINT ( 'NONE', #1334 ) ;
#2458 = EDGE_CURVE ( 'NONE', #726, #1367, #1292, .T. ) ;
#2459 = DIRECTION ( 'NONE',  ( -0.03309480886939043798, -0.9477113291335363954, 0.3174082076094507654 ) ) ;
#2460 = VECTOR ( 'NONE', #9071, 1000.000000000000000 ) ;
#2461 = LINE ( 'NONE', #301, #5963 ) ;
#2462 = VECTOR ( 'NONE', #8353, 1000.000000000000000 ) ;
#2463 = CARTESIAN_POINT ( 'NONE',  ( 86.02460396463023073, 140.3962694048857713, -110.3204721348511868 ) ) ;
#2464 = DIRECTION ( 'NONE',  ( 0.000000000000000000, -1.000000000000000000, 0.000000000000000000 ) ) ;
#2465 = ORIENTED_EDGE ( 'NONE', *, *, #6582, .T. ) ;
#2466 = DIRECTION ( 'NONE',  ( -0.01745240643728376839, 0.9998476951563911586, 2.220446049250358933E-16 ) ) ;
#2467 = CARTESIAN_POINT ( 'NONE',  ( -79.94763480521538668, -37.00000000000001421, -95.95525004739580766 ) ) ;
#2468 = ORIENTED_EDGE ( 'NONE', *, *, #279, .T. ) ;
#2469 = CARTESIAN_POINT ( 'NONE',  ( 92.00000000000000000, 172.9320508075679754, 95.40384757729520970 ) ) ;
#2470 = CC_DESIGN_APPROVAL ( #9447, ( #1093 ) ) ;
#2471 = EDGE_CURVE ( 'NONE', #3213, #3592, #527, .T. ) ;
#2472 = VECTOR ( 'NONE', #2083, 1000.000000000000000 ) ;
#2473 = VERTEX_POINT ( 'NONE', #32 ) ;
#2474 = VERTEX_POINT ( 'NONE', #766 ) ;
#2475 = VERTEX_POINT ( 'NONE', #2200 ) ;
#2476 = CARTESIAN_POINT ( 'NONE',  ( 70.57310436536155862, 157.5000000000000284, -130.2871627871550118 ) ) ;
#2477 = DIRECTION ( 'NONE',  ( 0.9998476951563911586, 0.01745240643728300511, 0.000000000000000000 ) ) ;
#2478 = LINE ( 'NONE', #4654, #236 ) ;
#2479 = CARTESIAN_POINT ( 'NONE',  ( -74.33082592060864613, 140.3113088932857693, 52.27915678988505732 ) ) ;
#2480 = CARTESIAN_POINT ( 'NONE',  ( -0.7873229061462236889, 156.5694745418039417, 74.83642626543850440 ) ) ;
#2481 = EDGE_CURVE ( 'NONE', #15, #5854, #3780, .T. ) ;
#2482 = DIRECTION ( 'NONE',  ( 0.9998476951563911586, 0.01745240643728360533, 0.000000000000000000 ) ) ;
#2483 = AXIS2_PLACEMENT_3D ( 'NONE', #8414, #3154, #1817 ) ;
#2484 = LINE ( 'NONE', #1186, #7503 ) ;
#2485 = CARTESIAN_POINT ( 'NONE',  ( 67.12746537215200249, 156.4237452360825387, -69.29999999999999716 ) ) ;
#2486 = CARTESIAN_POINT ( 'NONE',  ( -102.9980000000000047, 153.3300508075680000, 211.5507292157780057 ) ) ;
#2487 = ORIENTED_EDGE ( 'NONE', *, *, #3740, .F. ) ;
#2488 = ORIENTED_EDGE ( 'NONE', *, *, #7179, .T. ) ;
#2489 = CARTESIAN_POINT ( 'NONE',  ( 67.11274081601163743, 156.5005221186621895, -67.29904397331755206 ) ) ;
#2490 = CARTESIAN_POINT ( 'NONE',  ( 65.37426473332416776, 152.7941549630340319, 17.73342388969414785 ) ) ;
#2491 = DIRECTION ( 'NONE',  ( 0.000000000000000000, -1.000000000000000000, -9.654438261914849276E-16 ) ) ;
#2492 = LINE ( 'NONE', #3300, #3345 ) ;
#2493 = CARTESIAN_POINT ( 'NONE',  ( -76.56434210715266886, -40.00000000000001421, -114.2224150468857573 ) ) ;
#2494 = CC_DESIGN_DATE_AND_TIME_ASSIGNMENT ( #4536, #7716, ( #376 ) ) ;
#2495 = ORIENTED_EDGE ( 'NONE', *, *, #1507, .F. ) ;
#2496 = PERSON_AND_ORGANIZATION ( #1527, #3230 ) ;
#2497 = EDGE_CURVE ( 'NONE', #4488, #5649, #4402, .T. ) ;
#2498 = VERTEX_POINT ( 'NONE', #5926 ) ;
#2499 = EDGE_LOOP ( 'NONE', ( #5498, #5615, #377, #4432 ) ) ;
#2500 = CARTESIAN_POINT ( 'NONE',  ( 84.48434090668483520, 134.7233594085215600, -67.29999999999999716 ) ) ;
#2501 = B_SPLINE_CURVE_WITH_KNOTS ( 'NONE', 3,
 ( #1322, #4942, #4847, #6498 ),
 .UNSPECIFIED., .F., .F.,
 ( 4, 4 ),
 ( 0.000000000000000000, 1.000000000000000000 ),
 .UNSPECIFIED. ) ;
#2502 = CARTESIAN_POINT ( 'NONE',  ( 13.00000000000000178, -24.00000000000000000, -142.0000000000000284 ) ) ;
#2503 = CARTESIAN_POINT ( 'NONE',  ( 65.69047114405944399, 120.0000000000000000, 35.30952885594034285 ) ) ;
#2504 = LINE ( 'NONE', #5455, #3799 ) ;
#2505 = DIRECTION ( 'NONE',  ( 0.000000000000000000, -0.01745240643728357757, -0.9998476951563912696 ) ) ;
#2506 = CARTESIAN_POINT ( 'NONE',  ( 40.00000000000001421, 120.0000000000000000, 57.38579192629970294 ) ) ;
#2507 = ORIENTED_EDGE ( 'NONE', *, *, #6888, .T. ) ;
#2508 = DIRECTION ( 'NONE',  ( -1.000000000000000000, -2.022266248809774821E-21, 0.000000000000000000 ) ) ;
#2509 = CARTESIAN_POINT ( 'NONE',  ( 66.68416030748599610, 148.4555345683727126, 25.03492459108149504 ) ) ;
#2510 = CARTESIAN_POINT ( 'NONE',  ( 87.21965242263810580, 140.3822880253703715, -106.9467068474477287 ) ) ;
#2511 = EDGE_CURVE ( 'NONE', #2057, #4741, #3415, .T. ) ;
#2512 = CARTESIAN_POINT ( 'NONE',  ( 2.399999999999930189, 172.9320508075679754, 95.40384757729519549 ) ) ;
#2513 = B_SPLINE_CURVE_WITH_KNOTS ( 'NONE', 3,
 ( #6567, #5651, #2071, #5847, #9388, #3650, #2784, #6616, #1977, #5015 ),
 .UNSPECIFIED., .F., .F.,
 ( 4, 2, 2, 2, 4 ),
 ( 0.000000000000000000, 0.2500000000000000000, 0.5000000000000000000, 0.7500000000000000000, 1.000000000000000000 ),
 .UNSPECIFIED. ) ;
#2515 = ORIENTED_EDGE ( 'NONE', *, *, #502, .T. ) ;
#2514 = LINE ( 'NONE', #1030, #7556 ) ;
#2516 = DIRECTION ( 'NONE',  ( -6.123031769111888756E-17, -1.000000000000000000, -0.000000000000000000 ) ) ;
#2517 = CARTESIAN_POINT ( 'NONE',  ( 89.89927205953139833, 154.9320508075680038, 152.6030191501704962 ) ) ;
#2518 = ORIENTED_EDGE ( 'NONE', *, *, #1932, .F. ) ;
#2519 = EDGE_CURVE ( 'NONE', #5260, #6949, #6736, .T. ) ;
#2520 = EDGE_LOOP ( 'NONE', ( #2371, #1636, #3762, #7884 ) ) ;
#2521 = ORIENTED_EDGE ( 'NONE', *, *, #4230, .T. ) ;
#2522 = CARTESIAN_POINT ( 'NONE',  ( 54.17339238077877894, 140.3748027843298303, -138.8323112276370637 ) ) ;
#2523 = CARTESIAN_POINT ( 'NONE',  ( 65.59335839043673388, 153.4750205090036843, 14.84189377597112092 ) ) ;
#2524 = CARTESIAN_POINT ( 'NONE',  ( -79.37161766258421380, -4.000000000000016875, -72.00000000000001421 ) ) ;
#2525 = EDGE_CURVE ( 'NONE', #3473, #7054, #9054, .T. ) ;
#2526 = CARTESIAN_POINT ( 'NONE',  ( -74.24538843283646372, 140.3176111179095926, 53.34412865836578277 ) ) ;
#2527 = ADVANCED_FACE ( 'NONE', ( #126 ), #3637, .F. ) ;
#2528 = CARTESIAN_POINT ( 'NONE',  ( 4.560793610154461497, 151.4965684083999236, 80.18454230342322830 ) ) ;
#2529 = CARTESIAN_POINT ( 'NONE',  ( 89.48073368634990743, 134.9736512620557960, -91.00000000000000000 ) ) ;
#2530 = EDGE_CURVE ( 'NONE', #4717, #8302, #2962, .T. ) ;
#2531 = LINE ( 'NONE', #8365, #7047 ) ;
#2532 = CARTESIAN_POINT ( 'NONE',  ( 76.70831691120201867, 117.5526642917093625, -69.29999999999999716 ) ) ;
#2533 = ADVANCED_FACE ( 'NONE', ( #2863 ), #4471, .F. ) ;
#2534 = PLANE ( 'NONE',  #5113 ) ;
#2535 = ORIENTED_EDGE ( 'NONE', *, *, #8680, .T. ) ;
#2536 = CARTESIAN_POINT ( 'NONE',  ( -37.41304439313702801, 157.5000000000000284, 70.85504175204262367 ) ) ;
#2537 = PLANE ( 'NONE',  #3827 ) ;
#2538 = CARTESIAN_POINT ( 'NONE',  ( -49.60219034910050340, 150.2237492671301027, 83.04418770800612037 ) ) ;
#2539 = CARTESIAN_POINT ( 'NONE',  ( -45.15717786479132911, 157.5000000000000284, -116.7096360667112123 ) ) ;
#2540 = VECTOR ( 'NONE', #4349, 1000.000000000000000 ) ;
#2541 = CARTESIAN_POINT ( 'NONE',  ( -49.09611991419366461, -40.00000000000000000, -142.2138951185772839 ) ) ;
#2542 = EDGE_CURVE ( 'NONE', #6186, #5731, #7128, .T. ) ;
#2543 = EDGE_LOOP ( 'NONE', ( #6612, #7388, #5181, #3240 ) ) ;
#2544 = DATE_TIME_ROLE ( 'classification_date' ) ;
#2545 = ORIENTED_EDGE ( 'NONE', *, *, #6242, .F. ) ;
#2546 = AXIS2_PLACEMENT_3D ( 'NONE', #2150, #3053, #5882 ) ;
#2547 = ORIENTED_EDGE ( 'NONE', *, *, #224, .F. ) ;
#2548 = ORIENTED_EDGE ( 'NONE', *, *, #5216, .T. ) ;
#2549 = CARTESIAN_POINT ( 'NONE',  ( -56.85504175204268762, 140.0000000000000000, -92.85961089735100416 ) ) ;
#2550 = CARTESIAN_POINT ( 'NONE',  ( 44.95448846517700048, -37.00000000000000711, -143.4472539851056183 ) ) ;
#2551 = LINE ( 'NONE', #1158, #9189 ) ;
#2552 = LINE ( 'NONE', #974, #4725 ) ;
#2553 = CARTESIAN_POINT ( 'NONE',  ( 54.00606301339045245, -37.00000000000000711, -145.1217269659336182 ) ) ;
#2554 = EDGE_CURVE ( 'NONE', #6021, #4595, #7368, .T. ) ;
#2555 = VECTOR ( 'NONE', #2090, 1000.000000000000000 ) ;
#2556 = LINE ( 'NONE', #5511, #7103 ) ;
#2557 = ORIENTED_EDGE ( 'NONE', *, *, #2519, .T. ) ;
#2558 = AXIS2_PLACEMENT_3D ( 'NONE', #6026, #819, #3735 ) ;
#2559 = VECTOR ( 'NONE', #7417, 1000.000000000000000 ) ;
#2560 = FACE_OUTER_BOUND ( 'NONE', #1257, .T. ) ;
#2561 = CARTESIAN_POINT ( 'NONE',  ( 65.62003134001838589, 155.4395211232440772, 12.30382025963591097 ) ) ;
#2562 = CARTESIAN_POINT ( 'NONE',  ( -77.50000000000000000, -37.00000000000000000, -90.00000000000000000 ) ) ;
#2563 = CARTESIAN_POINT ( 'NONE',  ( 76.70831691120200446, 117.5526642917094051, -69.29999999999999716 ) ) ;
#2564 = FACE_OUTER_BOUND ( 'NONE', #5269, .T. ) ;
#2565 = DIRECTION ( 'NONE',  ( -7.165827653609149284E-17, 4.855507225124589628E-17, -1.000000000000000000 ) ) ;
#2566 = AXIS2_PLACEMENT_3D ( 'NONE', #5625, #8412, #4851 ) ;
#2567 = VECTOR ( 'NONE', #2315, 1000.000000000000114 ) ;
#2568 = CARTESIAN_POINT ( 'NONE',  ( 94.99999999999998579, -40.00000000000001421, -96.00761524218060572 ) ) ;
#2569 = EDGE_CURVE ( 'NONE', #2953, #5770, #1577, .T. ) ;
#2570 = ORIENTED_EDGE ( 'NONE', *, *, #3254, .T. ) ;
#2571 = ADVANCED_FACE ( 'NONE', ( #4563 ), #5148, .F. ) ;
#2572 = VERTEX_POINT ( 'NONE', #2293 ) ;
#2573 = ORIENTED_EDGE ( 'NONE', *, *, #7717, .F. ) ;
#2574 = CARTESIAN_POINT ( 'NONE',  ( -43.05079347540210222, 140.3305724630268401, 87.45829334390847976 ) ) ;
#2575 = CARTESIAN_POINT ( 'NONE',  ( 66.44823151493619662, 148.3929970970991690, 22.42451223366416002 ) ) ;
#2576 = PLANE ( 'NONE',  #8090 ) ;
#2577 = CARTESIAN_POINT ( 'NONE',  ( -77.97812567438059261, 55.79710675405152642, 55.74835166930397179 ) ) ;
#2578 = VECTOR ( 'NONE', #7430, 1000.000000000000000 ) ;
#2579 = CARTESIAN_POINT ( 'NONE',  ( 5.827027315765239024, 149.0394571450439400, 81.45077565371420292 ) ) ;
#2580 = B_SPLINE_CURVE_WITH_KNOTS ( 'NONE', 3,
 ( #6575, #4163, #7115, #2662, #3607, #2574, #2886, #8543, #8057, #5526 ),
 .UNSPECIFIED., .F., .F.,
 ( 4, 2, 2, 2, 4 ),
 ( 0.000000000000000000, 0.2500000000000000000, 0.5000000000000000000, 0.7500000000000000000, 1.000000000000000000 ),
 .UNSPECIFIED. ) ;
#2581 = LINE ( 'NONE', #7120, #3478 ) ;
#2582 = LINE ( 'NONE', #1046, #7411 ) ;
#2583 = CARTESIAN_POINT ( 'NONE',  ( 92.50038076210897486, -40.04363101609320807, -68.92778299018848998 ) ) ;
#2584 = CARTESIAN_POINT ( 'NONE',  ( 95.00000000000000000, -40.00000000000000000, -26.00000000000000355 ) ) ;
#2585 = VECTOR ( 'NONE', #6798, 1000.000000000000000 ) ;
#2586 = ORIENTED_EDGE ( 'NONE', *, *, #7233, .T. ) ;
#2587 = DIRECTION ( 'NONE',  ( -5.551115123125780853E-17, -1.000000000000000000, 3.746118098899198010E-32 ) ) ;
#2588 = DIRECTION ( 'NONE',  ( 2.022266248809774821E-21, -1.000000000000000000, 0.000000000000000000 ) ) ;
#2589 = CARTESIAN_POINT ( 'NONE',  ( -41.92078231260578747, 159.0009527405199208, 75.36277967151140444 ) ) ;
#2590 = CARTESIAN_POINT ( 'NONE',  ( -36.52526982318654092, 160.0000000000000000, -121.3231818929444046 ) ) ;
#2591 = CARTESIAN_POINT ( 'NONE',  ( -53.56072665928613219, -37.00000000000000000, -137.1802015484982462 ) ) ;
#2592 = CARTESIAN_POINT ( 'NONE',  ( -49.77696287197228031, -40.00000000000000711, -141.9294121505334374 ) ) ;
#2593 = EDGE_CURVE ( 'NONE', #5825, #4538, #5977, .T. ) ;
#2594 = ORIENTED_EDGE ( 'NONE', *, *, #5828, .F. ) ;
#2595 = DATE_AND_TIME ( #1972, #6494 ) ;
#2596 = VECTOR ( 'NONE', #1616, 1000.000000000000000 ) ;
#2597 = VERTEX_POINT ( 'NONE', #5243 ) ;
#2598 = ORIENTED_EDGE ( 'NONE', *, *, #4357, .T. ) ;
#2599 = CARTESIAN_POINT ( 'NONE',  ( 66.00000000000001421, 157.5000000000000000, 0.08633541039794311034 ) ) ;
#2600 = DIRECTION ( 'NONE',  ( 3.301091116633059285E-19, -1.891193834115548192E-17, -1.000000000000000000 ) ) ;
#2601 = CARTESIAN_POINT ( 'NONE',  ( 89.38329463168615518, 88.80186387385342073, -67.61264098754526231 ) ) ;
#2602 = DIRECTION ( 'NONE',  ( 0.000000000000000000, 0.000000000000000000, -1.000000000000000000 ) ) ;
#2603 = DIRECTION ( 'NONE',  ( -0.0003630530201410025353, -4.853491556017849128E-17, 0.9999999340962500982 ) ) ;
#2604 = CARTESIAN_POINT ( 'NONE',  ( 69.80393265902598898, -37.00000000000002132, -139.3507318555591610 ) ) ;
#2605 = LINE ( 'NONE', #4004, #3860 ) ;
#2606 = VERTEX_POINT ( 'NONE', #76 ) ;
#2607 = LINE ( 'NONE', #9352, #7804 ) ;
#2608 = LINE ( 'NONE', #2562, #1969 ) ;
#2609 = DIRECTION ( 'NONE',  ( 0.000000000000000000, 0.000000000000000000, -1.000000000000000000 ) ) ;
#2610 = EDGE_CURVE ( 'NONE', #192, #1975, #3732, .T. ) ;
#2612 = EDGE_LOOP ( 'NONE', ( #6302, #616, #1394, #3587, #2687, #9359, #640, #6172, #6573, #3422 ) ) ;
#2611 = CARTESIAN_POINT ( 'NONE',  ( 65.54242492512548779, 119.9999980646191631, 33.57929820553956546 ) ) ;
#2613 = CARTESIAN_POINT ( 'NONE',  ( -39.15267695713558993, -37.00000000000000000, -145.0945184781686237 ) ) ;
#2614 = CARTESIAN_POINT ( 'NONE',  ( 93.58308470740313112, -40.00000000000002132, -107.8767474147171583 ) ) ;
#2615 = ORIENTED_EDGE ( 'NONE', *, *, #7775, .T. ) ;
#2616 = ORIENTED_EDGE ( 'NONE', *, *, #1162, .F. ) ;
#2617 = AXIS2_PLACEMENT_3D ( 'NONE', #9260, #1939, #6389 ) ;
#2618 = FACE_OUTER_BOUND ( 'NONE', #1502, .T. ) ;
#2619 = CARTESIAN_POINT ( 'NONE',  ( 96.34773455264743802, 160.3423424926229757, 152.6030191501704962 ) ) ;
#2620 = DIRECTION ( 'NONE',  ( 1.000000000000000000, -1.110223024625155801E-16, -0.000000000000000000 ) ) ;
#2621 = CARTESIAN_POINT ( 'NONE',  ( -75.17760414370501110, 59.04503125915276485, 62.68717481951799186 ) ) ;
#2622 = DIRECTION ( 'NONE',  ( -0.000000000000000000, 1.000000000000000000, -1.460881280034365741E-16 ) ) ;
#2623 = LINE ( 'NONE', #5436, #4102 ) ;
#2624 = ADVANCED_FACE ( 'NONE', ( #4520 ), #7458, .F. ) ;
#2625 = CARTESIAN_POINT ( 'NONE',  ( 30.00000000000001066, 61.99999999999997868, 88.08585792076937082 ) ) ;
#2626 = DIRECTION ( 'NONE',  ( 0.000000000000000000, 0.8660254037844404840, 0.4999999999999968914 ) ) ;
#2627 = VECTOR ( 'NONE', #4794, 1000.000000000000227 ) ;
#2628 = CARTESIAN_POINT ( 'NONE',  ( 88.33905190758089532, 85.78317956517028620, -72.30200000000000671 ) ) ;
#2629 = VERTEX_POINT ( 'NONE', #2524 ) ;
#2630 = ORIENTED_EDGE ( 'NONE', *, *, #6480, .T. ) ;
#2631 = CARTESIAN_POINT ( 'NONE',  ( -92.17074539372529784, 58.33205080756781058, 219.4038475772950108 ) ) ;
#2632 = CARTESIAN_POINT ( 'NONE',  ( 88.28574203093666029, 88.78270602194518801, -69.29999999999999716 ) ) ;
#2633 = CARTESIAN_POINT ( 'NONE',  ( 91.85159668888860551, 140.3719048917294856, -96.13486030521760028 ) ) ;
#2634 = VECTOR ( 'NONE', #3864, 1000.000000000000227 ) ;
#2635 = DIRECTION ( 'NONE',  ( -4.744542840278440745E-16, 0.000000000000000000, -1.000000000000000000 ) ) ;
#2636 = CARTESIAN_POINT ( 'NONE',  ( -47.34814645059442739, -37.00000000000000711, -140.1482234031225573 ) ) ;
#2637 = EDGE_CURVE ( 'NONE', #2194, #3473, #3775, .T. ) ;
#2638 = CARTESIAN_POINT ( 'NONE',  ( -39.27973729669485436, -40.00000000000000711, -145.1328873454136499 ) ) ;
#2639 = DIRECTION ( 'NONE',  ( 5.390695917567118667E-33, 4.855507225124589012E-17, -1.000000000000000000 ) ) ;
#2640 = ADVANCED_FACE ( 'NONE', ( #3244 ), #7695, .T. ) ;
#2641 = CARTESIAN_POINT ( 'NONE',  ( 9.065582935676891552, 144.1502867831963499, 84.68933102936411217 ) ) ;
#2642 = ORIENTED_EDGE ( 'NONE', *, *, #1603, .T. ) ;
#2643 = PERSON_AND_ORGANIZATION ( #1527, #3230 ) ;
#2644 = VERTEX_POINT ( 'NONE', #6113 ) ;
#2645 = VERTEX_POINT ( 'NONE', #6974 ) ;
#2646 = CARTESIAN_POINT ( 'NONE',  ( -103.0000000000000142, 58.33405080756781302, 217.8018475772949785 ) ) ;
#2647 = CARTESIAN_POINT ( 'NONE',  ( 89.34248462714974437, 140.8700849364640533, -75.93851989317744255 ) ) ;
#2648 = CARTESIAN_POINT ( 'NONE',  ( 54.25898754313912775, -37.00000000000001421, -142.5278491486871815 ) ) ;
#2649 = CYLINDRICAL_SURFACE ( 'NONE', #5676, 0.002000000000002000178 ) ;
#2650 = DIRECTION ( 'NONE',  ( -0.1540329294756439815, -0.8933909909587340881, 0.4220502267632640914 ) ) ;
#2651 = CARTESIAN_POINT ( 'NONE',  ( 87.72343808711256941, -37.00000000000002132, -121.8990780981837077 ) ) ;
#2652 = CYLINDRICAL_SURFACE ( 'NONE', #3541, 17.50000000000000000 ) ;
#2653 = ORIENTED_EDGE ( 'NONE', *, *, #2906, .F. ) ;
#2654 = CARTESIAN_POINT ( 'NONE',  ( 65.37426473332418198, 152.7941549630340319, 17.73342388969415140 ) ) ;
#2655 = CARTESIAN_POINT ( 'NONE',  ( 91.73615168244901952, 3.739023634737717927, -73.50438121168501482 ) ) ;
#2656 = CARTESIAN_POINT ( 'NONE',  ( 89.39594196233532841, 137.8095487079824011, -26.00000000000000355 ) ) ;
#2657 = FACE_OUTER_BOUND ( 'NONE', #6563, .T. ) ;
#2658 = CARTESIAN_POINT ( 'NONE',  ( -48.45676092048037020, -37.00000000000000711, -142.3988014561321336 ) ) ;
#2659 = CARTESIAN_POINT ( 'NONE',  ( 54.01144031808981794, -40.00000000000000711, -145.1827168354811022 ) ) ;
#2660 = VERTEX_POINT ( 'NONE', #7597 ) ;
#2661 = EDGE_CURVE ( 'NONE', #8774, #4052, #2167, .T. ) ;
#2662 = CARTESIAN_POINT ( 'NONE',  ( -46.18166790274307942, 140.3284422506444287, 86.03940290835944893 ) ) ;
#2663 = DIRECTION ( 'NONE',  ( 2.908929859086129829E-16, 1.911069774905674756E-17, 1.000000000000000000 ) ) ;
#2664 = CARTESIAN_POINT ( 'NONE',  ( 91.48187991953571441, 20.32806034530250017, -69.30200000000000671 ) ) ;
#2665 = CARTESIAN_POINT ( 'NONE',  ( -76.78074418524218459, 57.62200262584306643, 59.64700577576434881 ) ) ;
#2666 = DIRECTION ( 'NONE',  ( 0.000000000000000000, 0.000000000000000000, 1.000000000000000000 ) ) ;
#2667 = DIRECTION ( 'NONE',  ( 0.000000000000000000, 0.000000000000000000, -1.000000000000000000 ) ) ;
#2668 = DIRECTION ( 'NONE',  ( 0.000000000000000000, -1.000000000000000000, 0.000000000000000000 ) ) ;
#2669 = CARTESIAN_POINT ( 'NONE',  ( -30.00761524218049914, -37.00000000000000711, -146.0000000000000284 ) ) ;
#2670 = CARTESIAN_POINT ( 'NONE',  ( 47.28839988722287302, 157.4999999999999716, -122.3598215075533773 ) ) ;
#2671 = EDGE_CURVE ( 'NONE', #2076, #557, #2478, .T. ) ;
#2672 = B_SPLINE_CURVE_WITH_KNOTS ( 'NONE', 3,
 ( #9246, #7093, #3409, #6378 ),
 .UNSPECIFIED., .F., .F.,
 ( 4, 4 ),
 ( 0.000000000000000000, 1.000000000000000000 ),
 .UNSPECIFIED. ) ;
#2673 = VERTEX_POINT ( 'NONE', #6261 ) ;
#2674 = CARTESIAN_POINT ( 'NONE',  ( 51.00738809600471058, -39.90647044265913479, -145.6453028639337788 ) ) ;
#2675 = CARTESIAN_POINT ( 'NONE',  ( 64.89815857495909768, 145.1161819673304194, 24.95277876114143467 ) ) ;
#2676 = CARTESIAN_POINT ( 'NONE',  ( 86.59308261201209689, 140.4682311113943456, -115.1911762766705607 ) ) ;
#2677 = CARTESIAN_POINT ( 'NONE',  ( 91.48187991953571441, 20.32806034530249306, -69.30200000000000671 ) ) ;
#2678 = CARTESIAN_POINT ( 'NONE',  ( -39.07791860667778394, 157.5000000000000284, -138.4772475738194260 ) ) ;
#2679 = CARTESIAN_POINT ( 'NONE',  ( -79.19560292040583249, -40.00000000000000000, -104.9409537631760543 ) ) ;
#2680 = CARTESIAN_POINT ( 'NONE',  ( 66.99999999999998579, 160.0000000000000000, -66.00000000000000000 ) ) ;
#2681 = DIRECTION ( 'NONE',  ( -0.01770703400385725823, -0.9998432181624573589, -6.428592596967926137E-06 ) ) ;
#2682 = ORIENTED_EDGE ( 'NONE', *, *, #4466, .F. ) ;
#2683 = CALENDAR_DATE ( 2025, 12, 11 ) ;
#2684 = EDGE_LOOP ( 'NONE', ( #6108, #7358, #8242, #5330 ) ) ;
#2685 = ADVANCED_FACE ( 'NONE', ( #4746 ), #9170, .F. ) ;
#2686 = ORIENTED_EDGE ( 'NONE', *, *, #30, .T. ) ;
#2687 = ORIENTED_EDGE ( 'NONE', *, *, #3881, .F. ) ;
#2688 = CARTESIAN_POINT ( 'NONE',  ( 71.27796513499576747, 119.6813454765402014, -67.29800000000000182 ) ) ;
#2689 = AXIS2_PLACEMENT_3D ( 'NONE', #924, #3855, #5170 ) ;
#2690 = CARTESIAN_POINT ( 'NONE',  ( -73.40193575420610728, 140.3299913841017599, 57.10184037505835875 ) ) ;
#2691 = CARTESIAN_POINT ( 'NONE',  ( 97.37748030336528871, 159.1151392947464842, 152.6030191501704962 ) ) ;
#2692 = DIRECTION ( 'NONE',  ( -0.0003630530201410025353, -4.853491556017849128E-17, 0.9999999340962500982 ) ) ;
#2693 = CARTESIAN_POINT ( 'NONE',  ( 91.30067048096584870, -37.00000000000001421, -114.7017220823612575 ) ) ;
#2694 = VERTEX_POINT ( 'NONE', #1040 ) ;
#2695 = AXIS2_PLACEMENT_3D ( 'NONE', #44, #8193, #2971 ) ;
#2696 = DIRECTION ( 'NONE',  ( -0.000000000000000000, -1.000000000000000000, -0.000000000000000000 ) ) ;
#2697 = ORIENTED_EDGE ( 'NONE', *, *, #4389, .F. ) ;
#2698 = CARTESIAN_POINT ( 'NONE',  ( 89.89927205953139833, 154.9340508075680418, 152.6030191501704962 ) ) ;
#2699 = CYLINDRICAL_SURFACE ( 'NONE', #5985, 20.00000000000000355 ) ;
#2700 = AXIS2_PLACEMENT_3D ( 'NONE', #5917, #3574, #4409 ) ;
#2701 = CARTESIAN_POINT ( 'NONE',  ( -92.97174539372531399, 58.33405080756782013, 219.1892202741578330 ) ) ;
#2702 = FACE_OUTER_BOUND ( 'NONE', #1229, .T. ) ;
#2703 = CARTESIAN_POINT ( 'NONE',  ( -44.55757712304986029, -37.00000000000000711, -143.8164101937165924 ) ) ;
#2704 = CARTESIAN_POINT ( 'NONE',  ( 83.30514732039179648, -40.00000000000002132, -128.2243540329180576 ) ) ;
#2705 = VERTEX_POINT ( 'NONE', #7645 ) ;
#2706 = VECTOR ( 'NONE', #6273, 1000.000000000000227 ) ;
#2707 = ORIENTED_EDGE ( 'NONE', *, *, #5822, .T. ) ;
#2708 = CYLINDRICAL_SURFACE ( 'NONE', #2378, 0.002000000000002000178 ) ;
#2709 = DIRECTION ( 'NONE',  ( -5.390695917567118667E-33, -4.855507225124589012E-17, 1.000000000000000000 ) ) ;
#2710 = CARTESIAN_POINT ( 'NONE',  ( 90.00412428764781225, 20.30226602479985587, -67.35210670131006339 ) ) ;
#2711 = LINE ( 'NONE', #3385, #4898 ) ;
#2712 = ADVANCED_FACE ( 'NONE', ( #1666 ), #2576, .F. ) ;
#2713 = LINE ( 'NONE', #8602, #4883 ) ;
#2714 = AXIS2_PLACEMENT_3D ( 'NONE', #1952, #743, #8878 ) ;
#2715 = CARTESIAN_POINT ( 'NONE',  ( -104.5999999999999943, 58.33405080756780592, 97.00584757729509988 ) ) ;
#2716 = VECTOR ( 'NONE', #1170, 1000.000000000000114 ) ;
#2717 = CARTESIAN_POINT ( 'NONE',  ( -63.55617554080948395, 154.7118900844297968, 58.11417816711674078 ) ) ;
#2718 = CARTESIAN_POINT ( 'NONE',  ( -72.77051842387237457, -36.99999999999998579, -121.9471087892238472 ) ) ;
#2719 = ORIENTED_EDGE ( 'NONE', *, *, #3614, .T. ) ;
#2720 = CARTESIAN_POINT ( 'NONE',  ( 69.70223945863736503, 157.4999999999999432, -104.0193434044221306 ) ) ;
#2721 = ORIENTED_EDGE ( 'NONE', *, *, #9157, .T. ) ;
#2722 = CARTESIAN_POINT ( 'NONE',  ( 54.72997096460324684, -39.85841559144510882, -145.0427799691920256 ) ) ;
#2723 = VECTOR ( 'NONE', #3337, 1000.000000000000227 ) ;
#2724 = CARTESIAN_POINT ( 'NONE',  ( 93.86758363671464167, -37.00000000000001421, -106.6978104878092637 ) ) ;
#2725 = LINE ( 'NONE', #6511, #3457 ) ;
#2726 = CARTESIAN_POINT ( 'NONE',  ( 87.46619665542593225, 147.0359621048202428, -67.29999999999999716 ) ) ;
#2727 = CARTESIAN_POINT ( 'NONE',  ( -73.85045267093518362, -37.00000000000000711, -114.0885711181297211 ) ) ;
#2728 = CARTESIAN_POINT ( 'NONE',  ( -56.85500975715098093, 157.5000000000000000, -93.77715795443180014 ) ) ;
#2729 = CARTESIAN_POINT ( 'NONE',  ( 91.97017191183459772, -9.667986327582651640, -74.00000000000000000 ) ) ;
#2730 = VECTOR ( 'NONE', #8997, 1000.000000000000000 ) ;
#2731 = FACE_OUTER_BOUND ( 'NONE', #9397, .T. ) ;
#2732 = EDGE_LOOP ( 'NONE', ( #5548, #5942, #9494, #6447 ) ) ;
#2733 = ORIENTED_EDGE ( 'NONE', *, *, #4586, .T. ) ;
#2734 = ORIENTED_EDGE ( 'NONE', *, *, #9017, .T. ) ;
#2735 = B_SPLINE_CURVE_WITH_KNOTS ( 'NONE', 3,
 ( #6222, #8994, #227, #6076 ),
 .UNSPECIFIED., .F., .F.,
 ( 4, 4 ),
 ( 0.000000000000000000, 1.000000000000000000 ),
 .UNSPECIFIED. ) ;
#2736 = CARTESIAN_POINT ( 'NONE',  ( 88.03934382888246546, 146.6572047541118593, -66.37863875734848307 ) ) ;
#2737 = CARTESIAN_POINT ( 'NONE',  ( 73.25222779541259399, 120.0134462860602014, -67.29800000000000182 ) ) ;
#2738 = CARTESIAN_POINT ( 'NONE',  ( -73.88917186930842718, 140.3263857723189574, 55.41337849479548083 ) ) ;
#2739 = DIRECTION ( 'NONE',  ( 0.7071067811865474617, -7.358593231695303241E-17, 0.7071067811865474617 ) ) ;
#2740 = LINE ( 'NONE', #1264, #5040 ) ;
#2741 = CARTESIAN_POINT ( 'NONE',  ( 63.17004985208256329, -37.00000000000000711, -142.5119769123637070 ) ) ;
#2742 = ADVANCED_FACE ( 'NONE', ( #3975 ), #3929, .F. ) ;
#2743 = ORIENTED_EDGE ( 'NONE', *, *, #3088, .T. ) ;
#2744 = VECTOR ( 'NONE', #825, 1000.000000000000000 ) ;
#2745 = CARTESIAN_POINT ( 'NONE',  ( 94.66284902611589303, -37.00000000000000000, -72.93658812097559974 ) ) ;
#2746 = ORIENTED_EDGE ( 'NONE', *, *, #5814, .F. ) ;
#2747 = ORIENTED_EDGE ( 'NONE', *, *, #757, .T. ) ;
#2748 = EDGE_CURVE ( 'NONE', #835, #42, #4688, .T. ) ;
#2749 = LINE ( 'NONE', #1121, #4098 ) ;
#2750 = AXIS2_PLACEMENT_3D ( 'NONE', #6666, #8151, #3068 ) ;
#2751 = CARTESIAN_POINT ( 'NONE',  ( 97.37748030336528871, 159.1151392947464842, 134.6030191501703825 ) ) ;
#2752 = DIRECTION ( 'NONE',  ( -0.01745240643728350124, 0.9998476951563911586, 0.000000000000000000 ) ) ;
#2753 = CARTESIAN_POINT ( 'NONE',  ( 85.45891604174906320, -37.00000000000002132, -120.7606186272909383 ) ) ;
#2754 = CARTESIAN_POINT ( 'NONE',  ( 89.98722725145600521, -8.640722646197678714, -72.93828561969374391 ) ) ;
#2755 = CARTESIAN_POINT ( 'NONE',  ( 86.73311747467165844, -40.00000000000002842, -123.5455385690851813 ) ) ;
#2756 = ORIENTED_EDGE ( 'NONE', *, *, #5529, .F. ) ;
#2757 = ORIENTED_EDGE ( 'NONE', *, *, #2471, .T. ) ;
#2758 = CARTESIAN_POINT ( 'NONE',  ( -38.72179684931748511, 140.3585076899751982, 90.85183053791502061 ) ) ;
#2759 = DIRECTION ( 'NONE',  ( -0.9998476951563917137, -0.01745240643725297011, 0.000000000000000000 ) ) ;
#2760 = CARTESIAN_POINT ( 'NONE',  ( -76.87185697156293429, 57.51969940014306104, 59.42847971531023887 ) ) ;
#2761 = CARTESIAN_POINT ( 'NONE',  ( 90.39999999999999147, 38.23686027918554942, 184.8038475772950164 ) ) ;
#2762 = ORIENTED_EDGE ( 'NONE', *, *, #7236, .T. ) ;
#2763 = CARTESIAN_POINT ( 'NONE',  ( -67.08653241695455449, 149.8430350334532477, 61.64453776483214398 ) ) ;
#2764 = DIRECTION ( 'NONE',  ( -0.01745240643728340063, 0.9998476951563911586, 0.000000000000000000 ) ) ;
#2765 = CARTESIAN_POINT ( 'NONE',  ( 71.18947557219630085, 157.5000000000000000, -99.15260216985809905 ) ) ;
#2766 = VECTOR ( 'NONE', #4514, 1000.000000000000114 ) ;
#2767 = ORIENTED_EDGE ( 'NONE', *, *, #159, .T. ) ;
#2768 = CARTESIAN_POINT ( 'NONE',  ( 80.27826249268086656, -39.69160147704796060, -131.4278147966269330 ) ) ;
#2769 = CARTESIAN_POINT ( 'NONE',  ( 91.61530797776848090, -37.00000000000001421, -114.0778315615294645 ) ) ;
#2770 = DIRECTION ( 'NONE',  ( 1.000000000000000000, 0.000000000000000000, -1.541976423090495042E-15 ) ) ;
#2771 = CARTESIAN_POINT ( 'NONE',  ( 84.51091273400227522, 151.2003703400055485, -67.30000000000001137 ) ) ;
#2772 = CARTESIAN_POINT ( 'NONE',  ( -54.76061862732573360, -37.00000000000000000, -136.4589160417540938 ) ) ;
#2773 = VECTOR ( 'NONE', #4981, 1000.000000000000227 ) ;
#2774 = CARTESIAN_POINT ( 'NONE',  ( -43.49021613281982468, 157.5000000000000284, -117.8234722233720504 ) ) ;
#2775 = DIRECTION ( 'NONE',  ( 1.000000000000000000, 0.000000000000000000, -3.521488656232920374E-16 ) ) ;
#2776 = CARTESIAN_POINT ( 'NONE',  ( -37.41304439313704222, 157.5948708621948526, 80.95240940461997070 ) ) ;
#2777 = ORIENTED_EDGE ( 'NONE', *, *, #4036, .F. ) ;
#2778 = AXIS2_PLACEMENT_3D ( 'NONE', #4301, #2182, #6628 ) ;
#2779 = VERTEX_POINT ( 'NONE', #7551 ) ;
#2780 = ORIENTED_EDGE ( 'NONE', *, *, #719, .F. ) ;
#2781 = CARTESIAN_POINT ( 'NONE',  ( 85.59097924175124206, 150.8575555810284072, -66.23204591879276393 ) ) ;
#2782 = DIRECTION ( 'NONE',  ( 0.6755197010838036586, 0.3125888193651129576, 0.6678033868254736882 ) ) ;
#2783 = EDGE_CURVE ( 'NONE', #7836, #6745, #950, .T. ) ;
#2784 = CARTESIAN_POINT ( 'NONE',  ( -46.74799039838416803, 62.00026321789201944, 87.40662635934872071 ) ) ;
#2785 = LINE ( 'NONE', #8721, #274 ) ;
#2786 = CARTESIAN_POINT ( 'NONE',  ( -44.14352515774900354, 154.6850723604911764, 77.58552286543239518 ) ) ;
#2787 = VECTOR ( 'NONE', #8810, 1000.000000000000000 ) ;
#2788 = EDGE_CURVE ( 'NONE', #4717, #2988, #3145, .T. ) ;
#2789 = ORIENTED_EDGE ( 'NONE', *, *, #4505, .F. ) ;
#2790 = CARTESIAN_POINT ( 'NONE',  ( 91.48655374596762613, 160.0000000000000000, -96.10735046576672858 ) ) ;
#2791 = EDGE_LOOP ( 'NONE', ( #935, #8174, #604, #1346 ) ) ;
#2792 = EDGE_LOOP ( 'NONE', ( #4380, #6, #5307, #9432 ) ) ;
#2793 = EDGE_CURVE ( 'NONE', #2132, #4672, #3197, .T. ) ;
#2794 = CARTESIAN_POINT ( 'NONE',  ( -6.729286159665160305, 159.4812141521004776, 92.27071384033480683 ) ) ;
#2795 = CARTESIAN_POINT ( 'NONE',  ( -70.61902925544853815, -39.70353787173974069, -125.1970002733334724 ) ) ;
#2796 = CARTESIAN_POINT ( 'NONE',  ( 92.00000000000000000, 38.23686027918554942, 191.4461524227065183 ) ) ;
#2797 = EDGE_CURVE ( 'NONE', #7915, #7974, #5767, .T. ) ;
#2798 = CARTESIAN_POINT ( 'NONE',  ( 91.76639790626632021, -37.00000000000001421, -103.9722065305348764 ) ) ;
#2799 = DIRECTION ( 'NONE',  ( -0.000000000000000000, -1.000000000000000000, 0.000000000000000000 ) ) ;
#2800 = CARTESIAN_POINT ( 'NONE',  ( 71.27796513499579589, 119.6813454765402156, 29.69999999999997087 ) ) ;
#2801 = ORIENTED_EDGE ( 'NONE', *, *, #502, .F. ) ;
#2802 = ORIENTED_EDGE ( 'NONE', *, *, #3318, .T. ) ;
#2803 = ADVANCED_FACE ( 'NONE', ( #1948 ), #4896, .T. ) ;
#2804 = CARTESIAN_POINT ( 'NONE',  ( -40.03051696478541999, 140.3657177476844709, 90.72280484625683528 ) ) ;
#2805 = CARTESIAN_POINT ( 'NONE',  ( -28.00000000000000000, -38.00000000000000000, -74.00000000000000000 ) ) ;
#2806 = CARTESIAN_POINT ( 'NONE',  ( 89.35202732163442363, 140.3254167887684503, -95.97112814533385006 ) ) ;
#2807 = DIRECTION ( 'NONE',  ( -0.9999999340962500982, 0.000000000000000000, -0.0003630530201410025353 ) ) ;
#2808 = ORIENTED_EDGE ( 'NONE', *, *, #8624, .F. ) ;
#2809 = ADVANCED_FACE ( 'NONE', ( #1233 ), #5725, .F. ) ;
#2810 = CARTESIAN_POINT ( 'NONE',  ( -58.92486309240245390, 157.2535118827312886, 53.48297516109449390 ) ) ;
#2811 = DIRECTION ( 'NONE',  ( 3.503464585017659440E-16, 6.115320180519409318E-18, 1.000000000000000000 ) ) ;
#2812 = VERTEX_POINT ( 'NONE', #5674 ) ;
#2813 = CARTESIAN_POINT ( 'NONE',  ( 51.30712457721151765, 157.4999999999999432, -121.3361676256033093 ) ) ;
#2814 = ORIENTED_EDGE ( 'NONE', *, *, #6991, .F. ) ;
#2815 = CARTESIAN_POINT ( 'NONE',  ( 60.29428630134935219, -39.79765394604326900, -143.6083880203228489 ) ) ;
#2816 = CARTESIAN_POINT ( 'NONE',  ( 91.52297517455312459, -37.00000000000000711, -114.3136421082656113 ) ) ;
#2817 = PLANE ( 'NONE',  #5329 ) ;
#2818 = CARTESIAN_POINT ( 'NONE',  ( 83.22848552335912586, 152.3620365633649669, -67.29999999999999716 ) ) ;
#2819 = ORIENTED_EDGE ( 'NONE', *, *, #9308, .F. ) ;
#2820 = CARTESIAN_POINT ( 'NONE',  ( -69.65129230113203107, -37.00000000000000000, -122.0281959396572233 ) ) ;
#2821 = CARTESIAN_POINT ( 'NONE',  ( -54.77144459881269967, 157.5000000000000000, -103.8450752048192385 ) ) ;
#2822 = CARTESIAN_POINT ( 'NONE',  ( 69.99022576023692466, 139.3932389025054306, 29.70000000000000284 ) ) ;
#2823 = CARTESIAN_POINT ( 'NONE',  ( 8.171229905200378951, 143.9144378818506311, 85.65443873024436527 ) ) ;
#2824 = ORIENTED_EDGE ( 'NONE', *, *, #3041, .T. ) ;
#2825 = ORIENTED_EDGE ( 'NONE', *, *, #1693, .T. ) ;
#2826 = CARTESIAN_POINT ( 'NONE',  ( 85.94053185020818830, 150.4016970986526758, -66.24798671529877936 ) ) ;
#2827 = CARTESIAN_POINT ( 'NONE',  ( -80.00000000000001421, 140.3490481287456078, -142.8519956551704411 ) ) ;
#2828 = CARTESIAN_POINT ( 'NONE',  ( -73.59674707527629778, 140.3289928215593534, 56.49803924645240727 ) ) ;
#2829 = CARTESIAN_POINT ( 'NONE',  ( -104.5999999999999943, 58.33405080756782013, 211.5507292157780057 ) ) ;
#2830 = EDGE_CURVE ( 'NONE', #3828, #3262, #4989, .T. ) ;
#2831 = CARTESIAN_POINT ( 'NONE',  ( -49.55355041148609274, 143.3868821579791302, 82.99554756320242177 ) ) ;
#2832 = ORIENTED_EDGE ( 'NONE', *, *, #4282, .T. ) ;
#2833 = CARTESIAN_POINT ( 'NONE',  ( 85.24283172855284363, 140.4777740390904910, -117.9122717435042631 ) ) ;
#2834 = ORIENTED_EDGE ( 'NONE', *, *, #8778, .F. ) ;
#2835 = EDGE_CURVE ( 'NONE', #9287, #8154, #1282, .T. ) ;
#2836 = EDGE_LOOP ( 'NONE', ( #4842, #568, #7183, #3725 ) ) ;
#2837 = CARTESIAN_POINT ( 'NONE',  ( 65.23931940056858991, 135.7344127522115969, 28.87183192954764621 ) ) ;
#2838 = CARTESIAN_POINT ( 'NONE',  ( -80.00000000000002842, -40.00000000000000000, -96.00761524218039256 ) ) ;
#2839 = CARTESIAN_POINT ( 'NONE',  ( 67.00000006018402132, 159.3612752313420344, 6.177326012594245519 ) ) ;
#2840 = CIRCLE ( 'NONE', #4697, 20.00000000000000355 ) ;
#2841 = CYLINDRICAL_SURFACE ( 'NONE', #1256, 1.602000000000006086 ) ;
#2842 = CARTESIAN_POINT ( 'NONE',  ( -40.59711005871341882, 62.00011548167607600, 92.09068151932993374 ) ) ;
#2843 = ORIENTED_EDGE ( 'NONE', *, *, #9168, .F. ) ;
#2844 = VERTEX_POINT ( 'NONE', #9310 ) ;
#2845 = VECTOR ( 'NONE', #1540, 1000.000000000000000 ) ;
#2846 = EDGE_CURVE ( 'NONE', #5904, #726, #4068, .T. ) ;
#2847 = CARTESIAN_POINT ( 'NONE',  ( 90.81426102660059030, 58.33205080756781058, 215.9038475772950392 ) ) ;
#2848 = CARTESIAN_POINT ( 'NONE',  ( -9.911775709308569660, 158.2026599286139970, 70.53731314112239659 ) ) ;
#2849 = CARTESIAN_POINT ( 'NONE',  ( 22.02228768657970193, 62.00006774901302720, 89.13503669831956699 ) ) ;
#2850 = CARTESIAN_POINT ( 'NONE',  ( 66.99999999999998579, 157.5000000000000000, 99.00000000000000000 ) ) ;
#2851 = EDGE_CURVE ( 'NONE', #5825, #1206, #6397, .T. ) ;
#2852 = ORIENTED_EDGE ( 'NONE', *, *, #8646, .F. ) ;
#2853 = CARTESIAN_POINT ( 'NONE',  ( -60.68377993034080475, 156.6432598155006701, 55.24210122586806904 ) ) ;
#2854 = CARTESIAN_POINT ( 'NONE',  ( 87.48188429676369537, 134.7756817230211936, -69.29999999999999716 ) ) ;
#2855 = EDGE_CURVE ( 'NONE', #1488, #2694, #6449, .T. ) ;
#2856 = VECTOR ( 'NONE', #2898, 1000.000000000000000 ) ;
#2857 = ORIENTED_EDGE ( 'NONE', *, *, #7612, .F. ) ;
#2858 = DIRECTION ( 'NONE',  ( -0.01743327574156844362, 0.9998480289008516708, 0.000000000000000000 ) ) ;
#2859 = EDGE_LOOP ( 'NONE', ( #4063, #6350, #7666, #4090 ) ) ;
#2860 = ORIENTED_EDGE ( 'NONE', *, *, #2610, .F. ) ;
#2861 = CARTESIAN_POINT ( 'NONE',  ( 91.16886645121302024, -39.76353834083212035, -115.1885948100908337 ) ) ;
#2862 = CARTESIAN_POINT ( 'NONE',  ( 68.76778248187900999, -37.00000000000001421, -140.0437682691249108 ) ) ;
#2863 = FACE_OUTER_BOUND ( 'NONE', #357, .T. ) ;
#2864 = AXIS2_PLACEMENT_3D ( 'NONE', #518, #8109, #6400 ) ;
#2865 = AXIS2_PLACEMENT_3D ( 'NONE', #4411, #7357, #8025 ) ;
#2866 = CARTESIAN_POINT ( 'NONE',  ( 74.81494858330252384, 156.2613765782593021, -67.29999999999999716 ) ) ;
#2867 = DIRECTION ( 'NONE',  ( 0.000000000000000000, -0.9998476951563911586, 0.01745240643728345614 ) ) ;
#2868 = CARTESIAN_POINT ( 'NONE',  ( -52.20614212903431905, 157.5000000000000000, -108.9016790963646031 ) ) ;
#2869 = DIRECTION ( 'NONE',  ( -0.9998476951563911586, -0.01745240643728340063, 0.000000000000000000 ) ) ;
#2870 = EDGE_CURVE ( 'NONE', #1279, #7964, #1589, .T. ) ;
#2871 = CARTESIAN_POINT ( 'NONE',  ( -76.85438026068504769, 140.1626628929270737, 51.41304439313699959 ) ) ;
#2872 = AXIS2_PLACEMENT_3D ( 'NONE', #4886, #4152, #2609 ) ;
#2873 = ORIENTED_EDGE ( 'NONE', *, *, #3250, .T. ) ;
#2874 = ORIENTED_EDGE ( 'NONE', *, *, #889, .T. ) ;
#2875 = CARTESIAN_POINT ( 'NONE',  ( 89.48218452922293409, 20.29315553242790671, -69.30200000000000671 ) ) ;
#2876 = DIRECTION ( 'NONE',  ( 0.9998475094691958720, 0.01745240319553146777, 0.0006094513489415269349 ) ) ;
#2877 = CARTESIAN_POINT ( 'NONE',  ( -73.25720166768570607, 140.3304286827097087, 57.51172848174709884 ) ) ;
#2878 = CARTESIAN_POINT ( 'NONE',  ( -179.5065270670694417, 140.3054171126526057, -46.49347293293077144 ) ) ;
#2879 = VECTOR ( 'NONE', #1211, 1000.000000000000114 ) ;
#2880 = CARTESIAN_POINT ( 'NONE',  ( -48.53236616917108392, 147.7011936902210607, 81.97442710368318330 ) ) ;
#2881 = ORIENTED_EDGE ( 'NONE', *, *, #5293, .T. ) ;
#2882 = CARTESIAN_POINT ( 'NONE',  ( 86.79272080729377592, 140.4683554534713039, -115.0129134350022468 ) ) ;
#2883 = ORIENTED_EDGE ( 'NONE', *, *, #9528, .T. ) ;
#2884 = VECTOR ( 'NONE', #2964, 1000.000000000000000 ) ;
#2885 = ORIENTED_EDGE ( 'NONE', *, *, #5098, .F. ) ;
#2886 = CARTESIAN_POINT ( 'NONE',  ( -41.94965598944002494, 140.3284422506444287, 87.79235963897407657 ) ) ;
#2887 = CARTESIAN_POINT ( 'NONE',  ( -76.52900970127198832, 140.3924659666986088, -99.40338611008230885 ) ) ;
#2888 = CARTESIAN_POINT ( 'NONE',  ( -77.60838802032908745, -39.79765394639568399, -111.2942863013552994 ) ) ;
#2889 = CARTESIAN_POINT ( 'NONE',  ( 67.00053327084643229, 158.8394114339596399, 8.601389182267981326 ) ) ;
#2890 = CARTESIAN_POINT ( 'NONE',  ( 90.39999999999999147, 47.51666049839860051, 196.8038475772949880 ) ) ;
#2891 = LINE ( 'NONE', #6537, #1563 ) ;
#2892 = FACE_OUTER_BOUND ( 'NONE', #4283, .T. ) ;
#2893 = ORIENTED_EDGE ( 'NONE', *, *, #5303, .T. ) ;
#2894 = ORIENTED_EDGE ( 'NONE', *, *, #5536, .F. ) ;
#2895 = VECTOR ( 'NONE', #5298, 1000.000000000000000 ) ;
#2896 = EDGE_CURVE ( 'NONE', #2959, #1393, #2501, .T. ) ;
#2897 = CARTESIAN_POINT ( 'NONE',  ( -89.59999999999999432, 154.9320508075680038, 217.8018475772949785 ) ) ;
#2898 = DIRECTION ( 'NONE',  ( 3.503464585017659440E-16, 6.115320180519409318E-18, 1.000000000000000000 ) ) ;
#2899 = CARTESIAN_POINT ( 'NONE',  ( 25.32759053471382060, 62.00020496268086845, 87.94665165668534712 ) ) ;
#2900 = CARTESIAN_POINT ( 'NONE',  ( 88.99052894463142138, 150.3138301498075293, -66.25094658256406888 ) ) ;
#2901 = VERTEX_POINT ( 'NONE', #9412 ) ;
#2902 = ORIENTED_EDGE ( 'NONE', *, *, #1818, .T. ) ;
#2903 = CARTESIAN_POINT ( 'NONE',  ( -68.27818195298904413, 146.7289579405281756, 62.83618438354704239 ) ) ;
#2904 = LINE ( 'NONE', #5873, #4328 ) ;
#2905 = EDGE_LOOP ( 'NONE', ( #1827, #8668, #4138, #5502 ) ) ;
#2906 = EDGE_CURVE ( 'NONE', #4052, #1733, #409, .T. ) ;
#2907 = CARTESIAN_POINT ( 'NONE',  ( 87.48103829603714132, 134.9387464491812239, -75.93919569693431981 ) ) ;
#2908 = ORIENTED_EDGE ( 'NONE', *, *, #9440, .T. ) ;
#2909 = DIRECTION ( 'NONE',  ( -0.000000000000000000, -1.000000000000000000, -0.000000000000000000 ) ) ;
#2910 = CARTESIAN_POINT ( 'NONE',  ( -89.59999999999999432, 56.73205080756775942, 217.8018475772952627 ) ) ;
#2911 = CARTESIAN_POINT ( 'NONE',  ( 91.39424249940425682, 23.32698761257564968, -70.68542483759469519 ) ) ;
#2912 = ADVANCED_FACE ( 'NONE', ( #3336 ), #4214, .T. ) ;
#2913 = EDGE_CURVE ( 'NONE', #4190, #9062, #4117, .T. ) ;
#2914 = LINE ( 'NONE', #6694, #5497 ) ;
#2915 = EDGE_CURVE ( 'NONE', #7580, #992, #7160, .T. ) ;
#2916 = CARTESIAN_POINT ( 'NONE',  ( 17.35609265221864916, 61.99999999999998579, 89.71920255721200022 ) ) ;
#2917 = CARTESIAN_POINT ( 'NONE',  ( -54.90330235172737616, 157.5000000000000284, -103.5051267680681946 ) ) ;
#2918 = CARTESIAN_POINT ( 'NONE',  ( 70.75708929466848929, 122.7778321239465953, -1.160009363293830198 ) ) ;
#2919 = PLANE ( 'NONE',  #331 ) ;
#2920 = ORIENTED_EDGE ( 'NONE', *, *, #9232, .T. ) ;
#2921 = ORIENTED_EDGE ( 'NONE', *, *, #4675, .F. ) ;
#2922 = AXIS2_PLACEMENT_3D ( 'NONE', #7536, #6051, #5606 ) ;
#2923 = DIRECTION ( 'NONE',  ( -0.9998476951563909365, -0.01745240643730184074, 0.000000000000000000 ) ) ;
#2924 = CARTESIAN_POINT ( 'NONE',  ( 71.85504175204269472, 157.5000000000000284, -92.85961089735097573 ) ) ;
#2925 = ADVANCED_FACE ( 'NONE', ( #7211 ), #561, .F. ) ;
#2926 = VECTOR ( 'NONE', #2639, 1000.000000000000000 ) ;
#2927 = EDGE_CURVE ( 'NONE', #7137, #311, #8118, .T. ) ;
#2928 = CARTESIAN_POINT ( 'NONE',  ( -74.15972875234112394, 140.3207645950534754, 54.00058111987137011 ) ) ;
#2929 = CARTESIAN_POINT ( 'NONE',  ( -66.95240940461998491, 157.5948708621962453, 61.59443885421309517 ) ) ;
#2930 = ADVANCED_FACE ( 'NONE', ( #1464 ), #7308, .T. ) ;
#2931 = CARTESIAN_POINT ( 'NONE',  ( -48.89372940493171171, 146.5301526624546113, 82.33572434558431041 ) ) ;
#2932 = B_SPLINE_CURVE_WITH_KNOTS ( 'NONE', 3,
 ( #3673, #5036, #3524, #1372, #8742, #802, #2899, #8792, #6635, #20, #4309, #4364, #5918, #656, #2232, #8886, #8024, #8691, #2849, #3722, #5138, #7309, #7212, #1422, #7265, #6544, #5087, #2281, #703, #3575, #9458, #5818, #6682 ),
 .UNSPECIFIED., .F., .F.,
 ( 4, 2, 2, 2, 1, 1, 1, 1, 2, 2, 2, 2, 1, 1, 1, 1, 1, 2, 2, 2, 4 ),
 ( 0.000000000000000000, 0.2499999999999623634, 0.3749999999999435452, 0.4374999999999334976, 0.4687499999999290012, 0.4843749999999272804, 0.4921874999999264477, 0.4960937499999260591, 0.4980468749999257816, 0.4999999999999256151, 0.6249999999999367173, 0.6874999999999427125, 0.7187499999999455991, 0.7343749999999474865, 0.7421874999999484857, 0.7460937499999484857, 0.7480468749999488187, 0.7490234374999485967, 0.7499999999999484857, 0.8749999999999741318, 1.000000000000000000 ),
 .UNSPECIFIED. ) ;
#2933 = AXIS2_PLACEMENT_3D ( 'NONE', #391, #8676, #2075 ) ;
#2934 = ORIENTED_EDGE ( 'NONE', *, *, #7379, .F. ) ;
#2935 = VECTOR ( 'NONE', #4567, 1000.000000000000000 ) ;
#2936 = LINE ( 'NONE', #592, #3703 ) ;
#2937 = ORIENTED_EDGE ( 'NONE', *, *, #4808, .T. ) ;
#2938 = ORIENTED_EDGE ( 'NONE', *, *, #8233, .F. ) ;
#2939 = DIRECTION ( 'NONE',  ( 3.301091116633068434E-19, -1.891193834115547884E-17, -1.000000000000000000 ) ) ;
#2940 = DIRECTION ( 'NONE',  ( 0.000000000000000000, -0.3175821737953208879, -0.9482307540295447090 ) ) ;
#2941 = AXIS2_PLACEMENT_3D ( 'NONE', #5059, #7997, #9284 ) ;
#2942 = CARTESIAN_POINT ( 'NONE',  ( -79.04583607648315535, -39.85860143962225521, -105.7145640041889578 ) ) ;
#2943 = B_SPLINE_CURVE_WITH_KNOTS ( 'NONE', 3,
 ( #4734, #6916, #8975, #6152 ),
 .UNSPECIFIED., .F., .F.,
 ( 4, 4 ),
 ( 0.000000000000000000, 1.000000000000000000 ),
 .UNSPECIFIED. ) ;
#2944 = CARTESIAN_POINT ( 'NONE',  ( 67.00000000837171399, 159.8409454622971850, 2.646362535594592114 ) ) ;
#2945 = CYLINDRICAL_SURFACE ( 'NONE', #7038, 17.49999999999999645 ) ;
#2946 = CARTESIAN_POINT ( 'NONE',  ( 97.37748030336528871, 159.1151392947464842, 152.6030191501704962 ) ) ;
#2947 = DIRECTION ( 'NONE',  ( 0.01744177813809457203, -0.9992388003036508648, -0.03489418781261417052 ) ) ;
#2948 = ORIENTED_EDGE ( 'NONE', *, *, #4968, .T. ) ;
#2949 = DIRECTION ( 'NONE',  ( 7.165827653609149284E-17, 0.000000000000000000, 1.000000000000000000 ) ) ;
#2950 = CARTESIAN_POINT ( 'NONE',  ( 27.00000000000000000, -38.00000000000000000, -76.00000000000000000 ) ) ;
#2951 = CARTESIAN_POINT ( 'NONE',  ( -104.6000000000000227, 153.3320508075674979, 95.40384757729515286 ) ) ;
#2952 = CARTESIAN_POINT ( 'NONE',  ( 88.94078532660226699, 150.3961000566266364, -66.24807396003195947 ) ) ;
#2953 = VERTEX_POINT ( 'NONE', #2186 ) ;
#2954 = CARTESIAN_POINT ( 'NONE',  ( 91.81347564184409293, 1.330954137331334053, -67.30000000000001137 ) ) ;
#2955 = CARTESIAN_POINT ( 'NONE',  ( 91.48187991953568599, 20.32806034530250372, -74.00000000000000000 ) ) ;
#2956 = CARTESIAN_POINT ( 'NONE',  ( -80.00000000000000000, -40.00000000000000711, -74.00000099900120176 ) ) ;
#2957 = ADVANCED_FACE ( 'NONE', ( #8068 ), #1371, .F. ) ;
#2958 = ORIENTED_EDGE ( 'NONE', *, *, #4792, .T. ) ;
#2959 = VERTEX_POINT ( 'NONE', #4363 ) ;
#2960 = CARTESIAN_POINT ( 'NONE',  ( 92.48254493507178609, -37.00000000000000711, -74.00000000000001421 ) ) ;
#2961 = CARTESIAN_POINT ( 'NONE',  ( 63.50600558550771524, -37.00000000000001421, -142.4467751553926291 ) ) ;
#2962 = LINE ( 'NONE', #2911, #5958 ) ;
#2963 = CARTESIAN_POINT ( 'NONE',  ( -2.032926474679221496, 157.0740081044467047, 73.59109938245113369 ) ) ;
#2964 = DIRECTION ( 'NONE',  ( 1.913402524860850093E-16, 3.339856530526139354E-18, 1.000000000000000000 ) ) ;
#2965 = CARTESIAN_POINT ( 'NONE',  ( 24.02830088742126691, 62.00000002078393635, 91.16302097631556478 ) ) ;
#2966 = CARTESIAN_POINT ( 'NONE',  ( 68.82072635358120749, 160.0000000000000000, -106.1528419302081119 ) ) ;
#2967 = CYLINDRICAL_SURFACE ( 'NONE', #25, 1.000000000000000888 ) ;
#2968 = EDGE_CURVE ( 'NONE', #5770, #5261, #844, .T. ) ;
#2969 = VERTEX_POINT ( 'NONE', #3672 ) ;
#2970 = DIRECTION ( 'NONE',  ( 0.000000000000000000, -0.000000000000000000, -1.000000000000000000 ) ) ;
#2971 = DIRECTION ( 'NONE',  ( -1.000000000000000000, 0.000000000000000000, 0.000000000000000000 ) ) ;
#2972 = LINE ( 'NONE', #1541, #2578 ) ;
#2973 = DIRECTION ( 'NONE',  ( 0.000000000000000000, -0.8387456474659557015, -0.5445234052425247384 ) ) ;
#2974 = CARTESIAN_POINT ( 'NONE',  ( -42.91184940318700569, 155.6798538822272633, 76.35414381575604637 ) ) ;
#2975 = ORIENTED_EDGE ( 'NONE', *, *, #3537, .T. ) ;
#2976 = EDGE_CURVE ( 'NONE', #3983, #7295, #6634, .T. ) ;
#2977 = FACE_OUTER_BOUND ( 'NONE', #9166, .T. ) ;
#2978 = CARTESIAN_POINT ( 'NONE',  ( 48.35272452923824460, 160.0000000000000284, -142.1467015144944526 ) ) ;
#2979 = ORIENTED_EDGE ( 'NONE', *, *, #4798, .T. ) ;
#2980 = ORIENTED_EDGE ( 'NONE', *, *, #5900, .F. ) ;
#2981 = DIRECTION ( 'NONE',  ( 1.000000000000000000, 0.000000000000000000, -0.000000000000000000 ) ) ;
#2982 = DIRECTION ( 'NONE',  ( -0.6917144638660747136, -0.2075143391598225640, -0.6917144638660747136 ) ) ;
#2983 = LINE ( 'NONE', #838, #6744 ) ;
#2984 = CARTESIAN_POINT ( 'NONE',  ( 2.000000000000000000, -38.51793358416909996, -142.0000000000000284 ) ) ;
#2985 = DIRECTION ( 'NONE',  ( -0.000000000000000000, 1.000000000000000000, 1.583748323458199862E-16 ) ) ;
#2986 = CARTESIAN_POINT ( 'NONE',  ( -77.44725398510558989, -36.99999999999999289, -95.95448846517697916 ) ) ;
#2987 = CARTESIAN_POINT ( 'NONE',  ( -50.17743488806709706, 62.00011548143207563, 88.12238102909313398 ) ) ;
#2988 = VERTEX_POINT ( 'NONE', #7976 ) ;
#2989 = CARTESIAN_POINT ( 'NONE',  ( -56.85504175204265920, 140.0000000000000000, 51.41304439313701380 ) ) ;
#2990 = DIRECTION ( 'NONE',  ( 0.01745240643728350471, -0.9998476951563912696, -1.032755642038752228E-16 ) ) ;
#2991 = CARTESIAN_POINT ( 'NONE',  ( -80.00000000000002842, -40.00000000000000000, -96.00761524218039256 ) ) ;
#2992 = AXIS2_PLACEMENT_3D ( 'NONE', #3361, #1734, #4091 ) ;
#2993 = CARTESIAN_POINT ( 'NONE',  ( 88.98671214975311727, 150.3201687520438554, -66.25072523949398828 ) ) ;
#2994 = ORIENTED_EDGE ( 'NONE', *, *, #3137, .T. ) ;
#2995 = LINE ( 'NONE', #5969, #4779 ) ;
#2996 = DIRECTION ( 'NONE',  ( -3.420933063717830968E-32, -1.000000000000000000, -9.714451465470123426E-17 ) ) ;
#2997 = CARTESIAN_POINT ( 'NONE',  ( 92.44725026667758527, -37.00000000000000000, -75.93739269856089891 ) ) ;
#2998 = AXIS2_PLACEMENT_3D ( 'NONE', #8816, #4574, #2211 ) ;
#2999 = VERTEX_POINT ( 'NONE', #8023 ) ;
#3000 = CARTESIAN_POINT ( 'NONE',  ( 91.01902581485641974, -39.76067179826800668, -115.5457191684831884 ) ) ;
#3001 = PLANE ( 'NONE',  #7378 ) ;
#3002 = CARTESIAN_POINT ( 'NONE',  ( 2.399999999999930189, -0.2631397208144559685, 97.00384757729520402 ) ) ;
#3003 = CARTESIAN_POINT ( 'NONE',  ( -89.59999999999999432, 58.33205080756781058, 217.8018475772949785 ) ) ;
#3004 = PLANE ( 'NONE',  #4253 ) ;
#3005 = CIRCLE ( 'NONE', #8400, 19.99999999999998934 ) ;
#3006 = CARTESIAN_POINT ( 'NONE',  ( 20.63030212041163480, 62.00000175331486929, 91.97151970727804837 ) ) ;
#3007 = LINE ( 'NONE', #3590, #4939 ) ;
#3008 = PLANE ( 'NONE',  #807 ) ;
#3009 = ORIENTED_EDGE ( 'NONE', *, *, #7420, .T. ) ;
#3010 = VECTOR ( 'NONE', #7266, 1000.000000000000114 ) ;
#3011 = LINE ( 'NONE', #2256, #4292 ) ;
#3012 = CARTESIAN_POINT ( 'NONE',  ( 66.00000000000000000, 157.4999999999999716, -66.00000000000000000 ) ) ;
#3013 = CARTESIAN_POINT ( 'NONE',  ( -74.30258088134371519, 140.3140780931474296, 52.73030401498919417 ) ) ;
#3014 = CARTESIAN_POINT ( 'NONE',  ( -74.27100946596313236, 140.1602345703819879, 61.81471289577466166 ) ) ;
#3015 = EDGE_CURVE ( 'NONE', #1940, #1206, #5817, .T. ) ;
#3016 = CARTESIAN_POINT ( 'NONE',  ( -39.09130502374691218, 157.3462773288945016, 72.53418882818124303 ) ) ;
#3017 = VECTOR ( 'NONE', #8206, 1000.000000000000000 ) ;
#3018 = AXIS2_PLACEMENT_3D ( 'NONE', #198, #4726, #8246 ) ;
#3019 = VERTEX_POINT ( 'NONE', #4308 ) ;
#3020 = CARTESIAN_POINT ( 'NONE',  ( -92.17074539372529784, 58.33405080756782013, 217.8038475772949880 ) ) ;
#3021 = ORIENTED_EDGE ( 'NONE', *, *, #5263, .T. ) ;
#3022 = ORIENTED_EDGE ( 'NONE', *, *, #4398, .T. ) ;
#3023 = ORIENTED_EDGE ( 'NONE', *, *, #8847, .T. ) ;
#3024 = DIRECTION ( 'NONE',  ( -0.000000000000000000, 0.000000000000000000, -1.000000000000000000 ) ) ;
#3025 = AXIS2_PLACEMENT_3D ( 'NONE', #8215, #3092, #4640 ) ;
#3026 = CARTESIAN_POINT ( 'NONE',  ( -46.68200588686177355, 160.0000000000000000, -115.4582692847708643 ) ) ;
#3027 = ADVANCED_FACE ( 'NONE', ( #9457 ), #750, .T. ) ;
#3028 = CARTESIAN_POINT ( 'NONE',  ( -49.18859481009118184, -39.76353834083808891, -142.1688664512130913 ) ) ;
#3029 = EDGE_CURVE ( 'NONE', #2229, #6870, #19, .T. ) ;
#3030 = EDGE_CURVE ( 'NONE', #5671, #5761, #3630, .T. ) ;
#3031 = CARTESIAN_POINT ( 'NONE',  ( 67.00000000034005154, 159.8415926705872607, 2.639138548940619167 ) ) ;
#3032 = CARTESIAN_POINT ( 'NONE',  ( -76.52866586227764856, 140.3920894901090435, -99.34151833715651492 ) ) ;
#3033 = ORIENTED_EDGE ( 'NONE', *, *, #3988, .T. ) ;
#3034 = FACE_OUTER_BOUND ( 'NONE', #5163, .T. ) ;
#3035 = CIRCLE ( 'NONE', #2558, 20.00000000000000355 ) ;
#3036 = CARTESIAN_POINT ( 'NONE',  ( 91.77615049354017174, 1.447493282048755603, -72.88398485827585205 ) ) ;
#3037 = ORIENTED_EDGE ( 'NONE', *, *, #9325, .T. ) ;
#3038 = DIRECTION ( 'NONE',  ( 6.123233995736769734E-17, -9.958194727654479714E-17, -1.000000000000000000 ) ) ;
#3039 = FACE_OUTER_BOUND ( 'NONE', #3993, .T. ) ;
#3040 = CARTESIAN_POINT ( 'NONE',  ( 63.07472745791201163, 140.4097051887271732, -135.3565781698392527 ) ) ;
#3041 = EDGE_CURVE ( 'NONE', #3549, #1096, #7448, .T. ) ;
#3042 = CARTESIAN_POINT ( 'NONE',  ( 91.35854394820418634, 144.5417066493488107, -66.45320801071018479 ) ) ;
#3043 = FACE_OUTER_BOUND ( 'NONE', #3668, .T. ) ;
#3044 = CARTESIAN_POINT ( 'NONE',  ( -48.70172208236737532, -37.00000000000000000, -142.3006704809570806 ) ) ;
#3045 = ORIENTED_EDGE ( 'NONE', *, *, #1171, .T. ) ;
#3046 = DIRECTION ( 'NONE',  ( -0.01745240643693534224, -0.9998476951363208798, -6.336149261708273772E-06 ) ) ;
#3047 = AXIS2_PLACEMENT_3D ( 'NONE', #960, #2349, #228 ) ;
#3048 = ORIENTED_EDGE ( 'NONE', *, *, #4946, .F. ) ;
#3049 = B_SPLINE_CURVE_WITH_KNOTS ( 'NONE', 3,
 ( #571, #4272, #2149, #2011, #3487, #7989, #9372, #4955, #9469, #3538, #7940, #2724, #1434, #3636, #3436, #5102, #2769, #8034, #2816, #7898, #7319, #5735, #6510, #5050, #1291, #715, #9518, #2059, #8658, #5001, #1333, #7275, #4223, #7224, #618, #4180, #5881, #666, #3584, #6408, #2862, #5832, #8804, #2199, #5147, #9322, #2961, #4562, #7501, #2379, #7457, #8181, #8223, #217, #3102, #4421, #3144, #6023, #1478, #1665, #3052 ),
 .UNSPECIFIED., .F., .F.,
 ( 4, 1, 1, 1, 1, 1, 1, 2, 2, 1, 1, 1, 1, 1, 2, 2, 1, 1, 1, 1, 2, 2, 2, 1, 1, 1, 1, 1, 2, 2, 1, 1, 1, 1, 1, 2, 2, 1, 1, 1, 1, 1, 1, 2, 2, 4 ),
 ( 0.000000000000000000, 0.06250000000002547962, 0.09375000000003791412, 0.1093750000000438122, 0.1171875000000467543, 0.1210937500000481837, 0.1230468750000489053, 0.1240234375000489192, 0.1250000000000489331, 0.1875000000000455191, 0.2187500000000439926, 0.2343750000000433820, 0.2421875000000430767, 0.2460937500000429379, 0.2480468750000429934, 0.2500000000000430767, 0.3125000000000345834, 0.3437500000000306422, 0.3593750000000285882, 0.3671875000000274225, 0.3710937500000268119, 0.3750000000000262568, 0.5000000000000071054, 0.5624999999999968914, 0.5937499999999922284, 0.6093749999999896749, 0.6171874999999882316, 0.6210937499999876765, 0.6230468749999873435, 0.6249999999999870104, 0.6874999999999786837, 0.7187499999999743538, 0.7343749999999722444, 0.7421874999999709122, 0.7460937499999703570, 0.7480468749999702460, 0.7499999999999701350, 0.8124999999999823475, 0.8437499999999884537, 0.8593749999999914513, 0.8671874999999930056, 0.8710937499999938938, 0.8730468749999941158, 0.8740234374999942268, 0.8749999999999944489, 1.000000000000000000 ),
 .UNSPECIFIED. ) ;
#3050 = ORIENTED_EDGE ( 'NONE', *, *, #8044, .T. ) ;
#3051 = CARTESIAN_POINT ( 'NONE',  ( 82.37120207554869467, -39.69158066579547750, -129.3364642106179758 ) ) ;
#3052 = CARTESIAN_POINT ( 'NONE',  ( 45.00761524216778753, -37.00000000000000711, -146.0000000000000284 ) ) ;
#3053 = DIRECTION ( 'NONE',  ( 1.000000000000000000, -6.123031769111888756E-17, -3.081487911019574628E-33 ) ) ;
#3054 = EDGE_CURVE ( 'NONE', #2086, #1503, #9507, .T. ) ;
#3055 = CARTESIAN_POINT ( 'NONE',  ( -56.85504175204264499, 157.4989269163039580, -75.99159735016459649 ) ) ;
#3056 = AXIS2_PLACEMENT_3D ( 'NONE', #94, #8197, #7223 ) ;
#3057 = CARTESIAN_POINT ( 'NONE',  ( 89.08784076219122028, 134.8037137973964832, -68.08489655444017785 ) ) ;
#3058 = CARTESIAN_POINT ( 'NONE',  ( -32.73616238485076479, 157.5000000000000000, -122.2743576761920679 ) ) ;
#3059 = CARTESIAN_POINT ( 'NONE',  ( 41.85961089735094731, 160.0000000000000000, -122.8550417520427942 ) ) ;
#3060 = EDGE_CURVE ( 'NONE', #4995, #4245, #7683, .T. ) ;
#3061 = CARTESIAN_POINT ( 'NONE',  ( -92.17074539372529784, 58.33205080756781058, 217.8038475772949880 ) ) ;
#3062 = EDGE_LOOP ( 'NONE', ( #2190, #2036, #7218, #5156 ) ) ;
#3063 = DIRECTION ( 'NONE',  ( -0.000000000000000000, -1.000000000000000000, -0.000000000000000000 ) ) ;
#3064 = CARTESIAN_POINT ( 'NONE',  ( -56.85504175204269472, -37.00000000000000000, -92.85961089735100416 ) ) ;
#3065 = CARTESIAN_POINT ( 'NONE',  ( 89.35237641727952962, 140.3054171126526057, -75.93851630193296387 ) ) ;
#3066 = CARTESIAN_POINT ( 'NONE',  ( 94.94763480521532983, -37.00000000000000711, -92.42429820423041065 ) ) ;
#3067 = ORIENTED_EDGE ( 'NONE', *, *, #8050, .F. ) ;
#3068 = DIRECTION ( 'NONE',  ( 0.000000000000000000, -0.000000000000000000, -1.000000000000000000 ) ) ;
#3069 = CARTESIAN_POINT ( 'NONE',  ( 71.85504175204270894, 160.0000000000000000, -92.85961089735094731 ) ) ;
#3070 = ADVANCED_FACE ( 'NONE', ( #3039 ), #64, .F. ) ;
#3071 = B_SPLINE_CURVE_WITH_KNOTS ( 'NONE', 3,
 ( #1323, #3427, #7889, #6354, #4118, #4167, #5726, #8601, #3290, #9171, #4069, #562, #4215, #2577, #9269, #6450, #7069, #6975, #465, #5530, #8456, #7021, #9363, #5675, #2760, #2001, #1234, #410, #2665, #6398, #6306, #5621, #8649, #1949, #9311, #2621, #4848, #2049, #8548, #4897, #4990, #7791, #5576, #7841 ),
 .UNSPECIFIED., .F., .F.,
 ( 4, 2, 1, 2, 2, 2, 1, 1, 1, 1, 2, 2, 2, 2, 1, 1, 1, 1, 2, 2, 2, 2, 1, 1, 1, 2, 2, 4 ),
 ( 0.000000000000000000, 0.06250000000000331679, 0.09375000000000578704, 0.1093750000000070083, 0.1250000000000082434, 0.1875000000000121014, 0.2187500000000135725, 0.2343750000000148492, 0.2421875000000152101, 0.2460937500000161537, 0.2480468750000168476, 0.2500000000000175970, 0.3750000000000401901, 0.4375000000000520139, 0.4687500000000583422, 0.4843750000000612288, 0.4921875000000627276, 0.4960937500000633937, 0.4980468750000626721, 0.5000000000000619504, 0.6250000000000395239, 0.6875000000000276446, 0.7187500000000203171, 0.7343750000000159872, 0.7421875000000138778, 0.7460937500000127676, 0.7500000000000115463, 1.000000000000000000 ),
 .UNSPECIFIED. ) ;
#3072 = AXIS2_PLACEMENT_3D ( 'NONE', #9027, #988, #5374 ) ;
#3073 = VECTOR ( 'NONE', #8496, 1000.000000000000114 ) ;
#3074 = ORIENTED_EDGE ( 'NONE', *, *, #4940, .F. ) ;
#3075 = ORIENTED_EDGE ( 'NONE', *, *, #6812, .F. ) ;
#3076 = ORIENTED_EDGE ( 'NONE', *, *, #8176, .F. ) ;
#3077 = LINE ( 'NONE', #6086, #7018 ) ;
#3078 = CARTESIAN_POINT ( 'NONE',  ( -48.80998556902400054, 159.9999999999999432, -137.3815626241618304 ) ) ;
#3079 = CARTESIAN_POINT ( 'NONE',  ( -56.85395259298230286, 157.5000000000000000, -75.99159695474209286 ) ) ;
#3080 = ADVANCED_FACE ( 'NONE', ( #8885 ), #1565, .F. ) ;
#3081 = DIRECTION ( 'NONE',  ( 0.000000000000000000, 0.000000000000000000, 1.000000000000000000 ) ) ;
#3082 = CARTESIAN_POINT ( 'NONE',  ( -45.61158553443338803, 140.4544398526770976, -139.2002224986357817 ) ) ;
#3083 = AXIS2_PLACEMENT_3D ( 'NONE', #2095, #6504, #24 ) ;
#3084 = DIRECTION ( 'NONE',  ( -1.000000000000000000, -0.000000000000000000, -0.000000000000000000 ) ) ;
#3085 = CARTESIAN_POINT ( 'NONE',  ( 67.00000000000000000, 157.5000000000000000, 0.08633541039803481476 ) ) ;
#3086 = ADVANCED_FACE ( 'NONE', ( #6013 ), #8931, .T. ) ;
#3087 = ORIENTED_EDGE ( 'NONE', *, *, #7690, .T. ) ;
#3088 = EDGE_CURVE ( 'NONE', #6870, #7915, #1074, .T. ) ;
#3089 = AXIS2_PLACEMENT_3D ( 'NONE', #2042, #2130, #8018 ) ;
#3090 = FACE_OUTER_BOUND ( 'NONE', #9409, .T. ) ;
#3091 = DIRECTION ( 'NONE',  ( 7.165827653609149284E-17, 0.000000000000000000, 1.000000000000000000 ) ) ;
#3092 = DIRECTION ( 'NONE',  ( -1.387778780781445922E-16, 0.000000000000000000, 1.000000000000000000 ) ) ;
#3093 = DIRECTION ( 'NONE',  ( 3.503464585017659440E-16, 6.115320180519409318E-18, 1.000000000000000000 ) ) ;
#3094 = ORIENTED_EDGE ( 'NONE', *, *, #4383, .F. ) ;
#3095 = CARTESIAN_POINT ( 'NONE',  ( 76.21066335048276130, 120.5110998467795582, -69.29999999999999716 ) ) ;
#3096 = CARTESIAN_POINT ( 'NONE',  ( -79.13035164069437144, -36.99999999999998579, -104.9590751233394741 ) ) ;
#3097 = CARTESIAN_POINT ( 'NONE',  ( 67.12746537215200249, 156.4237452360824818, -69.29999999999999716 ) ) ;
#3098 = EDGE_LOOP ( 'NONE', ( #584, #8437, #9472, #1016 ) ) ;
#3099 = ADVANCED_FACE ( 'NONE', ( #3821 ), #6770, .F. ) ;
#3100 = ORIENTED_EDGE ( 'NONE', *, *, #7652, .F. ) ;
#3101 = CARTESIAN_POINT ( 'NONE',  ( 68.82072635358120749, 157.5000000000000284, -106.1528419302081119 ) ) ;
#3102 = CARTESIAN_POINT ( 'NONE',  ( 54.27821763947715539, -37.00000000000000711, -145.1303503180489258 ) ) ;
#3103 = CARTESIAN_POINT ( 'NONE',  ( -76.21197647996426383, 140.3753625721650167, 56.59774336034044495 ) ) ;
#3104 = DIRECTION ( 'NONE',  ( -1.000000000000000000, -1.147955941468107181E-32, -2.167115484613950084E-16 ) ) ;
#3105 = CARTESIAN_POINT ( 'NONE',  ( 71.85504175204269472, 160.0000000000000284, -146.0000000000000000 ) ) ;
#3106 = CARTESIAN_POINT ( 'NONE',  ( 20.68033280114800121, 62.00000045245995040, 91.96377200406642771 ) ) ;
#3107 = CARTESIAN_POINT ( 'NONE',  ( 64.58203170659832892, 120.0000002261666907, 33.08701928119597113 ) ) ;
#3108 = CARTESIAN_POINT ( 'NONE',  ( 89.24106508667627224, 141.9940392693168292, -75.93855671384970663 ) ) ;
#3109 = ORIENTED_EDGE ( 'NONE', *, *, #3195, .F. ) ;
#3110 = DIRECTION ( 'NONE',  ( -0.01744177813811267561, 0.9992388003036504207, 0.03489418781261784119 ) ) ;
#3111 = LINE ( 'NONE', #8325, #3981 ) ;
#3112 = CARTESIAN_POINT ( 'NONE',  ( -80.00000000000000000, 160.0000000000000000, -146.0000000000000000 ) ) ;
#3113 = EDGE_CURVE ( 'NONE', #2969, #8154, #5466, .T. ) ;
#3114 = DIRECTION ( 'NONE',  ( 1.000000000000000000, 0.000000000000000000, 0.000000000000000000 ) ) ;
#3115 = DIRECTION ( 'NONE',  ( -0.01745240643728350124, 0.9998476951563911586, 0.000000000000000000 ) ) ;
#3116 = CARTESIAN_POINT ( 'NONE',  ( -4.768706341644588065, 151.8890315566566755, 90.75900485366601345 ) ) ;
#3117 = LINE ( 'NONE', #9099, #8324 ) ;
#3118 = ORIENTED_EDGE ( 'NONE', *, *, #7710, .T. ) ;
#3119 = ORIENTED_EDGE ( 'NONE', *, *, #27, .F. ) ;
#3120 = DIRECTION ( 'NONE',  ( -0.000000000000000000, 1.460881280034365741E-16, 1.000000000000000000 ) ) ;
#3121 = EDGE_CURVE ( 'NONE', #5874, #6256, #2461, .T. ) ;
#3122 = ADVANCED_FACE ( 'NONE', ( #8390 ), #6245, .F. ) ;
#3123 = CARTESIAN_POINT ( 'NONE',  ( -51.91227174350849083, 140.4777740391176337, -136.2428317285491914 ) ) ;
#3124 = CARTESIAN_POINT ( 'NONE',  ( -49.20321994019735712, -39.76342013684374166, -142.1627843098751782 ) ) ;
#3125 = DIRECTION ( 'NONE',  ( -0.000000000000000000, -1.000000000000000000, -0.000000000000000000 ) ) ;
#3126 = CARTESIAN_POINT ( 'NONE',  ( -42.46590066886134451, 140.4411869771293198, -140.4471139163433122 ) ) ;
#3127 = CARTESIAN_POINT ( 'NONE',  ( -4.768706341644588065, 157.5948708621948526, 80.95240940461997070 ) ) ;
#3128 = CARTESIAN_POINT ( 'NONE',  ( 90.39999999999999147, 44.23686027918448360, 181.0538475772950449 ) ) ;
#3129 = VERTEX_POINT ( 'NONE', #6961 ) ;
#3130 = DIRECTION ( 'NONE',  ( 0.9861451850233885486, 0.1658845202397945251, 0.000000000000000000 ) ) ;
#3131 = LINE ( 'NONE', #4639, #8715 ) ;
#3132 = PLANE ( 'NONE',  #4431 ) ;
#3133 = LINE ( 'NONE', #6100, #3171 ) ;
#3135 = ORIENTED_EDGE ( 'NONE', *, *, #7102, .F. ) ;
#3134 = DIRECTION ( 'NONE',  ( -0.01745240643728350124, 0.9998476951563911586, 0.000000000000000000 ) ) ;
#3136 = CARTESIAN_POINT ( 'NONE',  ( -71.91439193522012374, -36.99999999999999289, -123.1359757642592996 ) ) ;
#3137 = EDGE_CURVE ( 'NONE', #2660, #1733, #1487, .T. ) ;
#3138 = DIRECTION ( 'NONE',  ( 1.000000000000000000, 0.000000000000000000, -0.000000000000000000 ) ) ;
#3139 = EDGE_CURVE ( 'NONE', #5142, #1639, #8297, .T. ) ;
#3140 = ORIENTED_EDGE ( 'NONE', *, *, #8233, .T. ) ;
#3141 = ORIENTED_EDGE ( 'NONE', *, *, #1287, .T. ) ;
#3142 = CARTESIAN_POINT ( 'NONE',  ( 84.18648644462264485, 157.5000000000272848, -113.7277741548492855 ) ) ;
#3143 = VECTOR ( 'NONE', #5790, 1000.000000000000114 ) ;
#3144 = CARTESIAN_POINT ( 'NONE',  ( 54.15373810899095730, -37.00000000000000000, -145.1536704038021526 ) ) ;
#3145 = LINE ( 'NONE', #5381, #2240 ) ;
#3146 = CARTESIAN_POINT ( 'NONE',  ( -0.7736874984771945352, 156.5629010705778512, 74.85006097441720385 ) ) ;
#3147 = CARTESIAN_POINT ( 'NONE',  ( -74.35202766914018468, 140.3253968801749636, -95.96803566523492179 ) ) ;
#3148 = EDGE_CURVE ( 'NONE', #4488, #5671, #3962, .T. ) ;
#3149 = CARTESIAN_POINT ( 'NONE',  ( -33.98117967799210248, 157.5000000000000284, -122.0048670854143040 ) ) ;
#3150 = CARTESIAN_POINT ( 'NONE',  ( 89.90055763475079686, 154.9325187186815356, 134.6030191501703825 ) ) ;
#3151 = EDGE_CURVE ( 'NONE', #6861, #5584, #3131, .T. ) ;
#3152 = VECTOR ( 'NONE', #1822, 1000.000000000000000 ) ;
#3153 = EDGE_CURVE ( 'NONE', #5761, #1788, #9111, .T. ) ;
#3154 = DIRECTION ( 'NONE',  ( 0.000000000000000000, -1.000000000000000000, 0.000000000000000000 ) ) ;
#3155 = ORIENTED_EDGE ( 'NONE', *, *, #459, .T. ) ;
#3156 = FACE_OUTER_BOUND ( 'NONE', #894, .T. ) ;
#3157 = DIRECTION ( 'NONE',  ( -1.000000000000000000, -1.239088197126289584E-16, 0.000000000000000000 ) ) ;
#3158 = LINE ( 'NONE', #371, #7026 ) ;
#3159 = AXIS2_PLACEMENT_3D ( 'NONE', #9204, #4977, #1843 ) ;
#3160 = CARTESIAN_POINT ( 'NONE',  ( -74.35202766914018468, 140.3253968801749636, -95.96803566523492179 ) ) ;
#3161 = CARTESIAN_POINT ( 'NONE',  ( -94.78139602057051150, 58.33205080756781058, 215.9038475772950392 ) ) ;
#3162 = ORIENTED_EDGE ( 'NONE', *, *, #459, .F. ) ;
#3163 = VECTOR ( 'NONE', #1914, 1000.000000000000000 ) ;
#3164 = LINE ( 'NONE', #6082, #5076 ) ;
#3165 = DIRECTION ( 'NONE',  ( 0.000000000000000000, 0.000000000000000000, 1.000000000000000000 ) ) ;
#3166 = ORIENTED_EDGE ( 'NONE', *, *, #3508, .T. ) ;
#3167 = ORIENTED_EDGE ( 'NONE', *, *, #5765, .F. ) ;
#3168 = CARTESIAN_POINT ( 'NONE',  ( 13.00000000000000178, -55.00000000000000000, -74.00000000000000000 ) ) ;
#3169 = AXIS2_PLACEMENT_3D ( 'NONE', #4132, #7084, #7946 ) ;
#3170 = CARTESIAN_POINT ( 'NONE',  ( -40.50196946380476248, -39.84935057183407991, -144.8839369172752640 ) ) ;
#3171 = VECTOR ( 'NONE', #9022, 1000.000000000000000 ) ;
#3172 = DIRECTION ( 'NONE',  ( 7.276306904331597528E-17, 0.9153232170464438155, -0.4027200123358024575 ) ) ;
#3173 = CARTESIAN_POINT ( 'NONE',  ( -357.3840944635300048, -29.63682230876174728, -72.00000000000001421 ) ) ;
#3174 = CARTESIAN_POINT ( 'NONE',  ( 7.394091418813922623, 140.1023343372760621, 83.43700814532154197 ) ) ;
#3175 = CARTESIAN_POINT ( 'NONE',  ( 91.77653256956634209, 1.425604161169087059, -72.82888559995599564 ) ) ;
#3176 = ORIENTED_EDGE ( 'NONE', *, *, #1802, .F. ) ;
#3177 = VECTOR ( 'NONE', #4196, 1000.000000000000000 ) ;
#3178 = CARTESIAN_POINT ( 'NONE',  ( 73.25222779541259399, 120.0134462860602014, -69.29999999999999716 ) ) ;
#3179 = LINE ( 'NONE', #4732, #7032 ) ;
#3180 = CARTESIAN_POINT ( 'NONE',  ( 60.00601231630029986, 140.3989002974300320, -136.7481767748733148 ) ) ;
#3181 = LINE ( 'NONE', #3872, #3638 ) ;
#3182 = EDGE_CURVE ( 'NONE', #4741, #7054, #3179, .T. ) ;
#3183 = VECTOR ( 'NONE', #7827, 1000.000000000000000 ) ;
#3185 = ORIENTED_EDGE ( 'NONE', *, *, #5214, .F. ) ;
#3184 = CARTESIAN_POINT ( 'NONE',  ( 87.48103829603709869, 134.9387464491811954, -67.29999999999999716 ) ) ;
#3186 = CARTESIAN_POINT ( 'NONE',  ( -79.11766005318725092, -37.00000000000000000, -105.0281371650377338 ) ) ;
#3187 = EDGE_LOOP ( 'NONE', ( #8693, #3920, #6374, #6052 ) ) ;
#3188 = CARTESIAN_POINT ( 'NONE',  ( -77.31872924042698969, -29.63682230876181123, -71.99999999999998579 ) ) ;
#3189 = VERTEX_POINT ( 'NONE', #6149 ) ;
#3190 = B_SPLINE_CURVE_WITH_KNOTS ( 'NONE', 3,
 ( #3312, #1979, #4924, #6286 ),
 .UNSPECIFIED., .F., .F.,
 ( 4, 4 ),
 ( 0.000000000000000000, 1.000000000000000000 ),
 .UNSPECIFIED. ) ;
#3191 = VERTEX_POINT ( 'NONE', #6913 ) ;
#3192 = VECTOR ( 'NONE', #9337, 1000.000000000000114 ) ;
#3193 = EDGE_LOOP ( 'NONE', ( #8725, #2586, #2035, #3460 ) ) ;
#3194 = CARTESIAN_POINT ( 'NONE',  ( 49.63750096987528337, 157.5000000000000284, -121.8957655047414050 ) ) ;
#3195 = EDGE_CURVE ( 'NONE', #2694, #3903, #9064, .T. ) ;
#3196 = CARTESIAN_POINT ( 'NONE',  ( 88.80454938864460246, 88.79176183805918754, -67.29999999999999716 ) ) ;
#3197 = LINE ( 'NONE', #6163, #869 ) ;
#3198 = CARTESIAN_POINT ( 'NONE',  ( -74.35237641727947278, 140.3054171126524921, 51.41304439313702090 ) ) ;
#3199 = CARTESIAN_POINT ( 'NONE',  ( 4.387216481319187622, 151.7734670182480841, 80.01099153002243725 ) ) ;
#3200 = CARTESIAN_POINT ( 'NONE',  ( 92.38915812297659613, 154.9320508075678333, 134.6030191501703825 ) ) ;
#3201 = EDGE_CURVE ( 'NONE', #8651, #5302, #3276, .T. ) ;
#3202 = CARTESIAN_POINT ( 'NONE',  ( -92.17074539372529784, 153.3300508075680000, 217.8018475772949785 ) ) ;
#3203 = CARTESIAN_POINT ( 'NONE',  ( -94.78139602057051150, 153.3300508075680000, 217.8018475772954901 ) ) ;
#3204 = VECTOR ( 'NONE', #949, 1000.000000000000114 ) ;
#3205 = CARTESIAN_POINT ( 'NONE',  ( 92.50038076210897486, -40.04363101609320807, -69.29999999999999716 ) ) ;
#3206 = ORIENTED_EDGE ( 'NONE', *, *, #1222, .F. ) ;
#3207 = VERTEX_POINT ( 'NONE', #1167 ) ;
#3208 = DIRECTION ( 'NONE',  ( -1.000000000000000000, 1.110223024625155801E-16, -0.000000000000000000 ) ) ;
#3209 = CARTESIAN_POINT ( 'NONE',  ( 90.81426102660059030, 56.73205080756780205, 184.8038475772950164 ) ) ;
#3210 = CARTESIAN_POINT ( 'NONE',  ( -43.61510667434096433, 158.0206674201828605, 77.05710403324660263 ) ) ;
#3211 = CARTESIAN_POINT ( 'NONE',  ( -38.44116052431533603, -37.00000000000000711, -142.6830765872489621 ) ) ;
#3212 = CARTESIAN_POINT ( 'NONE',  ( -41.24887051569410801, 156.6473137825734625, 74.69126217490155284 ) ) ;
#3213 = VERTEX_POINT ( 'NONE', #1271 ) ;
#3214 = COORDINATED_UNIVERSAL_TIME_OFFSET ( 7, 0, .AHEAD. ) ;
#3215 = ORIENTED_EDGE ( 'NONE', *, *, #4177, .F. ) ;
#3216 = EDGE_CURVE ( 'NONE', #1958, #3828, #3369, .T. ) ;
#3217 = EDGE_LOOP ( 'NONE', ( #6104, #9051, #6484, #2100, #5799, #8889 ) ) ;
#3218 = EDGE_CURVE ( 'NONE', #9028, #7445, #2749, .T. ) ;
#3219 = ORIENTED_EDGE ( 'NONE', *, *, #6011, .F. ) ;
#3220 = ORIENTED_EDGE ( 'NONE', *, *, #994, .T. ) ;
#3221 = DIRECTION ( 'NONE',  ( 1.873065082678784805E-16, -4.855507225124589628E-17, 1.000000000000000000 ) ) ;
#3222 = CARTESIAN_POINT ( 'NONE',  ( 67.53047367467247852, -37.00000000000002132, -137.7936661463502901 ) ) ;
#3223 = DIRECTION ( 'NONE',  ( -0.000000000000000000, -0.000000000000000000, -1.000000000000000000 ) ) ;
#3224 = CARTESIAN_POINT ( 'NONE',  ( 66.90792161075597733, 157.0932528866658231, 8.401325211060624909 ) ) ;
#3225 = CARTESIAN_POINT ( 'NONE',  ( -45.31128636121782449, 140.4531825440510033, -139.3204139282711651 ) ) ;
#3226 = VECTOR ( 'NONE', #7398, 1000.000000000000114 ) ;
#3227 = CARTESIAN_POINT ( 'NONE',  ( 90.40000000000000568, 56.73005080756779961, 196.8038475772949880 ) ) ;
#3228 = ORIENTED_EDGE ( 'NONE', *, *, #6671, .F. ) ;
#3229 = LINE ( 'NONE', #6199, #5542 ) ;
#3230 = ORGANIZATION ( 'UNSPECIFIED', 'UNSPECIFIED', '' ) ;
#3231 = CARTESIAN_POINT ( 'NONE',  ( 66.88209248071622426, 154.1235704138305778, 19.33513015653636202 ) ) ;
#3232 = VECTOR ( 'NONE', #7650, 1000.000000000000114 ) ;
#3233 = FACE_OUTER_BOUND ( 'NONE', #5450, .T. ) ;
#3234 = DIRECTION ( 'NONE',  ( 1.000000000000000000, -3.420933063717830968E-32, -3.323248821410888016E-48 ) ) ;
#3235 = PLANE ( 'NONE',  #7256 ) ;
#3236 = CARTESIAN_POINT ( 'NONE',  ( -72.02876850032008349, -36.99999999999998579, -122.9585981526686993 ) ) ;
#3237 = CARTESIAN_POINT ( 'NONE',  ( -41.89255555652054852, 160.0000000000000000, -118.8908915475416990 ) ) ;
#3238 = AXIS2_PLACEMENT_3D ( 'NONE', #5613, #8539, #4840 ) ;
#3239 = EDGE_LOOP ( 'NONE', ( #3140, #8644, #1408, #4560, #7715, #7641 ) ) ;
#3240 = ORIENTED_EDGE ( 'NONE', *, *, #968, .T. ) ;
#3241 = ORIENTED_EDGE ( 'NONE', *, *, #3201, .F. ) ;
#3242 = CARTESIAN_POINT ( 'NONE',  ( 83.07383920591684046, 140.4180522841803338, -116.6598072201470302 ) ) ;
#3243 = LINE ( 'NONE', #408, #2433 ) ;
#3244 = FACE_OUTER_BOUND ( 'NONE', #9529, .T. ) ;
#3245 = ADVANCED_FACE ( 'NONE', ( #8585 ), #7153, .T. ) ;
#3246 = CARTESIAN_POINT ( 'NONE',  ( -74.26830851143536449, 140.3163237292786221, 53.12423466241880021 ) ) ;
#3247 = CARTESIAN_POINT ( 'NONE',  ( 4.114725491250835532, 152.1852626840800156, 79.73857137065600398 ) ) ;
#3248 = CARTESIAN_POINT ( 'NONE',  ( -80.00000000000001421, -37.00000000000000000, -96.00761524218037835 ) ) ;
#3249 = AXIS2_PLACEMENT_3D ( 'NONE', #4706, #6169, #272 ) ;
#3250 = EDGE_CURVE ( 'NONE', #7014, #8906, #6421, .T. ) ;
#3251 = DIRECTION ( 'NONE',  ( 1.000000000000000000, 2.022266248809774821E-21, -0.000000000000000000 ) ) ;
#3252 = CARTESIAN_POINT ( 'NONE',  ( 66.86687418995769860, 156.3931188244130226, -69.29999999999999716 ) ) ;
#3253 = CARTESIAN_POINT ( 'NONE',  ( 89.27657622668300519, 141.6553357813203888, -72.93854362371159539 ) ) ;
#3254 = EDGE_CURVE ( 'NONE', #7613, #3950, #2037, .T. ) ;
#3255 = ORIENTED_EDGE ( 'NONE', *, *, #8504, .F. ) ;
#3256 = CARTESIAN_POINT ( 'NONE',  ( -80.00000000000000000, -37.00000000000000000, -73.00000000000000000 ) ) ;
#3257 = CARTESIAN_POINT ( 'NONE',  ( 64.97202022465936011, 146.5596511620248918, 24.15882040692936172 ) ) ;
#3258 = CARTESIAN_POINT ( 'NONE',  ( -50.76802972810759940, 146.7055455224871423, 84.21002708701323058 ) ) ;
#3259 = CARTESIAN_POINT ( 'NONE',  ( -77.49871107933348924, -39.94797495394665532, -72.99909189944325760 ) ) ;
#3260 = CARTESIAN_POINT ( 'NONE',  ( -79.18271683547904161, -40.00000000000000711, -105.0114403180971010 ) ) ;
#3261 = ADVANCED_FACE ( 'NONE', ( #8534 ), #4104, .F. ) ;
#3262 = VERTEX_POINT ( 'NONE', #4884 ) ;
#3263 = ORIENTED_EDGE ( 'NONE', *, *, #900, .F. ) ;
#3264 = ORIENTED_EDGE ( 'NONE', *, *, #6883, .T. ) ;
#3265 = ORIENTED_EDGE ( 'NONE', *, *, #1110, .F. ) ;
#3266 = ORIENTED_EDGE ( 'NONE', *, *, #6360, .F. ) ;
#3267 = DIRECTION ( 'NONE',  ( -0.2718618336224463694, 0.9621897258691907151, -0.01679508413831049332 ) ) ;
#3268 = CARTESIAN_POINT ( 'NONE',  ( 53.92847430584298252, -37.00000000000000711, -142.5921039359723181 ) ) ;
#3269 = DIRECTION ( 'NONE',  ( -0.01745240643728295307, 0.9998476951563912696, -1.891481915972949483E-17 ) ) ;
#3270 = CARTESIAN_POINT ( 'NONE',  ( -92.17074539372529784, 153.3300508075680000, 217.8038475772949596 ) ) ;
#3271 = CARTESIAN_POINT ( 'NONE',  ( 90.28327360483250175, -37.00000000000002132, -117.0733943275017310 ) ) ;
#3272 = EDGE_CURVE ( 'NONE', #859, #6967, #1124, .T. ) ;
#3273 = CARTESIAN_POINT ( 'NONE',  ( -92.17074539372529784, 153.3300508075680000, 217.8018475772949785 ) ) ;
#3274 = ORIENTED_EDGE ( 'NONE', *, *, #8624, .T. ) ;
#3275 = DIRECTION ( 'NONE',  ( 0.000000000000000000, -1.000000000000000000, 0.000000000000000000 ) ) ;
#3276 = LINE ( 'NONE', #1027, #7952 ) ;
#3277 = CYLINDRICAL_SURFACE ( 'NONE', #3486, 0.002000000000002000178 ) ;
#3278 = CARTESIAN_POINT ( 'NONE',  ( 73.25025550504251726, 120.0131145170197584, -67.29799999999998761 ) ) ;
#3280 = ORIENTED_EDGE ( 'NONE', *, *, #2364, .T. ) ;
#3279 = CARTESIAN_POINT ( 'NONE',  ( 65.22574680059629770, 119.9999485864712909, 33.23455440683007112 ) ) ;
#3281 = PLANE ( 'NONE',  #6797 ) ;
#3282 = ORIENTED_EDGE ( 'NONE', *, *, #3800, .T. ) ;
#3283 = CARTESIAN_POINT ( 'NONE',  ( -36.52526982318654092, 160.0000000000000000, -121.3231818929444046 ) ) ;
#3284 = ORIENTED_EDGE ( 'NONE', *, *, #8688, .T. ) ;
#3285 = ORIENTED_EDGE ( 'NONE', *, *, #4680, .F. ) ;
#3286 = ORIENTED_EDGE ( 'NONE', *, *, #3753, .T. ) ;
#3287 = CARTESIAN_POINT ( 'NONE',  ( 44.96803566524659601, 140.3253968801738552, -140.3520276691402557 ) ) ;
#3288 = DIRECTION ( 'NONE',  ( 1.000000000000000000, -1.110223024625155801E-16, 0.000000000000000000 ) ) ;
#3289 = CARTESIAN_POINT ( 'NONE',  ( 8.732552901274097223, 146.3704870125481250, 84.35630099496135870 ) ) ;
#3290 = CARTESIAN_POINT ( 'NONE',  ( -78.21522233442162531, 55.11104581129868762, 54.28218838095698828 ) ) ;
#3291 = CARTESIAN_POINT ( 'NONE',  ( 5.374349590579169167, 150.0274332547778044, 80.99818101533246306 ) ) ;
#3292 = CARTESIAN_POINT ( 'NONE',  ( -94.78139602057051150, 58.33405080756781302, 216.2968971362029720 ) ) ;
#3293 = CARTESIAN_POINT ( 'NONE',  ( -57.78986669526652520, 157.4579418816884129, 52.34888539350825454 ) ) ;
#3294 = CARTESIAN_POINT ( 'NONE',  ( -43.05621959694671119, -37.00000000000000000, -144.3114319485216299 ) ) ;
#3295 = FACE_OUTER_BOUND ( 'NONE', #7798, .T. ) ;
#3296 = ORIENTED_EDGE ( 'NONE', *, *, #7980, .T. ) ;
#3297 = DIRECTION ( 'NONE',  ( 2.616848805689858374E-17, -9.654438261914849276E-16, 1.000000000000000000 ) ) ;
#3298 = DIRECTION ( 'NONE',  ( -3.503464585017659440E-16, -6.115320180519409318E-18, -1.000000000000000000 ) ) ;
#3299 = LINE ( 'NONE', #9008, #2706 ) ;
#3300 = CARTESIAN_POINT ( 'NONE',  ( 91.88852098952440883, -2.968390951838859593, -67.29999999999999716 ) ) ;
#3301 = CARTESIAN_POINT ( 'NONE',  ( -48.45808485740307248, -40.00000000000000711, -142.4714615735016139 ) ) ;
#3302 = ORIENTED_EDGE ( 'NONE', *, *, #4355, .T. ) ;
#3303 = ORIENTED_EDGE ( 'NONE', *, *, #583, .T. ) ;
#3304 = AXIS2_PLACEMENT_3D ( 'NONE', #8690, #7888, #3475 ) ;
#3305 = ORIENTED_EDGE ( 'NONE', *, *, #8778, .T. ) ;
#3306 = B_SPLINE_CURVE_WITH_KNOTS ( 'NONE', 3,
 ( #5410, #6813, #2452, #3224, #4677, #3812, #6762, #153, #5653, #4049 ),
 .UNSPECIFIED., .F., .F.,
 ( 4, 2, 2, 2, 4 ),
 ( 0.000000000000000000, 0.2500000000000000000, 0.5000000000000000000, 0.7500000000000000000, 1.000000000000000000 ),
 .UNSPECIFIED. ) ;
#3307 = ORIENTED_EDGE ( 'NONE', *, *, #3148, .T. ) ;
#3308 = DIRECTION ( 'NONE',  ( -0.9998476951563911586, -0.01745240643728300511, 0.000000000000000000 ) ) ;
#3309 = ADVANCED_FACE ( 'NONE', ( #6438 ), #499, .F. ) ;
#3310 = CARTESIAN_POINT ( 'NONE',  ( 63.08857111807852647, -37.00000000000001421, -139.8504526709419906 ) ) ;
#3311 = LINE ( 'NONE', #3998, #442 ) ;
#3312 = CARTESIAN_POINT ( 'NONE',  ( -77.44707229034798956, -36.99999999999998579, -74.00000000000000000 ) ) ;
#3313 = CARTESIAN_POINT ( 'NONE',  ( 64.92924489674631161, -36.99999999999999289, -141.8160118318380682 ) ) ;
#3314 = VECTOR ( 'NONE', #5185, 1000.000000000000000 ) ;
#3315 = DIRECTION ( 'NONE',  ( -0.01744974916068280785, -0.9996954598818874604, -0.01744974916068275581 ) ) ;
#3316 = ORIENTED_EDGE ( 'NONE', *, *, #6077, .T. ) ;
#3317 = VECTOR ( 'NONE', #1533, 1000.000000000000114 ) ;
#3318 = EDGE_CURVE ( 'NONE', #5843, #22, #6578, .T. ) ;
#3319 = CIRCLE ( 'NONE', #3792, 0.002000000000002000178 ) ;
#3320 = CYLINDRICAL_SURFACE ( 'NONE', #3513, 1.601999999999992319 ) ;
#3321 = DIRECTION ( 'NONE',  ( 0.9998476951563912696, 0.01745240643728360533, -3.503998260924795799E-16 ) ) ;
#3322 = CARTESIAN_POINT ( 'NONE',  ( -104.5999999999999943, 58.33405080756781302, 217.8018475772949785 ) ) ;
#3323 = CARTESIAN_POINT ( 'NONE',  ( 27.00000000000000000, -40.00000000000000000, -76.00095280244879348 ) ) ;
#3324 = EDGE_CURVE ( 'NONE', #1613, #3658, #2607, .T. ) ;
#3326 = ORIENTED_EDGE ( 'NONE', *, *, #5894, .T. ) ;
#3325 = CARTESIAN_POINT ( 'NONE',  ( 68.01793539019020329, 139.0614698620260015, 29.69999999999996732 ) ) ;
#3327 = CARTESIAN_POINT ( 'NONE',  ( -36.04657082361428877, -36.99999999999999289, -145.6693763303468643 ) ) ;
#3328 = AXIS2_PLACEMENT_3D ( 'NONE', #8510, #6265, #6167 ) ;
#3329 = AXIS2_PLACEMENT_3D ( 'NONE', #6191, #1689, #4632 ) ;
#3330 = CARTESIAN_POINT ( 'NONE',  ( 91.47146157350113072, -40.00000000000002132, -114.4580848574100571 ) ) ;
#3331 = ORIENTED_EDGE ( 'NONE', *, *, #1722, .F. ) ;
#3332 = VERTEX_POINT ( 'NONE', #6385 ) ;
#3333 = CARTESIAN_POINT ( 'NONE',  ( 92.90000000000001990, 58.33205080756781769, 217.8018475772950922 ) ) ;
#3334 = EDGE_CURVE ( 'NONE', #9192, #4595, #4203, .T. ) ;
#3335 = CARTESIAN_POINT ( 'NONE',  ( 65.24040398784030970, 155.5732529670427198, 10.00736728606850789 ) ) ;
#3336 = FACE_OUTER_BOUND ( 'NONE', #2423, .T. ) ;
#3337 = DIRECTION ( 'NONE',  ( -0.9998505814068202602, -0.01728245041412413210, -0.0003629987971869833734 ) ) ;
#3338 = VECTOR ( 'NONE', #7050, 1000.000000000000000 ) ;
#3339 = CARTESIAN_POINT ( 'NONE',  ( -0.8192594761968902128, 156.5847824353607223, 74.80449289927385337 ) ) ;
#3340 = DIRECTION ( 'NONE',  ( 0.9998476951563911586, 0.01745240643728340063, 0.000000000000000000 ) ) ;
#3341 = CARTESIAN_POINT ( 'NONE',  ( -80.00000000000001421, -40.00000000000017764, -73.00000000000000000 ) ) ;
#3342 = LINE ( 'NONE', #2583, #6496 ) ;
#3343 = ORIENTED_EDGE ( 'NONE', *, *, #4642, .F. ) ;
#3344 = CARTESIAN_POINT ( 'NONE',  ( 61.60620468749552003, 157.5000000000000000, -115.5340198682188770 ) ) ;
#3345 = VECTOR ( 'NONE', #429, 1000.000000000000227 ) ;
#3346 = ORIENTED_EDGE ( 'NONE', *, *, #7241, .F. ) ;
#3347 = CARTESIAN_POINT ( 'NONE',  ( 65.14023788612473709, 156.1687173224060246, -142.0000000000000284 ) ) ;
#3348 = CARTESIAN_POINT ( 'NONE',  ( 97.37748030336528871, 160.7171392947465165, 134.6030191501703825 ) ) ;
#3349 = CARTESIAN_POINT ( 'NONE',  ( 59.02941343214178005, 140.4476702772893759, -139.8119930923284926 ) ) ;
#3350 = DIRECTION ( 'NONE',  ( 1.000000000000000000, 0.000000000000000000, -4.744542840278440745E-16 ) ) ;
#3351 = CARTESIAN_POINT ( 'NONE',  ( -37.34634844594894076, -36.99999999999999289, -142.8711713099687017 ) ) ;
#3352 = EDGE_CURVE ( 'NONE', #687, #5659, #8493, .T. ) ;
#3353 = CARTESIAN_POINT ( 'NONE',  ( -64.13850168452846390, -40.00000000000000711, -132.5785097377175248 ) ) ;
#3354 = CARTESIAN_POINT ( 'NONE',  ( 27.00000000000000000, -55.00000000000000000, -74.00000000000000000 ) ) ;
#3355 = CARTESIAN_POINT ( 'NONE',  ( -103.0000000000000142, 153.3300508075680000, 211.5507292157780057 ) ) ;
#3356 = ORIENTED_EDGE ( 'NONE', *, *, #8851, .F. ) ;
#3357 = VECTOR ( 'NONE', #8505, 1000.000000000000000 ) ;
#3358 = VERTEX_POINT ( 'NONE', #7201 ) ;
#3359 = ORIENTED_EDGE ( 'NONE', *, *, #56, .T. ) ;
#3360 = ORIENTED_EDGE ( 'NONE', *, *, #7110, .F. ) ;
#3361 = CARTESIAN_POINT ( 'NONE',  ( 91.48187991953570020, 20.32806034530250017, -67.29999999999999716 ) ) ;
#3362 = CARTESIAN_POINT ( 'NONE',  ( 89.90055763475078265, 154.9325187186816208, 152.6030191501704962 ) ) ;
#3363 = DIRECTION ( 'NONE',  ( -1.000000000000000000, 0.000000000000000000, 0.000000000000000000 ) ) ;
#3364 = CARTESIAN_POINT ( 'NONE',  ( -80.00000000000000000, -40.00000000000000000, -146.0000000000000000 ) ) ;
#3365 = CARTESIAN_POINT ( 'NONE',  ( 62.69782310204900710, -37.00000000000001421, -142.6947225307212079 ) ) ;
#3366 = AXIS2_PLACEMENT_3D ( 'NONE', #3396, #8703, #4222 ) ;
#3367 = CARTESIAN_POINT ( 'NONE',  ( -72.38606680350069666, 60.65622835396415269, 66.12921511983243761 ) ) ;
#3368 = ORIENTED_EDGE ( 'NONE', *, *, #9380, .F. ) ;
#3369 = LINE ( 'NONE', #5517, #8251 ) ;
#3370 = DIRECTION ( 'NONE',  ( 1.000000000000000000, 0.000000000000000000, -3.521488656232920374E-16 ) ) ;
#3371 = DIRECTION ( 'NONE',  ( 0.9998476951563911586, 0.01745240643728300511, -0.000000000000000000 ) ) ;
#3372 = EDGE_CURVE ( 'NONE', #2779, #2156, #6534, .T. ) ;
#3373 = EDGE_CURVE ( 'NONE', #7089, #7327, #5561, .T. ) ;
#3374 = DIRECTION ( 'NONE',  ( -3.086098517357006503E-16, 5.386804999534300482E-18, -1.000000000000000000 ) ) ;
#3375 = CARTESIAN_POINT ( 'NONE',  ( 116.7943999880707935, 159.1171392947464938, 152.6030191501704962 ) ) ;
#3376 = CARTESIAN_POINT ( 'NONE',  ( 55.69958856785638091, -40.00000000000001421, -144.8704604482566936 ) ) ;
#3377 = ORIENTED_EDGE ( 'NONE', *, *, #9318, .F. ) ;
#3378 = VECTOR ( 'NONE', #3315, 1000.000000000000000 ) ;
#3379 = ORIENTED_EDGE ( 'NONE', *, *, #5934, .T. ) ;
#3380 = EDGE_CURVE ( 'NONE', #5571, #6923, #4495, .T. ) ;
#3381 = AXIS2_PLACEMENT_3D ( 'NONE', #3419, #5665, #1315 ) ;
#3382 = LINE ( 'NONE', #6351, #1008 ) ;
#3383 = DIRECTION ( 'NONE',  ( -0.8660254037844338226, 0.000000000000000000, -0.5000000000000084377 ) ) ;
#3384 = DIRECTION ( 'NONE',  ( -1.000000000000000000, -5.647072517543570993E-33, 7.231268945543359605E-17 ) ) ;
#3385 = CARTESIAN_POINT ( 'NONE',  ( -89.59999999999999432, 154.9320508075680038, 97.00584757729519936 ) ) ;
#3386 = CARTESIAN_POINT ( 'NONE',  ( -89.59999999999999432, 154.9320508075680038, 215.9038475772950392 ) ) ;
#3387 = DIRECTION ( 'NONE',  ( 0.9998476951563911586, 0.01745240643728360533, -3.503998260924795306E-16 ) ) ;
#3388 = CARTESIAN_POINT ( 'NONE',  ( -70.99502346001916919, 140.3490481287456078, 65.55302610111355932 ) ) ;
#3389 = CARTESIAN_POINT ( 'NONE',  ( -62.91323888068480130, -36.99999999999999289, -133.7929283800280587 ) ) ;
#3390 = VECTOR ( 'NONE', #1001, 1000.000000000000114 ) ;
#3391 = EDGE_CURVE ( 'NONE', #2067, #7283, #7446, .T. ) ;
#3392 = EDGE_CURVE ( 'NONE', #1958, #8379, #3005, .T. ) ;
#3393 = ORIENTED_EDGE ( 'NONE', *, *, #9050, .F. ) ;
#3394 = CARTESIAN_POINT ( 'NONE',  ( 71.68806106191335914, 157.5000000000000000, -96.51461108492158303 ) ) ;
#3395 = VERTEX_POINT ( 'NONE', #5128 ) ;
#3396 = CARTESIAN_POINT ( 'NONE',  ( 66.04316770519899649, 140.0000000000000000, 0.04316770519894590208 ) ) ;
#3397 = CARTESIAN_POINT ( 'NONE',  ( 66.91223540023047178, 154.9867506916280604, 12.19045729232348307 ) ) ;
#3398 = CARTESIAN_POINT ( 'NONE',  ( 89.44711384322521042, 140.4411869769916450, -108.4659008535762439 ) ) ;
#3399 = CARTESIAN_POINT ( 'NONE',  ( 81.31723305870697516, 153.7608222535024538, -67.30000000000001137 ) ) ;
#3400 = CARTESIAN_POINT ( 'NONE',  ( -34.63750096986832716, 157.5000000000000284, -121.8957655047414192 ) ) ;
#3401 = CARTESIAN_POINT ( 'NONE',  ( -69.96329552636963456, -40.00000000000000000, -126.2535624873319051 ) ) ;
#3402 = LINE ( 'NONE', #2729, #7872 ) ;
#3403 = PLANE ( 'NONE',  #2941 ) ;
#3404 = VERTEX_POINT ( 'NONE', #645 ) ;
#3405 = ORIENTED_EDGE ( 'NONE', *, *, #2542, .F. ) ;
#3406 = ORIENTED_EDGE ( 'NONE', *, *, #8136, .F. ) ;
#3407 = CARTESIAN_POINT ( 'NONE',  ( -89.59999999999999432, 154.9320508075680038, 217.8038475772949880 ) ) ;
#3408 = LINE ( 'NONE', #4192, #4559 ) ;
#3409 = CARTESIAN_POINT ( 'NONE',  ( -28.00000000000000000, -40.00095280244880769, -76.00000000000000000 ) ) ;
#3410 = CARTESIAN_POINT ( 'NONE',  ( 92.50853013030760508, -38.48869083803140256, -74.00000000000000000 ) ) ;
#3411 = LINE ( 'NONE', #7725, #6738 ) ;
#3412 = CARTESIAN_POINT ( 'NONE',  ( 86.74004132064642647, -37.00000000000002132, -123.4031163161883171 ) ) ;
#3413 = CARTESIAN_POINT ( 'NONE',  ( 89.35153260775324213, 140.3457614506866946, -67.29999999999999716 ) ) ;
#3414 = ORIENTED_EDGE ( 'NONE', *, *, #7637, .F. ) ;
#3415 = B_SPLINE_CURVE_WITH_KNOTS ( 'NONE', 3,
 ( #9470, #857, #4422, #8035 ),
 .UNSPECIFIED., .F., .F.,
 ( 4, 4 ),
 ( 0.000000000000000000, 1.000000000000000000 ),
 .UNSPECIFIED. ) ;
#3416 = DIRECTION ( 'NONE',  ( -2.943901461767994869E-16, 0.000000000000000000, -1.000000000000000000 ) ) ;
#3417 = CARTESIAN_POINT ( 'NONE',  ( 91.76985948780729530, 1.807904759105368964, -73.40915042771959520 ) ) ;
#3418 = FACE_OUTER_BOUND ( 'NONE', #3708, .T. ) ;
#3419 = CARTESIAN_POINT ( 'NONE',  ( -89.59999999999999432, 153.3320508075680095, 217.8038475772949880 ) ) ;
#3420 = CARTESIAN_POINT ( 'NONE',  ( 64.70094047889183742, 119.9999999998968008, 33.08700674931592545 ) ) ;
#3421 = CARTESIAN_POINT ( 'NONE',  ( 53.77645209629504564, -40.00000000000002132, -145.2253139614034012 ) ) ;
#3422 = ORIENTED_EDGE ( 'NONE', *, *, #3670, .F. ) ;
#3423 = ORIENTED_EDGE ( 'NONE', *, *, #1236, .T. ) ;
#3424 = CARTESIAN_POINT ( 'NONE',  ( 90.39800000000001035, 56.73005080756779961, 196.8038475772949880 ) ) ;
#3425 = DIRECTION ( 'NONE',  ( 0.9998476951563911586, 0.01745240643728294960, 0.000000000000000000 ) ) ;
#3426 = CARTESIAN_POINT ( 'NONE',  ( 90.71031998314138889, 20.31459271651673149, -67.70106698151887770 ) ) ;
#3427 = CARTESIAN_POINT ( 'NONE',  ( -78.35556005855215744, 54.20990114963699824, 52.35751609240622173 ) ) ;
#3428 = FACE_OUTER_BOUND ( 'NONE', #4467, .T. ) ;
#3429 = ADVANCED_FACE ( 'NONE', ( #3562 ), #7390, .F. ) ;
#3430 = CARTESIAN_POINT ( 'NONE',  ( -49.78552838761645916, 140.3054171126524636, 83.22752574652211877 ) ) ;
#3431 = CARTESIAN_POINT ( 'NONE',  ( -59.08173754904238706, 157.2143445703224529, 53.63974025029482817 ) ) ;
#3432 = CARTESIAN_POINT ( 'NONE',  ( -38.77501761498327681, -37.00000000000000711, -145.2228988783360819 ) ) ;
#3433 = CARTESIAN_POINT ( 'NONE',  ( 65.93816246816052740, 157.5000000000000000, -110.7614526502287902 ) ) ;
#3434 = ORIENTED_EDGE ( 'NONE', *, *, #6240, .T. ) ;
#3435 = CARTESIAN_POINT ( 'NONE',  ( 77.38174884551825983, -39.69457725341383991, -134.1020636486061051 ) ) ;
#3436 = CARTESIAN_POINT ( 'NONE',  ( 91.99165861601142069, -37.00000000000002842, -113.0841472042375386 ) ) ;
#3437 = DIRECTION ( 'NONE',  ( 0.000000000000000000, -0.000000000000000000, -1.000000000000000000 ) ) ;
#3438 = EDGE_CURVE ( 'NONE', #1556, #6256, #1505, .T. ) ;
#3439 = CARTESIAN_POINT ( 'NONE',  ( 75.15007544945748919, 156.2024976721270093, -67.29999999999999716 ) ) ;
#3440 = CARTESIAN_POINT ( 'NONE',  ( -55.35446728481934286, -37.00000000000000000, -136.0864766870035396 ) ) ;
#3441 = CARTESIAN_POINT ( 'NONE',  ( -54.79364939616458230, 157.5000000000000000, -103.7884824248289135 ) ) ;
#3442 = DIRECTION ( 'NONE',  ( 0.000000000000000000, 1.000000000000000000, 0.000000000000000000 ) ) ;
#3443 = CARTESIAN_POINT ( 'NONE',  ( 89.27657622668300519, 141.6553357813203888, -72.93854362371159539 ) ) ;
#3444 = ORIENTED_EDGE ( 'NONE', *, *, #7173, .F. ) ;
#3445 = COORDINATED_UNIVERSAL_TIME_OFFSET ( 7, 0, .AHEAD. ) ;
#3446 = ORIENTED_EDGE ( 'NONE', *, *, #5588, .T. ) ;
#3447 = ORIENTED_EDGE ( 'NONE', *, *, #2855, .F. ) ;
#3448 = LINE ( 'NONE', #1155, #7220 ) ;
#3449 = CARTESIAN_POINT ( 'NONE',  ( 91.77537242275158746, 1.471647137098838876, -72.93763642814607806 ) ) ;
#3450 = EDGE_CURVE ( 'NONE', #8042, #4742, #6532, .T. ) ;
#3451 = VECTOR ( 'NONE', #2782, 1000.000000000000114 ) ;
#3452 = CARTESIAN_POINT ( 'NONE',  ( -71.02662786845540666, 140.3215836141495743, 61.67608606215922151 ) ) ;
#3453 = CARTESIAN_POINT ( 'NONE',  ( -104.5999999999999943, 58.33205080756781058, 95.40384757729519549 ) ) ;
#3454 = CARTESIAN_POINT ( 'NONE',  ( 91.77555442493257942, 1.471625796035962441, -72.93764784880130492 ) ) ;
#3455 = CARTESIAN_POINT ( 'NONE',  ( 51.41643814280691771, -37.00000000000000711, -145.5389946705046782 ) ) ;
#3456 = ORIENTED_EDGE ( 'NONE', *, *, #5105, .T. ) ;
#3457 = VECTOR ( 'NONE', #9278, 1000.000000000000000 ) ;
#3458 = DIRECTION ( 'NONE',  ( -0.7071067811865473507, 0.000000000000000000, 0.7071067811865477948 ) ) ;
#3459 = ORIENTED_EDGE ( 'NONE', *, *, #8281, .F. ) ;
#3460 = ORIENTED_EDGE ( 'NONE', *, *, #2345, .F. ) ;
#3461 = DIRECTION ( 'NONE',  ( 1.000000000000000000, -1.387778780780057725E-11, 0.000000000000000000 ) ) ;
#3462 = CARTESIAN_POINT ( 'NONE',  ( 91.76352997839076409, 2.170522110718503761, -73.65122893184907582 ) ) ;
#3463 = VECTOR ( 'NONE', #4165, 1000.000000000000000 ) ;
#3464 = CARTESIAN_POINT ( 'NONE',  ( 94.70761653009370207, -40.00000000000002132, -76.00000000000000000 ) ) ;
#3465 = ADVANCED_FACE ( 'NONE', ( #9445 ), #7251, .T. ) ;
#3467 = EDGE_LOOP ( 'NONE', ( #6327, #6373, #7525, #6631 ) ) ;
#3466 = CARTESIAN_POINT ( 'NONE',  ( 91.66264148798998690, -37.00000000000001421, -104.5527609170576682 ) ) ;
#3468 = DIRECTION ( 'NONE',  ( 1.000000000000000000, -1.110223024625155801E-16, 0.000000000000000000 ) ) ;
#3469 = B_SPLINE_CURVE_WITH_KNOTS ( 'NONE', 3,
 ( #651, #14, #6538, #7444, #6678, #5134, #1366, #4502, #1512, #3667, #5082, #9504, #4452, #4302, #8737, #746, #9452, #7259 ),
 .UNSPECIFIED., .F., .F.,
 ( 4, 2, 2, 2, 2, 2, 2, 2, 4 ),
 ( 0.000000000000000000, 0.1250000000000003331, 0.2500000000000006661, 0.3750000000000005551, 0.5000000000000004441, 0.6250000000000003331, 0.7500000000000002220, 0.8750000000000001110, 1.000000000000000000 ),
 .UNSPECIFIED. ) ;
#3470 = CARTESIAN_POINT ( 'NONE',  ( 94.15617773389639922, -40.00000000000002132, -105.1552347467198274 ) ) ;
#3471 = ORIENTED_EDGE ( 'NONE', *, *, #889, .F. ) ;
#3472 = CIRCLE ( 'NONE', #8107, 1.500000000000003331 ) ;
#3473 = VERTEX_POINT ( 'NONE', #5908 ) ;
#3474 = DIRECTION ( 'NONE',  ( 1.000000000000000000, 0.000000000000000000, 1.387778780781445922E-16 ) ) ;
#3475 = DIRECTION ( 'NONE',  ( 0.000000000000000000, -1.000000000000000000, -2.530833321849390164E-16 ) ) ;
#3476 = DIRECTION ( 'NONE',  ( 0.01745240643695677649, -0.9998476951363204357, 6.336149283077452205E-06 ) ) ;
#3477 = CARTESIAN_POINT ( 'NONE',  ( -104.5999999999999375, 58.33205080756781058, 212.4038475772949823 ) ) ;
#3478 = VECTOR ( 'NONE', #5911, 1000.000000000000000 ) ;
#3479 = AXIS2_PLACEMENT_3D ( 'NONE', #398, #2039, #6341 ) ;
#3480 = CARTESIAN_POINT ( 'NONE',  ( -61.34561613260687096, 156.3070395079376453, 55.90361934446689673 ) ) ;
#3481 = FACE_OUTER_BOUND ( 'NONE', #4539, .T. ) ;
#3482 = CARTESIAN_POINT ( 'NONE',  ( 69.58336540776937795, 157.4999999999999716, -104.3127394176475917 ) ) ;
#3483 = ADVANCED_FACE ( 'NONE', ( #6672 ), #8731, .T. ) ;
#3484 = VERTEX_POINT ( 'NONE', #5755 ) ;
#3485 = CARTESIAN_POINT ( 'NONE',  ( 79.83996213141132614, -39.69168444640342841, -131.8599029264145202 ) ) ;
#3486 = AXIS2_PLACEMENT_3D ( 'NONE', #7877, #4151, #4931 ) ;
#3487 = CARTESIAN_POINT ( 'NONE',  ( 94.39142851086384667, -37.00000000000002132, -103.7872418358626021 ) ) ;
#3488 = CARTESIAN_POINT ( 'NONE',  ( 88.20022252525369311, 140.4544398525218867, -111.6115854684561413 ) ) ;
#3489 = CARTESIAN_POINT ( 'NONE',  ( 86.53828391008428866, 148.6138845704936955, -67.30000000000001137 ) ) ;
#3490 = CARTESIAN_POINT ( 'NONE',  ( 90.25358105436632172, 88.67543803248470624, -72.93818891913487334 ) ) ;
#3491 = CARTESIAN_POINT ( 'NONE',  ( -54.76076357255510629, 157.5000000000000568, -103.8721827280900669 ) ) ;
#3492 = CARTESIAN_POINT ( 'NONE',  ( 30.00000000000001066, 61.99999999999997868, 88.08585792076937082 ) ) ;
#3493 = AXIS2_PLACEMENT_3D ( 'NONE', #1263, #385, #9104 ) ;
#3494 = CARTESIAN_POINT ( 'NONE',  ( -37.41304439313704222, 157.4992399500083877, 70.69194309468730353 ) ) ;
#3495 = ORIENTED_EDGE ( 'NONE', *, *, #6126, .F. ) ;
#3496 = ORIENTED_EDGE ( 'NONE', *, *, #6649, .T. ) ;
#3497 = ORIENTED_EDGE ( 'NONE', *, *, #8001, .F. ) ;
#3498 = LINE ( 'NONE', #677, #9044 ) ;
#3499 = FACE_OUTER_BOUND ( 'NONE', #4178, .T. ) ;
#3500 = ADVANCED_FACE ( 'NONE', ( #1454 ), #1411, .F. ) ;
#3501 = CARTESIAN_POINT ( 'NONE',  ( -69.68639361380219555, 140.3101083409694070, 63.32654471647611416 ) ) ;
#3502 = CARTESIAN_POINT ( 'NONE',  ( 45.00761524216780174, -37.00000000000000000, -146.0000000000000284 ) ) ;
#3503 = CARTESIAN_POINT ( 'NONE',  ( -48.70390401779881273, 147.1833084184843017, 82.14590303087713608 ) ) ;
#3504 = VERTEX_POINT ( 'NONE', #4446 ) ;
#3505 = VECTOR ( 'NONE', #1193, 1000.000000000000000 ) ;
#3506 = ADVANCED_FACE ( 'NONE', ( #5219 ), #4783, .T. ) ;
#3507 = CARTESIAN_POINT ( 'NONE',  ( 71.85504175200183852, 160.0000000000000000, -94.82304684453902155 ) ) ;
#3508 = EDGE_CURVE ( 'NONE', #7436, #5874, #7527, .T. ) ;
#3509 = ORIENTED_EDGE ( 'NONE', *, *, #503, .T. ) ;
#3510 = EDGE_CURVE ( 'NONE', #5812, #5582, #3299, .T. ) ;
#3511 = ORIENTED_EDGE ( 'NONE', *, *, #639, .F. ) ;
#3512 = CARTESIAN_POINT ( 'NONE',  ( 66.86682752494650117, 156.3931133468214796, -69.29999999999999716 ) ) ;
#3513 = AXIS2_PLACEMENT_3D ( 'NONE', #6096, #9019, #6862 ) ;
#3514 = CARTESIAN_POINT ( 'NONE',  ( -65.48979912719059371, -39.69160581203013294, -131.2159529181805624 ) ) ;
#3515 = FACE_OUTER_BOUND ( 'NONE', #310, .T. ) ;
#3516 = CARTESIAN_POINT ( 'NONE',  ( 89.18337928438755569, -37.00000000000002132, -113.2585472352097469 ) ) ;
#3517 = CARTESIAN_POINT ( 'NONE',  ( 67.11252825617147266, 156.5004863628854537, 7.700000000000033928 ) ) ;
#3518 = CARTESIAN_POINT ( 'NONE',  ( 75.25356248808598991, -40.00000000000002132, -135.9632955257995093 ) ) ;
#3519 = ORIENTED_EDGE ( 'NONE', *, *, #9151, .T. ) ;
#3520 = ADVANCED_FACE ( 'NONE', ( #9186 ), #1873, .F. ) ;
#3521 = ORIENTED_EDGE ( 'NONE', *, *, #6990, .T. ) ;
#3522 = CARTESIAN_POINT ( 'NONE',  ( 90.02144461082798443, 4.300131103465565374, -67.29999999999996874 ) ) ;
#3523 = CARTESIAN_POINT ( 'NONE',  ( 13.00000000000000355, -38.00000000000000000, -76.00000000000000000 ) ) ;
#3524 = CARTESIAN_POINT ( 'NONE',  ( 28.37295698312486891, 62.00063610201890185, 86.17399923465822553 ) ) ;
#3525 = LINE ( 'NONE', #8692, #7812 ) ;
#3526 = EDGE_LOOP ( 'NONE', ( #978, #1547, #5879, #6064 ) ) ;
#3527 = CARTESIAN_POINT ( 'NONE',  ( -63.93809211943668203, 154.3635385463809939, 58.49609570690746807 ) ) ;
#3528 = FACE_OUTER_BOUND ( 'NONE', #8284, .T. ) ;
#3529 = ORIENTED_EDGE ( 'NONE', *, *, #3121, .F. ) ;
#3530 = CARTESIAN_POINT ( 'NONE',  ( 69.66685622617968932, 157.5000000000000284, -104.1075074055009964 ) ) ;
#3531 = VECTOR ( 'NONE', #8030, 999.9999999999998863 ) ;
#3532 = EDGE_CURVE ( 'NONE', #5698, #4920, #6320, .T. ) ;
#3533 = VECTOR ( 'NONE', #8683, 1000.000000000000000 ) ;
#3534 = EDGE_CURVE ( 'NONE', #8305, #5405, #5590, .T. ) ;
#3535 = EDGE_LOOP ( 'NONE', ( #9075, #8307, #4965, #6102 ) ) ;
#3536 = LINE ( 'NONE', #9276, #9368 ) ;
#3537 = EDGE_CURVE ( 'NONE', #9295, #8814, #3641, .T. ) ;
#3538 = CARTESIAN_POINT ( 'NONE',  ( 94.17160817766001912, -37.00000000000002132, -105.0569483485145668 ) ) ;
#3539 = CARTESIAN_POINT ( 'NONE',  ( 65.52233835707022536, 143.8390152744566990, 26.15743221637253768 ) ) ;
#3540 = CARTESIAN_POINT ( 'NONE',  ( 71.60229177560970015, 156.5018536214975029, -67.29999999999999716 ) ) ;
#3541 = AXIS2_PLACEMENT_3D ( 'NONE', #4147, #546, #3458 ) ;
#3542 = CARTESIAN_POINT ( 'NONE',  ( -76.64562275674218483, -36.99999999999999289, -104.6447272597384739 ) ) ;
#3543 = AXIS2_PLACEMENT_3D ( 'NONE', #6742, #271, #2344 ) ;
#3544 = CARTESIAN_POINT ( 'NONE',  ( -56.42502255139652334, 157.4999999999999716, -97.92344586361137715 ) ) ;
#3545 = CARTESIAN_POINT ( 'NONE',  ( 67.35408357018009440, 155.0644957744802639, 12.28471804121311806 ) ) ;
#3546 = CARTESIAN_POINT ( 'NONE',  ( -42.14514294354604118, 157.4992399500083877, 70.69194309468730353 ) ) ;
#3547 = ORIENTED_EDGE ( 'NONE', *, *, #5878, .T. ) ;
#3548 = VECTOR ( 'NONE', #1343, 1000.000000000000000 ) ;
#3549 = VERTEX_POINT ( 'NONE', #5781 ) ;
#3550 = ORIENTED_EDGE ( 'NONE', *, *, #9528, .F. ) ;
#3551 = CARTESIAN_POINT ( 'NONE',  ( 84.20348359448428255, 152.4003190766345597, -66.17808522596162391 ) ) ;
#3552 = CARTESIAN_POINT ( 'NONE',  ( 66.98184226611230940, 156.9800305333487529, 10.61040848566051409 ) ) ;
#3553 = CARTESIAN_POINT ( 'NONE',  ( -69.22752574652209034, 140.3054171126526342, 63.78552838761648758 ) ) ;
#3554 = CARTESIAN_POINT ( 'NONE',  ( 89.34984498869921765, 140.4264501268273762, -69.29999999999999716 ) ) ;
#3555 = ADVANCED_FACE ( 'NONE', ( #574 ), #2151, .F. ) ;
#3556 = CARTESIAN_POINT ( 'NONE',  ( -46.82590933849220249, 151.3635684385611455, 80.26809426682474680 ) ) ;
#3557 = ORIENTED_EDGE ( 'NONE', *, *, #3571, .T. ) ;
#3558 = CARTESIAN_POINT ( 'NONE',  ( 72.06112971658528465, 160.0000000000000000, -132.2267855075909893 ) ) ;
#3559 = EDGE_CURVE ( 'NONE', #3504, #1279, #6512, .T. ) ;
#3560 = VERTEX_POINT ( 'NONE', #7226 ) ;
#3561 = VERTEX_POINT ( 'NONE', #9425 ) ;
#3562 = FACE_OUTER_BOUND ( 'NONE', #7374, .T. ) ;
#3563 = EDGE_CURVE ( 'NONE', #3404, #9239, #5054, .T. ) ;
#3564 = CARTESIAN_POINT ( 'NONE',  ( 2.000000000000000000, -38.51793358416909996, -140.0000000000000000 ) ) ;
#3565 = EDGE_CURVE ( 'NONE', #810, #3560, #5290, .T. ) ;
#3566 = LINE ( 'NONE', #2984, #6437 ) ;
#3567 = CARTESIAN_POINT ( 'NONE',  ( 91.37419383818100016, -37.00000000000001421, -106.1118546030830601 ) ) ;
#3568 = CARTESIAN_POINT ( 'NONE',  ( -89.59999999999999432, 153.3300508075680000, 97.00384757729510454 ) ) ;
#3569 = CARTESIAN_POINT ( 'NONE',  ( -48.00098989974632957, 62.00030079885920742, 89.57663913258247135 ) ) ;
#3570 = EDGE_LOOP ( 'NONE', ( #9129, #1202, #1381, #84 ) ) ;
#3571 = EDGE_CURVE ( 'NONE', #9301, #5142, #3833, .T. ) ;
#3572 = ORIENTED_EDGE ( 'NONE', *, *, #6357, .F. ) ;
#3573 = DIRECTION ( 'NONE',  ( 0.01745240643728295307, -0.9998476951563912696, 1.891481915972949483E-17 ) ) ;
#3574 = DIRECTION ( 'NONE',  ( 1.000000000000000000, 2.897702010609360918E-32, 1.083784262211880045E-15 ) ) ;
#3575 = CARTESIAN_POINT ( 'NONE',  ( 19.83421685057261641, 62.00016353770569566, 89.56475181230987914 ) ) ;
#3576 = CARTESIAN_POINT ( 'NONE',  ( -29.95525004739580766, -37.00000000000000000, -145.9476348052153867 ) ) ;
#3577 = EDGE_CURVE ( 'NONE', #7736, #1300, #5927, .T. ) ;
#3578 = CARTESIAN_POINT ( 'NONE',  ( -67.58817183825236441, 148.7284971052824005, 62.14624932041613903 ) ) ;
#3579 = FACE_OUTER_BOUND ( 'NONE', #1752, .T. ) ;
#3580 = ORIENTED_EDGE ( 'NONE', *, *, #8159, .T. ) ;
#3581 = CARTESIAN_POINT ( 'NONE',  ( 65.14023788612470867, 156.1687173224059961, -67.81793358416909712 ) ) ;
#3582 = EDGE_LOOP ( 'NONE', ( #1489, #6243, #787, #1392, #337 ) ) ;
#3583 = CARTESIAN_POINT ( 'NONE',  ( 94.01857906356688943, -39.85696843995790317, -105.8510991648053050 ) ) ;
#3584 = CARTESIAN_POINT ( 'NONE',  ( 72.40491020982823045, -37.00000000000002132, -137.8172332055503944 ) ) ;
#3585 = DIRECTION ( 'NONE',  ( 0.9998476951564022608, 0.01745240643665173924, 0.000000000000000000 ) ) ;
#3586 = CARTESIAN_POINT ( 'NONE',  ( 88.44579190522864565, 144.7721048354180482, -67.29999999999998295 ) ) ;
#3587 = ORIENTED_EDGE ( 'NONE', *, *, #7233, .F. ) ;
#3588 = CARTESIAN_POINT ( 'NONE',  ( -69.59377886011338887, -37.00000000000000000, -122.1155685038660579 ) ) ;
#3589 = CARTESIAN_POINT ( 'NONE',  ( -94.78139602057051150, 153.3320508075675548, 215.9038475772950676 ) ) ;
#3590 = CARTESIAN_POINT ( 'NONE',  ( -81.27402478056636426, 140.3490481287456362, 55.27402478056635005 ) ) ;
#3591 = CARTESIAN_POINT ( 'NONE',  ( 66.00000000000000000, 158.5000000000000000, 99.00000000000000000 ) ) ;
#3592 = VERTEX_POINT ( 'NONE', #8225 ) ;
#3593 = EDGE_LOOP ( 'NONE', ( #4360, #4869, #8707, #3405, #8812, #9005 ) ) ;
#3594 = ORIENTED_EDGE ( 'NONE', *, *, #2593, .T. ) ;
#3595 = CARTESIAN_POINT ( 'NONE',  ( 88.10062264892489736, 146.5065546764113265, -66.38390310352463075 ) ) ;
#3596 = DIRECTION ( 'NONE',  ( -1.000000000000000000, 5.551115123125779621E-17, 3.508303876989709866E-16 ) ) ;
#3597 = CARTESIAN_POINT ( 'NONE',  ( -74.02094487949091217, 140.3241257006008027, 54.80077599440621583 ) ) ;
#3598 = ADVANCED_FACE ( 'NONE', ( #8135 ), #6648, .F. ) ;
#3599 = DIRECTION ( 'NONE',  ( -4.744542840278450606E-16, 0.000000000000000000, -1.000000000000000000 ) ) ;
#3600 = CARTESIAN_POINT ( 'NONE',  ( -49.67139214413816717, 142.4064154999019820, 83.11319469313204422 ) ) ;
#3601 = EDGE_CURVE ( 'NONE', #686, #2068, #5244, .T. ) ;
#3602 = ORIENTED_EDGE ( 'NONE', *, *, #1816, .F. ) ;
#3603 = CARTESIAN_POINT ( 'NONE',  ( 86.38156262418772258, 160.0000000000000000, -114.8099855690136906 ) ) ;
#3604 = VERTEX_POINT ( 'NONE', #906 ) ;
#3605 = VECTOR ( 'NONE', #788, 1000.000000000000000 ) ;
#3606 = ORIENTED_EDGE ( 'NONE', *, *, #4682, .T. ) ;
#3607 = CARTESIAN_POINT ( 'NONE',  ( -45.16682557679381205, 140.3305724630268685, 86.58180414909514866 ) ) ;
#3608 = CARTESIAN_POINT ( 'NONE',  ( 0.7690767037777884729, 141.8533500734594384, 87.39336593680229726 ) ) ;
#3609 = EDGE_CURVE ( 'NONE', #9195, #8275, #2914, .T. ) ;
#3610 = CARTESIAN_POINT ( 'NONE',  ( -60.98993593520781076, -39.69586770524739450, -135.3699062612199668 ) ) ;
#3611 = EDGE_CURVE ( 'NONE', #2197, #4580, #8183, .T. ) ;
#3612 = PLANE ( 'NONE',  #8114 ) ;
#3613 = DIRECTION ( 'NONE',  ( -1.541976423090495042E-15, 0.000000000000000000, -1.000000000000000000 ) ) ;
#3614 = EDGE_CURVE ( 'NONE', #214, #4020, #4522, .T. ) ;
#3615 = AXIS2_PLACEMENT_3D ( 'NONE', #1962, #1384, #3585 ) ;
#3616 = DIRECTION ( 'NONE',  ( -1.000000000000000000, 0.000000000000000000, 0.000000000000000000 ) ) ;
#3617 = LINE ( 'NONE', #6629, #3226 ) ;
#3618 = EDGE_CURVE ( 'NONE', #4321, #2629, #8948, .T. ) ;
#3619 = ORIENTED_EDGE ( 'NONE', *, *, #1871, .F. ) ;
#3620 = EDGE_CURVE ( 'NONE', #5745, #853, #177, .T. ) ;
#3621 = ORIENTED_EDGE ( 'NONE', *, *, #8105, .F. ) ;
#3622 = VECTOR ( 'NONE', #8909, 1000.000000000000000 ) ;
#3623 = CARTESIAN_POINT ( 'NONE',  ( -80.00000000000000000, 140.0000000000000000, 70.85504175204260946 ) ) ;
#3624 = CARTESIAN_POINT ( 'NONE',  ( -167.1340430725900035, 140.0000000000000000, -58.86595692741020258 ) ) ;
#3625 = CARTESIAN_POINT ( 'NONE',  ( 13.00000000000000178, -40.00000000000000000, -76.00095280244879348 ) ) ;
#3626 = CARTESIAN_POINT ( 'NONE',  ( 88.96760543782509956, 150.3518378563342708, -66.24961940109548664 ) ) ;
#3627 = ORIENTED_EDGE ( 'NONE', *, *, #2830, .F. ) ;
#3628 = CARTESIAN_POINT ( 'NONE',  ( -68.22012357885900258, 146.9227685835018633, 62.77813036421488135 ) ) ;
#3629 = CARTESIAN_POINT ( 'NONE',  ( 71.85504175204270894, 157.5000000000000000, -66.00000000000000000 ) ) ;
#3630 = CIRCLE ( 'NONE', #2396, 1.500000000000003331 ) ;
#3631 = EDGE_LOOP ( 'NONE', ( #6314, #8521, #5286, #335 ) ) ;
#3632 = LINE ( 'NONE', #7986, #3531 ) ;
#3633 = EDGE_CURVE ( 'NONE', #3592, #5827, #6739, .T. ) ;
#3634 = EDGE_LOOP ( 'NONE', ( #4964, #5699, #3326, #1128, #7064, #1328, #5378, #4999, #3459, #3067, #7028, #4626, #8380, #2207 ) ) ;
#3635 = PLANE ( 'NONE',  #4917 ) ;
#3636 = CARTESIAN_POINT ( 'NONE',  ( 92.46458381048644526, -37.00000000000001421, -111.7509607000996397 ) ) ;
#3637 = PLANE ( 'NONE',  #1931 ) ;
#3638 = VECTOR ( 'NONE', #3093, 1000.000000000000000 ) ;
#3639 = CARTESIAN_POINT ( 'NONE',  ( -2.827175878754252025, 157.2832749549252469, 72.79658168236541371 ) ) ;
#3640 = CARTESIAN_POINT ( 'NONE',  ( -104.5999999999999943, 153.3300508075680000, 211.5507292157780057 ) ) ;
#3641 = B_SPLINE_CURVE_WITH_KNOTS ( 'NONE', 3,
 ( #2313, #8203, #1963, #8613, #1386, #6462, #8661, #1339, #620, #4908, #3586, #8036, #7942, #6410, #8757, #7900, #8561, #2726, #9374, #3489, #6367, #7854, #2013, #5635, #668, #2771, #2818, #4183, #5738, #3399, #7174, #7991, #4130, #2061, #5003, #4274, #6557, #1246, #7277, #9471, #4325, #4225, #2106, #7131, #3439, #528, #2866, #7082, #9280, #5834, #1293, #3540 ),
 .UNSPECIFIED., .F., .F.,
 ( 4, 1, 1, 1, 1, 2, 2, 1, 1, 1, 1, 2, 2, 1, 1, 1, 2, 2, 2, 1, 1, 1, 2, 2, 1, 1, 1, 1, 2, 2, 1, 1, 1, 1, 2, 2, 4 ),
 ( 0.000000000000000000, 0.06249999999995063671, 0.09374999999992775224, 0.1093749999999163169, 0.1171874999999120426, 0.1210937499999113209, 0.1249999999999105993, 0.1874999999998916977, 0.2187499999998807620, 0.2343749999998752942, 0.2421874999998728517, 0.2460937499998731015, 0.2499999999998733236, 0.3124999999998807620, 0.3437499999998848144, 0.3593749999998855915, 0.3671874999998877009, 0.3749999999998897549, 0.4999999999999212852, 0.5624999999999364952, 0.5937499999999439337, 0.6093749999999468203, 0.6171874999999495959, 0.6249999999999524825, 0.6874999999999737987, 0.7187499999999844569, 0.7343749999999897859, 0.7421874999999911182, 0.7460937499999917843, 0.7499999999999924505, 0.8125000000000093259, 0.8437500000000188738, 0.8593750000000235367, 0.8671875000000255351, 0.8710937500000256462, 0.8750000000000257572, 1.000000000000000000 ),
 .UNSPECIFIED. ) ;
#3642 = DIRECTION ( 'NONE',  ( 0.000000000000000000, -0.8660254037844438146, -0.4999999999999909517 ) ) ;
#3643 = CARTESIAN_POINT ( 'NONE',  ( 91.72800066063220470, 4.188553008706969116, -72.93765362660856511 ) ) ;
#3644 = CARTESIAN_POINT ( 'NONE',  ( -68.39489049784532426, 160.1084238425097794, 63.04892377722433139 ) ) ;
#3645 = VECTOR ( 'NONE', #4703, 1000.000000000000114 ) ;
#3646 = VECTOR ( 'NONE', #6855, 1000.000000000000000 ) ;
#3647 = ORIENTED_EDGE ( 'NONE', *, *, #3577, .T. ) ;
#3648 = DIRECTION ( 'NONE',  ( -0.8660254037844392627, 0.000000000000000000, -0.4999999999999990008 ) ) ;
#3649 = CARTESIAN_POINT ( 'NONE',  ( 66.26179938779914380, 157.5000000000000284, -66.00000000000000000 ) ) ;
#3650 = CARTESIAN_POINT ( 'NONE',  ( -45.73316303342051725, 62.00032416481001718, 87.94906371923320876 ) ) ;
#3651 = FACE_OUTER_BOUND ( 'NONE', #7547, .T. ) ;
#3652 = CIRCLE ( 'NONE', #7366, 1.602000000000006086 ) ;
#3653 = CARTESIAN_POINT ( 'NONE',  ( -47.47102128594546144, 150.2099804286728784, 80.91302012080525685 ) ) ;
#3654 = EDGE_LOOP ( 'NONE', ( #7406, #2121, #603, #5751 ) ) ;
#3655 = ORIENTED_EDGE ( 'NONE', *, *, #4211, .F. ) ;
#3656 = CARTESIAN_POINT ( 'NONE',  ( 65.70963606671116963, 160.0000000000000284, -111.1571778647914215 ) ) ;
#3657 = ORIENTED_EDGE ( 'NONE', *, *, #7926, .T. ) ;
#3658 = VERTEX_POINT ( 'NONE', #6786 ) ;
#3659 = DIRECTION ( 'NONE',  ( -0.01745240643693320506, 0.9998476951363208798, -6.336149283157613709E-06 ) ) ;
#3660 = CARTESIAN_POINT ( 'NONE',  ( -56.66170489640830255, 160.0000000000000000, -96.78633074169540862 ) ) ;
#3661 = CARTESIAN_POINT ( 'NONE',  ( -49.54571912853658233, -39.76067179866993229, -142.0190258317758492 ) ) ;
#3662 = CARTESIAN_POINT ( 'NONE',  ( 91.42952270022389882, 23.32760343077164933, -67.29999999999999716 ) ) ;
#3663 = CARTESIAN_POINT ( 'NONE',  ( -29.99238359780465046, -37.00000000000000000, -142.0000000000000284 ) ) ;
#3664 = VECTOR ( 'NONE', #560, 1000.000000000000000 ) ;
#3665 = CARTESIAN_POINT ( 'NONE',  ( 72.37449297733731157, -37.00000000000000000, -72.94467997648639823 ) ) ;
#3666 = ADVANCED_FACE ( 'NONE', ( #2201 ), #3686, .F. ) ;
#3667 = CARTESIAN_POINT ( 'NONE',  ( -67.42024529055964877, 153.3577152136178938, 61.97824793165415969 ) ) ;
#3668 = EDGE_LOOP ( 'NONE', ( #506, #1851, #5547, #62, #6970, #5915, #5240, #8727, #6948 ) ) ;
#3669 = VECTOR ( 'NONE', #4858, 1000.000000000000000 ) ;
#3670 = EDGE_CURVE ( 'NONE', #9178, #8774, #1531, .T. ) ;
#3671 = CARTESIAN_POINT ( 'NONE',  ( -56.85504175204269472, -37.00000000000000000, -92.85961089735100416 ) ) ;
#3672 = CARTESIAN_POINT ( 'NONE',  ( 2.399999999999930189, 154.9320508075677481, 97.00584757729519936 ) ) ;
#3673 = CARTESIAN_POINT ( 'NONE',  ( 30.00000000000000711, 61.99999999999997868, 84.77335611600470600 ) ) ;
#3674 = CARTESIAN_POINT ( 'NONE',  ( 91.71605521991600085, 142.5600471154588718, -66.52200291232648510 ) ) ;
#3675 = EDGE_CURVE ( 'NONE', #5284, #7283, #5258, .T. ) ;
#3676 = ORIENTED_EDGE ( 'NONE', *, *, #4946, .T. ) ;
#3677 = FACE_OUTER_BOUND ( 'NONE', #4918, .T. ) ;
#3678 = CARTESIAN_POINT ( 'NONE',  ( -80.00000000000001421, -37.00000000000000000, -96.00761524218037835 ) ) ;
#3679 = EDGE_LOOP ( 'NONE', ( #2598, #5871, #9263, #8369, #947 ) ) ;
#3680 = LINE ( 'NONE', #7453, #4 ) ;
#3681 = ORIENTED_EDGE ( 'NONE', *, *, #5176, .T. ) ;
#3682 = VERTEX_POINT ( 'NONE', #1716 ) ;
#3683 = CARTESIAN_POINT ( 'NONE',  ( 94.02361225298999159, -39.85726437789494270, -105.8260360559821578 ) ) ;
#3684 = CARTESIAN_POINT ( 'NONE',  ( 92.16246820600609624, -20.68463364240703584, -72.93658812097562816 ) ) ;
#3685 = DIRECTION ( 'NONE',  ( -1.000000000000000000, -0.000000000000000000, -0.000000000000000000 ) ) ;
#3686 = PLANE ( 'NONE',  #6730 ) ;
#3687 = CARTESIAN_POINT ( 'NONE',  ( 88.58048393557112377, 134.7948578510460038, -67.61264098754527652 ) ) ;
#3688 = EDGE_CURVE ( 'NONE', #5018, #1079, #3319, .T. ) ;
#3689 = CARTESIAN_POINT ( 'NONE',  ( 23.93545801484633984, 62.00000092619821146, 91.19313428140181088 ) ) ;
#3690 = CIRCLE ( 'NONE', #6642, 0.002000000000002000178 ) ;
#3691 = CARTESIAN_POINT ( 'NONE',  ( 43.82304684453878707, 160.0000000000000000, -122.8550417520427800 ) ) ;
#3692 = CARTESIAN_POINT ( 'NONE',  ( -76.75900485366608450, 140.1831252232935014, 63.30066553900859105 ) ) ;
#3693 = EDGE_LOOP ( 'NONE', ( #7963, #8029, #7383, #8162, #2857, #235, #1548, #7522, #6995, #1658, #1108, #1378, #3228, #1319 ) ) ;
#3694 = B_SPLINE_CURVE_WITH_KNOTS ( 'NONE', 3,
 ( #2467, #4646, #6061, #943, #8354, #8218, #167, #986, #3096, #1609, #3186, #8395, #8977, #6919, #6825, #305, #850, #1748, #5325, #4690, #6103, #5373, #8303, #2331, #3874, #3236, #3136, #4555, #210, #3919, #7634, #6204, #8257, #3771, #9115, #6869, #4602, #1798, #5470, #254, #6155, #7452, #6728, #119, #3044, #4738, #2658, #1173, #4207, #2703, #6345, #5521, #8445, #4889, #9210, #2613, #6298, #9356, #3327, #8640, #5568 ),
 .UNSPECIFIED., .F., .F.,
 ( 4, 1, 1, 1, 1, 1, 1, 2, 2, 1, 1, 1, 1, 1, 2, 2, 1, 1, 1, 1, 2, 2, 2, 1, 1, 1, 1, 1, 2, 2, 1, 1, 1, 1, 1, 2, 2, 1, 1, 1, 1, 1, 1, 2, 2, 4 ),
 ( 0.000000000000000000, 0.06249999999998777367, 0.09374999999998141764, 0.1093749999999779343, 0.1171874999999759637, 0.1210937499999749783, 0.1230468749999745481, 0.1240234374999743261, 0.1249999999999741040, 0.1874999999999838463, 0.2187499999999887867, 0.2343749999999909239, 0.2421874999999919786, 0.2460937499999925338, 0.2480468749999927003, 0.2499999999999928391, 0.3125000000000001665, 0.3437500000000040523, 0.3593750000000059952, 0.3671875000000067168, 0.3710937500000072720, 0.3750000000000078271, 0.5000000000000063283, 0.5625000000000054401, 0.5937500000000054401, 0.6093750000000053291, 0.6171875000000055511, 0.6210937500000053291, 0.6230468750000047740, 0.6250000000000043299, 0.6875000000000054401, 0.7187500000000056621, 0.7343750000000056621, 0.7421875000000058842, 0.7460937500000058842, 0.7480468750000057732, 0.7500000000000055511, 0.8124999999999991118, 0.8437499999999957812, 0.8593749999999940048, 0.8671874999999933387, 0.8710937499999930056, 0.8730468749999931166, 0.8740234374999933387, 0.8749999999999935607, 1.000000000000000000 ),
 .UNSPECIFIED. ) ;
#3695 = VERTEX_POINT ( 'NONE', #4610 ) ;
#3696 = CARTESIAN_POINT ( 'NONE',  ( 84.14455264030773662, 152.4586595145330250, -66.17604751987592238 ) ) ;
#3697 = FACE_OUTER_BOUND ( 'NONE', #5477, .T. ) ;
#3698 = VECTOR ( 'NONE', #81, 1000.000000000000000 ) ;
#3699 = CARTESIAN_POINT ( 'NONE',  ( -74.32383232767375603, 140.3122312970322696, 52.41059674184815975 ) ) ;
#3700 = CARTESIAN_POINT ( 'NONE',  ( -74.35446294710473580, 140.1423300313112463, 51.41304439313696406 ) ) ;
#3701 = CARTESIAN_POINT ( 'NONE',  ( -44.12502144010096572, 154.7019998059583088, 77.56701878650532933 ) ) ;
#3702 = ORIENTED_EDGE ( 'NONE', *, *, #4516, .F. ) ;
#3703 = VECTOR ( 'NONE', #4243, 1000.000000000000114 ) ;
#3704 = VERTEX_POINT ( 'NONE', #4656 ) ;
#3705 = AXIS2_PLACEMENT_3D ( 'NONE', #5862, #5028, #9406 ) ;
#3706 = DIRECTION ( 'NONE',  ( 1.000000000000000000, -0.000000000000000000, -3.000491698228080021E-16 ) ) ;
#3707 = CARTESIAN_POINT ( 'NONE',  ( 91.14670151448088120, 160.0000000000272564, -99.35272452922393427 ) ) ;
#3708 = EDGE_LOOP ( 'NONE', ( #1650, #4369, #595, #5476 ) ) ;
#3709 = ORIENTED_EDGE ( 'NONE', *, *, #8136, .T. ) ;
#3710 = CARTESIAN_POINT ( 'NONE',  ( 92.90000000000000568, 56.73205080756780205, 217.8018475772949785 ) ) ;
#3711 = DIRECTION ( 'NONE',  ( 0.000000000000000000, 1.000000000000000000, 0.000000000000000000 ) ) ;
#3712 = VECTOR ( 'NONE', #3938, 1000.000000000000227 ) ;
#3713 = CARTESIAN_POINT ( 'NONE',  ( -79.06104309851595247, -39.85953108227128183, -105.6376054922598513 ) ) ;
#3714 = DIRECTION ( 'NONE',  ( -5.551115123125779621E-17, -1.000000000000000000, 3.977833425766267076E-33 ) ) ;
#3715 = LINE ( 'NONE', #2225, #1032 ) ;
#3716 = CARTESIAN_POINT ( 'NONE',  ( -28.00000000000000000, -55.00000000000000000, -74.00000000000000000 ) ) ;
#3717 = DIRECTION ( 'NONE',  ( -1.000000000000000000, 0.000000000000000000, 0.000000000000000000 ) ) ;
#3718 = ORIENTED_EDGE ( 'NONE', *, *, #2748, .F. ) ;
#3719 = ORIENTED_EDGE ( 'NONE', *, *, #8645, .F. ) ;
#3720 = LINE ( 'NONE', #4786, #6158 ) ;
#3721 = CARTESIAN_POINT ( 'NONE',  ( -37.41304439313704222, 140.3490481287456078, 90.85199565517052633 ) ) ;
#3722 = CARTESIAN_POINT ( 'NONE',  ( 21.57477733639633755, 62.00003690975696458, 89.24180590826782122 ) ) ;
#3723 = CARTESIAN_POINT ( 'NONE',  ( 92.27308415593310542, -25.00000000000000355, -75.73817402607676286 ) ) ;
#3724 = EDGE_LOOP ( 'NONE', ( #4135, #4800, #9003, #2521 ) ) ;
#3725 = ORIENTED_EDGE ( 'NONE', *, *, #1772, .T. ) ;
#3726 = CARTESIAN_POINT ( 'NONE',  ( -80.00000000000000000, -40.00000000000000000, -146.0000000000000000 ) ) ;
#3727 = CARTESIAN_POINT ( 'NONE',  ( -79.14436445397377895, -36.99999999999999289, -105.2035363026351718 ) ) ;
#3728 = CARTESIAN_POINT ( 'NONE',  ( -29.99238359780465046, -37.00000000000000000, -75.94763480521530141 ) ) ;
#3729 = ORIENTED_EDGE ( 'NONE', *, *, #2976, .T. ) ;
#3730 = CARTESIAN_POINT ( 'NONE',  ( 94.01101486395978668, -39.85652482410048947, -105.8886909365287323 ) ) ;
#3731 = CARTESIAN_POINT ( 'NONE',  ( 67.59038399406986741, 141.6031642288344301, 28.21825536032062942 ) ) ;
#3732 = LINE ( 'NONE', #8898, #9013 ) ;
#3733 = B_SPLINE_CURVE_WITH_KNOTS ( 'NONE', 3,
 ( #6845, #9282, #1875, #329, #8474, #5545, #6370, #2679, #3260, #9096, #8563, #9188, #1057, #531, #5639, #4082, #6275, #2493, #1825, #7762, #6179, #481, #3990, #1916, #6227, #7133, #1967, #4911, #3401, #7856, #3353, #1251, #7808, #5445, #8375, #9135, #4185, #1771, #4714, #4819, #7663, #6943, #2592, #2541, #5495, #1149, #8423, #3301, #4767, #7713, #1107, #4039, #6988, #375, #2638, #7035, #430, #6322, #9236, #5592, #8519 ),
 .UNSPECIFIED., .F., .F.,
 ( 4, 1, 1, 1, 1, 1, 1, 2, 2, 1, 1, 1, 1, 1, 2, 2, 1, 1, 1, 1, 2, 2, 2, 1, 1, 1, 1, 1, 2, 2, 1, 1, 1, 1, 1, 2, 2, 1, 1, 1, 1, 1, 1, 2, 2, 4 ),
 ( 0.000000000000000000, 0.06249999999997213340, 0.09374999999995847766, 0.1093749999999516498, 0.1171874999999485134, 0.1210937499999469452, 0.1230468749999462236, 0.1240234374999458489, 0.1249999999999454880, 0.1874999999999432121, 0.2187499999999420741, 0.2343749999999416023, 0.2421874999999414357, 0.2460937499999414912, 0.2480468749999414912, 0.2499999999999414912, 0.3124999999999397704, 0.3437499999999386602, 0.3593749999999379940, 0.3671874999999375500, 0.3710937499999374389, 0.3749999999999373834, 0.4999999999999330536, 0.5624999999999308331, 0.5937499999999298339, 0.6093749999999296119, 0.6171874999999297229, 0.6210937499999299449, 0.6230468749999301670, 0.6249999999999303890, 0.6874999999999458211, 0.7187499999999531486, 0.7343749999999565903, 0.7421874999999581446, 0.7460937499999592548, 0.7480468749999595879, 0.7499999999999599209, 0.8124999999999649170, 0.8437499999999672484, 0.8593749999999686917, 0.8671874999999693578, 0.8710937499999698019, 0.8730468749999700240, 0.8740234374999702460, 0.8749999999999704681, 1.000000000000000000 ),
 .UNSPECIFIED. ) ;
#3734 = CARTESIAN_POINT ( 'NONE',  ( -104.5999999999999943, 58.33205080756781058, 95.40384757729519549 ) ) ;
#3735 = DIRECTION ( 'NONE',  ( 1.000000000000000000, 0.000000000000000000, 0.000000000000000000 ) ) ;
#3736 = CARTESIAN_POINT ( 'NONE',  ( 20.52913388965587060, 62.00000664945624607, 91.98687267917320298 ) ) ;
#3737 = CARTESIAN_POINT ( 'NONE',  ( 89.76142303221942598, 4.295592409928215005, -69.30095280244881906 ) ) ;
#3738 = CARTESIAN_POINT ( 'NONE',  ( -26.85961089735093665, 160.0000000000000000, -122.8550417520426379 ) ) ;
#3739 = ORIENTED_EDGE ( 'NONE', *, *, #2788, .F. ) ;
#3740 = EDGE_CURVE ( 'NONE', #3473, #2054, #4121, .T. ) ;
#3741 = EDGE_CURVE ( 'NONE', #1777, #9510, #7890, .T. ) ;
#3742 = PLANE ( 'NONE',  #8440 ) ;
#3743 = CARTESIAN_POINT ( 'NONE',  ( 89.39594196233529999, 137.8095487079824011, -69.29999999999999716 ) ) ;
#3744 = EDGE_CURVE ( 'NONE', #1706, #3395, #2050, .T. ) ;
#3745 = CARTESIAN_POINT ( 'NONE',  ( -74.32571771704313335, 140.3120017350268824, 52.37697695111663165 ) ) ;
#3746 = CARTESIAN_POINT ( 'NONE',  ( -53.82072635358122881, 157.5000000000000284, -106.1528419302080124 ) ) ;
#3747 = LINE ( 'NONE', #871, #5505 ) ;
#3748 = EDGE_LOOP ( 'NONE', ( #3854, #971, #9370, #4268 ) ) ;
#3749 = CARTESIAN_POINT ( 'NONE',  ( 89.44545348553030806, 134.9730354438598567, -91.00000000000001421 ) ) ;
#3750 = DIRECTION ( 'NONE',  ( -5.390695917567118667E-33, -4.855507225124589012E-17, 1.000000000000000000 ) ) ;
#3751 = EDGE_CURVE ( 'NONE', #9287, #6570, #657, .T. ) ;
#3752 = ORIENTED_EDGE ( 'NONE', *, *, #211, .T. ) ;
#3753 = EDGE_CURVE ( 'NONE', #7638, #2241, #4899, .T. ) ;
#3754 = VERTEX_POINT ( 'NONE', #9459 ) ;
#3755 = CARTESIAN_POINT ( 'NONE',  ( 90.30346709707410469, 85.81746855984883382, -72.30200000000000671 ) ) ;
#3756 = DIRECTION ( 'NONE',  ( -1.000000000000000000, -0.000000000000000000, 1.541976423090495042E-15 ) ) ;
#3757 = CARTESIAN_POINT ( 'NONE',  ( -37.41304439313704222, 159.9991313714381533, 70.66864328649369043 ) ) ;
#3758 = CARTESIAN_POINT ( 'NONE',  ( 2.399999999999930189, 153.3320508075674979, 95.40384882573519576 ) ) ;
#3759 = LINE ( 'NONE', #5314, #4423 ) ;
#3760 = CARTESIAN_POINT ( 'NONE',  ( 7.394091418813923511, 152.5818360793017234, 70.73777491202780254 ) ) ;
#3761 = CARTESIAN_POINT ( 'NONE',  ( 67.00000000000000000, 156.2593623536930920, 8.320836280322962963 ) ) ;
#3762 = ORIENTED_EDGE ( 'NONE', *, *, #817, .T. ) ;
#3763 = CARTESIAN_POINT ( 'NONE',  ( -357.3840944635300048, -3.999999999999998224, -72.00000000000001421 ) ) ;
#3764 = CARTESIAN_POINT ( 'NONE',  ( 84.48434090668480678, 134.7233594085229811, -67.29999999999999716 ) ) ;
#3765 = EDGE_CURVE ( 'NONE', #7283, #859, #1284, .T. ) ;
#3766 = DIRECTION ( 'NONE',  ( 1.000000000000000000, 0.000000000000000000, 0.000000000000000000 ) ) ;
#3767 = VECTOR ( 'NONE', #9167, 1000.000000000000114 ) ;
#3768 = DIRECTION ( 'NONE',  ( 1.000000000000000000, -1.110223024625155801E-16, 0.000000000000000000 ) ) ;
#3769 = ORIENTED_EDGE ( 'NONE', *, *, #679, .T. ) ;
#3770 = CARTESIAN_POINT ( 'NONE',  ( -68.45179252440361495, 146.1326418769617419, 63.00979684978907613 ) ) ;
#3771 = CARTESIAN_POINT ( 'NONE',  ( -58.56448863064585453, -36.99999999999999289, -136.9577738608724644 ) ) ;
#3772 = EDGE_LOOP ( 'NONE', ( #3647, #53, #1945, #4986 ) ) ;
#3773 = DIRECTION ( 'NONE',  ( -0.0003630530201383376206, 0.000000000000000000, 0.9999999340962500982 ) ) ;
#3774 = ORIENTED_EDGE ( 'NONE', *, *, #5461, .F. ) ;
#3775 = CIRCLE ( 'NONE', #6413, 16.98292805394314797 ) ;
#3776 = ORIENTED_EDGE ( 'NONE', *, *, #6229, .F. ) ;
#3777 = DIRECTION ( 'NONE',  ( 1.000000000000000000, -5.551115123125780853E-17, -6.748406429715320601E-16 ) ) ;
#3778 = EDGE_CURVE ( 'NONE', #8572, #6780, #7214, .T. ) ;
#3779 = CARTESIAN_POINT ( 'NONE',  ( 92.12811363769142758, -18.71646193740807718, -72.15361444796756984 ) ) ;
#3780 = LINE ( 'NONE', #3002, #6718 ) ;
#3781 = ADVANCED_FACE ( 'NONE', ( #3428 ), #8508, .T. ) ;
#3782 = DIRECTION ( 'NONE',  ( -0.000000000000000000, 1.000000000000000000, 0.000000000000000000 ) ) ;
#3783 = CARTESIAN_POINT ( 'NONE',  ( 91.85199565517052633, 140.3490481287456078, -26.00000000000000355 ) ) ;
#3784 = VECTOR ( 'NONE', #5137, 1000.000000000000000 ) ;
#3785 = EDGE_CURVE ( 'NONE', #8398, #3213, #9312, .T. ) ;
#3786 = CARTESIAN_POINT ( 'NONE',  ( -38.10750740551875992, 157.4999999999999716, -120.6668562261698838 ) ) ;
#3787 = PLANE ( 'NONE',  #3543 ) ;
#3788 = DIRECTION ( 'NONE',  ( 0.9998476951563912696, 0.01745240643728340410, -1.190564713370814583E-15 ) ) ;
#3789 = ORIENTED_EDGE ( 'NONE', *, *, #7584, .T. ) ;
#3790 = VECTOR ( 'NONE', #2739, 1000.000000000000114 ) ;
#3791 = ORIENTED_EDGE ( 'NONE', *, *, #6469, .T. ) ;
#3792 = AXIS2_PLACEMENT_3D ( 'NONE', #411, #2622, #8268 ) ;
#3793 = DIRECTION ( 'NONE',  ( -3.301091116633068434E-19, 1.891193834115547884E-17, 1.000000000000000000 ) ) ;
#3794 = CARTESIAN_POINT ( 'NONE',  ( 2.000000000000000000, -24.00000000000000000, -142.0000000000000284 ) ) ;
#3795 = EDGE_CURVE ( 'NONE', #3358, #6170, #3525, .T. ) ;
#3796 = CARTESIAN_POINT ( 'NONE',  ( -56.66170489640830255, 157.5000000000000284, -96.78633074169540862 ) ) ;
#3797 = DIRECTION ( 'NONE',  ( 0.01745195043442267918, 0.9998215707699756871, -0.007228834559801216621 ) ) ;
#3798 = CIRCLE ( 'NONE', #2864, 1.499999999999999778 ) ;
#3799 = VECTOR ( 'NONE', #6048, 1000.000000000000000 ) ;
#3800 = EDGE_CURVE ( 'NONE', #4538, #4645, #9415, .T. ) ;
#3801 = VERTEX_POINT ( 'NONE', #6453 ) ;
#3802 = DIRECTION ( 'NONE',  ( 0.000000000000000000, 1.000000000000000000, 2.402145685636844926E-16 ) ) ;
#3803 = CARTESIAN_POINT ( 'NONE',  ( 91.85159708586979832, 140.3718821486922650, -96.13160549825661860 ) ) ;
#3804 = EDGE_CURVE ( 'NONE', #2125, #5770, #3472, .T. ) ;
#3805 = VERTEX_POINT ( 'NONE', #7979 ) ;
#3806 = ORIENTED_EDGE ( 'NONE', *, *, #4177, .T. ) ;
#3807 = VERTEX_POINT ( 'NONE', #5727 ) ;
#3808 = CARTESIAN_POINT ( 'NONE',  ( 75.22399771857487849, 159.7860504896072200, -66.00000000000001421 ) ) ;
#3809 = AXIS2_PLACEMENT_3D ( 'NONE', #8586, #1988, #5518 ) ;
#3810 = CARTESIAN_POINT ( 'NONE',  ( -45.15717786479132911, 160.0000000000000000, -116.7096360667112123 ) ) ;
#3811 = CARTESIAN_POINT ( 'NONE',  ( -40.15169049384729760, -39.85343379055721158, -144.9573593429622065 ) ) ;
#3812 = CARTESIAN_POINT ( 'NONE',  ( 66.63099184453450619, 156.7472213564556682, 8.317268442582568255 ) ) ;
#3813 = CARTESIAN_POINT ( 'NONE',  ( -39.50704983453401553, 140.4267278011936924, -141.3262716038624092 ) ) ;
#3814 = ADVANCED_FACE ( 'NONE', ( #5578 ), #8650, .F. ) ;
#3815 = CARTESIAN_POINT ( 'NONE',  ( -0.1721783756612558780, 157.4992399500084446, 70.69194309468731774 ) ) ;
#3816 = CARTESIAN_POINT ( 'NONE',  ( 92.90000000000001990, 58.33205080756781058, 217.8038475772949880 ) ) ;
#3817 = EDGE_CURVE ( 'NONE', #8656, #7719, #7070, .T. ) ;
#3818 = ORIENTED_EDGE ( 'NONE', *, *, #9000, .F. ) ;
#3819 = ADVANCED_FACE ( 'NONE', ( #1373 ), #2092, .T. ) ;
#3820 = CARTESIAN_POINT ( 'NONE',  ( -73.09166455046630517, 58.40959214859244497, 61.32958322653843197 ) ) ;
#3821 = FACE_OUTER_BOUND ( 'NONE', #5155, .T. ) ;
#3822 = CARTESIAN_POINT ( 'NONE',  ( 70.68940727107441546, 140.4289884031039719, -130.7367979481082330 ) ) ;
#3823 = CARTESIAN_POINT ( 'NONE',  ( 86.82407214595238543, 153.2949885602376696, -66.14705208484527077 ) ) ;
#3824 = LINE ( 'NONE', #5140, #1249 ) ;
#3825 = DIRECTION ( 'NONE',  ( 1.000000000000000000, 0.000000000000000000, 0.000000000000000000 ) ) ;
#3826 = CARTESIAN_POINT ( 'NONE',  ( 90.81426102660059030, 56.73205080756780205, 217.8018475772949785 ) ) ;
#3827 = AXIS2_PLACEMENT_3D ( 'NONE', #3209, #2588, #4859 ) ;
#3828 = VERTEX_POINT ( 'NONE', #3576 ) ;
#3829 = ORIENTED_EDGE ( 'NONE', *, *, #9083, .T. ) ;
#3830 = CARTESIAN_POINT ( 'NONE',  ( 44.94667486347871233, 157.5000000000000284, -140.0326147529926857 ) ) ;
#3831 = CARTESIAN_POINT ( 'NONE',  ( -77.44725398510554726, -37.00000000000000000, -26.00000000000000355 ) ) ;
#3832 = CARTESIAN_POINT ( 'NONE',  ( 1.466136032311444293, 158.0943247514209702, 77.08988412599866535 ) ) ;
#3833 = LINE ( 'NONE', #4564, #1337 ) ;
#3834 = VECTOR ( 'NONE', #4006, 1000.000000000000000 ) ;
#3835 = DIRECTION ( 'NONE',  ( 0.9998476951563911586, -0.01745240643728364696, 0.000000000000000000 ) ) ;
#3836 = DIRECTION ( 'NONE',  ( -6.938893903907227392E-16, 0.000000000000000000, -1.000000000000000000 ) ) ;
#3837 = DIRECTION ( 'NONE',  ( -0.01744974916068289111, -0.9996954598818874604, -0.01744974916068241927 ) ) ;
#3838 = CYLINDRICAL_SURFACE ( 'NONE', #2483, 0.002000000000002000178 ) ;
#3839 = EDGE_CURVE ( 'NONE', #9181, #8283, #1950, .T. ) ;
#3840 = ORIENTED_EDGE ( 'NONE', *, *, #2637, .F. ) ;
#3841 = PLANE ( 'NONE',  #8274 ) ;
#3842 = CARTESIAN_POINT ( 'NONE',  ( 92.89999999999999147, 153.3320508075680095, 110.8038475772950022 ) ) ;
#3843 = CARTESIAN_POINT ( 'NONE',  ( -42.00000000000000000, -55.00000000000000000, -76.00000000000000000 ) ) ;
#3844 = CARTESIAN_POINT ( 'NONE',  ( -52.89089154754154976, 157.5000000000000284, -107.8925555565207617 ) ) ;
#3845 = B_SPLINE_CURVE_WITH_KNOTS ( 'NONE', 3,
 ( #363, #3147, #4806, #7793, #4122, #7698, #8364, #5579, #7071, #6308, #4657, #1760, #8410, #2430, #317, #3932, #5384, #9125 ),
 .UNSPECIFIED., .F., .F.,
 ( 4, 2, 2, 2, 2, 2, 2, 2, 4 ),
 ( 0.000000000000000000, 0.1250000000000001388, 0.2500000000000002776, 0.3749999999999998335, 0.5000000000000000000, 0.6250000000000001110, 0.7499999999999996669, 0.8749999999999998890, 1.000000000000000000 ),
 .UNSPECIFIED. ) ;
#3846 = CARTESIAN_POINT ( 'NONE',  ( 92.50038076210897486, -40.04363101609320807, -67.29999999999999716 ) ) ;
#3847 = EDGE_LOOP ( 'NONE', ( #2356, #7935, #834, #4651 ) ) ;
#3848 = DIRECTION ( 'NONE',  ( -1.541976423090495042E-15, 0.000000000000000000, -1.000000000000000000 ) ) ;
#3849 = LINE ( 'NONE', #6708, #5560 ) ;
#3850 = AXIS2_PLACEMENT_3D ( 'NONE', #4974, #1268, #9252 ) ;
#3851 = VECTOR ( 'NONE', #3442, 1000.000000000000000 ) ;
#3852 = ORIENTED_EDGE ( 'NONE', *, *, #4287, .T. ) ;
#3853 = EDGE_CURVE ( 'NONE', #5854, #3604, #2713, .T. ) ;
#3854 = ORIENTED_EDGE ( 'NONE', *, *, #7454, .T. ) ;
#3855 = DIRECTION ( 'NONE',  ( -0.000000000000000000, -1.000000000000000000, -0.000000000000000000 ) ) ;
#3856 = CARTESIAN_POINT ( 'NONE',  ( -52.89089154754154976, 160.0000000000000000, -107.8925555565207617 ) ) ;
#3857 = CARTESIAN_POINT ( 'NONE',  ( -42.82115702217590325, 160.1084238425083868, 82.39489049784529584 ) ) ;
#3858 = CARTESIAN_POINT ( 'NONE',  ( -94.78139602057053992, 58.33205080756781058, 215.9038475772950392 ) ) ;
#3859 = DIRECTION ( 'NONE',  ( 1.541976423090495042E-15, -0.000000000000000000, 1.000000000000000000 ) ) ;
#3860 = VECTOR ( 'NONE', #9202, 1000.000000000000000 ) ;
#3861 = EDGE_CURVE ( 'NONE', #3129, #2572, #7564, .T. ) ;
#3862 = AXIS2_PLACEMENT_3D ( 'NONE', #401, #6442, #7737 ) ;
#3863 = EDGE_CURVE ( 'NONE', #658, #4548, #8839, .T. ) ;
#3864 = DIRECTION ( 'NONE',  ( 0.9998476951563911586, 0.01745240643728523944, 0.000000000000000000 ) ) ;
#3865 = ORIENTED_EDGE ( 'NONE', *, *, #8934, .T. ) ;
#3866 = VECTOR ( 'NONE', #7904, 1000.000000000000000 ) ;
#3867 = EDGE_CURVE ( 'NONE', #8845, #2660, #2234, .T. ) ;
#3868 = EDGE_CURVE ( 'NONE', #6506, #3189, #7491, .T. ) ;
#3869 = DIRECTION ( 'NONE',  ( -1.000000000000000000, 0.000000000000000000, -0.000000000000000000 ) ) ;
#3870 = CARTESIAN_POINT ( 'NONE',  ( -28.00000000000000000, -38.00000000000000000, -76.00000000000000000 ) ) ;
#3871 = FACE_OUTER_BOUND ( 'NONE', #1800, .T. ) ;
#3872 = CARTESIAN_POINT ( 'NONE',  ( 89.81378025153135525, 1.296049324456746810, -74.00000000000000000 ) ) ;
#3873 = DIRECTION ( 'NONE',  ( -1.000000000000000000, -1.216602999370167387E-18, 6.969913915378216279E-17 ) ) ;
#3874 = CARTESIAN_POINT ( 'NONE',  ( -72.19944641067405655, -36.99999999999999289, -122.6920732413393722 ) ) ;
#3875 = VERTEX_POINT ( 'NONE', #2329 ) ;
#3876 = CARTESIAN_POINT ( 'NONE',  ( -42.00000000000000000, -55.00000000000000000, -76.00000000000000000 ) ) ;
#3877 = EDGE_CURVE ( 'NONE', #6669, #146, #8171, .T. ) ;
#3878 = ORIENTED_EDGE ( 'NONE', *, *, #6778, .T. ) ;
#3879 = ORIENTED_EDGE ( 'NONE', *, *, #3054, .F. ) ;
#3880 = CARTESIAN_POINT ( 'NONE',  ( -77.44707229034798956, -36.99999999999998579, -74.00000000000000000 ) ) ;
#3881 = EDGE_CURVE ( 'NONE', #8379, #2220, #5870, .T. ) ;
#3882 = ADVANCED_FACE ( 'NONE', ( #4511 ), #9509, .F. ) ;
#3883 = PLANE ( 'NONE',  #1061 ) ;
#3884 = CARTESIAN_POINT ( 'NONE',  ( 89.89999999999999147, 159.1171392947464653, 134.6030191501703825 ) ) ;
#3885 = CARTESIAN_POINT ( 'NONE',  ( 4.575023556407332492, 151.4734326480177060, 80.19877173109816226 ) ) ;
#3886 = ADVANCED_FACE ( 'NONE', ( #8744, #7450 ), #4365, .T. ) ;
#3887 = CARTESIAN_POINT ( 'NONE',  ( 90.50883473999489581, -38.52359565090600313, -69.30200000000000671 ) ) ;
#3888 = CYLINDRICAL_SURFACE ( 'NONE', #1495, 19.99999999999999645 ) ;
#3889 = LINE ( 'NONE', #7217, #5887 ) ;
#3890 = DIRECTION ( 'NONE',  ( 1.000000000000000000, 0.000000000000000000, -3.521488656232920374E-16 ) ) ;
#3891 = ORIENTED_EDGE ( 'NONE', *, *, #9000, .T. ) ;
#3892 = EDGE_LOOP ( 'NONE', ( #5974, #4843, #7740, #2801 ) ) ;
#3893 = LINE ( 'NONE', #9041, #4730 ) ;
#3894 = CARTESIAN_POINT ( 'NONE',  ( 13.00000000000000178, -55.00000000000000000, -74.00000000000000000 ) ) ;
#3895 = CARTESIAN_POINT ( 'NONE',  ( 45.13483747905156918, 140.3719047035208689, -142.8515966921738425 ) ) ;
#3896 = CARTESIAN_POINT ( 'NONE',  ( -74.03261475299254357, 157.5000000000000000, -95.94667486346330065 ) ) ;
#3897 = LINE ( 'NONE', #3161, #1951 ) ;
#3898 = ORIENTED_EDGE ( 'NONE', *, *, #7241, .T. ) ;
#3899 = CARTESIAN_POINT ( 'NONE',  ( -94.78139602057062518, 153.3300508075680000, 149.9461524227070015 ) ) ;
#3900 = DIRECTION ( 'NONE',  ( 1.000000000000000000, 0.000000000000000000, 0.000000000000000000 ) ) ;
#3901 = ORIENTED_EDGE ( 'NONE', *, *, #6883, .F. ) ;
#3902 = ORIENTED_EDGE ( 'NONE', *, *, #4752, .F. ) ;
#3903 = VERTEX_POINT ( 'NONE', #4553 ) ;
#3904 = DIRECTION ( 'NONE',  ( -0.000000000000000000, -1.000000000000000000, -0.000000000000000000 ) ) ;
#3905 = CARTESIAN_POINT ( 'NONE',  ( -42.82115702217589615, 159.9991313714381533, 70.66864328649369043 ) ) ;
#3906 = CARTESIAN_POINT ( 'NONE',  ( 95.00000000000000000, -37.00000000000000711, -96.00761524218061993 ) ) ;
#3907 = CARTESIAN_POINT ( 'NONE',  ( -74.00323164379793184, 140.4452726141500136, -109.4940812115576421 ) ) ;
#3908 = EDGE_CURVE ( 'NONE', #7486, #687, #7039, .T. ) ;
#3909 = DIRECTION ( 'NONE',  ( 0.000000000000000000, 1.000000000000000000, -0.000000000000000000 ) ) ;
#3910 = CARTESIAN_POINT ( 'NONE',  ( -42.00000000000000000, -40.00000000000000000, -76.00095280244879348 ) ) ;
#3911 = ORIENTED_EDGE ( 'NONE', *, *, #1691, .F. ) ;
#3912 = CC_DESIGN_PERSON_AND_ORGANIZATION_ASSIGNMENT ( #5401, #1731, ( #376 ) ) ;
#3913 = FACE_OUTER_BOUND ( 'NONE', #8074, .T. ) ;
#3914 = CARTESIAN_POINT ( 'NONE',  ( 66.67985191605723116, 148.3321583801769350, 25.11941285920354261 ) ) ;
#3915 = CARTESIAN_POINT ( 'NONE',  ( 41.85961089735094021, 140.3054171126525489, -140.3523764172795438 ) ) ;
#3916 = LINE ( 'NONE', #4979, #4890 ) ;
#3917 = ORIENTED_EDGE ( 'NONE', *, *, #5645, .T. ) ;
#3918 = CARTESIAN_POINT ( 'NONE',  ( 64.71847429380439110, 119.9999994850562501, 33.08713930634763756 ) ) ;
#3919 = CARTESIAN_POINT ( 'NONE',  ( -67.74611060531763940, -37.00000000000000000, -128.8660944985084029 ) ) ;
#3920 = ORIENTED_EDGE ( 'NONE', *, *, #7714, .F. ) ;
#3921 = CARTESIAN_POINT ( 'NONE',  ( 51.46880333723686363, -40.00000000000002132, -145.5913598652909116 ) ) ;
#3922 = EDGE_LOOP ( 'NONE', ( #262, #2365 ) ) ;
#3923 = ORIENTED_EDGE ( 'NONE', *, *, #4341, .T. ) ;
#3924 = EDGE_CURVE ( 'NONE', #3395, #9130, #1423, .T. ) ;
#3925 = VERTEX_POINT ( 'NONE', #3723 ) ;
#3926 = CARTESIAN_POINT ( 'NONE',  ( 60.15717786478465712, 157.5000000000000284, -116.7096360667111412 ) ) ;
#3927 = VECTOR ( 'NONE', #1832, 1000.000000000000000 ) ;
#3928 = CARTESIAN_POINT ( 'NONE',  ( 67.00000000000000000, 157.5000000000000000, 356.3840944635300048 ) ) ;
#3929 = CYLINDRICAL_SURFACE ( 'NONE', #9156, 1.499999999999999778 ) ;
#3930 = CARTESIAN_POINT ( 'NONE',  ( -74.35063338044754744, 140.3071625294430760, 51.65803245386129561 ) ) ;
#3931 = CARTESIAN_POINT ( 'NONE',  ( 1.082049731996903352, 155.4205469275014195, 76.70580935484777285 ) ) ;
#3932 = CARTESIAN_POINT ( 'NONE',  ( -33.07625418902450321, 140.3434077208651445, -140.0455966006663857 ) ) ;
#3933 = DIRECTION ( 'NONE',  ( 0.000000000000000000, -1.000000000000000000, -5.197673336260098583E-13 ) ) ;
#3934 = LINE ( 'NONE', #7508, #8789 ) ;
#3935 = EDGE_CURVE ( 'NONE', #1153, #6325, #5967, .T. ) ;
#3936 = EDGE_CURVE ( 'NONE', #9491, #1610, #5233, .T. ) ;
#3937 = AXIS2_PLACEMENT_3D ( 'NONE', #5780, #4324, #7276 ) ;
#3938 = DIRECTION ( 'NONE',  ( 0.9998476951563911586, 0.01745240643728523944, 0.000000000000000000 ) ) ;
#3939 = VERTEX_POINT ( 'NONE', #165 ) ;
#3940 = CARTESIAN_POINT ( 'NONE',  ( 65.52233835707022536, 143.8390152744566990, 26.15743221637253768 ) ) ;
#3941 = LINE ( 'NONE', #2390, #605 ) ;
#3942 = CARTESIAN_POINT ( 'NONE',  ( 66.52359220110810156, 140.4767382706511682, -136.4750222260637713 ) ) ;
#3943 = VECTOR ( 'NONE', #2620, 1000.000000000000000 ) ;
#3944 = CARTESIAN_POINT ( 'NONE',  ( -64.28716278712798271, 157.5000000000000000, -121.5731043653748884 ) ) ;
#3945 = LINE ( 'NONE', #3846, #6436 ) ;
#3946 = VECTOR ( 'NONE', #803, 1000.000000000000000 ) ;
#3947 = ORIENTED_EDGE ( 'NONE', *, *, #6773, .T. ) ;
#3948 = CARTESIAN_POINT ( 'NONE',  ( 91.96634791900420680, -7.427092755576317096, -71.75938098906158302 ) ) ;
#3949 = ORIENTED_EDGE ( 'NONE', *, *, #5457, .F. ) ;
#3950 = VERTEX_POINT ( 'NONE', #5322 ) ;
#3951 = ORIENTED_EDGE ( 'NONE', *, *, #8321, .T. ) ;
#3952 = CARTESIAN_POINT ( 'NONE',  ( -103.0000000000000142, 153.3300508075680000, 219.4038475772950108 ) ) ;
#3953 = CARTESIAN_POINT ( 'NONE',  ( 72.37449297733736842, 156.9831537293266877, -72.94467997648639823 ) ) ;
#3954 = CIRCLE ( 'NONE', #9180, 0.002000000000002000178 ) ;
#3955 = CARTESIAN_POINT ( 'NONE',  ( -47.66584821132121164, -39.77585594494559729, -142.8014371184819140 ) ) ;
#3956 = CARTESIAN_POINT ( 'NONE',  ( 94.66284902611589303, -37.00000000000000000, -72.93658812097559974 ) ) ;
#3957 = CARTESIAN_POINT ( 'NONE',  ( -73.81199222475777333, 140.4476702887592410, -110.0294157781190307 ) ) ;
#3958 = DIRECTION ( 'NONE',  ( -0.9861451850233918792, -0.1658845202397750407, 0.000000000000000000 ) ) ;
#3959 = ORIENTED_EDGE ( 'NONE', *, *, #7535, .T. ) ;
#3960 = VECTOR ( 'NONE', #3766, 1000.000000000000000 ) ;
#3961 = DIRECTION ( 'NONE',  ( -1.000000000000000000, -0.000000000000000000, -1.387778780781445922E-16 ) ) ;
#3962 = LINE ( 'NONE', #938, #1937 ) ;
#3963 = CARTESIAN_POINT ( 'NONE',  ( -92.17174539372527420, 58.33405080756782013, 217.8035796281025966 ) ) ;
#3964 = DIRECTION ( 'NONE',  ( -0.1658845202397584151, 0.9861451850233945438, 0.000000000000000000 ) ) ;
#3965 = VECTOR ( 'NONE', #8383, 1000.000000000000000 ) ;
#3966 = CARTESIAN_POINT ( 'NONE',  ( 27.00000000000000000, -55.00000000000000000, -76.00000000000000000 ) ) ;
#3967 = CARTESIAN_POINT ( 'NONE',  ( 2.399999999999930189, 154.9340508075675018, 95.40384757729520970 ) ) ;
#3968 = LINE ( 'NONE', #3876, #2460 ) ;
#3969 = ORIENTED_EDGE ( 'NONE', *, *, #2327, .F. ) ;
#3970 = ORIENTED_EDGE ( 'NONE', *, *, #503, .F. ) ;
#3971 = VECTOR ( 'NONE', #1539, 1000.000000000000114 ) ;
#3972 = ORIENTED_EDGE ( 'NONE', *, *, #8054, .F. ) ;
#3973 = CARTESIAN_POINT ( 'NONE',  ( 89.35202766914021311, 140.3253968801746510, -95.96803566523716711 ) ) ;
#3974 = DIRECTION ( 'NONE',  ( 7.165827653609149284E-17, -4.855507225124589628E-17, 1.000000000000000000 ) ) ;
#3975 = FACE_OUTER_BOUND ( 'NONE', #4311, .T. ) ;
#3976 = CARTESIAN_POINT ( 'NONE',  ( -74.21254013837764774, 140.3190810375631372, 53.62340638907147650 ) ) ;
#3977 = CARTESIAN_POINT ( 'NONE',  ( -0.7612660045629180416, 156.5568993790437844, 74.86248208174333740 ) ) ;
#3978 = DIRECTION ( 'NONE',  ( 1.000000000000000000, 0.000000000000000000, 0.000000000000000000 ) ) ;
#3979 = LINE ( 'NONE', #4809, #8630 ) ;
#3980 = CARTESIAN_POINT ( 'NONE',  ( 64.70094047889183742, 119.9999999998968008, 33.08700674931592545 ) ) ;
#3981 = VECTOR ( 'NONE', #6124, 1000.000000000000000 ) ;
#3982 = DIRECTION ( 'NONE',  ( 1.000000000000000000, 0.000000000000000000, 0.000000000000000000 ) ) ;
#3983 = VERTEX_POINT ( 'NONE', #6202 ) ;
#3984 = LINE ( 'NONE', #1674, #4270 ) ;
#3985 = CARTESIAN_POINT ( 'NONE',  ( 66.95839011320198608, 156.3084487425781219, 12.59484563071400132 ) ) ;
#3986 = CARTESIAN_POINT ( 'NONE',  ( 71.60229177560970015, 156.5018536214975029, -69.29999999999999716 ) ) ;
#3987 = VECTOR ( 'NONE', #1792, 1000.000000000000000 ) ;
#3988 = EDGE_CURVE ( 'NONE', #1974, #1207, #3181, .T. ) ;
#3989 = CARTESIAN_POINT ( 'NONE',  ( -37.97220653066878526, -37.00000000000000000, -142.7663979062663202 ) ) ;
#3990 = CARTESIAN_POINT ( 'NONE',  ( -73.40309705002860596, -39.99999999999999289, -120.8562978542767752 ) ) ;
#3991 = ORIENTED_EDGE ( 'NONE', *, *, #4856, .T. ) ;
#3992 = APPROVAL_STATUS ( 'not_yet_approved' ) ;
#3993 = EDGE_LOOP ( 'NONE', ( #2468, #6732, #7605, #9137 ) ) ;
#3994 = ORIENTED_EDGE ( 'NONE', *, *, #4481, .T. ) ;
#3995 = VERTEX_POINT ( 'NONE', #1745 ) ;
#3996 = DIRECTION ( 'NONE',  ( 3.612236674198094894E-16, 0.000000000000000000, -1.000000000000000000 ) ) ;
#3997 = LINE ( 'NONE', #6951, #8017 ) ;
#3998 = CARTESIAN_POINT ( 'NONE',  ( 76.21066335048278972, 120.5110998467795866, -69.29999999999999716 ) ) ;
#3999 = LINE ( 'NONE', #6907, #7659 ) ;
#4000 = CARTESIAN_POINT ( 'NONE',  ( 94.94763480521532983, -37.00000000000000711, -95.95525004739590713 ) ) ;
#4001 = ADVANCED_FACE ( 'NONE', ( #4687 ), #7682, .F. ) ;
#4002 = VECTOR ( 'NONE', #6720, 1000.000000000000000 ) ;
#4003 = AXIS2_PLACEMENT_3D ( 'NONE', #1846, #5372, #5425 ) ;
#4004 = CARTESIAN_POINT ( 'NONE',  ( 116.7943999880707935, 160.7171392947464881, 152.6030191501704962 ) ) ;
#4005 = VERTEX_POINT ( 'NONE', #941 ) ;
#4006 = DIRECTION ( 'NONE',  ( -0.8660254037844392627, 0.000000000000000000, -0.4999999999999990008 ) ) ;
#4007 = AXIS2_PLACEMENT_3D ( 'NONE', #2745, #5658, #5708 ) ;
#4008 = DIRECTION ( 'NONE',  ( 0.01745240643728350124, -0.9998476951563911586, -0.000000000000000000 ) ) ;
#4009 = VECTOR ( 'NONE', #4133, 1000.000000000000000 ) ;
#4010 = LINE ( 'NONE', #1122, #8424 ) ;
#4011 = LINE ( 'NONE', #6963, #6893 ) ;
#4013 = ORIENTED_EDGE ( 'NONE', *, *, #964, .F. ) ;
#4012 = DIRECTION ( 'NONE',  ( 0.000000000000000000, -0.7071606311305759229, -0.7070529271412469008 ) ) ;
#4014 = DIRECTION ( 'NONE',  ( 3.503464585017659440E-16, 6.115320180519409318E-18, 1.000000000000000000 ) ) ;
#4015 = ORIENTED_EDGE ( 'NONE', *, *, #5122, .T. ) ;
#4016 = CARTESIAN_POINT ( 'NONE',  ( 66.99999999999998579, 157.4999998794499163, 8.571616755409023014 ) ) ;
#4017 = VECTOR ( 'NONE', #8316, 1000.000000000000114 ) ;
#4018 = EDGE_LOOP ( 'NONE', ( #8714, #8813, #1840, #5773 ) ) ;
#4019 = EDGE_LOOP ( 'NONE', ( #8982, #4770, #5150, #8020, #8357, #2557, #4382, #5666, #737, #9443 ) ) ;
#4020 = VERTEX_POINT ( 'NONE', #5468 ) ;
#4021 = CARTESIAN_POINT ( 'NONE',  ( 70.89576550474139083, 157.5000000000000284, -100.6375009698751768 ) ) ;
#4022 = PLANE ( 'NONE',  #5223 ) ;
#4023 = CARTESIAN_POINT ( 'NONE',  ( 95.11105673671589500, -22.00088318040880253, 29.69999999999999929 ) ) ;
#4024 = CARTESIAN_POINT ( 'NONE',  ( -74.27851482592811294, 140.3157404852382228, 53.01908354741326690 ) ) ;
#4025 = CARTESIAN_POINT ( 'NONE',  ( 6.520924598392923599, 147.2292948853638848, 82.14444055787075172 ) ) ;
#4026 = FACE_OUTER_BOUND ( 'NONE', #7665, .T. ) ;
#4027 = ADVANCED_FACE ( 'NONE', ( #349 ), #7541, .F. ) ;
#4028 = DIRECTION ( 'NONE',  ( 1.105680974075475880E-17, 1.911069774905674756E-17, 1.000000000000000000 ) ) ;
#4029 = CARTESIAN_POINT ( 'NONE',  ( 66.12454600705493135, 156.3078748955738320, -69.04732034948524699 ) ) ;
#4030 = CARTESIAN_POINT ( 'NONE',  ( 72.28913156576679455, 88.50348414764421534, -67.29999999999999716 ) ) ;
#4031 = EDGE_CURVE ( 'NONE', #5843, #8845, #2943, .T. ) ;
#4032 = ORIENTED_EDGE ( 'NONE', *, *, #297, .T. ) ;
#4033 = CARTESIAN_POINT ( 'NONE',  ( 90.27927773259499133, 4.304631597346659788, -69.29999999999999716 ) ) ;
#4034 = CARTESIAN_POINT ( 'NONE',  ( -83.50000000000000000, -40.00000000000000000, 57.50000000000000000 ) ) ;
#4035 = CARTESIAN_POINT ( 'NONE',  ( 90.48224027898389465, -37.00000000000001421, -95.99238359780468954 ) ) ;
#4036 = EDGE_CURVE ( 'NONE', #2473, #4291, #4210, .T. ) ;
#4037 = CARTESIAN_POINT ( 'NONE',  ( -30.13160549824846157, 140.3718821487186688, -142.8515970858693720 ) ) ;
#4038 = CARTESIAN_POINT ( 'NONE',  ( -44.91318228127776280, -37.00000000000000000, -141.0423327845271899 ) ) ;
#4039 = CARTESIAN_POINT ( 'NONE',  ( -40.49584703825873078, -40.00000000000000711, -144.8907478165640725 ) ) ;
#4040 = EDGE_CURVE ( 'NONE', #6780, #658, #9066, .T. ) ;
#4041 = ORIENTED_EDGE ( 'NONE', *, *, #1550, .F. ) ;
#4042 = PERSON_AND_ORGANIZATION ( #1527, #3230 ) ;
#4043 = VERTEX_POINT ( 'NONE', #9113 ) ;
#4044 = ORIENTED_EDGE ( 'NONE', *, *, #1336, .F. ) ;
#4045 = ORIENTED_EDGE ( 'NONE', *, *, #8887, .T. ) ;
#4046 = LINE ( 'NONE', #9102, #8998 ) ;
#4047 = CARTESIAN_POINT ( 'NONE',  ( 58.82671410073180596, -37.00000000000001421, -141.4225863553865281 ) ) ;
#4048 = CARTESIAN_POINT ( 'NONE',  ( -42.00000000000000000, -40.00200000000000244, -76.00199999999999534 ) ) ;
#4049 = CARTESIAN_POINT ( 'NONE',  ( 65.77262326672041581, 156.5705644166646096, 8.271897020013321722 ) ) ;
#4050 = CARTESIAN_POINT ( 'NONE',  ( 53.95907512333250367, -37.00000000000000711, -145.1303516406944425 ) ) ;
#4051 = CYLINDRICAL_SURFACE ( 'NONE', #3850, 50.00761872187188573 ) ;
#4052 = VERTEX_POINT ( 'NONE', #303 ) ;
#4053 = CARTESIAN_POINT ( 'NONE',  ( 73.25222779541259399, 120.0134462860602014, -67.29999999999999716 ) ) ;
#4054 = CARTESIAN_POINT ( 'NONE',  ( 67.12262752065979043, 156.4493493614985198, -67.29994794530142599 ) ) ;
#4055 = DIRECTION ( 'NONE',  ( -1.762074767641133789E-20, 1.000000000000000000, 4.853491236154555551E-17 ) ) ;
#4056 = DIRECTION ( 'NONE',  ( 0.9861451850233946548, 0.1658845202397584428, -3.311551370384403725E-16 ) ) ;
#4057 = ORIENTED_EDGE ( 'NONE', *, *, #6228, .T. ) ;
#4058 = B_SPLINE_CURVE_WITH_KNOTS ( 'NONE', 3,
 ( #9126, #364, #3293, #1138, #7024, #415, #8026, #2810, #4992, #7844, #564, #6503, #4901, #3431, #1238, #5771, #1325, #4367, #2853, #9416, #5680, #5042, #5872, #8694, #3480, #8795, #1427, #6402, #4264, #6454, #611, #4171, #2052, #2094, #7121, #521, #9314, #5091, #2717, #3527, #8604, #2005, #7982, #4947, #7892, #2140, #1375, #1285, #9511, #9461, #4314, #9366, #7933, #5823, #4217, #7163, #7268, #2763, #5728, #660, #8652, #7216, #3578, #6548, #8746, #7312, #707, #3628, #6593, #2903, #3770, #6727, #755, #8173, #5323, #7451, #5920, #4512, #1569, #2370, #8256, #849 ),
 .UNSPECIFIED., .F., .F.,
 ( 4, 2, 2, 2, 1, 1, 1, 1, 2, 2, 2, 2, 1, 1, 1, 1, 2, 2, 2, 2, 1, 1, 1, 1, 2, 2, 2, 2, 1, 1, 1, 2, 2, 2, 2, 1, 1, 1, 2, 2, 2, 2, 1, 2, 2, 2, 2, 1, 2, 2, 4 ),
 ( 0.000000000000000000, 0.06249999999999174272, 0.09374999999998806510, 0.1093749999999859557, 0.1171874999999848871, 0.1210937499999847622, 0.1230468749999851230, 0.1240234374999857198, 0.1245117187499864553, 0.1249999999999871769, 0.1875000000000822953, 0.2187500000001300349, 0.2343750000001544320, 0.2421875000001660616, 0.2460937500001718903, 0.2480468750001741385, 0.2490234375001749989, 0.2500000000001758593, 0.3125000000001534328, 0.3437500000001429412, 0.3593750000001384448, 0.3671875000001366685, 0.3710937500001357803, 0.3730468750001364464, 0.3740234375001359468, 0.3750000000001353917, 0.4375000000000666134, 0.4687500000000315858, 0.4843750000000143219, 0.4921875000000063838, 0.4960937500000034417, 0.4980468750000032752, 0.5000000000000031086, 0.5624999999999805711, 0.5937499999999680256, 0.6093749999999606981, 0.6171874999999554801, 0.6210937499999529265, 0.6230468749999519273, 0.6249999999999508171, 0.6874999999999567013, 0.7187499999999595879, 0.7343749999999600320, 0.7421874999999603650, 0.7499999999999605871, 0.8124999999999719114, 0.8437499999999793499, 0.8593749999999829026, 0.8671874999999845679, 0.8749999999999862332, 1.000000000000000000 ),
 .UNSPECIFIED. ) ;
#4059 = FACE_OUTER_BOUND ( 'NONE', #1360, .T. ) ;
#4060 = CARTESIAN_POINT ( 'NONE',  ( -77.44725393457270002, -36.99999714147719487, -72.99907321777828884 ) ) ;
#4061 = CARTESIAN_POINT ( 'NONE',  ( 86.79240651543565832, -40.00000000000002132, -123.4554815109696904 ) ) ;
#4062 = EDGE_LOOP ( 'NONE', ( #2937, #4926, #6279, #4627 ) ) ;
#4063 = ORIENTED_EDGE ( 'NONE', *, *, #1056, .F. ) ;
#4064 = VERTEX_POINT ( 'NONE', #6822 ) ;
#4065 = LINE ( 'NONE', #6395, #6405 ) ;
#4066 = EDGE_CURVE ( 'NONE', #875, #5251, #7632, .T. ) ;
#4067 = CARTESIAN_POINT ( 'NONE',  ( 65.71831396291582905, 152.7321884716079126, 16.24736003372330728 ) ) ;
#4068 = LINE ( 'NONE', #5035, #1483 ) ;
#4069 = CARTESIAN_POINT ( 'NONE',  ( -78.09813739863324145, 55.48832641764889217, 55.08838692220659539 ) ) ;
#4070 = CARTESIAN_POINT ( 'NONE',  ( 2.987369327086165871, 153.6358643882408899, 78.61111822137395677 ) ) ;
#4071 = CARTESIAN_POINT ( 'NONE',  ( 84.43198368737289172, 137.7229024939919668, -69.29999999999999716 ) ) ;
#4072 = CARTESIAN_POINT ( 'NONE',  ( -56.85504175204270894, 157.5000000000000284, -146.0000000000000000 ) ) ;
#4073 = CARTESIAN_POINT ( 'NONE',  ( -37.78724183576487405, -37.00000000000000711, -145.3914285108640456 ) ) ;
#4074 = CARTESIAN_POINT ( 'NONE',  ( 57.52659625763921269, 157.5000000000000000, -118.4413776920673200 ) ) ;
#4075 = ORIENTED_EDGE ( 'NONE', *, *, #8504, .T. ) ;
#4076 = CARTESIAN_POINT ( 'NONE',  ( 61.07222969647897060, -39.79024831945272211, -143.3513386554921567 ) ) ;
#4077 = CARTESIAN_POINT ( 'NONE',  ( 66.80986779226569183, 152.0553259423442682, 17.38963431946412541 ) ) ;
#4078 = CARTESIAN_POINT ( 'NONE',  ( -45.95723488594468620, 155.9896599399091599, 79.39923224485031028 ) ) ;
#4079 = CARTESIAN_POINT ( 'NONE',  ( -94.78139602057052571, -0.2631397208144595212, 216.2968971362029720 ) ) ;
#4080 = CARTESIAN_POINT ( 'NONE',  ( -28.82304684453383103, 157.5000000000000284, -122.8550417520972502 ) ) ;
#4081 = AXIS2_PLACEMENT_3D ( 'NONE', #6903, #7770, #3308 ) ;
#4082 = CARTESIAN_POINT ( 'NONE',  ( -76.74708772552048686, -39.99999999999999289, -113.7501882968954305 ) ) ;
#4083 = CARTESIAN_POINT ( 'NONE',  ( 67.11252825617147266, 156.5004863628854537, 7.700000000000033928 ) ) ;
#4084 = CARTESIAN_POINT ( 'NONE',  ( 121.8999999999999915, 153.3320508075674979, 110.8038475772950022 ) ) ;
#4085 = ORIENTED_EDGE ( 'NONE', *, *, #6053, .T. ) ;
#4086 = DATE_AND_TIME ( #2683, #4172 ) ;
#4087 = EDGE_LOOP ( 'NONE', ( #8620, #1299, #7689, #9304 ) ) ;
#4088 = AXIS2_PLACEMENT_3D ( 'NONE', #4956, #7803, #2770 ) ;
#4089 = ORIENTED_EDGE ( 'NONE', *, *, #9424, .T. ) ;
#4090 = ORIENTED_EDGE ( 'NONE', *, *, #1989, .F. ) ;
#4091 = DIRECTION ( 'NONE',  ( 0.9998476951563911586, 0.01745240643728300511, 0.000000000000000000 ) ) ;
#4092 = DIRECTION ( 'NONE',  ( 0.01745240643693460672, -0.9998476951363208798, 6.336149283314725615E-06 ) ) ;
#4093 = CARTESIAN_POINT ( 'NONE',  ( 90.28639007858178900, 88.81762746351400040, -67.29999999999999716 ) ) ;
#4094 = EDGE_CURVE ( 'NONE', #353, #4760, #4011, .T. ) ;
#4095 = CARTESIAN_POINT ( 'NONE',  ( 89.88882559921160009, -3.003295764713427740, -67.29999999999999716 ) ) ;
#4096 = EDGE_CURVE ( 'NONE', #2644, #2057, #1029, .T. ) ;
#4097 = CARTESIAN_POINT ( 'NONE',  ( 91.39880145613460627, -37.00000000000002132, -114.4567609204786436 ) ) ;
#4098 = VECTOR ( 'NONE', #4150, 1000.000000000000000 ) ;
#4099 = CARTESIAN_POINT ( 'NONE',  ( 89.43230092431311107, 23.15098534371754724, -72.93848708738605069 ) ) ;
#4100 = EDGE_CURVE ( 'NONE', #5854, #4580, #1655, .T. ) ;
#4101 = ORIENTED_EDGE ( 'NONE', *, *, #137, .T. ) ;
#4102 = VECTOR ( 'NONE', #6264, 1000.000000000000000 ) ;
#4103 = VECTOR ( 'NONE', #7459, 1000.000000000000000 ) ;
#4104 = CYLINDRICAL_SURFACE ( 'NONE', #93, 1.500000000000003331 ) ;
#4105 = DIRECTION ( 'NONE',  ( 1.982541115402065356E-16, 0.000000000000000000, 1.000000000000000000 ) ) ;
#4106 = EDGE_CURVE ( 'NONE', #5475, #6209, #5424, .T. ) ;
#4107 = PLANE ( 'NONE',  #5352 ) ;
#4108 = CARTESIAN_POINT ( 'NONE',  ( -94.78139602057051150, 58.33205080756781769, 217.8018475772954901 ) ) ;
#4109 = CARTESIAN_POINT ( 'NONE',  ( 88.33905190758092374, 85.78317956517030041, -74.00000000000000000 ) ) ;
#4110 = VECTOR ( 'NONE', #791, 1000.000000000000000 ) ;
#4111 = CARTESIAN_POINT ( 'NONE',  ( 63.08088006312854645, -40.00000000000001421, -142.6196300746620693 ) ) ;
#4112 = EDGE_LOOP ( 'NONE', ( #4533, #1452, #133, #8686, #2445 ) ) ;
#4113 = ADVANCED_FACE ( 'NONE', ( #4599 ), #8442, .T. ) ;
#4114 = ORIENTED_EDGE ( 'NONE', *, *, #3577, .F. ) ;
#4115 = LINE ( 'NONE', #7066, #7476 ) ;
#4116 = LINE ( 'NONE', #2619, #3357 ) ;
#4117 = LINE ( 'NONE', #8546, #720 ) ;
#4118 = CARTESIAN_POINT ( 'NONE',  ( -78.30147621077638576, 54.69692375573912813, 53.39844989024399524 ) ) ;
#4119 = CIRCLE ( 'NONE', #6600, 1.602000000000006086 ) ;
#4120 = EDGE_CURVE ( 'NONE', #5406, #2068, #3133, .T. ) ;
#4121 = LINE ( 'NONE', #2002, #5345 ) ;
#4122 = CARTESIAN_POINT ( 'NONE',  ( -71.92548690399887334, 140.3881860046710983, -108.1621261268905982 ) ) ;
#4123 = LINE ( 'NONE', #4072, #7712 ) ;
#4124 = CARTESIAN_POINT ( 'NONE',  ( -45.75096070029434969, -37.00000000000000711, -143.4645838104832762 ) ) ;
#4125 = CARTESIAN_POINT ( 'NONE',  ( 58.16803861227457162, 157.4999999999999716, -118.0351000541540429 ) ) ;
#4126 = VERTEX_POINT ( 'NONE', #2415 ) ;
#4127 = CARTESIAN_POINT ( 'NONE',  ( 57.94293978402289724, -39.82126563124925411, -144.3217541261818440 ) ) ;
#4128 = CARTESIAN_POINT ( 'NONE',  ( 66.62982548657184623, 146.8995888745909895, 24.81723484182173678 ) ) ;
#4129 = CARTESIAN_POINT ( 'NONE',  ( 88.33596708733335845, 140.4530174591488674, -111.2720811916048120 ) ) ;
#4130 = CARTESIAN_POINT ( 'NONE',  ( 80.94821768031036413, 153.9886482358755302, -67.29999999999999716 ) ) ;
#4131 = CARTESIAN_POINT ( 'NONE',  ( -42.16212612687318284, 140.3881860046712688, -137.9254869040061351 ) ) ;
#4132 = CARTESIAN_POINT ( 'NONE',  ( 116.7943999880707935, 160.7171392947464881, 152.6030191501704962 ) ) ;
#4133 = DIRECTION ( 'NONE',  ( -3.301091116633059285E-19, 1.891193834115548192E-17, 1.000000000000000000 ) ) ;
#4134 = CARTESIAN_POINT ( 'NONE',  ( -37.41304439313703512, 150.4029026120746266, 88.27100946596310393 ) ) ;
#4135 = ORIENTED_EDGE ( 'NONE', *, *, #7475, .F. ) ;
#4136 = AXIS2_PLACEMENT_3D ( 'NONE', #867, #1586, #7608 ) ;
#4137 = ORIENTED_EDGE ( 'NONE', *, *, #4106, .T. ) ;
#4138 = ORIENTED_EDGE ( 'NONE', *, *, #4398, .F. ) ;
#4139 = EDGE_LOOP ( 'NONE', ( #5501, #7816, #2979 ) ) ;
#4140 = CARTESIAN_POINT ( 'NONE',  ( -72.38606680350068245, 60.65622835396411006, 66.12921511983245182 ) ) ;
#4141 = FACE_OUTER_BOUND ( 'NONE', #775, .T. ) ;
#4142 = DIRECTION ( 'NONE',  ( 0.000000000000000000, -0.000000000000000000, -1.000000000000000000 ) ) ;
#4143 = DIRECTION ( 'NONE',  ( -5.620871228496461820E-17, -1.000000000000000000, -8.214121542178438530E-19 ) ) ;
#4144 = ADVANCED_FACE ( 'NONE', ( #5371 ), #6866, .F. ) ;
#4145 = DIRECTION ( 'NONE',  ( 0.000000000000000000, 0.9993908270190956511, 0.03489949670250084429 ) ) ;
#4146 = EDGE_CURVE ( 'NONE', #353, #3484, #3916, .T. ) ;
#4147 = CARTESIAN_POINT ( 'NONE',  ( -167.1340430725900035, 140.0000000000000000, -58.86595692741020258 ) ) ;
#4148 = EDGE_LOOP ( 'NONE', ( #7656, #5228, #5193, #8667, #1215, #5044 ) ) ;
#4149 = ADVANCED_FACE ( 'NONE', ( #7203 ), #4838, .F. ) ;
#4150 = DIRECTION ( 'NONE',  ( -0.01744974916068257539, 0.9996954598818874604, 0.01744974916068304724 ) ) ;
#4151 = DIRECTION ( 'NONE',  ( 1.000000000000000000, 0.000000000000000000, 0.000000000000000000 ) ) ;
#4152 = DIRECTION ( 'NONE',  ( 1.000000000000000000, 0.000000000000000000, -3.521488656232920374E-16 ) ) ;
#4154 = ORIENTED_EDGE ( 'NONE', *, *, #3151, .F. ) ;
#4153 = CARTESIAN_POINT ( 'NONE',  ( 84.76222847218501499, -37.00000000000001421, -121.8585049995334515 ) ) ;
#4155 = LINE ( 'NONE', #9160, #5107 ) ;
#4156 = CARTESIAN_POINT ( 'NONE',  ( 60.75362050565802718, -40.00000000000000711, -143.4685006461167802 ) ) ;
#4157 = ORIENTED_EDGE ( 'NONE', *, *, #8062, .F. ) ;
#4158 = ADVANCED_FACE ( 'NONE', ( #6294 ), #9403, .T. ) ;
#4159 = VECTOR ( 'NONE', #1430, 1000.000000000000114 ) ;
#4160 = ORIENTED_EDGE ( 'NONE', *, *, #6531, .F. ) ;
#4161 = EDGE_CURVE ( 'NONE', #3801, #5260, #7106, .T. ) ;
#4162 = AXIS2_PLACEMENT_3D ( 'NONE', #7750, #3251, #3933 ) ;
#4163 = CARTESIAN_POINT ( 'NONE',  ( -48.97567695694953471, 140.3136942287282807, 84.03717285500972878 ) ) ;
#4164 = DIRECTION ( 'NONE',  ( 0.000000000000000000, 0.000000000000000000, 1.000000000000000000 ) ) ;
#4165 = DIRECTION ( 'NONE',  ( 6.123031769111888756E-17, 1.000000000000000000, 0.000000000000000000 ) ) ;
#4166 = B_SPLINE_CURVE_WITH_KNOTS ( 'NONE', 3,
 ( #5961, #8880, #2987, #3569, #841, #2084, #5863, #2842, #4359, #2276 ),
 .UNSPECIFIED., .F., .F.,
 ( 4, 2, 2, 2, 4 ),
 ( 0.000000000000000000, 0.2500000000000000000, 0.5000000000000000000, 0.7500000000000000000, 1.000000000000000000 ),
 .UNSPECIFIED. ) ;
#4167 = CARTESIAN_POINT ( 'NONE',  ( -78.28061729995698670, 54.80918560174762177, 53.63815521509029338 ) ) ;
#4168 = ADVANCED_FACE ( 'NONE', ( #3418 ), #6388, .T. ) ;
#4169 = DIRECTION ( 'NONE',  ( 0.01745240643728350471, -0.9998476951563912696, -1.032755642038752228E-16 ) ) ;
#4170 = FACE_OUTER_BOUND ( 'NONE', #4937, .T. ) ;
#4171 = CARTESIAN_POINT ( 'NONE',  ( -63.15282433768681614, 155.0646542530522254, 57.71095121058854005 ) ) ;
#4172 = LOCAL_TIME ( 22, 55, 36.00000000000000000, #3445 ) ;
#4173 = CARTESIAN_POINT ( 'NONE',  ( -71.78702828004938397, -37.00000000000000000, -123.4509431424110772 ) ) ;
#4174 = AXIS2_PLACEMENT_3D ( 'NONE', #554, #7832, #3468 ) ;
#4175 = CARTESIAN_POINT ( 'NONE',  ( 44.14765295753972651, 157.5000000000000568, -122.7923920028880502 ) ) ;
#4176 = ORIENTED_EDGE ( 'NONE', *, *, #3601, .F. ) ;
#4177 = EDGE_CURVE ( 'NONE', #686, #1242, #4249, .T. ) ;
#4178 = EDGE_LOOP ( 'NONE', ( #6757, #2958, #2777, #629, #5670 ) ) ;
#4179 = CARTESIAN_POINT ( 'NONE',  ( 74.19699998403112318, -39.70353787310354932, -136.6190294634233169 ) ) ;
#4180 = CARTESIAN_POINT ( 'NONE',  ( 72.67588997049328725, -37.00000000000000000, -137.6385910639280610 ) ) ;
#4181 = DIRECTION ( 'NONE',  ( 0.000000000000000000, 0.3175821737953489210, 0.9482307540295350501 ) ) ;
#4182 = VECTOR ( 'NONE', #2206, 1000.000000000000000 ) ;
#4183 = CARTESIAN_POINT ( 'NONE',  ( 82.56182416749690844, 152.9087182140586947, -67.30000000000001137 ) ) ;
#4184 = PLANE ( 'NONE',  #6295 ) ;
#4185 = CARTESIAN_POINT ( 'NONE',  ( -57.54553856910582255, -40.00000000000000000, -137.7331174746610714 ) ) ;
#4186 = CARTESIAN_POINT ( 'NONE',  ( 68.41700659101958593, 148.7456637488252511, 22.39769693989122601 ) ) ;
#4187 = CARTESIAN_POINT ( 'NONE',  ( 39.99999999999996447, 120.0000000000000142, 60.99999999999980815 ) ) ;
#4188 = VERTEX_POINT ( 'NONE', #7780 ) ;
#4189 = VERTEX_POINT ( 'NONE', #5664 ) ;
#4190 = VERTEX_POINT ( 'NONE', #2701 ) ;
#4191 = ORIENTED_EDGE ( 'NONE', *, *, #1466, .F. ) ;
#4192 = CARTESIAN_POINT ( 'NONE',  ( 121.8999999999999915, 153.3320508075674979, 120.8038475772952012 ) ) ;
#4193 = CARTESIAN_POINT ( 'NONE',  ( -73.01728853108353690, 140.3305724483632275, 58.11547036772200414 ) ) ;
#4194 = EDGE_CURVE ( 'NONE', #5709, #2597, #7504, .T. ) ;
#4195 = DIRECTION ( 'NONE',  ( 0.9998476951563912696, 0.01745240643728350471, -3.503998260924795306E-16 ) ) ;
#4196 = DIRECTION ( 'NONE',  ( 1.000000000000000000, -1.110223024625155801E-16, 0.000000000000000000 ) ) ;
#4197 = CARTESIAN_POINT ( 'NONE',  ( 94.09451847816551151, -37.00000000000001421, -105.1526769571387234 ) ) ;
#4198 = EDGE_LOOP ( 'NONE', ( #4669, #877, #4266, #6829 ) ) ;
#4199 = CARTESIAN_POINT ( 'NONE',  ( -72.36559937132454934, -39.47470044677568524, 65.08536104273488831 ) ) ;
#4200 = EDGE_CURVE ( 'NONE', #6094, #1275, #7010, .T. ) ;
#4201 = ORIENTED_EDGE ( 'NONE', *, *, #5644, .F. ) ;
#4202 = B_SPLINE_CURVE_WITH_KNOTS ( 'NONE', 3,
 ( #6569, #2120, #8819, #9437, #3600, #9487, #2073, #6526, #2168, #2831, #5794, #5750, #637, #5017, #4289, #5120, #7335, #2931, #731, #3503, #2880, #1, #590, #4439, #7245, #6618, #7958, #8722, #7290, #7912, #3653, #4343, #3556, #5901, #8007, #682, #2214, #5849, #8771, #4388, #5162, #8049, #2031, #6478, #4971, #1447, #8094, #1494, #7382, #781, #2786, #8674, #3701, #6664, #47, #2974, #5941, #1305, #4240, #7192, #9391, #1355, #2443, #6038, #282, #8958, #3212, #8148, #1631, #5257, #2352, #1010, #4487, #1543, #6898, #139, #6131, #5351, #5397, #3016, #7611, #1681, #1590 ),
 .UNSPECIFIED., .F., .F.,
 ( 4, 2, 2, 1, 2, 2, 2, 2, 1, 2, 2, 2, 2, 1, 1, 1, 2, 2, 2, 2, 1, 1, 1, 2, 2, 2, 2, 1, 1, 1, 1, 2, 2, 2, 2, 1, 1, 1, 1, 2, 2, 2, 2, 1, 1, 1, 1, 1, 2, 2, 2, 4 ),
 ( 0.000000000000000000, 0.06250000000011245171, 0.09375000000016694979, 0.1093750000001942474, 0.1171875000002094991, 0.1250000000002247369, 0.1875000000003458622, 0.2187500000004061751, 0.2343750000004349021, 0.2421875000004481415, 0.2500000000004613532, 0.3125000000005485612, 0.3437500000005935807, 0.3593750000006170620, 0.3671875000006285528, 0.3710937500006331047, 0.3730468750006353806, 0.3750000000006376566, 0.4375000000007375212, 0.4687500000007880918, 0.4843750000008137380, 0.4921875000008270051, 0.4960937500008322787, 0.4980468750008347767, 0.5000000000008372192, 0.5625000000008795187, 0.5937500000008998358, 0.6093750000009089396, 0.6171875000009136025, 0.6210937500009167112, 0.6230468750009184875, 0.6240234375009191536, 0.6250000000009198198, 0.6875000000008982814, 0.7187500000008877343, 0.7343750000008819612, 0.7421875000008792966, 0.7460937500008771872, 0.7480468750008761880, 0.7490234375008757439, 0.7500000000008751888, 0.8125000000007353007, 0.8437500000006646905, 0.8593750000006297185, 0.8671875000006122880, 0.8710937500006037393, 0.8730468750005989653, 0.8740234375005971890, 0.8745117187505964118, 0.8750000000005956347, 0.9375000000002978728, 1.000000000000000000 ),
 .UNSPECIFIED. ) ;
#4203 = LINE ( 'NONE', #8636, #9018 ) ;
#4204 = CARTESIAN_POINT ( 'NONE',  ( 91.77555442493257942, 1.471625796035962441, -72.93764784880130492 ) ) ;
#4205 = DIRECTION ( 'NONE',  ( 0.000000000000000000, 0.000000000000000000, 1.000000000000000000 ) ) ;
#4206 = CARTESIAN_POINT ( 'NONE',  ( 91.68307658724890530, -37.00000000000002132, -104.4411605242802210 ) ) ;
#4207 = CARTESIAN_POINT ( 'NONE',  ( -46.85127701286771185, -36.99999999999999289, -143.0344597471698194 ) ) ;
#4208 = CARTESIAN_POINT ( 'NONE',  ( 53.44731660760511005, -40.00000000000002132, -145.2833100813929548 ) ) ;
#4209 = ORIENTED_EDGE ( 'NONE', *, *, #9256, .T. ) ;
#4210 = B_SPLINE_CURVE_WITH_KNOTS ( 'NONE', 3,
 ( #3278, #1845, #8393, #1703 ),
 .UNSPECIFIED., .F., .F.,
 ( 4, 4 ),
 ( 0.000000000000000000, 1.000000000000000000 ),
 .UNSPECIFIED. ) ;
#4211 = EDGE_CURVE ( 'NONE', #4976, #2229, #7577, .T. ) ;
#4212 = ORIENTED_EDGE ( 'NONE', *, *, #7072, .F. ) ;
#4213 = LINE ( 'NONE', #9410, #8291 ) ;
#4214 = CYLINDRICAL_SURFACE ( 'NONE', #5025, 49.99999999999997868 ) ;
#4215 = CARTESIAN_POINT ( 'NONE',  ( -78.00550570207524004, 55.73181278469238720, 55.60882449770269886 ) ) ;
#4216 = CARTESIAN_POINT ( 'NONE',  ( 78.14817082285530603, 143.6315009352969696, 12.14817082285524563 ) ) ;
#4217 = CARTESIAN_POINT ( 'NONE',  ( -66.84649521405658845, 150.3252679565029553, 61.40457489291325999 ) ) ;
#4218 = CARTESIAN_POINT ( 'NONE',  ( -33.82028763669495675, -37.00000000000000000, -145.8944934132392746 ) ) ;
#4219 = CARTESIAN_POINT ( 'NONE',  ( 47.26190902576147579, 157.4999999999999716, -122.3646812451015506 ) ) ;
#4220 = ADVANCED_FACE ( 'NONE', ( #3515 ), #5564, .F. ) ;
#4221 = ORIENTED_EDGE ( 'NONE', *, *, #6991, .T. ) ;
#4222 = DIRECTION ( 'NONE',  ( -0.7071067811865474617, 0.000000000000000000, -0.7071067811865474617 ) ) ;
#4223 = CARTESIAN_POINT ( 'NONE',  ( 74.83904519666310762, -37.00000000000000711, -136.1331451044864593 ) ) ;
#4224 = CARTESIAN_POINT ( 'NONE',  ( 91.42952270022385619, 23.32760343077162446, -70.68540333274937382 ) ) ;
#4225 = CARTESIAN_POINT ( 'NONE',  ( 77.32046372053798677, 155.6553284674685074, -67.30000000000003979 ) ) ;
#4226 = CARTESIAN_POINT ( 'NONE',  ( -76.59210393601111377, -37.00000000000000000, -104.9284743057279172 ) ) ;
#4227 = EDGE_CURVE ( 'NONE', #9463, #9193, #4932, .T. ) ;
#4228 = CARTESIAN_POINT ( 'NONE',  ( -56.49119103703080924, 157.4999999999999716, -97.52817836606770641 ) ) ;
#4229 = CARTESIAN_POINT ( 'NONE',  ( 30.59433269193165827, 65.44712961320401234, 86.77148812511968856 ) ) ;
#4230 = EDGE_CURVE ( 'NONE', #2076, #6684, #5757, .T. ) ;
#4231 = DIRECTION ( 'NONE',  ( 1.802407121525788323E-18, -1.032598348352205950E-16, 1.000000000000000000 ) ) ;
#4232 = ORIENTED_EDGE ( 'NONE', *, *, #2345, .T. ) ;
#4233 = ORIENTED_EDGE ( 'NONE', *, *, #3571, .F. ) ;
#4234 = VERTEX_POINT ( 'NONE', #7829 ) ;
#4235 = DIRECTION ( 'NONE',  ( -1.000000000000000000, 0.000000000000000000, 3.556224861341670117E-16 ) ) ;
#4236 = CARTESIAN_POINT ( 'NONE',  ( 87.48188429676370959, 134.7756817230207389, -69.29999999999999716 ) ) ;
#4237 = VECTOR ( 'NONE', #2357, 1000.000000000000000 ) ;
#4238 = CARTESIAN_POINT ( 'NONE',  ( -72.94066080988646661, 140.3305615730062073, 58.29779214407371057 ) ) ;
#4239 = DIRECTION ( 'NONE',  ( 7.165827653609149284E-17, 0.000000000000000000, 1.000000000000000000 ) ) ;
#4240 = CARTESIAN_POINT ( 'NONE',  ( -42.28149418272103333, 156.0899848713734741, 75.72356249420171537 ) ) ;
#4241 = ORIENTED_EDGE ( 'NONE', *, *, #8981, .T. ) ;
#4242 = AXIS2_PLACEMENT_3D ( 'NONE', #3112, #8996, #778 ) ;
#4243 = DIRECTION ( 'NONE',  ( -0.9998475094691831044, -0.01745240319626292086, -0.0006094513489396012835 ) ) ;
#4244 = ORIENTED_EDGE ( 'NONE', *, *, #2511, .F. ) ;
#4245 = VERTEX_POINT ( 'NONE', #5026 ) ;
#4246 = DIRECTION ( 'NONE',  ( 1.000000000000000000, 0.000000000000000000, 0.000000000000000000 ) ) ;
#4247 = CARTESIAN_POINT ( 'NONE',  ( -79.08210435769335334, -39.86083379944275151, -105.5301029122907437 ) ) ;
#4248 = VECTOR ( 'NONE', #3756, 1000.000000000000000 ) ;
#4249 = LINE ( 'NONE', #3464, #5507 ) ;
#4250 = DIRECTION ( 'NONE',  ( -0.01745240643728340063, 0.9998476951563911586, 0.000000000000000000 ) ) ;
#4251 = LINE ( 'NONE', #3665, #1104 ) ;
#4252 = CARTESIAN_POINT ( 'NONE',  ( 91.35303567576190176, -40.00000000000002842, -114.7540872771172786 ) ) ;
#4253 = AXIS2_PLACEMENT_3D ( 'NONE', #7553, #1482, #8081 ) ;
#4254 = ORIENTED_EDGE ( 'NONE', *, *, #8122, .T. ) ;
#4255 = VECTOR ( 'NONE', #1567, 1000.000000000000000 ) ;
#4256 = ORIENTED_EDGE ( 'NONE', *, *, #7299, .T. ) ;
#4257 = FACE_OUTER_BOUND ( 'NONE', #9101, .T. ) ;
#4258 = CARTESIAN_POINT ( 'NONE',  ( 65.69047114405938714, 119.9999999999999858, 34.12992498972855770 ) ) ;
#4259 = CARTESIAN_POINT ( 'NONE',  ( 97.37748030336528871, 159.1151392947464842, 152.6030191501704962 ) ) ;
#4260 = DIRECTION ( 'NONE',  ( -0.4999999999999998890, 0.000000000000000000, 0.8660254037844387076 ) ) ;
#4261 = ADVANCED_FACE ( 'NONE', ( #1892 ), #4107, .T. ) ;
#4262 = AXIS2_PLACEMENT_3D ( 'NONE', #6117, #7462, #3836 ) ;
#4263 = AXIS2_PLACEMENT_3D ( 'NONE', #208, #4791, #7734 ) ;
#4264 = CARTESIAN_POINT ( 'NONE',  ( -62.17095070520662148, 155.8135456424784593, 56.72925331216471534 ) ) ;
#4265 = CARTESIAN_POINT ( 'NONE',  ( 65.69047114405942978, 120.0000000000000000, 34.12992498972859323 ) ) ;
#4266 = ORIENTED_EDGE ( 'NONE', *, *, #6062, .T. ) ;
#4267 = DIRECTION ( 'NONE',  ( 0.01745240643728350124, -0.9998476951563911586, -0.000000000000000000 ) ) ;
#4268 = ORIENTED_EDGE ( 'NONE', *, *, #7179, .F. ) ;
#4269 = CARTESIAN_POINT ( 'NONE',  ( 45.00761524217200815, -39.99999999999992895, -146.0000000000000284 ) ) ;
#4270 = VECTOR ( 'NONE', #4617, 1000.000000000000000 ) ;
#4271 = ADVANCED_FACE ( 'NONE', ( #550 ), #7059, .F. ) ;
#4272 = CARTESIAN_POINT ( 'NONE',  ( 94.99950186882001901, -37.00000000000001421, -97.53654884491491828 ) ) ;
#4273 = CARTESIAN_POINT ( 'NONE',  ( 91.85199565517052633, 140.3490481287456646, -92.85961089735098994 ) ) ;
#4274 = CARTESIAN_POINT ( 'NONE',  ( 78.75483989595164758, 155.1138451528878477, -67.30000000000001137 ) ) ;
#4275 = CARTESIAN_POINT ( 'NONE',  ( 89.44829918164720084, 134.8100056225119943, -68.92778299018847576 ) ) ;
#4276 = CARTESIAN_POINT ( 'NONE',  ( -56.17733743884900832, 157.4999999999999716, -99.27472671875348453 ) ) ;
#4277 = DIRECTION ( 'NONE',  ( -0.000000000000000000, 0.000000000000000000, 1.000000000000000000 ) ) ;
#4278 = AXIS2_PLACEMENT_3D ( 'NONE', #2015, #7901, #6558 ) ;
#4279 = CARTESIAN_POINT ( 'NONE',  ( 92.90000000000000568, 153.3300508075680000, 219.4038475772949823 ) ) ;
#4280 = ORIENTED_EDGE ( 'NONE', *, *, #6933, .T. ) ;
#4281 = ORIENTED_EDGE ( 'NONE', *, *, #3139, .T. ) ;
#4282 = EDGE_CURVE ( 'NONE', #7090, #9479, #452, .T. ) ;
#4283 = EDGE_LOOP ( 'NONE', ( #1085, #3009, #3865, #6756, #2310 ) ) ;
#4284 = CARTESIAN_POINT ( 'NONE',  ( 88.32976988125361117, 145.9057330395061456, -66.40494555496603368 ) ) ;
#4285 = LINE ( 'NONE', #7240, #704 ) ;
#4286 = CARTESIAN_POINT ( 'NONE',  ( -73.14697650483755353, 140.3305726627860679, 57.80237880062006184 ) ) ;
#4287 = EDGE_CURVE ( 'NONE', #4595, #3404, #5611, .T. ) ;
#4288 = DIRECTION ( 'NONE',  ( 0.000000000000000000, 0.000000000000000000, -1.000000000000000000 ) ) ;
#4289 = CARTESIAN_POINT ( 'NONE',  ( -49.03809678579616360, 145.9989470573038375, 82.48004703232710710 ) ) ;
#4290 = ORIENTED_EDGE ( 'NONE', *, *, #6632, .F. ) ;
#4291 = VERTEX_POINT ( 'NONE', #2272 ) ;
#4292 = VECTOR ( 'NONE', #5205, 1000.000000000000114 ) ;
#4293 = CARTESIAN_POINT ( 'NONE',  ( 54.71238482471767384, 160.0000000000000000, -140.8460066930084338 ) ) ;
#4294 = ORIENTED_EDGE ( 'NONE', *, *, #7533, .F. ) ;
#4295 = ORIENTED_EDGE ( 'NONE', *, *, #159, .F. ) ;
#4296 = CARTESIAN_POINT ( 'NONE',  ( 92.44654683173743592, -36.99999663778256576, -74.00000000000001421 ) ) ;
#4297 = AXIS2_PLACEMENT_3D ( 'NONE', #8117, #3038, #6633 ) ;
#4298 = CARTESIAN_POINT ( 'NONE',  ( -49.91233456314203920, -39.75777271119923739, -141.8622876006593003 ) ) ;
#4299 = DIRECTION ( 'NONE',  ( 0.01745240643728450045, -0.9998476951563911586, 0.000000000000000000 ) ) ;
#4300 = CARTESIAN_POINT ( 'NONE',  ( 65.77262326672041581, 156.5705644166646096, 8.271897020013321722 ) ) ;
#4301 = CARTESIAN_POINT ( 'NONE',  ( -102.9980000000000047, 153.3300508075680000, 97.00584757729509988 ) ) ;
#4302 = CARTESIAN_POINT ( 'NONE',  ( -70.21002708701321637, 146.7055455224871992, 64.76802972810767756 ) ) ;
#4303 = B_SPLINE_CURVE_WITH_KNOTS ( 'NONE', 3,
 ( #5601, #5503, #2647, #9196 ),
 .UNSPECIFIED., .F., .F.,
 ( 4, 4 ),
 ( 0.000000000000000000, 1.000000000000000000 ),
 .UNSPECIFIED. ) ;
#4304 = ORIENTED_EDGE ( 'NONE', *, *, #3740, .T. ) ;
#4305 = EDGE_CURVE ( 'NONE', #8154, #2197, #1414, .T. ) ;
#4306 = ORIENTED_EDGE ( 'NONE', *, *, #1391, .F. ) ;
#4307 = CARTESIAN_POINT ( 'NONE',  ( 91.36011252545723949, 4.323497638832740186, -68.07167746661022534 ) ) ;
#4308 = CARTESIAN_POINT ( 'NONE',  ( 91.99999906367007441, 56.73205080756775232, 196.8038475772949880 ) ) ;
#4309 = CARTESIAN_POINT ( 'NONE',  ( 24.31315500553807496, 62.00000304029202880, 88.38514464171765894 ) ) ;
#4310 = DIRECTION ( 'NONE',  ( -1.541976423090495042E-15, 0.000000000000000000, -1.000000000000000000 ) ) ;
#4311 = EDGE_LOOP ( 'NONE', ( #8840, #9242, #989, #6221 ) ) ;
#4312 = EDGE_CURVE ( 'NONE', #1639, #4126, #5078, .T. ) ;
#4313 = ORIENTED_EDGE ( 'NONE', *, *, #6357, .T. ) ;
#4314 = CARTESIAN_POINT ( 'NONE',  ( -65.84368270195359685, 152.0436522218163589, 60.40168664981720070 ) ) ;
#4315 = CARTESIAN_POINT ( 'NONE',  ( -76.40759625898331819, -36.99999999999999289, -114.6040184790457630 ) ) ;
#4316 = ORIENTED_EDGE ( 'NONE', *, *, #8434, .T. ) ;
#4317 = CYLINDRICAL_SURFACE ( 'NONE', #2160, 17.49999999999999645 ) ;
#4318 = AXIS2_PLACEMENT_3D ( 'NONE', #2997, #5972, #2858 ) ;
#4319 = VECTOR ( 'NONE', #2466, 1000.000000000000114 ) ;
#4320 = EDGE_CURVE ( 'NONE', #7114, #1920, #3566, .T. ) ;
#4321 = VERTEX_POINT ( 'NONE', #8108 ) ;
#4322 = FACE_OUTER_BOUND ( 'NONE', #3892, .T. ) ;
#4323 = CARTESIAN_POINT ( 'NONE',  ( -102.9980000000000047, 58.33405080756782013, 211.5507292157780057 ) ) ;
#4324 = DIRECTION ( 'NONE',  ( -0.6427876096865396960, 0.7660444431189777914, 0.000000000000000000 ) ) ;
#4325 = CARTESIAN_POINT ( 'NONE',  ( 77.86510815384386319, 155.4593212165344767, -67.29999999999999716 ) ) ;
#4326 = AXIS2_PLACEMENT_3D ( 'NONE', #4670, #190, #1012 ) ;
#4327 = CARTESIAN_POINT ( 'NONE',  ( -69.31010814343628113, -36.99999999999998579, -122.5416757780951400 ) ) ;
#4328 = VECTOR ( 'NONE', #8796, 1000.000000000000000 ) ;
#4329 = ADVANCED_FACE ( 'NONE', ( #8733 ), #3612, .F. ) ;
#4330 = CARTESIAN_POINT ( 'NONE',  ( -56.37494859634812627, 157.5000000000000568, -98.20551809433533208 ) ) ;
#4331 = CARTESIAN_POINT ( 'NONE',  ( 66.00000000000001421, 157.4999999999999716, 0.08633541039793080074 ) ) ;
#4332 = DIRECTION ( 'NONE',  ( 0.01744974916068300561, 0.9996954598818874604, 0.01744974916068300561 ) ) ;
#4333 = EDGE_LOOP ( 'NONE', ( #454, #2938, #4114, #5083, #569, #6688 ) ) ;
#4334 = VECTOR ( 'NONE', #8272, 1000.000000000000000 ) ;
#4335 = EDGE_LOOP ( 'NONE', ( #3776, #2653, #7208, #6135, #8113 ) ) ;
#4336 = EDGE_CURVE ( 'NONE', #3903, #6435, #8015, .T. ) ;
#4337 = EDGE_CURVE ( 'NONE', #2660, #9178, #5867, .T. ) ;
#4338 = CARTESIAN_POINT ( 'NONE',  ( 80.39182173156468991, 155.3207644542784749, -66.07666621185330769 ) ) ;
#4339 = DIRECTION ( 'NONE',  ( 0.9998475094691854359, 0.01745240319612123212, 0.0006094513493348195383 ) ) ;
#4340 = CARTESIAN_POINT ( 'NONE',  ( -72.49404248013350127, 140.3298776099353802, 59.26456689852088289 ) ) ;
#4341 = EDGE_CURVE ( 'NONE', #1177, #7813, #2224, .T. ) ;
#4342 = DIRECTION ( 'NONE',  ( 1.000000000000000000, -5.551115123125779621E-17, -3.508303876989709866E-16 ) ) ;
#4343 = CARTESIAN_POINT ( 'NONE',  ( -47.22691181436631069, 150.6759317592612604, 80.66909160130201428 ) ) ;
#4344 = EDGE_CURVE ( 'NONE', #2139, #2033, #1509, .T. ) ;
#4345 = EDGE_LOOP ( 'NONE', ( #1309, #4361, #832, #7138, #2570, #2767, #3898, #5935 ) ) ;
#4346 = CARTESIAN_POINT ( 'NONE',  ( 56.89255555652750473, 160.0000000000000000, -118.8908915475416563 ) ) ;
#4347 = ORIENTED_EDGE ( 'NONE', *, *, #1619, .F. ) ;
#4348 = VERTEX_POINT ( 'NONE', #8922 ) ;
#4349 = DIRECTION ( 'NONE',  ( -3.272058501846128319E-16, -5.504096790395940680E-17, -1.000000000000000000 ) ) ;
#4350 = CARTESIAN_POINT ( 'NONE',  ( -76.48655374602199686, 160.0000000000000284, -96.10735046573699947 ) ) ;
#4351 = CARTESIAN_POINT ( 'NONE',  ( -76.34616346507661433, -39.76698899066336423, -114.7566936019709800 ) ) ;
#4352 = CARTESIAN_POINT ( 'NONE',  ( 67.00064637568706871, 158.6890948262788470, 9.174800810974110377 ) ) ;
#4353 = DIRECTION ( 'NONE',  ( 0.000000000000000000, 0.000000000000000000, 1.000000000000000000 ) ) ;
#4354 = EDGE_LOOP ( 'NONE', ( #4044, #7511, #520, #2449, #6187, #6924, #3360, #6518, #1298, #7739, #8824, #1037, #182, #3529, #2400, #1267 ) ) ;
#4355 = EDGE_CURVE ( 'NONE', #3189, #6529, #5267, .T. ) ;
#4356 = CARTESIAN_POINT ( 'NONE',  ( 92.44616110761712946, -37.00000000000000711, -72.93739289627212941 ) ) ;
#4357 = EDGE_CURVE ( 'NONE', #7692, #7283, #7254, .T. ) ;
#4358 = ORIENTED_EDGE ( 'NONE', *, *, #7344, .F. ) ;
#4359 = CARTESIAN_POINT ( 'NONE',  ( -39.28833863827783546, 62.00000005424865179, 92.21958337637485670 ) ) ;
#4360 = ORIENTED_EDGE ( 'NONE', *, *, #1456, .T. ) ;
#4361 = ORIENTED_EDGE ( 'NONE', *, *, #1872, .T. ) ;
#4362 = CARTESIAN_POINT ( 'NONE',  ( -42.59774336034044495, 140.3753625721650451, 90.21197647996430646 ) ) ;
#4363 = CARTESIAN_POINT ( 'NONE',  ( -77.21850058436845643, -24.00000000000000711, -74.00000000000000000 ) ) ;
#4364 = CARTESIAN_POINT ( 'NONE',  ( 24.24924661412839555, 62.00000076052064912, 88.41049679520007487 ) ) ;
#4365 = PLANE ( 'NONE',  #1644 ) ;
#4366 = ORIENTED_EDGE ( 'NONE', *, *, #5461, .T. ) ;
#4367 = CARTESIAN_POINT ( 'NONE',  ( -60.50089942934142329, 156.7254547184927560, 55.05930104477591414 ) ) ;
#4368 = DIRECTION ( 'NONE',  ( -1.802407121525788323E-18, 1.032598348352205950E-16, -1.000000000000000000 ) ) ;
#4369 = ORIENTED_EDGE ( 'NONE', *, *, #929, .T. ) ;
#4370 = CARTESIAN_POINT ( 'NONE',  ( -104.5999999999999943, 154.9320508075678049, 212.4038475772950108 ) ) ;
#4371 = VERTEX_POINT ( 'NONE', #3858 ) ;
#4372 = CARTESIAN_POINT ( 'NONE',  ( 93.73064930494660985, -39.84131555119795820, -107.2011578004325401 ) ) ;
#4373 = CARTESIAN_POINT ( 'NONE',  ( 13.00000000000000178, -38.00000000000000000, -74.00000000000000000 ) ) ;
#4374 = DIRECTION ( 'NONE',  ( 0.9998476951563912696, 0.01745240643728360533, -3.503998260924795799E-16 ) ) ;
#4375 = CARTESIAN_POINT ( 'NONE',  ( -3.935620707685348663, 157.4666164307450060, 71.68884612793959832 ) ) ;
#4376 = DIRECTION ( 'NONE',  ( 7.358496897966930641E-17, 0.01745240643728345961, 0.9998476951563912696 ) ) ;
#4377 = CARTESIAN_POINT ( 'NONE',  ( -52.10372982571085032, 157.5000000000000000, -109.0616046974939621 ) ) ;
#4378 = CARTESIAN_POINT ( 'NONE',  ( 45.78633074168170225, 160.0000000000000000, -122.6617048964083949 ) ) ;
#4379 = CARTESIAN_POINT ( 'NONE',  ( -68.39489049784533847, 160.1084238425085005, 51.41304439313477559 ) ) ;
#4380 = ORIENTED_EDGE ( 'NONE', *, *, #2748, .T. ) ;
#4381 = VERTEX_POINT ( 'NONE', #5313 ) ;
#4382 = ORIENTED_EDGE ( 'NONE', *, *, #4808, .F. ) ;
#4383 = EDGE_CURVE ( 'NONE', #1997, #5261, #8373, .T. ) ;
#4384 = CARTESIAN_POINT ( 'NONE',  ( 72.92709410299902117, 157.5000000000000000, -66.00000008650454220 ) ) ;
#4385 = CARTESIAN_POINT ( 'NONE',  ( 89.24106508667627224, 141.9940392693168292, -75.93855671384970663 ) ) ;
#4386 = CARTESIAN_POINT ( 'NONE',  ( -74.05396430246427997, 140.3234906014600085, 54.63316717397773914 ) ) ;
#4387 = CARTESIAN_POINT ( 'NONE',  ( 89.48218452922293409, 20.29315553242790671, -69.30200000000000671 ) ) ;
#4388 = CARTESIAN_POINT ( 'NONE',  ( -46.10603728145213864, 152.4544821934310619, 79.54803481811795507 ) ) ;
#4389 = EDGE_CURVE ( 'NONE', #69, #9287, #112, .T. ) ;
#4390 = ORIENTED_EDGE ( 'NONE', *, *, #6933, .F. ) ;
#4391 = CARTESIAN_POINT ( 'NONE',  ( 88.88557005769578723, 159.9999999999999716, -108.8274007960570628 ) ) ;
#4392 = ORIENTED_EDGE ( 'NONE', *, *, #6853, .T. ) ;
#4393 = VECTOR ( 'NONE', #5650, 1000.000000000000000 ) ;
#4394 = ADVANCED_FACE ( 'NONE', ( #928 ), #9011, .F. ) ;
#4395 = ORIENTED_EDGE ( 'NONE', *, *, #9308, .T. ) ;
#4396 = DIRECTION ( 'NONE',  ( -0.1540329294756442036, -0.8933909909587337550, 0.4220502267632645910 ) ) ;
#4397 = CARTESIAN_POINT ( 'NONE',  ( -76.85199565517051212, 140.3490481287458067, -92.85961089735103258 ) ) ;
#4398 = EDGE_CURVE ( 'NONE', #194, #8101, #5363, .T. ) ;
#4399 = CARTESIAN_POINT ( 'NONE',  ( 377.0830826144305092, -20.68463364240703939, -72.93658812097571342 ) ) ;
#4400 = CARTESIAN_POINT ( 'NONE',  ( 66.99999999999998579, 157.5000000000000000, 12.77939934802707711 ) ) ;
#4401 = CARTESIAN_POINT ( 'NONE',  ( -94.78139602057062518, -0.2631397208144595212, 149.9461524227070015 ) ) ;
#4402 = CIRCLE ( 'NONE', #712, 1.500000000000003331 ) ;
#4403 = DIRECTION ( 'NONE',  ( 0.000000000000000000, 0.000000000000000000, -1.000000000000000000 ) ) ;
#4404 = CARTESIAN_POINT ( 'NONE',  ( -80.00000000000000000, -40.00000000000000000, -76.00199999999999534 ) ) ;
#4405 = ORIENTED_EDGE ( 'NONE', *, *, #6095, .F. ) ;
#4406 = ADVANCED_FACE ( 'NONE', ( #1020 ), #293, .T. ) ;
#4407 = VECTOR ( 'NONE', #9218, 1000.000000000000114 ) ;
#4408 = CARTESIAN_POINT ( 'NONE',  ( -102.9980000000000047, 153.3300508075680000, 95.40384757729518128 ) ) ;
#4409 = DIRECTION ( 'NONE',  ( 1.083784262211880045E-15, 0.000000000000000000, -1.000000000000000000 ) ) ;
#4410 = LINE ( 'NONE', #8838, #589 ) ;
#4411 = CARTESIAN_POINT ( 'NONE',  ( -92.17074539372529784, 153.3300508075680000, 217.8018475772949785 ) ) ;
#4412 = ORIENTED_EDGE ( 'NONE', *, *, #5559, .F. ) ;
#4413 = B_SPLINE_CURVE_WITH_KNOTS ( 'NONE', 3,
 ( #497, #3413, #8582, #4927 ),
 .UNSPECIFIED., .F., .F.,
 ( 4, 4 ),
 ( 0.000000000000000000, 1.000000000000000000 ),
 .UNSPECIFIED. ) ;
#4414 = DIRECTION ( 'NONE',  ( -0.000000000000000000, -1.000000000000000000, 0.000000000000000000 ) ) ;
#4415 = LINE ( 'NONE', #4462, #5730 ) ;
#4416 = ORIENTED_EDGE ( 'NONE', *, *, #2783, .T. ) ;
#4417 = CARTESIAN_POINT ( 'NONE',  ( 71.60229177560970015, 156.5018536214975029, -67.29999999999999716 ) ) ;
#4418 = ORIENTED_EDGE ( 'NONE', *, *, #4341, .F. ) ;
#4419 = CARTESIAN_POINT ( 'NONE',  ( 94.63023332552036493, -39.90176746435719224, -102.2808048471611642 ) ) ;
#4420 = EDGE_CURVE ( 'NONE', #5648, #7148, #2504, .T. ) ;
#4421 = CARTESIAN_POINT ( 'NONE',  ( 54.20353630262051325, -37.00000000000000000, -145.1443644539776585 ) ) ;
#4422 = CARTESIAN_POINT ( 'NONE',  ( 72.20138072117673289, 157.4974293443901274, -79.58152758626437162 ) ) ;
#4423 = VECTOR ( 'NONE', #3859, 1000.000000000000000 ) ;
#4424 = VECTOR ( 'NONE', #5714, 1000.000000000000000 ) ;
#4425 = CARTESIAN_POINT ( 'NONE',  ( -3.286437652051588554, 157.3750601507620672, 72.33781502993774382 ) ) ;
#4426 = EDGE_LOOP ( 'NONE', ( #1888, #621, #5616, #5999, #1749, #1426 ) ) ;
#4427 = PLANE ( 'NONE',  #7213 ) ;
#4428 = CARTESIAN_POINT ( 'NONE',  ( -43.65153895357512681, 157.5000000000000000, -117.7157752910101323 ) ) ;
#4429 = DIRECTION ( 'NONE',  ( 0.9861451850233945438, 0.1658845202397584151, -0.000000000000000000 ) ) ;
#4430 = CARTESIAN_POINT ( 'NONE',  ( 89.34984498869921765, 140.4264501268273762, -69.29999999999999716 ) ) ;
#4431 = AXIS2_PLACEMENT_3D ( 'NONE', #6201, #9021, #2414 ) ;
#4432 = ORIENTED_EDGE ( 'NONE', *, *, #2471, .F. ) ;
#4433 = ORIENTED_EDGE ( 'NONE', *, *, #9224, .T. ) ;
#4434 = CARTESIAN_POINT ( 'NONE',  ( 84.58961287471132096, 152.0041331330554897, -66.19193396723321143 ) ) ;
#4435 = DIRECTION ( 'NONE',  ( 1.000000000000000000, -1.110223024625155801E-16, 0.000000000000000000 ) ) ;
#4436 = CARTESIAN_POINT ( 'NONE',  ( -74.30622248329201796, 140.3137793101429054, 52.68105885166244207 ) ) ;
#4437 = DIRECTION ( 'NONE',  ( -0.01745240643728307103, 0.9998476951563913806, 0.000000000000000000 ) ) ;
#4438 = VECTOR ( 'NONE', #8391, 1000.000000000000000 ) ;
#4439 = CARTESIAN_POINT ( 'NONE',  ( -47.97943341344353740, 149.1090119941598005, 81.42146425779935726 ) ) ;
#4440 = EDGE_CURVE ( 'NONE', #4695, #273, #7575, .T. ) ;
#4441 = CARTESIAN_POINT ( 'NONE',  ( 92.89999999999999147, 154.9320508075680038, 217.8038475772949880 ) ) ;
#4442 = CARTESIAN_POINT ( 'NONE',  ( 74.89441353030751714, 140.4935534384611060, -130.5215191934738357 ) ) ;
#4443 = VERTEX_POINT ( 'NONE', #3906 ) ;
#4444 = VERTEX_POINT ( 'NONE', #1781 ) ;
#4445 = CARTESIAN_POINT ( 'NONE',  ( -92.17474539372480535, 58.33405080756781302, 217.8018475772954901 ) ) ;
#4446 = CARTESIAN_POINT ( 'NONE',  ( 91.76111842253220630, 4.330497222801632518, -69.30200000000000671 ) ) ;
#4447 = CARTESIAN_POINT ( 'NONE',  ( -78.32175412618803989, -39.82126563160150567, -108.9429397840288516 ) ) ;
#4448 = DIRECTION ( 'NONE',  ( 0.8660254037844387076, 0.000000000000000000, 0.4999999999999998890 ) ) ;
#4449 = DIRECTION ( 'NONE',  ( -0.8660254038194863391, 0.000000000000000000, -0.4999999999392956695 ) ) ;
#4450 = VECTOR ( 'NONE', #4846, 1000.000000000000000 ) ;
#4451 = CARTESIAN_POINT ( 'NONE',  ( -94.78139602057069624, 58.33205080756781058, 95.40384757729518128 ) ) ;
#4452 = CARTESIAN_POINT ( 'NONE',  ( -69.48739622470736776, 149.0842087328835817, 64.04539886580184316 ) ) ;
#4453 = ORIENTED_EDGE ( 'NONE', *, *, #4929, .T. ) ;
#4454 = EDGE_LOOP ( 'NONE', ( #4392, #288, #1519, #6901, #5815 ) ) ;
#4455 = DIRECTION ( 'NONE',  ( 0.000000000000000000, 0.000000000000000000, -1.000000000000000000 ) ) ;
#4456 = CARTESIAN_POINT ( 'NONE',  ( 92.00000000000001421, 56.73005080756779961, 196.8038475772949880 ) ) ;
#4457 = CARTESIAN_POINT ( 'NONE',  ( 13.00000000000000000, -40.00000000000000711, -76.00199999999999534 ) ) ;
#4458 = CARTESIAN_POINT ( 'NONE',  ( 92.89999999999983515, 58.33205080756781058, 95.40384757729509602 ) ) ;
#4459 = EDGE_LOOP ( 'NONE', ( #5039, #275, #8927, #8055, #7913, #4692 ) ) ;
#4460 = ORIENTED_EDGE ( 'NONE', *, *, #2554, .T. ) ;
#4461 = DIRECTION ( 'NONE',  ( 1.000000000000000000, -1.110223024625155801E-16, 0.000000000000000000 ) ) ;
#4462 = CARTESIAN_POINT ( 'NONE',  ( 92.90000000000001990, 58.33205080756781058, 219.4038475772950108 ) ) ;
#4463 = ADVANCED_FACE ( 'NONE', ( #8289 ), #8384, .F. ) ;
#4464 = EDGE_CURVE ( 'NONE', #4742, #2435, #7673, .T. ) ;
#4465 = CARTESIAN_POINT ( 'NONE',  ( -0.8071040368500840279, 120.0000000000000000, 98.19289596314987989 ) ) ;
#4466 = EDGE_CURVE ( 'NONE', #9097, #487, #3999, .T. ) ;
#4467 = EDGE_LOOP ( 'NONE', ( #8942, #3769, #7016, #8971 ) ) ;
#4468 = VERTEX_POINT ( 'NONE', #3270 ) ;
#4469 = DIRECTION ( 'NONE',  ( -6.748406429715320601E-16, 0.000000000000000000, -1.000000000000000000 ) ) ;
#4470 = LINE ( 'NONE', #3831, #2596 ) ;
#4471 = PLANE ( 'NONE',  #2546 ) ;
#4472 = DIRECTION ( 'NONE',  ( 1.000000000000000000, 1.216602999370167387E-18, -6.969913915378216279E-17 ) ) ;
#4473 = DIRECTION ( 'NONE',  ( -0.01745240643730237504, 0.9998476951563909365, 0.000000000000000000 ) ) ;
#4474 = CARTESIAN_POINT ( 'NONE',  ( 92.38915812297680930, 154.9320508075680038, 152.6030191501704962 ) ) ;
#4475 = VECTOR ( 'NONE', #8893, 1000.000000000000000 ) ;
#4476 = CARTESIAN_POINT ( 'NONE',  ( 71.66170489640835228, 160.0000000000000000, -96.78633074168158146 ) ) ;
#4477 = EDGE_CURVE ( 'NONE', #2054, #8555, #2552, .T. ) ;
#4478 = PLANE ( 'NONE',  #4957 ) ;
#4479 = ORIENTED_EDGE ( 'NONE', *, *, #2830, .T. ) ;
#4480 =( BOUNDED_SURFACE ( )  B_SPLINE_SURFACE ( 3, 3, ( 
 ( #8960, #4535, #2216, #6754 ),
 ( #2306, #8822, #7523, #783 ),
 ( #5995, #5165, #7472, #966 ),
 ( #1634, #189, #3116, #8238 ) ),
 .UNSPECIFIED., .F., .F., .F. ) 
 B_SPLINE_SURFACE_WITH_KNOTS ( ( 4, 4 ),
 ( 4, 4 ),
 ( 0.000000000000000000, 1.000000000000000000 ),
 ( 0.000000000000000000, 1.000000000000000000 ),
 .UNSPECIFIED. ) 
 GEOMETRIC_REPRESENTATION_ITEM ( )  RATIONAL_B_SPLINE_SURFACE ( (
 ( 1.000000000000000000, 0.8044580340672394803, 0.8044580340672394803, 1.000000000000000000),
 ( 0.9513936124107591485, 0.7653562350640885636, 0.7653562350640885636, 0.9513936124107591485),
 ( 0.9513936124107591485, 0.7653562350640885636, 0.7653562350640885636, 0.9513936124107591485),
 ( 1.000000000000000000, 0.8044580340672394803, 0.8044580340672394803, 1.000000000000000000) ) ) 
 REPRESENTATION_ITEM ( '' )  SURFACE ( )  );
#4481 = EDGE_CURVE ( 'NONE', #1419, #1974, #7529, .T. ) ;
#4482 = DIRECTION ( 'NONE',  ( 3.086098517357006503E-16, -5.386804999534300482E-18, 1.000000000000000000 ) ) ;
#4483 = CARTESIAN_POINT ( 'NONE',  ( 94.99999999999997158, -40.00000000000001421, -76.00000000000000000 ) ) ;
#4484 = CIRCLE ( 'NONE', #163, 17.50000000000000000 ) ;
#4485 = CARTESIAN_POINT ( 'NONE',  ( -74.33172691944662347, 140.3111861839985579, 52.26077793272690997 ) ) ;
#4486 = CARTESIAN_POINT ( 'NONE',  ( -74.35237641727954383, 140.3054171126525773, -92.85961089735103258 ) ) ;
#4487 = CARTESIAN_POINT ( 'NONE',  ( -39.73873781658344484, 157.1882206318265389, 73.18074260979932433 ) ) ;
#4488 = VERTEX_POINT ( 'NONE', #9145 ) ;
#4489 = VECTOR ( 'NONE', #1094, 1000.000000000000000 ) ;
#4490 = LINE ( 'NONE', #4582, #295 ) ;
#4491 = EDGE_LOOP ( 'NONE', ( #6376, #8449, #3709, #5430, #3343 ) ) ;
#4492 = ORIENTED_EDGE ( 'NONE', *, *, #7726, .F. ) ;
#4493 = CARTESIAN_POINT ( 'NONE',  ( -92.17474539372480535, 153.3300508075680000, 217.8018475772954901 ) ) ;
#4494 = ADVANCED_FACE ( 'NONE', ( #1598 ), #4543, .F. ) ;
#4495 = LINE ( 'NONE', #8157, #6722 ) ;
#4496 = AXIS2_PLACEMENT_3D ( 'NONE', #6218, #1098, #7894 ) ;
#4497 = CARTESIAN_POINT ( 'NONE',  ( -47.81287078130871748, 157.9182421850776450, 70.68803785639329362 ) ) ;
#4498 = CARTESIAN_POINT ( 'NONE',  ( 67.00000010378010984, 159.8386330485124063, 2.672066104435789846 ) ) ;
#4499 = LINE ( 'NONE', #8161, #1649 ) ;
#4500 = VERTEX_POINT ( 'NONE', #6141 ) ;
#4501 = LINE ( 'NONE', #4084, #2323 ) ;
#4502 = CARTESIAN_POINT ( 'NONE',  ( -65.39923224485022502, 155.9896599399092167, 59.95723488594473594 ) ) ;
#4503 = EDGE_CURVE ( 'NONE', #8750, #6967, #3306, .T. ) ;
#4504 = ORIENTED_EDGE ( 'NONE', *, *, #5806, .F. ) ;
#4505 = EDGE_CURVE ( 'NONE', #5405, #6485, #541, .T. ) ;
#4506 = ADVANCED_FACE ( 'NONE', ( #4776 ), #7144, .F. ) ;
#4507 = EDGE_CURVE ( 'NONE', #4443, #5406, #387, .T. ) ;
#4508 = LINE ( 'NONE', #3763, #8150 ) ;
#4509 = DIRECTION ( 'NONE',  ( 3.521488656232920374E-16, 2.017992310671154842E-17, 1.000000000000000000 ) ) ;
#4510 = DIRECTION ( 'NONE',  ( 0.9998476951563912696, 0.01745240643728340410, -1.913693989724670103E-16 ) ) ;
#4511 = FACE_OUTER_BOUND ( 'NONE', #8597, .T. ) ;
#4512 = CARTESIAN_POINT ( 'NONE',  ( -68.96644008521460023, 143.5892736986236855, 63.52443954727525721 ) ) ;
#4513 = DIRECTION ( 'NONE',  ( 0.01745240643728295307, -0.9998476951563912696, 1.891481915972949483E-17 ) ) ;
#4514 = DIRECTION ( 'NONE',  ( -0.01745240643727993812, 0.9998476951563912696, 8.673617379884040402E-16 ) ) ;
#4515 = ORIENTED_EDGE ( 'NONE', *, *, #1405, .T. ) ;
#4516 = EDGE_CURVE ( 'NONE', #7974, #2229, #8578, .T. ) ;
#4517 = ORIENTED_EDGE ( 'NONE', *, *, #2788, .T. ) ;
#4518 = CARTESIAN_POINT ( 'NONE',  ( 91.48187991953571441, 20.32806034530250017, -69.30200000000000671 ) ) ;
#4519 = CARTESIAN_POINT ( 'NONE',  ( 67.17319699287129708, 144.0832446600385310, 26.37899052814254830 ) ) ;
#4520 = FACE_OUTER_BOUND ( 'NONE', #5215, .T. ) ;
#4521 = EDGE_CURVE ( 'NONE', #1393, #7905, #3190, .T. ) ;
#4522 = LINE ( 'NONE', #5334, #4103 ) ;
#4523 = CARTESIAN_POINT ( 'NONE',  ( -29.98629836118289660, -39.65137702742600112, -95.98629836118290370 ) ) ;
#4524 = CARTESIAN_POINT ( 'NONE',  ( 19.75772228793955776, 62.00008753316013355, 92.08839712621471563 ) ) ;
#4525 = DIRECTION ( 'NONE',  ( 1.541976423090495042E-15, -0.000000000000000000, 1.000000000000000000 ) ) ;
#4526 = DIRECTION ( 'NONE',  ( 1.000000000000000000, 0.000000000000000000, -3.772267007903640016E-16 ) ) ;
#4527 = EDGE_LOOP ( 'NONE', ( #8763, #9029, #9430, #8095, #351 ) ) ;
#4528 = DIRECTION ( 'NONE',  ( 1.000000000000000000, 7.024781120524225200E-33, -7.231268945543358372E-17 ) ) ;
#4529 = LINE ( 'NONE', #135, #2845 ) ;
#4530 = EDGE_CURVE ( 'NONE', #8283, #6394, #3411, .T. ) ;
#4531 = LINE ( 'NONE', #7469, #2730 ) ;
#4532 = LINE ( 'NONE', #2260, #6890 ) ;
#4533 = ORIENTED_EDGE ( 'NONE', *, *, #4980, .T. ) ;
#4534 =( BOUNDED_SURFACE ( )  B_SPLINE_SURFACE ( 3, 3, ( 
 ( #823, #2346, #5250, #6561 ),
 ( #4379, #3644, #8189, #9477 ),
 ( #132, #774, #4568, #3692 ),
 ( #2871, #2251, #9526, #6655 ) ),
 .UNSPECIFIED., .F., .F., .T. ) 
 B_SPLINE_SURFACE_WITH_KNOTS ( ( 4, 4 ),
 ( 4, 4 ),
 ( 0.000000000000000000, 1.000000000000000000 ),
 ( 0.000000000000000000, 1.000000000000000000 ),
 .UNSPECIFIED. ) 
 GEOMETRIC_REPRESENTATION_ITEM ( )  RATIONAL_B_SPLINE_SURFACE ( (
 ( 1.000000000000000000, 0.8083544723550909472, 0.8083544723550909472, 1.000000000000000000),
 ( 0.8044580340672379259, 0.6502872496602358776, 0.6502872496602358776, 0.8044580340672379259),
 ( 0.8044580340672379259, 0.6502872496602358776, 0.6502872496602358776, 0.8044580340672379259),
 ( 1.000000000000000000, 0.8083544723550909472, 0.8083544723550909472, 1.000000000000000000) ) ) 
 REPRESENTATION_ITEM ( '' )  SURFACE ( )  );
#4535 = CARTESIAN_POINT ( 'NONE',  ( 9.131633956022291443, 154.4578217866794887, 79.15211555149954847 ) ) ;
#4536 = DATE_AND_TIME ( #833, #793 ) ;
#4537 = ORIENTED_EDGE ( 'NONE', *, *, #7612, .T. ) ;
#4538 = VERTEX_POINT ( 'NONE', #7867 ) ;
#4539 = EDGE_LOOP ( 'NONE', ( #4085, #3037, #6358, #9514, #5721 ) ) ;
#4540 = CARTESIAN_POINT ( 'NONE',  ( -104.5999999999999943, 58.33205080756781058, 95.40384757729518128 ) ) ;
#4541 = CARTESIAN_POINT ( 'NONE',  ( -53.82072635358122881, 160.0000000000000284, -106.1528419302080124 ) ) ;
#4542 = FACE_OUTER_BOUND ( 'NONE', #3772, .T. ) ;
#4543 = PLANE ( 'NONE',  #580 ) ;
#4544 = CARTESIAN_POINT ( 'NONE',  ( -59.83573535228003948, 140.4935533890925115, -130.5801973732246779 ) ) ;
#4545 = PLANE ( 'NONE',  #8028 ) ;
#4546 = CARTESIAN_POINT ( 'NONE',  ( -42.00000000000000000, -40.00095280244880769, -76.00000000000000000 ) ) ;
#4547 = ORIENTED_EDGE ( 'NONE', *, *, #2915, .F. ) ;
#4548 = VERTEX_POINT ( 'NONE', #3454 ) ;
#4549 = CARTESIAN_POINT ( 'NONE',  ( -75.67677928906816476, 55.18027921468902264, 54.43059650410845052 ) ) ;
#4550 = CARTESIAN_POINT ( 'NONE',  ( 90.50883473999489581, -38.52359565090600313, -74.00000000000000000 ) ) ;
#4551 = CARTESIAN_POINT ( 'NONE',  ( 86.04509754661748389, 140.3960675525504769, -110.2685760660230159 ) ) ;
#4552 = CIRCLE ( 'NONE', #2689, 0.002000000000002000178 ) ;
#4553 = CARTESIAN_POINT ( 'NONE',  ( 89.42982730991113272, 23.29269861789709495, -67.29999999999999716 ) ) ;
#4554 = FACE_BOUND ( 'NONE', #2684, .T. ) ;
#4555 = CARTESIAN_POINT ( 'NONE',  ( -71.85813462349321412, -36.99999999999998579, -123.2226354315630488 ) ) ;
#4556 = ORIENTED_EDGE ( 'NONE', *, *, #4983, .F. ) ;
#4557 = DIRECTION ( 'NONE',  ( 1.000000000000000000, -5.551115123125779621E-17, -1.922270984668059849E-16 ) ) ;
#4558 = ORIENTED_EDGE ( 'NONE', *, *, #2332, .F. ) ;
#4559 = VECTOR ( 'NONE', #7141, 1000.000000000000000 ) ;
#4560 = ORIENTED_EDGE ( 'NONE', *, *, #4521, .T. ) ;
#4561 = CARTESIAN_POINT ( 'NONE',  ( 87.83231122763967846, 140.3748027843298303, -105.1733923807654634 ) ) ;
#4562 = CARTESIAN_POINT ( 'NONE',  ( 63.45497439610097956, -37.00000000000000711, -142.4670776262310881 ) ) ;
#4563 = FACE_OUTER_BOUND ( 'NONE', #7209, .T. ) ;
#4564 = CARTESIAN_POINT ( 'NONE',  ( -42.00000000000000000, -40.00200000000000244, -76.00000000000000000 ) ) ;
#4565 = DIRECTION ( 'NONE',  ( 7.165827653609149284E-17, -4.855507225124589628E-17, 1.000000000000000000 ) ) ;
#4566 = DIRECTION ( 'NONE',  ( 2.558182173707144518E-17, -1.520780256872541994E-16, 1.000000000000000000 ) ) ;
#4567 = DIRECTION ( 'NONE',  ( -3.086098517357006503E-16, 5.386804999534300482E-18, -1.000000000000000000 ) ) ;
#4568 = CARTESIAN_POINT ( 'NONE',  ( -76.75900485366607029, 147.0619799212288115, 63.19469885424425115 ) ) ;
#4569 = ORIENTED_EDGE ( 'NONE', *, *, #5589, .T. ) ;
#4570 = AXIS2_PLACEMENT_3D ( 'NONE', #3453, #636, #3599 ) ;
#4571 = ORIENTED_EDGE ( 'NONE', *, *, #1729, .T. ) ;
#4572 = VECTOR ( 'NONE', #6399, 1000.000000000000000 ) ;
#4573 = DIRECTION ( 'NONE',  ( 0.0003630530201411230444, 4.853491556017850977E-17, -0.9999999340962502092 ) ) ;
#4574 = DIRECTION ( 'NONE',  ( -0.0003630530201411230444, -4.853491556017850977E-17, 0.9999999340962502092 ) ) ;
#4575 = EDGE_CURVE ( 'NONE', #7041, #8322, #9033, .T. ) ;
#4576 = CARTESIAN_POINT ( 'NONE',  ( -71.56529990853813672, 157.5000000000000000, -108.0395659237445045 ) ) ;
#4577 = CARTESIAN_POINT ( 'NONE',  ( 41.85961089735094021, 157.5000000000000000, -122.8550417520427942 ) ) ;
#4578 = AXIS2_PLACEMENT_3D ( 'NONE', #6216, #9222, #8460 ) ;
#4579 = AXIS2_PLACEMENT_3D ( 'NONE', #9248, #4832, #7000 ) ;
#4580 = VERTEX_POINT ( 'NONE', #445 ) ;
#4581 = ADVANCED_FACE ( 'NONE', ( #6429 ), #5705, .F. ) ;
#4582 = CARTESIAN_POINT ( 'NONE',  ( -89.59999999999999432, 153.3300508075680000, 219.4038475772949823 ) ) ;
#4583 = ORIENTED_EDGE ( 'NONE', *, *, #4683, .T. ) ;
#4584 = VERTEX_POINT ( 'NONE', #5604 ) ;
#4585 = DIRECTION ( 'NONE',  ( -0.000000000000000000, 0.000000000000000000, -1.000000000000000000 ) ) ;
#4586 = EDGE_CURVE ( 'NONE', #1556, #5018, #2740, .T. ) ;
#4587 = AXIS2_PLACEMENT_3D ( 'NONE', #913, #5441, #6892 ) ;
#4588 = CARTESIAN_POINT ( 'NONE',  ( -51.67841016188271652, 160.0000000000000000, -135.8380453360017839 ) ) ;
#4589 = CARTESIAN_POINT ( 'NONE',  ( -39.85109916480521974, -39.85696843995064853, -145.0185790635667615 ) ) ;
#4590 = DIRECTION ( 'NONE',  ( 0.9999999340962500982, 0.000000000000000000, 0.0003630530201410025353 ) ) ;
#4591 = CARTESIAN_POINT ( 'NONE',  ( -76.85199565517051212, 140.3490481287456646, -92.85961089735101837 ) ) ;
#4592 = CARTESIAN_POINT ( 'NONE',  ( 4.089218660503026292, 155.8625781026215407, 79.95827895533702190 ) ) ;
#4593 = VECTOR ( 'NONE', #4565, 1000.000000000000000 ) ;
#4594 = FACE_OUTER_BOUND ( 'NONE', #6045, .T. ) ;
#4595 = VERTEX_POINT ( 'NONE', #1836 ) ;
#4596 = CARTESIAN_POINT ( 'NONE',  ( 67.12504639605050727, 156.4365472890159765, -67.29999999999999716 ) ) ;
#4597 = CARTESIAN_POINT ( 'NONE',  ( 66.58220783860741676, 145.5359978467468807, 26.75689261261027951 ) ) ;
#4598 = CARTESIAN_POINT ( 'NONE',  ( 59.36503293088917843, 140.3964424258217036, -137.0069585061879991 ) ) ;
#4599 = FACE_OUTER_BOUND ( 'NONE', #3062, .T. ) ;
#4601 = ORIENTED_EDGE ( 'NONE', *, *, #5053, .T. ) ;
#4600 = CARTESIAN_POINT ( 'NONE',  ( 97.37748030336528871, 159.1171392947464653, 134.6030191501703825 ) ) ;
#4602 = CARTESIAN_POINT ( 'NONE',  ( -57.49317337430224484, -36.99999999999999289, -137.6807522798839898 ) ) ;
#4603 = LINE ( 'NONE', #3188, #2308 ) ;
#4604 = CIRCLE ( 'NONE', #6764, 1.601999999999992319 ) ;
#4605 = ORIENTED_EDGE ( 'NONE', *, *, #7043, .T. ) ;
#4606 = ORIENTED_EDGE ( 'NONE', *, *, #2108, .T. ) ;
#4607 = DIRECTION ( 'NONE',  ( 0.000000000000000000, 1.000000000000000000, 0.000000000000000000 ) ) ;
#4608 = DIRECTION ( 'NONE',  ( -0.9998476951563911586, -0.01745240643728360533, 3.503998260924795306E-16 ) ) ;
#4609 = CARTESIAN_POINT ( 'NONE',  ( -76.85199565517046949, 140.3490481287456078, 51.41304439313702090 ) ) ;
#4610 = CARTESIAN_POINT ( 'NONE',  ( 24.40000000000000568, 154.9340508075675018, 97.00384757729521823 ) ) ;
#4611 = VECTOR ( 'NONE', #3130, 1000.000000000000000 ) ;
#4612 = CARTESIAN_POINT ( 'NONE',  ( 92.00000000000000000, 50.73205080756778784, 184.8038475772950164 ) ) ;
#4613 = CARTESIAN_POINT ( 'NONE',  ( -38.01934340443242633, 157.4999999999999716, -120.7022394586317091 ) ) ;
#4614 = LINE ( 'NONE', #6886, #2935 ) ;
#4615 = FACE_OUTER_BOUND ( 'NONE', #5598, .T. ) ;
#4616 = EDGE_LOOP ( 'NONE', ( #7537, #5204, #9351, #2789 ) ) ;
#4617 = DIRECTION ( 'NONE',  ( -1.000000000000000000, 1.110223024625155801E-16, -0.000000000000000000 ) ) ;
#4618 = CARTESIAN_POINT ( 'NONE',  ( 92.27308415593310542, -25.00000000000000000, -75.73817402607681970 ) ) ;
#4619 = CARTESIAN_POINT ( 'NONE',  ( 60.10815662002521265, 140.4523246996918999, -139.4006259714669227 ) ) ;
#4620 = CARTESIAN_POINT ( 'NONE',  ( 92.44725398510557568, -37.00000000000000711, -95.95448846517709285 ) ) ;
#4621 = FACE_OUTER_BOUND ( 'NONE', #8237, .T. ) ;
#4622 = EDGE_CURVE ( 'NONE', #214, #8403, #888, .T. ) ;
#4623 = FACE_OUTER_BOUND ( 'NONE', #6257, .T. ) ;
#4624 = VECTOR ( 'NONE', #2321, 1000.000000000000000 ) ;
#4625 = AXIS2_PLACEMENT_3D ( 'NONE', #8040, #6560, #2869 ) ;
#4626 = ORIENTED_EDGE ( 'NONE', *, *, #3565, .F. ) ;
#4627 = ORIENTED_EDGE ( 'NONE', *, *, #140, .T. ) ;
#4628 = CARTESIAN_POINT ( 'NONE',  ( 91.76111842253219208, 4.330497222800480550, -67.29999999999999716 ) ) ;
#4629 = B_SPLINE_CURVE_WITH_KNOTS ( 'NONE', 3,
 ( #5427, #7635, #1803, #6871, #7687, #2334, #6106, #8978, #1034, #8355, #5283, #3237, #6968, #3283, #1750, #7546, #9116, #5474 ),
 .UNSPECIFIED., .F., .F.,
 ( 4, 2, 2, 2, 2, 2, 2, 2, 4 ),
 ( 0.000000000000000000, 0.1250000000000001388, 0.2500000000000002776, 0.3749999999999998335, 0.5000000000000000000, 0.6250000000000001110, 0.7499999999999996669, 0.8749999999999998890, 1.000000000000000000 ),
 .UNSPECIFIED. ) ;
#4630 = DIRECTION ( 'NONE',  ( -0.7018302744750529731, 0.7123441590315791050, -0.0002548016175669050331 ) ) ;
#4631 = ADVANCED_FACE ( 'NONE', ( #1116 ), #8486, .T. ) ;
#4632 = DIRECTION ( 'NONE',  ( -0.9623254593469976470, -0.2719001844291204506, 0.000000000000000000 ) ) ;
#4633 = FACE_OUTER_BOUND ( 'NONE', #7720, .T. ) ;
#4634 = VECTOR ( 'NONE', #7700, 1000.000000000000000 ) ;
#4635 = CARTESIAN_POINT ( 'NONE',  ( 73.48462140672064891, 20.01391702943140416, -67.29999999999999716 ) ) ;
#4636 = LINE ( 'NONE', #3816, #4002 ) ;
#4637 = ORIENTED_EDGE ( 'NONE', *, *, #5347, .F. ) ;
#4638 = CARTESIAN_POINT ( 'NONE',  ( 66.52172918408925284, 143.8041157777541912, 26.15743221637252702 ) ) ;
#4639 = CARTESIAN_POINT ( 'NONE',  ( 41.85961089735094731, 140.3054171126524068, -140.3523764172795154 ) ) ;
#4640 = DIRECTION ( 'NONE',  ( 1.000000000000000000, 0.000000000000000000, 1.387778780781445922E-16 ) ) ;
#4641 = EDGE_CURVE ( 'NONE', #6252, #191, #7773, .T. ) ;
#4642 = EDGE_CURVE ( 'NONE', #4444, #2156, #4876, .T. ) ;
#4643 = DIRECTION ( 'NONE',  ( -0.9998476951563912696, -0.01745240643728360533, 3.503998260924795799E-16 ) ) ;
#4645 = VERTEX_POINT ( 'NONE', #9292 ) ;
#4644 = CARTESIAN_POINT ( 'NONE',  ( 65.66100558354808925, 119.9996409469034404, 33.85249354219814677 ) ) ;
#4646 = CARTESIAN_POINT ( 'NONE',  ( -79.94760281161897808, -37.00000000000000000, -97.48443765668561412 ) ) ;
#4647 = ORIENTED_EDGE ( 'NONE', *, *, #699, .T. ) ;
#4648 = CARTESIAN_POINT ( 'NONE',  ( 46.53680285108518433, -40.00000000000002842, -145.9999680064040319 ) ) ;
#4649 = ORIENTED_EDGE ( 'NONE', *, *, #5814, .T. ) ;
#4650 = ORIENTED_EDGE ( 'NONE', *, *, #6778, .F. ) ;
#4651 = ORIENTED_EDGE ( 'NONE', *, *, #865, .F. ) ;
#4652 = CARTESIAN_POINT ( 'NONE',  ( 57.16212612687863981, 140.3881860046984400, -137.9254869040031792 ) ) ;
#4653 = LINE ( 'NONE', #7596, #6463 ) ;
#4654 = CARTESIAN_POINT ( 'NONE',  ( 89.43122216315489936, 137.8101645261783972, -69.29999999999999716 ) ) ;
#4655 = CARTESIAN_POINT ( 'NONE',  ( -74.32950740848735904, 140.3114924740498566, 52.30547166012670601 ) ) ;
#4656 = CARTESIAN_POINT ( 'NONE',  ( -103.0000000000000142, 58.33405080756782013, 211.5507292157780057 ) ) ;
#4657 = CARTESIAN_POINT ( 'NONE',  ( -55.82860011248637022, 140.4290765388368527, -130.6199922655215744 ) ) ;
#4658 = CARTESIAN_POINT ( 'NONE',  ( 23.60582138014780185, 62.00001232161354636, 91.29682216722908095 ) ) ;
#4659 = CARTESIAN_POINT ( 'NONE',  ( -76.85199565517049791, 140.3490481287456078, -92.85961089735100416 ) ) ;
#4660 = FACE_OUTER_BOUND ( 'NONE', #3098, .T. ) ;
#4661 = VERTEX_POINT ( 'NONE', #8466 ) ;
#4662 = ORIENTED_EDGE ( 'NONE', *, *, #1278, .F. ) ;
#4663 = FACE_OUTER_BOUND ( 'NONE', #7654, .T. ) ;
#4664 = LINE ( 'NONE', #1627, #3971 ) ;
#4665 = CARTESIAN_POINT ( 'NONE',  ( 60.24862833542903218, 140.4529185853742206, -139.3452535771143630 ) ) ;
#4666 = CARTESIAN_POINT ( 'NONE',  ( -47.90540449692291247, 140.4098110218080251, -135.5462215005699989 ) ) ;
#4667 = DIRECTION ( 'NONE',  ( 0.000000000000000000, 0.000000000000000000, 1.000000000000000000 ) ) ;
#4668 = ORIENTED_EDGE ( 'NONE', *, *, #8352, .F. ) ;
#4669 = ORIENTED_EDGE ( 'NONE', *, *, #3565, .T. ) ;
#4670 = CARTESIAN_POINT ( 'NONE',  ( 377.0830826144305092, -17.96201661619445034, -77.13031635830552091 ) ) ;
#4671 = ORIENTED_EDGE ( 'NONE', *, *, #4312, .T. ) ;
#4672 = VERTEX_POINT ( 'NONE', #5490 ) ;
#4673 = DIRECTION ( 'NONE',  ( 0.9998479630271436269, 0.01743327459299937737, 0.0003629978465817539123 ) ) ;
#4674 = CARTESIAN_POINT ( 'NONE',  ( 44.99391070482715094, -40.08748790272630202, -95.99391070482720068 ) ) ;
#4675 = EDGE_CURVE ( 'NONE', #4189, #2067, #7514, .T. ) ;
#4676 = CARTESIAN_POINT ( 'NONE',  ( 72.73546872087895565, 119.9265196017743307, -69.24789329868995935 ) ) ;
#4677 = CARTESIAN_POINT ( 'NONE',  ( 66.84273213188110674, 156.9714701061994049, 8.371826368404965635 ) ) ;
#4678 = CARTESIAN_POINT ( 'NONE',  ( -75.50000000000000000, -36.99999999999999289, -95.99238359780468954 ) ) ;
#4679 = DIRECTION ( 'NONE',  ( -1.000000000000000000, -0.000000000000000000, -0.000000000000000000 ) ) ;
#4680 = EDGE_CURVE ( 'NONE', #1096, #6805, #8323, .T. ) ;
#4681 = ORIENTED_EDGE ( 'NONE', *, *, #8105, .T. ) ;
#4682 = EDGE_CURVE ( 'NONE', #4741, #7238, #2735, .T. ) ;
#4683 = EDGE_CURVE ( 'NONE', #6506, #1573, #8276, .T. ) ;
#4684 = CARTESIAN_POINT ( 'NONE',  ( -98.53782217350889994, 153.3320508075674979, 215.9038475772950392 ) ) ;
#4685 = CARTESIAN_POINT ( 'NONE',  ( 90.25110987776223226, 88.81701164531807535, -26.00000000000000355 ) ) ;
#4686 = CARTESIAN_POINT ( 'NONE',  ( 59.67412175479019965, 140.3976348825488003, -136.8833311076549251 ) ) ;
#4687 = FACE_OUTER_BOUND ( 'NONE', #5923, .T. ) ;
#4688 = B_SPLINE_CURVE_WITH_KNOTS ( 'NONE', 3,
 ( #6927, #1856, #4803, #176, #7745, #8361, #3103, #2428, #6069, #4609 ),
 .UNSPECIFIED., .F., .F.,
 ( 4, 2, 2, 2, 4 ),
 ( 0.000000000000000000, 0.2499999999999991673, 0.4999999999999994449, 0.7499999999999996669, 1.000000000000000000 ),
 .UNSPECIFIED. ) ;
#4689 = CARTESIAN_POINT ( 'NONE',  ( 64.73601260850645644, 119.9999978941468584, 33.08762597490422053 ) ) ;
#4690 = CARTESIAN_POINT ( 'NONE',  ( -76.45717287606522916, -37.00000000000000000, -114.3095331662652967 ) ) ;
#4691 = CARTESIAN_POINT ( 'NONE',  ( 94.61837143405321626, -18.13651409970695028, -72.13336222320992874 ) ) ;
#4692 = ORIENTED_EDGE ( 'NONE', *, *, #204, .F. ) ;
#4693 = EDGE_CURVE ( 'NONE', #853, #5659, #1199, .T. ) ;
#4694 = VERTEX_POINT ( 'NONE', #6841 ) ;
#4695 = VERTEX_POINT ( 'NONE', #2536 ) ;
#4696 = CARTESIAN_POINT ( 'NONE',  ( 71.85504175200183852, 157.5000000000000284, -94.82304684453902155 ) ) ;
#4697 = AXIS2_PLACEMENT_3D ( 'NONE', #5218, #8381, #6235 ) ;
#4698 = CARTESIAN_POINT ( 'NONE',  ( -89.59999999999999432, 154.9320508075680038, 95.40384757729529497 ) ) ;
#4699 = CARTESIAN_POINT ( 'NONE',  ( -4.768706341644576518, 160.0000000000000284, 70.85504175204262367 ) ) ;
#4700 = CARTESIAN_POINT ( 'NONE',  ( -74.16373548344387245, 140.3206379297650699, 53.97359467061684768 ) ) ;
#4701 = CARTESIAN_POINT ( 'NONE',  ( 3.596889851533284777, 152.9053025572287083, 79.22076350287228763 ) ) ;
#4702 = CARTESIAN_POINT ( 'NONE',  ( 92.16246820600609624, -20.68463364240703584, -72.93658812097562816 ) ) ;
#4703 = DIRECTION ( 'NONE',  ( -0.8660254037844378194, 0.000000000000000000, -0.5000000000000014433 ) ) ;
#4704 = DIRECTION ( 'NONE',  ( 1.762074767641133789E-20, -1.000000000000000000, -4.853491236154555551E-17 ) ) ;
#4705 = VECTOR ( 'NONE', #1146, 1000.000000000000114 ) ;
#4706 = CARTESIAN_POINT ( 'NONE',  ( 66.04316770519899649, 140.0000000000000000, 0.04316770519894590208 ) ) ;
#4707 = ADVANCED_FACE ( 'NONE', ( #3156 ), #3841, .F. ) ;
#4708 = ORIENTED_EDGE ( 'NONE', *, *, #3438, .T. ) ;
#4709 = CARTESIAN_POINT ( 'NONE',  ( 91.39424249940427103, 23.32698761257565323, -70.68542483759466677 ) ) ;
#4710 = CARTESIAN_POINT ( 'NONE',  ( 88.28669468826902289, 88.78272265064077828, -69.30095280244881906 ) ) ;
#4711 = LINE ( 'NONE', #8372, #4705 ) ;
#4712 = AXIS2_PLACEMENT_3D ( 'NONE', #6724, #2990, #655 ) ;
#4713 = CARTESIAN_POINT ( 'NONE',  ( -46.17992679622199148, -37.00000000000000711, -140.5932778142706354 ) ) ;
#4714 = CARTESIAN_POINT ( 'NONE',  ( -57.40944185118059551, -40.00000000000000711, -137.8226089509156509 ) ) ;
#4715 = VECTOR ( 'NONE', #8806, 1000.000000000000000 ) ;
#4716 = ORIENTED_EDGE ( 'NONE', *, *, #5841, .F. ) ;
#4717 = VERTEX_POINT ( 'NONE', #4709 ) ;
#4718 = ORIENTED_EDGE ( 'NONE', *, *, #6897, .F. ) ;
#4719 = ORIENTED_EDGE ( 'NONE', *, *, #4844, .T. ) ;
#4720 = FACE_OUTER_BOUND ( 'NONE', #3187, .T. ) ;
#4721 = EDGE_CURVE ( 'NONE', #5284, #4695, #3984, .T. ) ;
#4722 = CARTESIAN_POINT ( 'NONE',  ( 72.13327025656944613, -37.00000000000002132, -134.9068819194143316 ) ) ;
#4723 = VECTOR ( 'NONE', #3642, 1000.000000000000114 ) ;
#4724 = LINE ( 'NONE', #340, #2104 ) ;
#4725 = VECTOR ( 'NONE', #4590, 1000.000000000000000 ) ;
#4726 = DIRECTION ( 'NONE',  ( -6.970975628731151572E-17, 0.01745240643728390717, -0.9998476951563912696 ) ) ;
#4727 = CARTESIAN_POINT ( 'NONE',  ( 94.66937633034677901, -37.00000000000001421, -102.0465708240178344 ) ) ;
#4728 = CARTESIAN_POINT ( 'NONE',  ( 71.27796513499578168, 119.6813454765402156, -67.29800000000000182 ) ) ;
#4729 = EDGE_LOOP ( 'NONE', ( #6417, #3676, #8619, #8037 ) ) ;
#4730 = VECTOR ( 'NONE', #9091, 1000.000000000000000 ) ;
#4731 = DIRECTION ( 'NONE',  ( 0.01745240643694181970, -0.9998476951363207688, 6.336149283896269638E-06 ) ) ;
#4732 = CARTESIAN_POINT ( 'NONE',  ( 72.37449297733731157, -37.00000000000000000, -72.94467997648639823 ) ) ;
#4733 = CARTESIAN_POINT ( 'NONE',  ( 91.73416987591760119, 3.852561254880191743, -73.40888562609752910 ) ) ;
#4734 = CARTESIAN_POINT ( 'NONE',  ( 66.99999999999998579, 158.5000000000000000, 0.08633541039797133776 ) ) ;
#4735 = AXIS2_PLACEMENT_3D ( 'NONE', #8957, #1630, #2973 ) ;
#4737 = EDGE_LOOP ( 'NONE', ( #664, #7395, #3185, #6161 ) ) ;
#4736 = CARTESIAN_POINT ( 'NONE',  ( 91.42952270022389882, 23.32760343077164222, -67.30000000000002558 ) ) ;
#4738 = CARTESIAN_POINT ( 'NONE',  ( -48.55479141832501710, -37.00000000000000711, -142.3596376639727623 ) ) ;
#4739 = EDGE_LOOP ( 'NONE', ( #8320, #2994, #4987, #5090, #1409, #763, #3423 ) ) ;
#4740 = DIRECTION ( 'NONE',  ( -0.9998476951563911586, -0.01745240643728300511, 0.000000000000000000 ) ) ;
#4741 = VERTEX_POINT ( 'NONE', #7560 ) ;
#4742 = VERTEX_POINT ( 'NONE', #369 ) ;
#4743 = ORIENTED_EDGE ( 'NONE', *, *, #1700, .F. ) ;
#4744 = CARTESIAN_POINT ( 'NONE',  ( 86.56529990848255807, 157.4999999999727720, -108.0395659237336474 ) ) ;
#4745 = FACE_OUTER_BOUND ( 'NONE', #8221, .T. ) ;
#4746 = FACE_OUTER_BOUND ( 'NONE', #2905, .T. ) ;
#4747 = B_SPLINE_CURVE_WITH_KNOTS ( 'NONE', 3,
 ( #109, #6910, #3036, #3175, #7485, #9015, #9108, #6008, #6144 ),
 .UNSPECIFIED., .F., .F.,
 ( 4, 2, 2, 1, 4 ),
 ( 0.8565746305372469172, 0.8745028017200910941, 0.8924309729029351601, 0.9282873152686235141, 1.000000000000000000 ),
 .UNSPECIFIED. ) ;
#4748 = CARTESIAN_POINT ( 'NONE',  ( -74.35053607137662368, 140.3072068991890546, 51.66477128975562039 ) ) ;
#4749 = CARTESIAN_POINT ( 'NONE',  ( 4.489134083870259140, 151.6121179929339178, 80.11288947678083616 ) ) ;
#4750 = ADVANCED_FACE ( 'NONE', ( #1101 ), #2389, .F. ) ;
#4751 = LINE ( 'NONE', #1137, #7959 ) ;
#4752 = EDGE_CURVE ( 'NONE', #992, #7471, #6291, .T. ) ;
#4753 = ADVANCED_FACE ( 'NONE', ( #4663 ), #6173, .F. ) ;
#4754 = FACE_OUTER_BOUND ( 'NONE', #8239, .T. ) ;
#4755 = EDGE_CURVE ( 'NONE', #3658, #7238, #3893, .T. ) ;
#4756 = CARTESIAN_POINT ( 'NONE',  ( -89.59999999999999432, 154.9320508075680038, 134.6030191501703825 ) ) ;
#4757 = AXIS2_PLACEMENT_3D ( 'NONE', #3623, #8022, #4164 ) ;
#4758 = ORIENTED_EDGE ( 'NONE', *, *, #5878, .F. ) ;
#4759 = LINE ( 'NONE', #4030, #3712 ) ;
#4760 = VERTEX_POINT ( 'NONE', #1724 ) ;
#4761 = DIRECTION ( 'NONE',  ( 0.000000000000000000, 0.3175821737953489210, 0.9482307540295350501 ) ) ;
#4762 = CARTESIAN_POINT ( 'NONE',  ( 66.52172918408928126, 143.8041157777541912, 26.15743221637253413 ) ) ;
#4763 = CARTESIAN_POINT ( 'NONE',  ( 59.64748300035516593, 140.4503572944904022, -139.5792885727317127 ) ) ;
#4764 = VECTOR ( 'NONE', #1545, 1000.000000000000000 ) ;
#4765 = CARTESIAN_POINT ( 'NONE',  ( -39.71238482471063236, 159.9999999999727436, -140.8460066930083769 ) ) ;
#4766 = LINE ( 'NONE', #3259, #9197 ) ;
#4767 = CARTESIAN_POINT ( 'NONE',  ( -46.90364220806596762, -40.00000000000000711, -143.0868249418363973 ) ) ;
#4768 = ORIENTED_EDGE ( 'NONE', *, *, #2085, .T. ) ;
#4769 = APPROVAL_ROLE ( '' ) ;
#4770 = ORIENTED_EDGE ( 'NONE', *, *, #5458, .F. ) ;
#4771 = ORIENTED_EDGE ( 'NONE', *, *, #110, .T. ) ;
#4772 = LINE ( 'NONE', #6996, #8751 ) ;
#4773 = FACE_OUTER_BOUND ( 'NONE', #7460, .T. ) ;
#4774 = CARTESIAN_POINT ( 'NONE',  ( 75.56040205886047545, -37.00000000000001421, -132.3371344112563008 ) ) ;
#4775 = DIRECTION ( 'NONE',  ( 3.503464585017659440E-16, 6.115320180519409318E-18, 1.000000000000000000 ) ) ;
#4776 = FACE_OUTER_BOUND ( 'NONE', #4333, .T. ) ;
#4777 = CARTESIAN_POINT ( 'NONE',  ( 58.00605241026724457, -37.00000000000001421, -144.2624647191042868 ) ) ;
#4778 = VECTOR ( 'NONE', #447, 1000.000000000000000 ) ;
#4779 = VECTOR ( 'NONE', #8891, 1000.000000000000114 ) ;
#4780 = EDGE_CURVE ( 'NONE', #6325, #5599, #1766, .T. ) ;
#4781 = FACE_OUTER_BOUND ( 'NONE', #334, .T. ) ;
#4782 = ORIENTED_EDGE ( 'NONE', *, *, #7123, .F. ) ;
#4783 =( BOUNDED_SURFACE ( )  B_SPLINE_SURFACE ( 3, 2, ( 
 ( #6576, #5023, #4397 ),
 ( #5801, #4350, #7297 ),
 ( #3660, #690, #2887 ),
 ( #1596, #5310, #2402 ),
 ( #8920, #5361, #7805 ),
 ( #4541, #8965, #6002 ),
 ( #3856, #6810, #7479 ),
 ( #6986, #6759, #1195 ),
 ( #8287, #879, #4817 ),
 ( #3026, #150, #196 ),
 ( #3810, #6047, #1105 ),
 ( #372, #4588, #3123 ),
 ( #2358, #3078, #8244 ),
 ( #2590, #7759, #5543 ),
 ( #1823, #4765, #5265 ),
 ( #427, #7708, #1147 ),
 ( #925, #6087, #4037 ),
 ( #8517, #8469, #1641 ) ),
 .UNSPECIFIED., .F., .F., .F. ) 
 B_SPLINE_SURFACE_WITH_KNOTS ( ( 4, 2, 2, 2, 2, 2, 2, 2, 4 ),
 ( 3, 3 ),
 ( 5.497939437029719656, 5.694250904567186744, 5.890562372104653832, 6.086873839642120032, 6.283185307179587120, 6.479496774717054208, 6.675808242254520408, 6.872119709791987496, 7.068431177329454584 ),
 ( 0.000000000000000000, 1.000000000000000000 ),
 .UNSPECIFIED. ) 
 GEOMETRIC_REPRESENTATION_ITEM ( )  RATIONAL_B_SPLINE_SURFACE ( (
 ( 1.000000000000000000, 0.7132504491541836744, 1.000000000000000000),
 ( 1.000000000000000000, 0.7136506714058978851, 1.000000000000000000),
 ( 1.000000000000000000, 0.7140110277313130860, 1.000000000000000000),
 ( 1.000000000000000000, 0.7146388945018501415, 1.000000000000000000),
 ( 1.000000000000000000, 0.7149063402709495696, 1.000000000000000000),
 ( 1.000000000000000000, 0.7153383346307008450, 1.000000000000000000),
 ( 1.000000000000000000, 0.7155028742684248488, 1.000000000000000000),
 ( 1.000000000000000000, 0.7157229504415729693, 1.000000000000000000),
 ( 1.000000000000000000, 0.7157784824661370671, 1.000000000000000000),
 ( 1.000000000000000000, 0.7157784824661370671, 1.000000000000000000),
 ( 1.000000000000000000, 0.7157229504415729693, 1.000000000000000000),
 ( 1.000000000000000000, 0.7155028742684248488, 1.000000000000000000),
 ( 1.000000000000000000, 0.7153383346309187818, 1.000000000000000000),
 ( 1.000000000000000000, 0.7149063402707316328, 1.000000000000000000),
 ( 1.000000000000000000, 0.7146388945019592764, 1.000000000000000000),
 ( 1.000000000000000000, 0.7140110277312041731, 1.000000000000000000),
 ( 1.000000000000000000, 0.7136506714059799306, 1.000000000000000000),
 ( 1.000000000000000000, 0.7132504491541837854, 1.000000000000000000) ) ) 
 REPRESENTATION_ITEM ( '' )  SURFACE ( )  );
#4784 = B_SPLINE_CURVE_WITH_KNOTS ( 'NONE', 3,
 ( #101, #8921, #4676, #5220, #7620, #2314, #1019, #6811, #1597, #8158 ),
 .UNSPECIFIED., .F., .F.,
 ( 4, 2, 2, 2, 4 ),
 ( 0.000000000000000000, 0.2500000000000000000, 0.5000000000000000000, 0.7500000000000000000, 1.000000000000000000 ),
 .UNSPECIFIED. ) ;
#4785 = EDGE_CURVE ( 'NONE', #4976, #5342, #2438, .T. ) ;
#4786 = CARTESIAN_POINT ( 'NONE',  ( -1.670905825007964942E-14, 140.3054171126526057, -140.3523764172795154 ) ) ;
#4787 = LOCAL_TIME ( 22, 55, 36.00000000000000000, #6134 ) ;
#4788 = CARTESIAN_POINT ( 'NONE',  ( 66.12454613081280286, 156.3078749163919952, -69.04732040146770089 ) ) ;
#4789 = CIRCLE ( 'NONE', #798, 0.002000000000002000178 ) ;
#4790 = CARTESIAN_POINT ( 'NONE',  ( -80.00000000000000000, 140.0000000000000000, -122.8550417520426095 ) ) ;
#4791 = DIRECTION ( 'NONE',  ( -1.110223024625155924E-16, -1.000000000000000000, -4.746751567737249532E-17 ) ) ;
#4792 = EDGE_CURVE ( 'NONE', #2457, #4291, #9067, .T. ) ;
#4793 = DIRECTION ( 'NONE',  ( 7.503461164025338872E-17, -2.530833321849390164E-16, 1.000000000000000000 ) ) ;
#4794 = DIRECTION ( 'NONE',  ( 0.9998412282675075424, 0.01781534425320521059, 0.0003629954015035392542 ) ) ;
#4795 = CARTESIAN_POINT ( 'NONE',  ( 87.77580328195364245, -40.00000000000002842, -121.9514432928243650 ) ) ;
#4796 = VECTOR ( 'NONE', #4332, 1000.000000000000000 ) ;
#4797 = ORIENTED_EDGE ( 'NONE', *, *, #8821, .F. ) ;
#4798 = EDGE_CURVE ( 'NONE', #726, #6598, #6270, .T. ) ;
#4799 = ORIENTED_EDGE ( 'NONE', *, *, #5559, .T. ) ;
#4800 = ORIENTED_EDGE ( 'NONE', *, *, #5929, .F. ) ;
#4801 = DIRECTION ( 'NONE',  ( 6.123233995736769734E-17, -9.958194727654479714E-17, -1.000000000000000000 ) ) ;
#4802 = PLANE ( 'NONE',  #286 ) ;
#4803 = CARTESIAN_POINT ( 'NONE',  ( -72.75450436795166809, 140.3657177476844424, 63.61084179908132796 ) ) ;
#4804 = DIRECTION ( 'NONE',  ( 0.01744974916068334908, 0.9996954598818874604, 0.01744974916068055965 ) ) ;
#4805 = CARTESIAN_POINT ( 'NONE',  ( 7.336296776011702825, 143.6315009352969980, 82.96004486969889058 ) ) ;
#4806 = CARTESIAN_POINT ( 'NONE',  ( -74.04559660066681204, 140.3434077208648887, -99.07625418902226500 ) ) ;
#4807 = EDGE_CURVE ( 'NONE', #8451, #172, #5539, .T. ) ;
#4808 = EDGE_CURVE ( 'NONE', #7465, #6949, #2513, .T. ) ;
#4809 = CARTESIAN_POINT ( 'NONE',  ( 121.8999999999999915, 153.3320508075680095, 110.8038475772950022 ) ) ;
#4810 = CARTESIAN_POINT ( 'NONE',  ( -57.18383941392200143, -37.00000000000000000, -137.9613950285960016 ) ) ;
#4811 = DIRECTION ( 'NONE',  ( 1.541976423090495042E-15, -0.000000000000000000, 1.000000000000000000 ) ) ;
#4812 = EDGE_CURVE ( 'NONE', #2645, #5010, #9411, .T. ) ;
#4813 = ORIENTED_EDGE ( 'NONE', *, *, #4929, .F. ) ;
#4814 = CARTESIAN_POINT ( 'NONE',  ( 50.14827893721658114, -39.91861788614160389, -145.7402066501820457 ) ) ;
#4815 = CARTESIAN_POINT ( 'NONE',  ( -37.97951777538705187, 61.99999999999999289, 92.21958337732181121 ) ) ;
#4816 = CARTESIAN_POINT ( 'NONE',  ( -48.56860266133300286, 152.3605277718419302, 82.01060002023864115 ) ) ;
#4817 = CARTESIAN_POINT ( 'NONE',  ( -64.52151919347708997, 140.4935534384609639, -125.8944135303042060 ) ) ;
#4818 = CARTESIAN_POINT ( 'NONE',  ( -42.03956592373005208, 157.5000000000273133, -137.5652999085385204 ) ) ;
#4819 = CARTESIAN_POINT ( 'NONE',  ( -55.95144329303354880, -40.00000000000000711, -138.7758032817936567 ) ) ;
#4820 = CARTESIAN_POINT ( 'NONE',  ( 73.48462140672064891, 20.01391702943140416, -67.29999999999999716 ) ) ;
#4821 = FACE_OUTER_BOUND ( 'NONE', #4426, .T. ) ;
#4822 = ORIENTED_EDGE ( 'NONE', *, *, #8943, .F. ) ;
#4823 = ORIENTED_EDGE ( 'NONE', *, *, #6195, .T. ) ;
#4824 = VERTEX_POINT ( 'NONE', #9532 ) ;
#4825 = EDGE_CURVE ( 'NONE', #7137, #6669, #2972, .T. ) ;
#4826 = ORIENTED_EDGE ( 'NONE', *, *, #3450, .T. ) ;
#4827 = ORIENTED_EDGE ( 'NONE', *, *, #2332, .T. ) ;
#4828 = CARTESIAN_POINT ( 'NONE',  ( -92.17174539372538788, 153.3300508075680000, 217.8035796281026535 ) ) ;
#4829 = EDGE_CURVE ( 'NONE', #2999, #8572, #829, .T. ) ;
#4830 = CARTESIAN_POINT ( 'NONE',  ( 90.25110987776221805, 88.81701164531838799, -68.92778299018848998 ) ) ;
#4831 = DIRECTION ( 'NONE',  ( -0.01745240643728350124, 0.9998476951563911586, 0.000000000000000000 ) ) ;
#4832 = DIRECTION ( 'NONE',  ( 0.000000000000000000, 0.000000000000000000, -1.000000000000000000 ) ) ;
#4833 = CARTESIAN_POINT ( 'NONE',  ( 53.88858856842631440, -37.00000000000002132, -145.1432377256211907 ) ) ;
#4834 = LINE ( 'NONE', #4199, #8016 ) ;
#4835 = ORIENTED_EDGE ( 'NONE', *, *, #417, .T. ) ;
#4836 = CARTESIAN_POINT ( 'NONE',  ( 67.11310592664639785, 156.5005835357875128, -67.29941421356240028 ) ) ;
#4837 = CARTESIAN_POINT ( 'NONE',  ( 91.73937883391930370, 3.554140250829304737, -73.61794968637542524 ) ) ;
#4838 = PLANE ( 'NONE',  #7049 ) ;
#4839 = CARTESIAN_POINT ( 'NONE',  ( 91.72583822171264956, 4.329881404604503103, -26.00000000000000355 ) ) ;
#4840 = DIRECTION ( 'NONE',  ( 0.9998476951563912696, 0.01745240643728714416, 0.000000000000000000 ) ) ;
#4841 = CARTESIAN_POINT ( 'NONE',  ( 67.27886720198998205, -40.00000000000001421, -140.8222511702759050 ) ) ;
#4842 = ORIENTED_EDGE ( 'NONE', *, *, #5858, .T. ) ;
#4843 = ORIENTED_EDGE ( 'NONE', *, *, #6056, .F. ) ;
#4844 = EDGE_CURVE ( 'NONE', #5671, #9319, #1901, .T. ) ;
#4845 = CARTESIAN_POINT ( 'NONE',  ( -89.59999999999999432, 58.33405080756781302, 217.8018475772949785 ) ) ;
#4846 = DIRECTION ( 'NONE',  ( 1.000000000000000000, 0.000000000000000000, 0.000000000000000000 ) ) ;
#4847 = CARTESIAN_POINT ( 'NONE',  ( -77.37014807295966534, -32.66666666666665719, -74.00000000000000000 ) ) ;
#4848 = CARTESIAN_POINT ( 'NONE',  ( -75.02750329671506790, 59.15209813663870619, 62.91586365064022601 ) ) ;
#4849 = DIRECTION ( 'NONE',  ( 0.0003630530201410025353, 4.853491556017849128E-17, -0.9999999340962500982 ) ) ;
#4850 = CARTESIAN_POINT ( 'NONE',  ( 30.10206974545316427, 62.59200452362874501, 84.50607356196944409 ) ) ;
#4851 = DIRECTION ( 'NONE',  ( 0.000000000000000000, 0.000000000000000000, -1.000000000000000000 ) ) ;
#4852 = CARTESIAN_POINT ( 'NONE',  ( -39.05694834850932295, -37.00000000000001421, -145.1716081776602891 ) ) ;
#4853 = CARTESIAN_POINT ( 'NONE',  ( 66.89494726267280100, 157.5000000000000000, -109.3824043741220180 ) ) ;
#4854 = EDGE_LOOP ( 'NONE', ( #9335, #1003, #1154, #4032 ) ) ;
#4855 = AXIS2_PLACEMENT_3D ( 'NONE', #7722, #9053, #5550 ) ;
#4856 = EDGE_CURVE ( 'NONE', #7606, #4672, #1857, .T. ) ;
#4857 = ORIENTED_EDGE ( 'NONE', *, *, #8399, .T. ) ;
#4858 = DIRECTION ( 'NONE',  ( 9.333600654703124569E-33, 1.000000000000000000, 4.855507225124590245E-17 ) ) ;
#4859 = DIRECTION ( 'NONE',  ( 1.000000000000000000, 2.022266248809774821E-21, 0.000000000000000000 ) ) ;
#4860 = CARTESIAN_POINT ( 'NONE',  ( 94.70685128560218402, -37.00000000000000711, -75.94763480521530141 ) ) ;
#4861 = CARTESIAN_POINT ( 'NONE',  ( -30.00761524218049914, -37.00000000000000000, -146.0000000000000000 ) ) ;
#4862 = CARTESIAN_POINT ( 'NONE',  ( -62.63861295489776637, 140.4318592586535317, -124.2428625748640769 ) ) ;
#4863 = VECTOR ( 'NONE', #8326, 1000.000000000000114 ) ;
#4864 = FACE_OUTER_BOUND ( 'NONE', #1111, .T. ) ;
#4865 = DIRECTION ( 'NONE',  ( 0.000000000000000000, -1.156482317317874092E-15, -1.000000000000000000 ) ) ;
#4866 = CARTESIAN_POINT ( 'NONE',  ( 3.928885105298676184, 142.7689595746504096, 88.70081690521814721 ) ) ;
#4867 = ADVANCED_FACE ( 'NONE', ( #7747 ), #1134, .F. ) ;
#4868 = ORIENTED_EDGE ( 'NONE', *, *, #1603, .F. ) ;
#4869 = ORIENTED_EDGE ( 'NONE', *, *, #4792, .F. ) ;
#4870 = AXIS2_PLACEMENT_3D ( 'NONE', #2805, #3384, #6353 ) ;
#4871 = ORIENTED_EDGE ( 'NONE', *, *, #8688, .F. ) ;
#4872 = ORIENTED_EDGE ( 'NONE', *, *, #5565, .F. ) ;
#4873 = DIRECTION ( 'NONE',  ( 1.000000000000000000, 1.439580286324983625E-32, 3.612236674198094894E-16 ) ) ;
#4874 = CARTESIAN_POINT ( 'NONE',  ( 71.54167577796437172, -37.00000000000002132, -135.3101081435491437 ) ) ;
#4875 = DIRECTION ( 'NONE',  ( 1.000000000000000000, 0.000000000000000000, 0.000000000000000000 ) ) ;
#4876 = LINE ( 'NONE', #8530, #2879 ) ;
#4877 = CARTESIAN_POINT ( 'NONE',  ( 48.76855288048749060, -37.00000000000000711, -145.8432558862644441 ) ) ;
#4878 = EDGE_CURVE ( 'NONE', #2969, #6570, #2711, .T. ) ;
#4879 = CARTESIAN_POINT ( 'NONE',  ( -29.98629836118290370, -38.82238772165502638, -143.4790638811114718 ) ) ;
#4880 = EDGE_CURVE ( 'NONE', #8954, #9382, #3071, .T. ) ;
#4881 = EDGE_LOOP ( 'NONE', ( #6363, #8417, #7433, #6185, #4975 ) ) ;
#4882 = VECTOR ( 'NONE', #8195, 1000.000000000000227 ) ;
#4883 = VECTOR ( 'NONE', #563, 1000.000000000000000 ) ;
#4884 = CARTESIAN_POINT ( 'NONE',  ( 44.95525004739578634, -37.00000000000000711, -145.9476348052153867 ) ) ;
#4885 = CARTESIAN_POINT ( 'NONE',  ( 87.48140458133912034, 134.9177619782839770, -72.93919536624201783 ) ) ;
#4886 = CARTESIAN_POINT ( 'NONE',  ( -42.00000000000000000, -40.00200000000000244, -76.00199999999999534 ) ) ;
#4887 = MANIFOLD_SOLID_BREP ( 'N', #5997 ) ;
#4888 = CARTESIAN_POINT ( 'NONE',  ( 89.14822340312871063, -37.00000000000001421, -113.3481464505826182 ) ) ;
#4889 = CARTESIAN_POINT ( 'NONE',  ( -39.40154903130333253, -37.00000000000000711, -145.0474774003408243 ) ) ;
#4890 = VECTOR ( 'NONE', #4205, 1000.000000000000000 ) ;
#4891 = DIRECTION ( 'NONE',  ( 7.231268945543358372E-17, -1.583748323458199862E-16, 1.000000000000000000 ) ) ;
#4892 = ORIENTED_EDGE ( 'NONE', *, *, #4785, .F. ) ;
#4893 = ORIENTED_EDGE ( 'NONE', *, *, #7247, .F. ) ;
#4894 = CARTESIAN_POINT ( 'NONE',  ( 94.65620040156215964, -20.30373419682595326, -72.68941997959900903 ) ) ;
#4895 = LINE ( 'NONE', #4988, #7837 ) ;
#4896 = PLANE ( 'NONE',  #3304 ) ;
#4897 = CARTESIAN_POINT ( 'NONE',  ( -74.89783427662599991, 59.24245776611156344, 63.10888743355015862 ) ) ;
#4898 = VECTOR ( 'NONE', #7931, 1000.000000000000000 ) ;
#4899 = LINE ( 'NONE', #3386, #6586 ) ;
#4900 = LINE ( 'NONE', #5623, #2403 ) ;
#4901 = CARTESIAN_POINT ( 'NONE',  ( -59.07790262939025894, 157.2153357585742128, 53.63590557592913655 ) ) ;
#4902 = LINE ( 'NONE', #1286, #641 ) ;
#4903 = CARTESIAN_POINT ( 'NONE',  ( 52.78848242484332332, 157.4999999999999432, -120.7936493961608733 ) ) ;
#4904 = ORIENTED_EDGE ( 'NONE', *, *, #5095, .T. ) ;
#4905 = CARTESIAN_POINT ( 'NONE',  ( 67.20661655718726024, -39.73974619075185899, -140.9183395189147916 ) ) ;
#4906 = DIRECTION ( 'NONE',  ( -0.7069990853988242785, 0.01745240643728351165, 0.7069990853988242785 ) ) ;
#4907 = DIRECTION ( 'NONE',  ( 0.9998476951563912696, 0.01745240643728340410, -1.913693989724670103E-16 ) ) ;
#4908 = CARTESIAN_POINT ( 'NONE',  ( 88.68994668238433121, 143.9948937866757603, -67.29999999999999716 ) ) ;
#4909 = VECTOR ( 'NONE', #4608, 1000.000000000000114 ) ;
#4910 = CARTESIAN_POINT ( 'NONE',  ( -70.58426301456566421, -36.99999999999999289, -120.6011329508425547 ) ) ;
#4911 = CARTESIAN_POINT ( 'NONE',  ( -71.91049981827264048, -40.00000000000000711, -123.2750006263587181 ) ) ;
#4912 = FACE_OUTER_BOUND ( 'NONE', #6900, .T. ) ;
#4913 = ADVANCED_FACE ( 'NONE', ( #4943 ), #7118, .T. ) ;
#4914 = DIRECTION ( 'NONE',  ( -1.913402524860850093E-16, -3.339856530526139354E-18, -1.000000000000000000 ) ) ;
#4915 = ORIENTED_EDGE ( 'NONE', *, *, #7765, .T. ) ;
#4916 = SHAPE_DEFINITION_REPRESENTATION ( #1224, #9330 ) ;
#4917 = AXIS2_PLACEMENT_3D ( 'NONE', #6599, #5194, #5830 ) ;
#4918 = EDGE_LOOP ( 'NONE', ( #9215, #9478, #226, #3752 ) ) ;
#4919 = ORIENTED_EDGE ( 'NONE', *, *, #5398, .T. ) ;
#4920 = VERTEX_POINT ( 'NONE', #2951 ) ;
#4921 = DIRECTION ( 'NONE',  ( -7.165827653609149284E-17, 4.855507225124589628E-17, -1.000000000000000000 ) ) ;
#4922 = CARTESIAN_POINT ( 'NONE',  ( -70.79286318108690068, 140.3198134784729518, 61.99387737804761400 ) ) ;
#4923 = DIRECTION ( 'NONE',  ( 1.000000000000000000, 0.000000000000000000, 0.000000000000000000 ) ) ;
#4924 = CARTESIAN_POINT ( 'NONE',  ( -77.44713277930932804, -36.99999571097163908, -73.33271547851194327 ) ) ;
#4925 = CARTESIAN_POINT ( 'NONE',  ( 67.22650200712220681, -37.00000000000002132, -140.7698859754939633 ) ) ;
#4926 = ORIENTED_EDGE ( 'NONE', *, *, #6804, .T. ) ;
#4927 = CARTESIAN_POINT ( 'NONE',  ( 89.34984498869921765, 140.4264501268273762, -67.29999999999999716 ) ) ;
#4928 = ORIENTED_EDGE ( 'NONE', *, *, #8377, .T. ) ;
#4929 = EDGE_CURVE ( 'NONE', #7974, #5342, #8717, .T. ) ;
#4930 = DIRECTION ( 'NONE',  ( -1.000000000000000000, 0.000000000000000000, 2.943901461767994869E-16 ) ) ;
#4931 = DIRECTION ( 'NONE',  ( 0.000000000000000000, 0.000000000000000000, -1.000000000000000000 ) ) ;
#4932 = LINE ( 'NONE', #2796, #9333 ) ;
#4933 = AXIS2_PLACEMENT_3D ( 'NONE', #5327, #4557, #7497 ) ;
#4934 = CARTESIAN_POINT ( 'NONE',  ( 91.71130190942047022, -37.00000000000001421, -104.2848843901633842 ) ) ;
#4935 = CARTESIAN_POINT ( 'NONE',  ( -29.98629836118289660, -39.65137702742600112, -95.98629836118290370 ) ) ;
#4936 = CARTESIAN_POINT ( 'NONE',  ( 63.31672946726406082, -40.00000000000002132, -142.5273360710629333 ) ) ;
#4937 = EDGE_LOOP ( 'NONE', ( #3852, #5572, #5031, #4460 ) ) ;
#4938 = ORIENTED_EDGE ( 'NONE', *, *, #9157, .F. ) ;
#4939 = VECTOR ( 'NONE', #5982, 1000.000000000000114 ) ;
#4940 = EDGE_CURVE ( 'NONE', #7041, #853, #8120, .T. ) ;
#4941 = CARTESIAN_POINT ( 'NONE',  ( -80.00000000000000000, -37.00000000000000000, -73.00000000000000000 ) ) ;
#4942 = CARTESIAN_POINT ( 'NONE',  ( -77.29340555032891302, -28.33333333333334281, -74.00000000000000000 ) ) ;
#4943 = FACE_OUTER_BOUND ( 'NONE', #7800, .T. ) ;
#4944 = CARTESIAN_POINT ( 'NONE',  ( -94.78139602057062518, 56.73205080756771679, 149.9461524227070015 ) ) ;
#4945 = FACE_OUTER_BOUND ( 'NONE', #9438, .T. ) ;
#4946 = EDGE_CURVE ( 'NONE', #6992, #7114, #4410, .T. ) ;
#4947 = CARTESIAN_POINT ( 'NONE',  ( -65.16590001485522521, 152.9664283435162986, 59.72400520314788253 ) ) ;
#4948 = CARTESIAN_POINT ( 'NONE',  ( -76.20941417809908103, -37.00000000000000000, -115.0928944542495174 ) ) ;
#4949 = VECTOR ( 'NONE', #5959, 1000.000000000000000 ) ;
#4950 = EDGE_LOOP ( 'NONE', ( #534, #6423, #8207, #3911 ) ) ;
#4951 = CARTESIAN_POINT ( 'NONE',  ( 69.05638210238866748, 157.4999999999999716, -105.5305797601497773 ) ) ;
#4952 = EDGE_LOOP ( 'NONE', ( #4160, #8021, #5390, #4306 ) ) ;
#4953 = ORIENTED_EDGE ( 'NONE', *, *, #1161, .T. ) ;
#4954 = CARTESIAN_POINT ( 'NONE',  ( 78.89017244951959640, -39.69234787846550461, -132.7600954358773322 ) ) ;
#4955 = CARTESIAN_POINT ( 'NONE',  ( 94.19314758486707717, -37.00000000000001421, -104.9394928037909835 ) ) ;
#4956 = CARTESIAN_POINT ( 'NONE',  ( -94.78139602057051150, 154.9320508075680038, 217.8018475772954901 ) ) ;
#4957 = AXIS2_PLACEMENT_3D ( 'NONE', #38, #5296, #4526 ) ;
#4958 = DIRECTION ( 'NONE',  ( 0.000000000000000000, 0.4999999999999947264, -0.8660254037844418162 ) ) ;
#4959 = CARTESIAN_POINT ( 'NONE',  ( 13.00000000000000355, -55.00000000000000000, -74.00000000000000000 ) ) ;
#4960 = PLANE ( 'NONE',  #255 ) ;
#4961 = CARTESIAN_POINT ( 'NONE',  ( -89.59999999999999432, 154.9320508075680038, 120.8038475772952012 ) ) ;
#4962 = CARTESIAN_POINT ( 'NONE',  ( 5.062687515180741116, 143.0779447215405469, 88.04971755720985982 ) ) ;
#4963 = ORIENTED_EDGE ( 'NONE', *, *, #699, .F. ) ;
#4964 = ORIENTED_EDGE ( 'NONE', *, *, #299, .F. ) ;
#4965 = ORIENTED_EDGE ( 'NONE', *, *, #7677, .F. ) ;
#4966 = CARTESIAN_POINT ( 'NONE',  ( 84.44997014221999621, 152.1511005813386248, -66.18679434728055355 ) ) ;
#4967 = CARTESIAN_POINT ( 'NONE',  ( -26.85961089735093310, 140.3490481287456646, -142.8519956551705263 ) ) ;
#4968 = EDGE_CURVE ( 'NONE', #4584, #3484, #4119, .T. ) ;
#4969 = CARTESIAN_POINT ( 'NONE',  ( -74.01246208620200662, 140.3242887821707257, 54.84351630705130987 ) ) ;
#4970 = LINE ( 'NONE', #2213, #1359 ) ;
#4971 = CARTESIAN_POINT ( 'NONE',  ( -44.84133267772070042, 153.9993639987473841, 78.28353074082890828 ) ) ;
#4972 = EDGE_CURVE ( 'NONE', #9193, #9239, #1465, .T. ) ;
#4973 = ORIENTED_EDGE ( 'NONE', *, *, #5122, .F. ) ;
#4974 = CARTESIAN_POINT ( 'NONE',  ( -29.99238359780465046, -37.00000000000000000, -95.99238359780468954 ) ) ;
#4975 = ORIENTED_EDGE ( 'NONE', *, *, #3318, .F. ) ;
#4976 = VERTEX_POINT ( 'NONE', #1517 ) ;
#4977 = DIRECTION ( 'NONE',  ( -7.165827653609149284E-17, 4.855507225124589628E-17, -1.000000000000000000 ) ) ;
#4978 = DIRECTION ( 'NONE',  ( -1.000000000000000000, -2.022266248809774821E-21, 0.000000000000000000 ) ) ;
#4979 = CARTESIAN_POINT ( 'NONE',  ( 97.37748030336528871, 160.7171392947464881, 152.6030191501704962 ) ) ;
#4980 = EDGE_CURVE ( 'NONE', #4500, #5707, #2932, .T. ) ;
#4981 = DIRECTION ( 'NONE',  ( 0.9861451850234025374, 0.1658845202397109808, 0.000000000000000000 ) ) ;
#4982 = CARTESIAN_POINT ( 'NONE',  ( 92.50000000000000000, -40.00000000000000000, -91.00000000000000000 ) ) ;
#4983 = EDGE_CURVE ( 'NONE', #6570, #3695, #745, .T. ) ;
#4984 = VERTEX_POINT ( 'NONE', #2991 ) ;
#4985 = CARTESIAN_POINT ( 'NONE',  ( 86.64398198493242376, -40.00000000000002842, -123.6804597800992127 ) ) ;
#4986 = ORIENTED_EDGE ( 'NONE', *, *, #9168, .T. ) ;
#4987 = ORIENTED_EDGE ( 'NONE', *, *, #6229, .T. ) ;
#4988 = CARTESIAN_POINT ( 'NONE',  ( -29.99238359780465046, -37.00000000000000000, -91.00000000000000000 ) ) ;
#4989 = LINE ( 'NONE', #7840, #3943 ) ;
#4990 = CARTESIAN_POINT ( 'NONE',  ( -74.88804020681388351, 59.24920902428024050, 63.12331021248441942 ) ) ;
#4991 = CARTESIAN_POINT ( 'NONE',  ( 82.93647812605914282, 156.7259687816253688, -66.02702987654646449 ) ) ;
#4992 = CARTESIAN_POINT ( 'NONE',  ( -58.97515238653988234, 157.2413405854743189, 53.53320631500410087 ) ) ;
#4993 = LINE ( 'NONE', #9367, #6194 ) ;
#4994 = EDGE_CURVE ( 'NONE', #1024, #6775, #5966, .T. ) ;
#4995 = VERTEX_POINT ( 'NONE', #609 ) ;
#4996 = CARTESIAN_POINT ( 'NONE',  ( 66.46109183501216933, 157.5000000000000000, -110.0251951475383976 ) ) ;
#4997 = VERTEX_POINT ( 'NONE', #6499 ) ;
#4998 = EDGE_CURVE ( 'NONE', #6197, #6861, #5009, .T. ) ;
#4999 = ORIENTED_EDGE ( 'NONE', *, *, #3633, .T. ) ;
#5000 = CARTESIAN_POINT ( 'NONE',  ( 54.69146057291034424, -39.85888025543933111, -145.0504131886483776 ) ) ;
#5001 = CARTESIAN_POINT ( 'NONE',  ( 82.79292837998892196, -37.00000000000002132, -128.9132388804572997 ) ) ;
#5002 = CARTESIAN_POINT ( 'NONE',  ( 88.32041393207228452, 140.4531825440272144, -111.3112863516454638 ) ) ;
#5003 = CARTESIAN_POINT ( 'NONE',  ( 79.65601817150086106, 154.7136928897537302, -67.29999999999998295 ) ) ;
#5004 = FACE_OUTER_BOUND ( 'NONE', #5525, .T. ) ;
#5005 = CARTESIAN_POINT ( 'NONE',  ( -41.11822893595937245, 157.5000000000000568, -119.2843019753493223 ) ) ;
#5006 = DIRECTION ( 'NONE',  ( -0.01745240643728375451, 0.9998476951563911586, 0.000000000000000000 ) ) ;
#5007 = CARTESIAN_POINT ( 'NONE',  ( 10.40000000000000213, 58.33205080756781058, 95.40384757729519549 ) ) ;
#5008 = ORIENTED_EDGE ( 'NONE', *, *, #8093, .F. ) ;
#5009 = B_SPLINE_CURVE_WITH_KNOTS ( 'NONE', 3,
 ( #9413, #2806, #5768, #1702, #1606, #2510, #8347, #207, #6015, #9065, #1744, #7449, #4551, #1654, #2463, #8933, #892, #5370, #7490, #2328, #6864, #3822, #1566, #251, #3040, #6771, #115, #1028, #3180, #4686, #6151, #8298, #845, #4598, #7585, #5276, #5320, #7630, #6098, #3915 ),
 .UNSPECIFIED., .F., .F.,
 ( 4, 2, 2, 2, 1, 1, 1, 1, 1, 2, 2, 2, 2, 2, 2, 2, 1, 1, 1, 1, 1, 2, 2, 2, 4 ),
 ( 0.000000000000000000, 0.1250000000000536515, 0.1875000000000804912, 0.2187500000000938971, 0.2343750000001005862, 0.2421875000001040557, 0.2460937500001058043, 0.2480468750001068312, 0.2490234375001073586, 0.2495117187501074973, 0.2500000000001076361, 0.3750000000000960898, 0.5000000000000845990, 0.6250000000000733857, 0.6875000000000678346, 0.7187500000000646150, 0.7343750000000630607, 0.7421875000000622835, 0.7460937500000617284, 0.7480468750000615064, 0.7490234375000617284, 0.7495117187500616174, 0.7500000000000613953, 0.8750000000000307532, 1.000000000000000000 ),
 .UNSPECIFIED. ) ;
#5010 = VERTEX_POINT ( 'NONE', #164 ) ;
#5011 = EDGE_LOOP ( 'NONE', ( #1175, #3048, #8065, #7168 ) ) ;
#5012 = PLANE ( 'NONE',  #6607 ) ;
#5013 = ADVANCED_FACE ( 'NONE', ( #6821 ), #5423, .F. ) ;
#5014 = LINE ( 'NONE', #6475, #5629 ) ;
#5015 = CARTESIAN_POINT ( 'NONE',  ( -50.35168631218259350, 62.00000000000000000, 84.59435188645456094 ) ) ;
#5016 = DIRECTION ( 'NONE',  ( -1.000000000000000000, -0.000000000000000000, 1.541976423090495042E-15 ) ) ;
#5017 = CARTESIAN_POINT ( 'NONE',  ( -49.13856671743553761, 145.5996596392542699, 82.58047415034103267 ) ) ;
#5018 = VERTEX_POINT ( 'NONE', #3963 ) ;
#5019 = VECTOR ( 'NONE', #6832, 1000.000000000000000 ) ;
#5020 = FACE_OUTER_BOUND ( 'NONE', #3193, .T. ) ;
#5021 = ORIENTED_EDGE ( 'NONE', *, *, #2327, .T. ) ;
#5022 = VERTEX_POINT ( 'NONE', #6057 ) ;
#5023 = CARTESIAN_POINT ( 'NONE',  ( -76.50898701435637861, 160.0000000000000284, -92.85961089735103258 ) ) ;
#5024 = CARTESIAN_POINT ( 'NONE',  ( -55.51611394293212243, -39.71991551524448028, -139.0307778997218406 ) ) ;
#5025 = AXIS2_PLACEMENT_3D ( 'NONE', #9268, #6305, #1180 ) ;
#5026 = CARTESIAN_POINT ( 'NONE',  ( -27.99999999999999645, -40.00000000024950708, -74.00000062437550241 ) ) ;
#5027 = CARTESIAN_POINT ( 'NONE',  ( 77.37883729521047371, -37.00000000000002132, -130.6968327913387782 ) ) ;
#5028 = DIRECTION ( 'NONE',  ( 0.000000000000000000, -1.000000000000000000, 0.000000000000000000 ) ) ;
#5029 = DIRECTION ( 'NONE',  ( 0.000000000000000000, -1.000000000000000000, -1.583748323458199862E-16 ) ) ;
#5030 = AXIS2_PLACEMENT_3D ( 'NONE', #5990, #3114, #5300 ) ;
#5031 = ORIENTED_EDGE ( 'NONE', *, *, #6369, .F. ) ;
#5032 = VECTOR ( 'NONE', #466, 999.9999999999998863 ) ;
#5033 = ORIENTED_EDGE ( 'NONE', *, *, #2896, .F. ) ;
#5034 = CARTESIAN_POINT ( 'NONE',  ( -94.78139602057069624, 153.3320508075674979, 95.40384757729535181 ) ) ;
#5035 = CARTESIAN_POINT ( 'NONE',  ( -80.00000000000000000, -37.00000000000000000, -73.00000000000000000 ) ) ;
#5036 = CARTESIAN_POINT ( 'NONE',  ( 29.23775423656119798, 62.00000054249269965, 85.48904649842243941 ) ) ;
#5037 = CARTESIAN_POINT ( 'NONE',  ( 89.47971105558571026, 20.43486074219055126, -72.93846987499357226 ) ) ;
#5038 = AXIS2_PLACEMENT_3D ( 'NONE', #8550, #9271, #2667 ) ;
#5039 = ORIENTED_EDGE ( 'NONE', *, *, #3060, .F. ) ;
#5040 = VECTOR ( 'NONE', #2030, 1000.000000000000114 ) ;
#5041 = ORIENTED_EDGE ( 'NONE', *, *, #4146, .T. ) ;
#5042 = CARTESIAN_POINT ( 'NONE',  ( -61.22281731732988419, 156.3738105596256105, 55.78084443162754269 ) ) ;
#5043 = FACE_OUTER_BOUND ( 'NONE', #6521, .T. ) ;
#5044 = ORIENTED_EDGE ( 'NONE', *, *, #4780, .F. ) ;
#5045 = EDGE_CURVE ( 'NONE', #2086, #5745, #6915, .T. ) ;
#5046 = CARTESIAN_POINT ( 'NONE',  ( 66.99942378564911394, 157.4834987973395926, 8.495309342120499707 ) ) ;
#5047 = ORIENTED_EDGE ( 'NONE', *, *, #2324, .F. ) ;
#5048 = LINE ( 'NONE', #8803, #1314 ) ;
#5049 = AXIS2_PLACEMENT_3D ( 'NONE', #8418, #1820, #959 ) ;
#5050 = CARTESIAN_POINT ( 'NONE',  ( 87.63856241996874985, -37.00000000000001421, -122.1149850005839852 ) ) ;
#5051 = DIRECTION ( 'NONE',  ( 5.390695917567118667E-33, 4.855507225124589012E-17, -1.000000000000000000 ) ) ;
#5052 = EDGE_CURVE ( 'NONE', #8302, #3549, #7540, .T. ) ;
#5053 = EDGE_CURVE ( 'NONE', #2844, #969, #2368, .T. ) ;
#5054 = LINE ( 'NONE', #5104, #5971 ) ;
#5055 = CARTESIAN_POINT ( 'NONE',  ( -73.01610547879261048, -36.99999999999998579, -116.0167358178874792 ) ) ;
#5056 = FACE_OUTER_BOUND ( 'NONE', #9365, .T. ) ;
#5057 = LINE ( 'NONE', #821, #480 ) ;
#5058 = VECTOR ( 'NONE', #2351, 1000.000000000000000 ) ;
#5059 = CARTESIAN_POINT ( 'NONE',  ( 357.3840944635300048, -40.00000000000000000, -76.00000000000000000 ) ) ;
#5060 = ORIENTED_EDGE ( 'NONE', *, *, #4798, .F. ) ;
#5061 = EDGE_LOOP ( 'NONE', ( #5446, #6233, #7824, #8752 ) ) ;
#5062 = ORIENTED_EDGE ( 'NONE', *, *, #2324, .T. ) ;
#5063 = CARTESIAN_POINT ( 'NONE',  ( 71.85504175204270894, 157.5000000000000000, -66.00000000000000000 ) ) ;
#5064 = CARTESIAN_POINT ( 'NONE',  ( 89.81378025153132683, 1.296049324456740814, -72.30200000000000671 ) ) ;
#5065 = ADVANCED_FACE ( 'NONE', ( #3871 ), #3132, .T. ) ;
#5066 = CARTESIAN_POINT ( 'NONE',  ( -71.77188905221149184, 140.3266849000222294, 60.58441960535358106 ) ) ;
#5067 = DIRECTION ( 'NONE',  ( 0.01745240643728307103, -0.9998476951563913806, 0.000000000000000000 ) ) ;
#5068 = CARTESIAN_POINT ( 'NONE',  ( -94.78139602057051150, 56.73205080756771679, 217.8018475772955185 ) ) ;
#5069 = ORIENTED_EDGE ( 'NONE', *, *, #137, .F. ) ;
#5070 = CIRCLE ( 'NONE', #7227, 16.98292805394314797 ) ;
#5071 = CARTESIAN_POINT ( 'NONE',  ( 79.15874566036310966, 159.9999999999727436, -125.5762144809171446 ) ) ;
#5072 = ORIENTED_EDGE ( 'NONE', *, *, #5529, .T. ) ;
#5073 = ORIENTED_EDGE ( 'NONE', *, *, #1525, .F. ) ;
#5074 = DIRECTION ( 'NONE',  ( 0.000000000000000000, -0.8660254037844384856, -0.5000000000000004441 ) ) ;
#5075 = CARTESIAN_POINT ( 'NONE',  ( -4.768706341644585400, 140.3054171126525205, 88.35237641727947278 ) ) ;
#5076 = VECTOR ( 'NONE', #3706, 1000.000000000000000 ) ;
#5077 = CARTESIAN_POINT ( 'NONE',  ( -56.94936002627602534, -39.71261340100995341, -138.1439171142110069 ) ) ;
#5078 = LINE ( 'NONE', #7441, #1033 ) ;
#5079 = ORIENTED_EDGE ( 'NONE', *, *, #6541, .F. ) ;
#5080 = ADVANCED_FACE ( 'NONE', ( #3233 ), #9112, .F. ) ;
#5081 = LINE ( 'NONE', #3568, #4949 ) ;
#5082 = CARTESIAN_POINT ( 'NONE',  ( -68.01060002023857010, 152.3605277718419018, 62.56860266133303128 ) ) ;
#5083 = ORIENTED_EDGE ( 'NONE', *, *, #5174, .F. ) ;
#5084 = ORIENTED_EDGE ( 'NONE', *, *, #684, .F. ) ;
#5085 = CYLINDRICAL_SURFACE ( 'NONE', #4757, 17.50000000000000000 ) ;
#5086 = DIRECTION ( 'NONE',  ( -1.000000000000000000, 5.551115123125779621E-17, 1.922270984668059849E-16 ) ) ;
#5087 = CARTESIAN_POINT ( 'NONE',  ( 20.81427326434780767, 62.00000000526136290, 89.39951443081423577 ) ) ;
#5088 = CARTESIAN_POINT ( 'NONE',  ( 84.30880834091460940, 155.7465691642967442, -66.06147548236134526 ) ) ;
#5089 = ORIENTED_EDGE ( 'NONE', *, *, #2283, .F. ) ;
#5090 = ORIENTED_EDGE ( 'NONE', *, *, #5347, .T. ) ;
#5091 = CARTESIAN_POINT ( 'NONE',  ( -63.55211070440741850, 154.7155905107143781, 58.11011341160057242 ) ) ;
#5092 = DIRECTION ( 'NONE',  ( 0.000000000000000000, 0.000000000000000000, -1.000000000000000000 ) ) ;
#5093 = EDGE_LOOP ( 'NONE', ( #1374, #5326, #3265, #8581 ) ) ;
#5094 = DIRECTION ( 'NONE',  ( 0.000000000000000000, 0.000000000000000000, -1.000000000000000000 ) ) ;
#5095 = EDGE_CURVE ( 'NONE', #1481, #6846, #2608, .T. ) ;
#5096 = VECTOR ( 'NONE', #2696, 1000.000000000000000 ) ;
#5097 = VECTOR ( 'NONE', #6371, 1000.000000000000000 ) ;
#5098 = EDGE_CURVE ( 'NONE', #353, #5022, #3652, .T. ) ;
#5099 = EDGE_LOOP ( 'NONE', ( #9109, #2196, #3219, #4558 ) ) ;
#5100 = CARTESIAN_POINT ( 'NONE',  ( 90.54294190809814324, -39.75216175989583434, -116.6386048664436572 ) ) ;
#5101 = ADVANCED_FACE ( 'NONE', ( #7733 ), #7779, .T. ) ;
#5102 = CARTESIAN_POINT ( 'NONE',  ( 91.74282073741008503, -37.00000000000001421, -113.7471944444142053 ) ) ;
#5103 = DIRECTION ( 'NONE',  ( -1.000000000000000000, -0.000000000000000000, -0.000000000000000000 ) ) ;
#5104 = CARTESIAN_POINT ( 'NONE',  ( 90.39999999999999147, 38.23686027918554942, 191.4461524227065183 ) ) ;
#5105 = EDGE_CURVE ( 'NONE', #5500, #5968, #9258, .T. ) ;
#5106 = CARTESIAN_POINT ( 'NONE',  ( -74.07586204995378409, -36.99999999999999289, -113.5309242806172847 ) ) ;
#5107 = VECTOR ( 'NONE', #2565, 1000.000000000000000 ) ;
#5108 = CARTESIAN_POINT ( 'NONE',  ( -52.03510005416046624, 157.5000000000000284, -109.1680386122633166 ) ) ;
#5109 = CARTESIAN_POINT ( 'NONE',  ( 89.76047037488707758, 4.295575781232624735, -69.30000000000001137 ) ) ;
#5110 = FACE_OUTER_BOUND ( 'NONE', #4616, .T. ) ;
#5111 = EDGE_CURVE ( 'NONE', #7589, #8398, #451, .T. ) ;
#5112 = ORIENTED_EDGE ( 'NONE', *, *, #3795, .F. ) ;
#5113 = AXIS2_PLACEMENT_3D ( 'NONE', #2584, #8318, #1721 ) ;
#5114 = ORIENTED_EDGE ( 'NONE', *, *, #8748, .T. ) ;
#5115 = EDGE_LOOP ( 'NONE', ( #5324, #4583, #1773, #435 ) ) ;
#5116 = CARTESIAN_POINT ( 'NONE',  ( 89.48218452922293409, 20.29315553242789960, -69.30095280244881906 ) ) ;
#5117 = CARTESIAN_POINT ( 'NONE',  ( 66.89222690360979584, 157.9780133412367320, -66.00000000000000000 ) ) ;
#5118 = CARTESIAN_POINT ( 'NONE',  ( -73.60306070303543891, 140.3289522348588036, 56.47720088198199306 ) ) ;
#5119 = FACE_OUTER_BOUND ( 'NONE', #1934, .T. ) ;
#5120 = CARTESIAN_POINT ( 'NONE',  ( -48.98598840530392096, 146.1983821730519821, 82.42796108263016208 ) ) ;
#5121 = VERTEX_POINT ( 'NONE', #6293 ) ;
#5122 = EDGE_CURVE ( 'NONE', #2067, #5284, #267, .T. ) ;
#5123 = ADVANCED_FACE ( 'NONE', ( #348 ), #3277, .F. ) ;
#5124 = FACE_OUTER_BOUND ( 'NONE', #7668, .T. ) ;
#5125 = ORIENTED_EDGE ( 'NONE', *, *, #4812, .T. ) ;
#5126 = EDGE_LOOP ( 'NONE', ( #8497, #3878, #5865, #3266 ) ) ;
#5127 = CARTESIAN_POINT ( 'NONE',  ( -77.44725398510556147, -37.00000000000000000, -90.00000000000001421 ) ) ;
#5128 = CARTESIAN_POINT ( 'NONE',  ( 92.89999999999983515, 56.73205080756780205, 95.40384757729513865 ) ) ;
#5129 = CARTESIAN_POINT ( 'NONE',  ( -65.85990289128618258, -39.69168444639764459, -130.8399621674269611 ) ) ;
#5130 = EDGE_CURVE ( 'NONE', #2125, #4488, #5610, .T. ) ;
#5131 = CARTESIAN_POINT ( 'NONE',  ( 67.00000003807436144, 159.8400214806544284, 2.656646585899554935 ) ) ;
#5132 = LINE ( 'NONE', #3663, #6284 ) ;
#5133 = LINE ( 'NONE', #13, #6959 ) ;
#5134 = CARTESIAN_POINT ( 'NONE',  ( -63.05710403324653157, 158.0206674201828605, 57.61510667434100696 ) ) ;
#5135 = ORIENTED_EDGE ( 'NONE', *, *, #4968, .F. ) ;
#5136 = LINE ( 'NONE', #1515, #8447 ) ;
#5137 = DIRECTION ( 'NONE',  ( -0.007228834559800939932, -0.9998215707699756871, 0.01745195043442226632 ) ) ;
#5138 = CARTESIAN_POINT ( 'NONE',  ( 21.34794136844520551, 62.00001977441579726, 89.29301823355910983 ) ) ;
#5139 = CARTESIAN_POINT ( 'NONE',  ( 88.36078208274946633, 151.2966564384305457, -66.21666198064619380 ) ) ;
#5140 = CARTESIAN_POINT ( 'NONE',  ( 91.88852098952440883, -2.968390951838845382, -67.30000000000003979 ) ) ;
#5141 = CARTESIAN_POINT ( 'NONE',  ( -79.02954601812402302, -36.99999999999999289, -105.8002052717120023 ) ) ;
#5142 = VERTEX_POINT ( 'NONE', #1891 ) ;
#5143 = PLANE ( 'NONE',  #1395 ) ;
#5144 = EDGE_CURVE ( 'NONE', #658, #4548, #9490, .T. ) ;
#5145 = ORIENTED_EDGE ( 'NONE', *, *, #1583, .T. ) ;
#5146 = CARTESIAN_POINT ( 'NONE',  ( 80.30493387609841704, -39.69160042378195641, -131.4012226171541329 ) ) ;
#5147 = CARTESIAN_POINT ( 'NONE',  ( 63.75092280380845011, -37.00000000000000000, -142.3486065338908020 ) ) ;
#5148 = PLANE ( 'NONE',  #2393 ) ;
#5149 = CARTESIAN_POINT ( 'NONE',  ( -4.768706341644596058, 157.5000000000000284, 70.85504175204262367 ) ) ;
#5150 = ORIENTED_EDGE ( 'NONE', *, *, #9083, .F. ) ;
#5151 = CARTESIAN_POINT ( 'NONE',  ( -89.59999999999999432, 153.3320508075680095, 217.8018475772952343 ) ) ;
#5152 = CARTESIAN_POINT ( 'NONE',  ( -44.02519514740475870, 157.5000000000000000, -117.4610918350926028 ) ) ;
#5153 = CARTESIAN_POINT ( 'NONE',  ( -80.00000000000000000, 160.0000000000000000, 70.85504175204262367 ) ) ;
#5154 = CARTESIAN_POINT ( 'NONE',  ( 96.34773455264742381, 160.3423424926230325, 152.6030191501704962 ) ) ;
#5155 = EDGE_LOOP ( 'NONE', ( #6899, #4504, #5272, #4492, #5656, #1981 ) ) ;
#5156 = ORIENTED_EDGE ( 'NONE', *, *, #5499, .T. ) ;
#5157 = CARTESIAN_POINT ( 'NONE',  ( 88.62024356336952735, 145.0390090409160564, -66.43533371437986546 ) ) ;
#5158 = FACE_OUTER_BOUND ( 'NONE', #1306, .T. ) ;
#5159 = CARTESIAN_POINT ( 'NONE',  ( -74.30547977429320383, 140.3138403773357936, 52.69121963805732634 ) ) ;
#5160 = CARTESIAN_POINT ( 'NONE',  ( 80.11786872623633826, 154.6145349572811369, -69.29999999999999716 ) ) ;
#5161 = B_SPLINE_CURVE_WITH_KNOTS ( 'NONE', 3,
 ( #1869, #3895, #7661, #7031, #1054, #1726, #6175, #6843, #3349, #4763, #1677, #4619, #1103, #7562, #961, #4665, #7609, #3942, #8612, #9373, #2103, #7225, #9423, #5587, #2676, #9323, #619, #7081, #8558, #3488, #5633, #476, #5002, #6460, #4129, #3398, #6366, #8705, #2633, #4273 ),
 .UNSPECIFIED., .F., .F.,
 ( 4, 2, 2, 2, 1, 1, 1, 1, 1, 2, 2, 2, 2, 2, 2, 2, 1, 1, 1, 1, 1, 2, 2, 2, 4 ),
 ( 0.000000000000000000, 0.1249999999999768796, 0.1874999999999653055, 0.2187499999999595324, 0.2343749999999564515, 0.2421874999999550637, 0.2460937499999542311, 0.2480468749999534817, 0.2490234374999528988, 0.2495117187499526490, 0.2499999999999524269, 0.3749999999999386047, 0.4999999999999248379, 0.6249999999999118483, 0.6874999999999052980, 0.7187499999999024114, 0.7343749999999010791, 0.7421874999999004130, 0.7460937499998998579, 0.7480468749998997469, 0.7490234374998997469, 0.7495117187498999689, 0.7499999999999001910, 0.8749999999999500400, 1.000000000000000000 ),
 .UNSPECIFIED. ) ;
#5162 = CARTESIAN_POINT ( 'NONE',  ( -46.09513086336676935, 152.4696853417724753, 79.53712818589661993 ) ) ;
#5163 = EDGE_LOOP ( 'NONE', ( #8963, #698, #4015 ) ) ;
#5164 = ADVANCED_FACE ( 'NONE', ( #9297 ), #2699, .T. ) ;
#5165 = CARTESIAN_POINT ( 'NONE',  ( 0.4844684766220855310, 160.1084238425083868, 82.39489049784529584 ) ) ;
#5166 = CARTESIAN_POINT ( 'NONE',  ( 57.82740079602320549, 159.9999999999454872, -139.8855700577503001 ) ) ;
#5167 = ORIENTED_EDGE ( 'NONE', *, *, #6867, .T. ) ;
#5168 = VECTOR ( 'NONE', #9386, 1000.000000000000000 ) ;
#5169 = ORIENTED_EDGE ( 'NONE', *, *, #8093, .T. ) ;
#5170 = DIRECTION ( 'NONE',  ( 0.000000000000000000, 0.000000000000000000, 1.000000000000000000 ) ) ;
#5171 = CARTESIAN_POINT ( 'NONE',  ( 91.97007995202942254, -9.667987932747012181, -74.00000000000002842 ) ) ;
#5172 = EDGE_CURVE ( 'NONE', #4348, #5685, #549, .T. ) ;
#5173 = CARTESIAN_POINT ( 'NONE',  ( -76.26894081232589429, -39.76546666986691037, -114.9463429099705962 ) ) ;
#5174 = EDGE_CURVE ( 'NONE', #6712, #7736, #4010, .T. ) ;
#5175 = CARTESIAN_POINT ( 'NONE',  ( 84.90000000000000568, 159.1171392947464653, 152.6030191501704962 ) ) ;
#5176 = EDGE_CURVE ( 'NONE', #203, #2901, #7009, .T. ) ;
#5177 = PLANE ( 'NONE',  #9488 ) ;
#5178 = ADVANCED_FACE ( 'NONE', ( #7342 ), #647, .T. ) ;
#5179 = DIRECTION ( 'NONE',  ( -1.000000000000000000, 0.000000000000000000, 0.000000000000000000 ) ) ;
#5180 = CARTESIAN_POINT ( 'NONE',  ( 94.94763480521532983, -37.00000000000000711, -95.95525004739590713 ) ) ;
#5181 = ORIENTED_EDGE ( 'NONE', *, *, #9380, .T. ) ;
#5182 = EDGE_CURVE ( 'NONE', #5885, #28, #7202, .T. ) ;
#5183 = VECTOR ( 'NONE', #6097, 1000.000000000000000 ) ;
#5184 = CARTESIAN_POINT ( 'NONE',  ( 67.11310592664639785, 156.5005835357875696, -67.29941421356240028 ) ) ;
#5185 = DIRECTION ( 'NONE',  ( 5.647072517543570993E-33, -1.000000000000000000, -4.083550012934418183E-49 ) ) ;
#5186 = DIRECTION ( 'NONE',  ( -1.000000000000000000, -1.145251006897963878E-32, 7.231268945543358372E-17 ) ) ;
#5187 = CARTESIAN_POINT ( 'NONE',  ( -80.00000000000000000, 160.0000000000000000, -122.8550417520426095 ) ) ;
#5188 = VERTEX_POINT ( 'NONE', #6487 ) ;
#5189 = CARTESIAN_POINT ( 'NONE',  ( 2.399999999999930189, 154.9340508075675018, 97.00584757729519936 ) ) ;
#5190 = LINE ( 'NONE', #2854, #2023 ) ;
#5191 = VECTOR ( 'NONE', #9158, 1000.000000000000000 ) ;
#5192 = CARTESIAN_POINT ( 'NONE',  ( 87.48103829603709869, 134.9387464491811954, -75.93919569693431981 ) ) ;
#5193 = ORIENTED_EDGE ( 'NONE', *, *, #3510, .T. ) ;
#5194 = DIRECTION ( 'NONE',  ( 0.9854601157443479975, -0.1699069165076464993, -1.974971979273194356E-16 ) ) ;
#5195 = DIRECTION ( 'NONE',  ( -0.9998476951563912696, -0.01745240643728360533, 3.503998260924795799E-16 ) ) ;
#5196 = CARTESIAN_POINT ( 'NONE',  ( -104.5999999999999943, 58.33205080756781058, 212.4038475772949823 ) ) ;
#5197 = VECTOR ( 'NONE', #5519, 1000.000000000000000 ) ;
#5198 = CARTESIAN_POINT ( 'NONE',  ( -4.324036173270279448, 157.5000000000000284, 71.29971192022824766 ) ) ;
#5199 = CARTESIAN_POINT ( 'NONE',  ( -42.00000000000000000, -55.00000000000000000, -74.00000000000000000 ) ) ;
#5200 = CARTESIAN_POINT ( 'NONE',  ( 20.72522100211801543, 62.00000000067539219, 91.95673325211480176 ) ) ;
#5201 = CARTESIAN_POINT ( 'NONE',  ( 7.336296776011702825, 143.6315009352969980, 82.96004486969889058 ) ) ;
#5202 = VECTOR ( 'NONE', #302, 1000.000000000000000 ) ;
#5203 = ORIENTED_EDGE ( 'NONE', *, *, #7601, .T. ) ;
#5204 = ORIENTED_EDGE ( 'NONE', *, *, #1287, .F. ) ;
#5205 = DIRECTION ( 'NONE',  ( -0.01744177813808429900, 0.9992388003036510868, 0.03489418781261543340 ) ) ;
#5206 = CARTESIAN_POINT ( 'NONE',  ( 91.81347564184409293, 1.330954137331336051, -67.30000000000002558 ) ) ;
#5207 = CARTESIAN_POINT ( 'NONE',  ( -74.34990686094219825, 140.3075300133920962, 51.70530026183367767 ) ) ;
#5208 = PLANE ( 'NONE',  #4735 ) ;
#5209 = AXIS2_PLACEMENT_3D ( 'NONE', #2691, #3223, #4875 ) ;
#5210 = DIRECTION ( 'NONE',  ( 0.9998362752238137974, 0.01808380363456657536, 0.0006315003376712722454 ) ) ;
#5211 = ORIENTED_EDGE ( 'NONE', *, *, #3804, .T. ) ;
#5212 = CYLINDRICAL_SURFACE ( 'NONE', #3056, 1.601999999999999202 ) ;
#5213 = FACE_OUTER_BOUND ( 'NONE', #5947, .T. ) ;
#5214 = EDGE_CURVE ( 'NONE', #4984, #5405, #8115, .T. ) ;
#5215 = EDGE_LOOP ( 'NONE', ( #9190, #5273, #5902 ) ) ;
#5216 = EDGE_CURVE ( 'NONE', #7813, #7836, #2983, .T. ) ;
#5217 = ORIENTED_EDGE ( 'NONE', *, *, #3563, .F. ) ;
#5218 = CARTESIAN_POINT ( 'NONE',  ( -4.768706341644585400, 140.0000000000000000, 70.85504175204260946 ) ) ;
#5219 = FACE_OUTER_BOUND ( 'NONE', #1562, .T. ) ;
#5220 = CARTESIAN_POINT ( 'NONE',  ( 72.25795164738912035, 119.8461940149893792, -69.04732034948520436 ) ) ;
#5221 = CARTESIAN_POINT ( 'NONE',  ( 67.00004446999916752, 159.2602471866953806, 6.710735292228002358 ) ) ;
#5222 = DIRECTION ( 'NONE',  ( -0.6755197010838115412, -0.3125888193651114588, -0.6678033868254665828 ) ) ;
#5223 = AXIS2_PLACEMENT_3D ( 'NONE', #3196, #2663, #1899 ) ;
#5224 = ADVANCED_FACE ( 'NONE', ( #4542 ), #926, .T. ) ;
#5225 = ADVANCED_FACE ( 'NONE', ( #5266 ), #1826, .T. ) ;
#5226 = CARTESIAN_POINT ( 'NONE',  ( 4.089218660503025404, 149.3786908963658107, 86.55633051162021729 ) ) ;
#5227 = CARTESIAN_POINT ( 'NONE',  ( 89.35237641727979963, 140.3054171126389917, -67.29999999999999716 ) ) ;
#5228 = ORIENTED_EDGE ( 'NONE', *, *, #8321, .F. ) ;
#5229 = VECTOR ( 'NONE', #920, 1000.000000000000000 ) ;
#5230 = CARTESIAN_POINT ( 'NONE',  ( 67.11544928600069682, 156.4877687629755201, -67.29959933366659186 ) ) ;
#5231 = CARTESIAN_POINT ( 'NONE',  ( -28.00000000000000000, -40.00200000000000244, -74.00000000000001421 ) ) ;
#5232 = DIRECTION ( 'NONE',  ( 0.000000000000000000, 0.000000000000000000, -1.000000000000000000 ) ) ;
#5233 = LINE ( 'NONE', #893, #5191 ) ;
#5234 = EDGE_LOOP ( 'NONE', ( #9348, #3702, #4453, #4892 ) ) ;
#5235 = EDGE_CURVE ( 'NONE', #1024, #9195, #4784, .T. ) ;
#5236 = CARTESIAN_POINT ( 'NONE',  ( 89.89927205953139833, 154.9320508075680038, 134.6030191501703825 ) ) ;
#5237 = CARTESIAN_POINT ( 'NONE',  ( -78.57995141715848320, -36.99999999999999289, -107.8747547869193824 ) ) ;
#5238 = CARTESIAN_POINT ( 'NONE',  ( 71.85504175204269472, 157.5000000000000284, -92.85961089735097573 ) ) ;
#5239 = ADVANCED_FACE ( 'NONE', ( #5311 ), #197, .T. ) ;
#5240 = ORIENTED_EDGE ( 'NONE', *, *, #5900, .T. ) ;
#5241 = CARTESIAN_POINT ( 'NONE',  ( 93.58824434552627736, -39.83465553205787302, -107.7979787105570750 ) ) ;
#5242 = DIRECTION ( 'NONE',  ( -0.01745240643728350124, 0.9998476951563911586, 0.000000000000000000 ) ) ;
#5243 = CARTESIAN_POINT ( 'NONE',  ( -42.00000000000000000, -40.00200000000000244, -74.00000000000001421 ) ) ;
#5244 = LINE ( 'NONE', #33, #9489 ) ;
#5245 = LINE ( 'NONE', #3105, #7060 ) ;
#5246 = CARTESIAN_POINT ( 'NONE',  ( 18.03556489632808280, 62.00000002595027837, 92.21958337686878338 ) ) ;
#5247 = AXIS2_PLACEMENT_3D ( 'NONE', #2421, #6254, #3138 ) ;
#5248 = CARTESIAN_POINT ( 'NONE',  ( 51.52526982319329107, 160.0000000000000000, -121.3231818929580612 ) ) ;
#5249 = AXIS2_PLACEMENT_3D ( 'NONE', #5640, #2064, #7903 ) ;
#5250 = CARTESIAN_POINT ( 'NONE',  ( -56.66864328649365490, 151.8793077059363270, 71.23155141094767373 ) ) ;
#5251 = VERTEX_POINT ( 'NONE', #8288 ) ;
#5252 = B_SPLINE_CURVE_WITH_KNOTS ( 'NONE', 3,
 ( #6080, #7381, #780, #8146 ),
 .UNSPECIFIED., .F., .F.,
 ( 4, 4 ),
 ( 0.000000000000000000, 1.000000000000000000 ),
 .UNSPECIFIED. ) ;
#5253 = CARTESIAN_POINT ( 'NONE',  ( -94.78139602057051150, 154.9320508075680038, 217.8038475772949880 ) ) ;
#5254 = CARTESIAN_POINT ( 'NONE',  ( -75.85780117327509231, 54.05969060366940226, 52.03661174420261659 ) ) ;
#5255 = CIRCLE ( 'NONE', #3083, 20.00000000000000355 ) ;
#5256 = DIRECTION ( 'NONE',  ( -0.000000000000000000, -9.714451465470123426E-17, 1.000000000000000000 ) ) ;
#5257 = CARTESIAN_POINT ( 'NONE',  ( -40.17544559750081135, 157.0589947859797064, 73.61762788884992403 ) ) ;
#5258 = B_SPLINE_CURVE_WITH_KNOTS ( 'NONE', 3,
 ( #5149, #5198, #4375, #717, #4425, #2340, #815, #5884, #7321, #3639, #6603, #8080, #77, #7369, #5979, #768, #2963, #2246, #362, #6881, #1090, #998, #3339, #2480, #3146, #268, #3977, #7647, #951, #6929, #9220, #5435, #6114, #3931, #7552, #6165, #8363, #1759, #9034, #2429, #8408, #6214, #1043, #1812, #1136, #5383, #1859, #4070, #5531, #9080, #8457, #4701, #316, #3247, #8312, #3199, #4749, #9124, #2528, #3885, #7599, #7748, #1667, #3291, #5483, #9172, #7697, #6833, #6263, #2579, #219, #7022, #4025, #6307, #6976, #4805 ),
 .UNSPECIFIED., .F., .F.,
 ( 4, 2, 2, 2, 1, 1, 1, 1, 2, 2, 2, 2, 1, 1, 1, 1, 2, 2, 2, 2, 1, 1, 1, 1, 2, 2, 2, 2, 1, 1, 1, 2, 2, 2, 2, 1, 1, 1, 2, 2, 2, 2, 1, 1, 2, 2, 2, 4 ),
 ( 0.000000000000000000, 0.06249999999988417598, 0.09374999999982630561, 0.1093749999997970929, 0.1171874999997821326, 0.1210937499997746664, 0.1230468749997713773, 0.1240234374997711414, 0.1245117187497715161, 0.1249999999997719047, 0.1874999999998190059, 0.2187499999998429867, 0.2343749999998543665, 0.2421874999998588074, 0.2460937499998616662, 0.2480468749998643863, 0.2490234374998651079, 0.2499999999998658295, 0.3124999999998776534, 0.3437499999998830380, 0.3593749999998857581, 0.3671874999998876454, 0.3710937499998894218, 0.3730468749998903655, 0.3740234374998908651, 0.3749999999998913092, 0.4374999999998845368, 0.4687499999998797628, 0.4843749999998778755, 0.4921874999998779865, 0.4960937499998768763, 0.4980468749998774869, 0.4999999999998780975, 0.5624999999998934186, 0.5937499999998998579, 0.6093749999999030775, 0.6171874999999056310, 0.6210937499999069633, 0.6230468749999071854, 0.6249999999999074074, 0.6874999999999283906, 0.7187499999999389377, 0.7343749999999441558, 0.7421874999999448219, 0.7460937499999451550, 0.7499999999999454880, 0.8749999999999726885, 1.000000000000000000 ),
 .UNSPECIFIED. ) ;
#5259 = LINE ( 'NONE', #4441, #919 ) ;
#5260 = VERTEX_POINT ( 'NONE', #1688 ) ;
#5261 = VERTEX_POINT ( 'NONE', #9291 ) ;
#5262 = LINE ( 'NONE', #4540, #7788 ) ;
#5263 = EDGE_CURVE ( 'NONE', #969, #194, #2551, .T. ) ;
#5264 = EDGE_CURVE ( 'NONE', #15, #3695, #5506, .T. ) ;
#5265 = CARTESIAN_POINT ( 'NONE',  ( -39.82137686803678633, 140.4283460392381357, -141.2518177594829467 ) ) ;
#5266 = FACE_OUTER_BOUND ( 'NONE', #6768, .T. ) ;
#5267 = LINE ( 'NONE', #8205, #2262 ) ;
#5268 = CARTESIAN_POINT ( 'NONE',  ( -72.06977283482603980, 140.4664986582386064, -114.4698310862020065 ) ) ;
#5269 = EDGE_LOOP ( 'NONE', ( #4137, #8870, #7886, #7951 ) ) ;
#5270 = CARTESIAN_POINT ( 'NONE',  ( 90.39999999999999147, 38.23686027918554942, 191.4461524227065183 ) ) ;
#5271 = CARTESIAN_POINT ( 'NONE',  ( 92.00000000000000000, 44.23686027918448360, 181.0538475772950449 ) ) ;
#5272 = ORIENTED_EDGE ( 'NONE', *, *, #1220, .T. ) ;
#5273 = ORIENTED_EDGE ( 'NONE', *, *, #4507, .F. ) ;
#5274 = DIRECTION ( 'NONE',  ( -1.873065082678784805E-16, 4.855507225124589628E-17, -1.000000000000000000 ) ) ;
#5275 = CARTESIAN_POINT ( 'NONE',  ( 66.96846762387839647, 156.5970308907724871, 14.95590328154886883 ) ) ;
#5276 = CARTESIAN_POINT ( 'NONE',  ( 56.68568647008783756, 140.3860385979975831, -138.0678674359038496 ) ) ;
#5277 = DIRECTION ( 'NONE',  ( -1.000000000000000000, 1.110223024625155801E-16, 0.000000000000000000 ) ) ;
#5278 = ORIENTED_EDGE ( 'NONE', *, *, #3618, .F. ) ;
#5279 = ORIENTED_EDGE ( 'NONE', *, *, #7393, .T. ) ;
#5280 = DIRECTION ( 'NONE',  ( -0.01745240643728365043, -0.9998476951563911586, 0.000000000000000000 ) ) ;
#5281 = CARTESIAN_POINT ( 'NONE',  ( 92.44616110761712946, -37.00000000000000711, -72.93739289627212941 ) ) ;
#5282 = ORIENTED_EDGE ( 'NONE', *, *, #3877, .T. ) ;
#5283 = CARTESIAN_POINT ( 'NONE',  ( -45.15717786479132911, 160.0000000000000000, -116.7096360667112123 ) ) ;
#5284 = VERTEX_POINT ( 'NONE', #7820 ) ;
#5285 = ORIENTED_EDGE ( 'NONE', *, *, #5836, .T. ) ;
#5286 = ORIENTED_EDGE ( 'NONE', *, *, #6467, .T. ) ;
#5287 = CARTESIAN_POINT ( 'NONE',  ( 65.65980722015308402, 140.4180522842078460, -134.0738392059120088 ) ) ;
#5288 = CARTESIAN_POINT ( 'NONE',  ( 67.10581886624802905, 144.4837920712700452, 26.05322128553540395 ) ) ;
#5289 = CARTESIAN_POINT ( 'NONE',  ( 65.14023788612466603, 156.1687173224059961, -67.56006118718694609 ) ) ;
#5290 = LINE ( 'NONE', #1578, #9324 ) ;
#5291 = CARTESIAN_POINT ( 'NONE',  ( 87.94314328285135218, 134.7837330285714472, -67.34026656054697924 ) ) ;
#5292 = ADVANCED_FACE ( 'NONE', ( #5552 ), #1884, .T. ) ;
#5293 = EDGE_CURVE ( 'NONE', #8482, #1177, #1656, .T. ) ;
#5294 = CARTESIAN_POINT ( 'NONE',  ( -32.43782193634010014, 157.4999999999999716, -122.3319393718150678 ) ) ;
#5295 = CARTESIAN_POINT ( 'NONE',  ( 30.00000000000001066, 61.99999999999997868, 88.08585792076937082 ) ) ;
#5296 = DIRECTION ( 'NONE',  ( 3.772267007903640016E-16, -4.855507225124590245E-17, 1.000000000000000000 ) ) ;
#5297 = ORIENTED_EDGE ( 'NONE', *, *, #6195, .F. ) ;
#5298 = DIRECTION ( 'NONE',  ( 3.086098517357006503E-16, -5.386804999534300482E-18, 1.000000000000000000 ) ) ;
#5299 = CARTESIAN_POINT ( 'NONE',  ( -104.5999999999999943, 58.33205080756781058, 184.8038475772950164 ) ) ;
#5300 = DIRECTION ( 'NONE',  ( 0.000000000000000000, 0.000000000000000000, -1.000000000000000000 ) ) ;
#5301 = CARTESIAN_POINT ( 'NONE',  ( 65.84569822916873250, 157.1846463707477142, 5.641199161581080368 ) ) ;
#5302 = VERTEX_POINT ( 'NONE', #1210 ) ;
#5303 = EDGE_CURVE ( 'NONE', #3019, #7065, #6380, .T. ) ;
#5304 = DIRECTION ( 'NONE',  ( 0.000000000000000000, 0.000000000000000000, -1.000000000000000000 ) ) ;
#5305 = CARTESIAN_POINT ( 'NONE',  ( 92.48254493507181451, -37.00000000000001421, -95.99238359780468954 ) ) ;
#5306 = ADVANCED_FACE ( 'NONE', ( #5652 ), #9144, .F. ) ;
#5307 = ORIENTED_EDGE ( 'NONE', *, *, #4880, .T. ) ;
#5308 = ORIENTED_EDGE ( 'NONE', *, *, #8188, .T. ) ;
#5309 = CARTESIAN_POINT ( 'NONE',  ( -74.30720863314351732, 140.3054171126524352, -72.99793321476499841 ) ) ;
#5310 = CARTESIAN_POINT ( 'NONE',  ( -74.84600669302183462, 160.0000000000272280, -105.7123848246910427 ) ) ;
#5311 = FACE_OUTER_BOUND ( 'NONE', #3748, .T. ) ;
#5312 = B_SPLINE_CURVE_WITH_KNOTS ( 'NONE', 3,
 ( #2669, #5729, #4218, #7845, #4073, #7025, #3432, #7795, #1187, #4852, #7934, #1907, #3294, #4124, #7074, #6266, #6403, #8653, #6310, #8461, #2006, #1863, #5626, #9223, #469, #1326, #4810, #7751, #1139, #3389, #565, #9315, #2053, #5581, #6361, #522, #8552, #4173, #1955, #2718, #1239, #5681, #8605, #4948, #7164, #4315, #5921, #7360, #612, #2237, #5237, #1570, #5141, #5824, #8842, #3727, #661, #8747, #756, #9462, #3678 ),
 .UNSPECIFIED., .F., .F.,
 ( 4, 1, 1, 1, 1, 1, 1, 2, 2, 1, 1, 1, 1, 1, 2, 2, 1, 1, 1, 1, 2, 2, 2, 1, 1, 1, 1, 1, 2, 2, 1, 1, 1, 1, 1, 2, 2, 1, 1, 1, 1, 1, 1, 2, 2, 4 ),
 ( 0.000000000000000000, 0.06249999999999360234, 0.09374999999999021616, 0.1093749999999883704, 0.1171874999999874128, 0.1210937499999867883, 0.1230468749999866079, 0.1240234374999864830, 0.1249999999999863581, 0.1874999999999822919, 0.2187499999999801270, 0.2343749999999793499, 0.2421874999999787670, 0.2460937499999783229, 0.2480468749999781286, 0.2499999999999779066, 0.3124999999999682476, 0.3437499999999634737, 0.3593749999999611977, 0.3671874999999603650, 0.3710937499999601430, 0.3749999999999598654, 0.4999999999999469869, 0.5624999999999408251, 0.5937499999999378275, 0.6093749999999366063, 0.6171874999999360512, 0.6210937499999358291, 0.6230468749999358291, 0.6249999999999357181, 0.6874999999999400480, 0.7187499999999420464, 0.7343749999999430456, 0.7421874999999432676, 0.7460937499999430456, 0.7480468749999427125, 0.7499999999999423794, 0.8124999999999424904, 0.8437499999999427125, 0.8593749999999426015, 0.8671874999999424904, 0.8710937499999428235, 0.8730468749999429345, 0.8740234374999429345, 0.8749999999999429345, 1.000000000000000000 ),
 .UNSPECIFIED. ) ;
#5313 = CARTESIAN_POINT ( 'NONE',  ( 94.73817402607670601, -25.00000000000000355, -75.73817402607670601 ) ) ;
#5314 = CARTESIAN_POINT ( 'NONE',  ( -94.78139602057062518, 58.33405080756781302, 149.9461524227070015 ) ) ;
#5315 = DIRECTION ( 'NONE',  ( 1.000000000000000000, 5.647072517543570993E-33, -7.231268945543359605E-17 ) ) ;
#5316 = CARTESIAN_POINT ( 'NONE',  ( 67.00000000000000000, 157.4184722284271061, 3.021335193911731221 ) ) ;
#5317 = ORIENTED_EDGE ( 'NONE', *, *, #7110, .T. ) ;
#5318 = CARTESIAN_POINT ( 'NONE',  ( -74.92423655369371716, 56.68324558919214695, 57.64147921327418800 ) ) ;
#5319 = CARTESIAN_POINT ( 'NONE',  ( 66.78408823993197529, 151.3170961519345781, 22.64529981099371980 ) ) ;
#5320 = CARTESIAN_POINT ( 'NONE',  ( 53.87474765833073320, 140.3733937262110487, -138.9030484385670547 ) ) ;
#5321 = VECTOR ( 'NONE', #2600, 1000.000000000000000 ) ;
#5322 = CARTESIAN_POINT ( 'NONE',  ( 66.00000000000000000, 157.4999999999999716, -66.00000000000000000 ) ) ;
#5324 = ORIENTED_EDGE ( 'NONE', *, *, #3868, .F. ) ;
#5323 = CARTESIAN_POINT ( 'NONE',  ( -68.88069978076110544, 144.1276663734317935, 63.43864535151863748 ) ) ;
#5325 = CARTESIAN_POINT ( 'NONE',  ( -76.47497087626545920, -37.00000000000000000, -114.2643642725137170 ) ) ;
#5326 = ORIENTED_EDGE ( 'NONE', *, *, #9486, .F. ) ;
#5327 = CARTESIAN_POINT ( 'NONE',  ( -37.41304439313704222, 140.0000000000000000, 70.85504175204260946 ) ) ;
#5328 = ORIENTED_EDGE ( 'NONE', *, *, #3182, .T. ) ;
#5329 = AXIS2_PLACEMENT_3D ( 'NONE', #8516, #4907, #5688 ) ;
#5330 = ORIENTED_EDGE ( 'NONE', *, *, #689, .T. ) ;
#5331 = CARTESIAN_POINT ( 'NONE',  ( 65.70963606671116963, 157.5000000000000284, -111.1571778647914215 ) ) ;
#5332 = CARTESIAN_POINT ( 'NONE',  ( 92.11799061394339105, -18.13651409970695383, -72.13336222320992874 ) ) ;
#5333 = DIRECTION ( 'NONE',  ( 1.110223024625155801E-16, 1.000000000000000000, 4.855507225124589012E-17 ) ) ;
#5334 = CARTESIAN_POINT ( 'NONE',  ( -102.9989999999999384, 153.3300508075680000, 211.5524612665854249 ) ) ;
#5335 = FACE_OUTER_BOUND ( 'NONE', #7767, .T. ) ;
#5336 = VECTOR ( 'NONE', #5868, 1000.000000000000000 ) ;
#5337 = CARTESIAN_POINT ( 'NONE',  ( 21.34102404423591537, 61.99999991354844298, 91.85947160887340601 ) ) ;
#5338 = FACE_OUTER_BOUND ( 'NONE', #6107, .T. ) ;
#5339 = PLANE ( 'NONE',  #1718 ) ;
#5340 = EDGE_CURVE ( 'NONE', #697, #2812, #7094, .T. ) ;
#5341 = VECTOR ( 'NONE', #1415, 1000.000000000000000 ) ;
#5342 = VERTEX_POINT ( 'NONE', #8528 ) ;
#5343 = CARTESIAN_POINT ( 'NONE',  ( -80.00000000000000000, 140.3054171126524068, 88.35237641727947278 ) ) ;
#5344 = ADVANCED_FACE ( 'NONE', ( #1780 ), #292, .F. ) ;
#5345 = VECTOR ( 'NONE', #7842, 1000.000000000000000 ) ;
#5346 = EDGE_CURVE ( 'NONE', #6775, #7499, #3311, .T. ) ;
#5347 = EDGE_CURVE ( 'NONE', #5377, #7580, #1978, .T. ) ;
#5348 = FACE_OUTER_BOUND ( 'NONE', #4527, .T. ) ;
#5349 = CARTESIAN_POINT ( 'NONE',  ( 89.35237641727948699, 140.3054171126526057, -72.93851610422160547 ) ) ;
#5350 = LINE ( 'NONE', #2304, #5058 ) ;
#5351 = CARTESIAN_POINT ( 'NONE',  ( -39.64547334249218835, 157.2128594230344447, 73.08747070024512027 ) ) ;
#5352 = AXIS2_PLACEMENT_3D ( 'NONE', #1223, #8682, #7878 ) ;
#5353 = LINE ( 'NONE', #8282, #7846 ) ;
#5354 = DIRECTION ( 'NONE',  ( -0.7660444431189520342, -0.6427876096865702271, 0.000000000000000000 ) ) ;
#5355 = ORIENTED_EDGE ( 'NONE', *, *, #4940, .T. ) ;
#5356 = ADVANCED_FACE ( 'NONE', ( #8432 ), #6999, .T. ) ;
#5357 = ORIENTED_EDGE ( 'NONE', *, *, #3853, .T. ) ;
#5358 = VERTEX_POINT ( 'NONE', #7866 ) ;
#5359 = CARTESIAN_POINT ( 'NONE',  ( 71.85504175204269472, 160.0000000000000284, -66.00000000000000000 ) ) ;
#5360 = AXIS2_PLACEMENT_3D ( 'NONE', #8507, #516, #7404 ) ;
#5361 = CARTESIAN_POINT ( 'NONE',  ( -73.88557005776492304, 160.0000000000000568, -108.8274007960410188 ) ) ;
#5362 = DIRECTION ( 'NONE',  ( 0.000000000000000000, -1.000000000000000000, -1.583748323458199862E-16 ) ) ;
#5363 = LINE ( 'NONE', #341, #6592 ) ;
#5364 = DIRECTION ( 'NONE',  ( -0.01744177813809294486, 0.9992388003036508648, 0.03489418781261417052 ) ) ;
#5365 = CARTESIAN_POINT ( 'NONE',  ( -4.768706341644588065, 140.1423300313111895, 88.35446294710469317 ) ) ;
#5366 = LINE ( 'NONE', #1739, #4624 ) ;
#5367 = ORIENTED_EDGE ( 'NONE', *, *, #6888, .F. ) ;
#5368 = CARTESIAN_POINT ( 'NONE',  ( -98.53782217350901362, 58.33205080756781058, 215.9038475772950392 ) ) ;
#5369 = CARTESIAN_POINT ( 'NONE',  ( 66.53381774197502807, 144.1502867831963783, 27.22109622306583177 ) ) ;
#5370 = CARTESIAN_POINT ( 'NONE',  ( 83.29439710340112413, 140.4171531887106426, -116.2905983610084206 ) ) ;
#5371 = FACE_OUTER_BOUND ( 'NONE', #1190, .T. ) ;
#5372 = DIRECTION ( 'NONE',  ( -1.110223024625155801E-16, -1.000000000000000000, -4.855507225124589012E-17 ) ) ;
#5373 = CARTESIAN_POINT ( 'NONE',  ( -74.76988597561583560, -37.00000000000000711, -118.2265020068322769 ) ) ;
#5374 = DIRECTION ( 'NONE',  ( 1.000000000000000000, 0.000000000000000000, 0.000000000000000000 ) ) ;
#5375 = VECTOR ( 'NONE', #1179, 1000.000000000000114 ) ;
#5376 = VERTEX_POINT ( 'NONE', #6952 ) ;
#5377 = VERTEX_POINT ( 'NONE', #2503 ) ;
#5378 = ORIENTED_EDGE ( 'NONE', *, *, #762, .F. ) ;
#5379 = CARTESIAN_POINT ( 'NONE',  ( 43.82304684453878707, 157.5000000000000284, -122.8550417520427800 ) ) ;
#5380 = CARTESIAN_POINT ( 'NONE',  ( 92.15170747959156472, -20.07367419351690074, -72.57574848552944502 ) ) ;
#5381 = CARTESIAN_POINT ( 'NONE',  ( 91.39424249940431366, 23.32698761257566389, -67.29999999999999716 ) ) ;
#5382 = CARTESIAN_POINT ( 'NONE',  ( -74.33629383889845599, 140.3105837064894672, 52.16605983535295366 ) ) ;
#5383 = CARTESIAN_POINT ( 'NONE',  ( 2.903408946695152260, 153.7307556870982239, 78.52716621288873000 ) ) ;
#5384 = CARTESIAN_POINT ( 'NONE',  ( -29.96803566523316320, 140.3253968801721214, -140.3520276691402557 ) ) ;
#5385 = EDGE_CURVE ( 'NONE', #9505, #1866, #1835, .T. ) ;
#5386 = CARTESIAN_POINT ( 'NONE',  ( -39.53057976025996823, 157.5000000000000000, -120.0563821023280013 ) ) ;
#5387 = CARTESIAN_POINT ( 'NONE',  ( 91.42952270022389882, 23.32760343077164933, -67.29999999999999716 ) ) ;
#5388 = CARTESIAN_POINT ( 'NONE',  ( 89.47971105558578131, 20.43486074219051574, -72.93846987499357226 ) ) ;
#5389 = ORIENTED_EDGE ( 'NONE', *, *, #4094, .F. ) ;
#5390 = ORIENTED_EDGE ( 'NONE', *, *, #7188, .F. ) ;
#5391 = DIRECTION ( 'NONE',  ( 3.503464585017659440E-16, 6.115320180519409318E-18, 1.000000000000000000 ) ) ;
#5392 = CARTESIAN_POINT ( 'NONE',  ( -27.99999999999999645, -40.00000000000000711, -146.0000000000000000 ) ) ;
#5393 = LINE ( 'NONE', #6895, #4863 ) ;
#5394 = EDGE_CURVE ( 'NONE', #1260, #8794, #4724, .T. ) ;
#5395 = VECTOR ( 'NONE', #1365, 1000.000000000000000 ) ;
#5396 = CARTESIAN_POINT ( 'NONE',  ( 94.73817402607672022, -25.00000000000000000, -75.73817402607670601 ) ) ;
#5397 = CARTESIAN_POINT ( 'NONE',  ( -39.39910594206390471, 157.2767083417851381, 72.84110344851107754 ) ) ;
#5398 = EDGE_CURVE ( 'NONE', #8916, #336, #9199, .T. ) ;
#5399 = ADVANCED_FACE ( 'NONE', ( #1115 ), #2649, .F. ) ;
#5400 = ORIENTED_EDGE ( 'NONE', *, *, #5946, .F. ) ;
#5401 = PERSON_AND_ORGANIZATION ( #1527, #3230 ) ;
#5402 = VECTOR ( 'NONE', #5760, 1000.000000000000114 ) ;
#5403 = ADVANCED_FACE ( 'NONE', ( #9247 ), #5603, .F. ) ;
#5404 = AXIS2_PLACEMENT_3D ( 'NONE', #1065, #1157, #5602 ) ;
#5405 = VERTEX_POINT ( 'NONE', #6568 ) ;
#5406 = VERTEX_POINT ( 'NONE', #5793 ) ;
#5407 = LINE ( 'NONE', #8337, #8084 ) ;
#5408 = CARTESIAN_POINT ( 'NONE',  ( 63.73537471385870390, -37.00000000000000711, -139.5801923980632750 ) ) ;
#5409 = CARTESIAN_POINT ( 'NONE',  ( -47.81287078130870327, 158.0161628861956729, 81.19418102594936215 ) ) ;
#5410 = CARTESIAN_POINT ( 'NONE',  ( 66.99942378564911394, 157.4834987973395926, 8.495309342120499707 ) ) ;
#5411 = FACE_OUTER_BOUND ( 'NONE', #9420, .T. ) ;
#5412 =( GEOMETRIC_REPRESENTATION_CONTEXT ( 3 ) GLOBAL_UNCERTAINTY_ASSIGNED_CONTEXT ( ( #9255 ) ) GLOBAL_UNIT_ASSIGNED_CONTEXT ( ( #9002, #2398, #2354 ) ) REPRESENTATION_CONTEXT ( 'NONE', 'WORKASPACE' ) );
#5413 = AXIS2_PLACEMENT_3D ( 'NONE', #4982, #1316, #2227 ) ;
#5414 = EDGE_CURVE ( 'NONE', #7905, #1613, #4970, .T. ) ;
#5415 = LINE ( 'NONE', #8163, #6198 ) ;
#5416 = EDGE_CURVE ( 'NONE', #8000, #2086, #8430, .T. ) ;
#5417 = CARTESIAN_POINT ( 'NONE',  ( 91.45570130987979951, 21.82783188803704988, -72.30200000000000671 ) ) ;
#5418 = ORIENTED_EDGE ( 'NONE', *, *, #2793, .F. ) ;
#5419 = VECTOR ( 'NONE', #8905, 1000.000000000000227 ) ;
#5420 = EDGE_CURVE ( 'NONE', #5786, #2284, #6287, .T. ) ;
#5421 = CARTESIAN_POINT ( 'NONE',  ( 27.00000000000000000, -40.00200000000000244, -74.00000000000001421 ) ) ;
#5422 = CARTESIAN_POINT ( 'NONE',  ( 66.91737446454044402, 155.1339142389454366, 17.66039627112283128 ) ) ;
#5423 = PLANE ( 'NONE',  #3025 ) ;
#5424 = LINE ( 'NONE', #8350, #257 ) ;
#5425 = DIRECTION ( 'NONE',  ( 1.000000000000000000, -1.110223024625155801E-16, 0.000000000000000000 ) ) ;
#5426 = CARTESIAN_POINT ( 'NONE',  ( -56.85504175204258814, 160.0000000000000284, 51.41304439313702090 ) ) ;
#5427 = CARTESIAN_POINT ( 'NONE',  ( -56.85504175204267341, 160.0000000000000000, -92.85961089735100416 ) ) ;
#5428 = ORIENTED_EDGE ( 'NONE', *, *, #1746, .T. ) ;
#5429 = ORIENTED_EDGE ( 'NONE', *, *, #8176, .T. ) ;
#5430 = ORIENTED_EDGE ( 'NONE', *, *, #7149, .F. ) ;
#5431 = CARTESIAN_POINT ( 'NONE',  ( 88.71109798505321464, 157.5000000000000568, -99.03181947664640461 ) ) ;
#5432 = CARTESIAN_POINT ( 'NONE',  ( 89.48018483383265220, 20.29312062761504265, -69.29999999999999716 ) ) ;
#5433 = DIRECTION ( 'NONE',  ( 1.000000000000000000, 1.216602999370167387E-18, -6.969913915378216279E-17 ) ) ;
#5434 = CARTESIAN_POINT ( 'NONE',  ( -74.34696849916100803, 140.3084634942614457, 51.84589585416551927 ) ) ;
#5435 = CARTESIAN_POINT ( 'NONE',  ( 0.8384691610390367922, 155.6007410242488618, 76.46229681281819524 ) ) ;
#5436 = CARTESIAN_POINT ( 'NONE',  ( 94.70685128560215560, -37.00000000000000000, -75.94763480521530141 ) ) ;
#5437 = PLANE ( 'NONE',  #4578 ) ;
#5438 = DIRECTION ( 'NONE',  ( 5.647072517543570993E-33, -1.000000000000000000, -4.083550012934418183E-49 ) ) ;
#5439 = CARTESIAN_POINT ( 'NONE',  ( 97.37619472814583332, 159.1166713836329336, 152.6030191501704962 ) ) ;
#5440 = ORIENTED_EDGE ( 'NONE', *, *, #3438, .F. ) ;
#5441 = DIRECTION ( 'NONE',  ( 1.000000000000000000, 0.000000000000000000, 0.000000000000000000 ) ) ;
#5442 = CARTESIAN_POINT ( 'NONE',  ( 66.89686614627463257, 154.5466328426768712, 16.44944697809162903 ) ) ;
#5443 = CARTESIAN_POINT ( 'NONE',  ( -51.53705163145544788, 141.6433035059181407, 84.97904899036109327 ) ) ;
#5444 = CARTESIAN_POINT ( 'NONE',  ( -29.95448846517705732, -37.00000000000000000, -143.4472539851056183 ) ) ;
#5445 = CARTESIAN_POINT ( 'NONE',  ( -58.61685382554841084, -39.99999999999999289, -137.0101390556098693 ) ) ;
#5446 = ORIENTED_EDGE ( 'NONE', *, *, #1680, .T. ) ;
#5447 = PERSON_AND_ORGANIZATION_ROLE ( 'design_supplier' ) ;
#5448 = ORIENTED_EDGE ( 'NONE', *, *, #3800, .F. ) ;
#5449 = VERTEX_POINT ( 'NONE', #6427 ) ;
#5450 = EDGE_LOOP ( 'NONE', ( #3901, #4893, #215, #4209, #3947, #582 ) ) ;
#5451 = CARTESIAN_POINT ( 'NONE',  ( -94.78139602057051150, 56.73205080756773100, 217.8018475772953764 ) ) ;
#5452 = EDGE_CURVE ( 'NONE', #2033, #6712, #2785, .T. ) ;
#5453 = CARTESIAN_POINT ( 'NONE',  ( 73.29896848958819078, -37.00000000000001421, -134.0789451620947261 ) ) ;
#5454 = DIRECTION ( 'NONE',  ( -0.01234071493982528446, 0.7069990853988235013, 0.7071067811865483499 ) ) ;
#5455 = CARTESIAN_POINT ( 'NONE',  ( 27.00000000000000000, -55.00000000000000000, -74.00000000000000000 ) ) ;
#5456 = CARTESIAN_POINT ( 'NONE',  ( -75.25684894585562290, 140.4260180672386014, -105.4762932455412994 ) ) ;
#5457 = EDGE_CURVE ( 'NONE', #2645, #5962, #6525, .T. ) ;
#5458 = EDGE_CURVE ( 'NONE', #311, #146, #9340, .T. ) ;
#5459 = B_SPLINE_CURVE_WITH_KNOTS ( 'NONE', 3,
 ( #820, #5246, #179, #1581, #4524, #7421, #8902, #3736, #3006, #3106, #6072, #1669, #2384, #5200, #5337, #8270, #8138, #8314, #1719, #4658, #6696, #3689, #6653, #36, #2965, #5930, #5981, #80, #2297, #6978, #2625 ),
 .UNSPECIFIED., .F., .F.,
 ( 4, 2, 2, 1, 1, 1, 1, 1, 2, 2, 2, 2, 1, 1, 1, 1, 2, 2, 2, 4 ),
 ( 0.000000000000000000, 0.1249999999999830136, 0.1874999999999749090, 0.2187499999999702183, 0.2343749999999676370, 0.2421874999999665823, 0.2460937499999660827, 0.2480468749999666100, 0.2490234374999663880, 0.2499999999999661382, 0.3749999999999595879, 0.4374999999999563127, 0.4687499999999550915, 0.4843749999999540923, 0.4921874999999535927, 0.4960937499999538702, 0.4980468749999549249, 0.4999999999999559241, 0.7499999999999780176, 1.000000000000000000 ),
 .UNSPECIFIED. ) ;
#5460 = DIRECTION ( 'NONE',  ( -5.647072517543570993E-33, 1.000000000000000000, 4.083550012934418183E-49 ) ) ;
#5461 = EDGE_CURVE ( 'NONE', #9319, #1610, #5991, .T. ) ;
#5462 = ORIENTED_EDGE ( 'NONE', *, *, #5628, .F. ) ;
#5463 =( BOUNDED_SURFACE ( )  B_SPLINE_SURFACE ( 3, 2, ( 
 ( #8773, #7196, #5945 ),
 ( #7293, #7962, #7248 ),
 ( #8726, #2978, #8009 ),
 ( #1357, #4293, #8053 ),
 ( #8868, #5166, #6572 ),
 ( #2265, #5903, #1450 ),
 ( #4346, #8823, #642 ),
 ( #2171, #3558, #6528 ),
 ( #1308, #9439, #4442 ),
 ( #50, #5071, #685 ),
 ( #3656, #9395, #9492 ),
 ( #6483, #784, #2833 ),
 ( #5797, #3603, #2882 ),
 ( #8098, #4391, #7337 ),
 ( #7386, #1500, #735 ),
 ( #3, #3707, #6667 ),
 ( #3507, #2790, #3803 ),
 ( #3069, #6755, #6182 ) ),
 .UNSPECIFIED., .F., .F., .F. ) 
 B_SPLINE_SURFACE_WITH_KNOTS ( ( 4, 2, 2, 2, 2, 2, 2, 2, 4 ),
 ( 3, 3 ),
 ( 5.497939437029718768, 5.694250904567185856, 5.890562372104652056, 6.086873839642119144, 6.283185307179586232, 6.479496774717053320, 6.675808242254520408, 6.872119709791986608, 7.068431177329453696 ),
 ( 0.000000000000000000, 1.000000000000000000 ),
 .UNSPECIFIED. ) 
 GEOMETRIC_REPRESENTATION_ITEM ( )  RATIONAL_B_SPLINE_SURFACE ( (
 ( 1.000000000000000000, 0.7132504491541835634, 1.000000000000000000),
 ( 1.000000000000000000, 0.7136506714059802636, 1.000000000000000000),
 ( 1.000000000000000000, 0.7140110277312039511, 1.000000000000000000),
 ( 1.000000000000000000, 0.7146388945019590544, 1.000000000000000000),
 ( 1.000000000000000000, 0.7149063402716033799, 1.000000000000000000),
 ( 1.000000000000000000, 0.7153383346300470347, 1.000000000000000000),
 ( 1.000000000000000000, 0.7155028742685336507, 1.000000000000000000),
 ( 1.000000000000000000, 0.7157229504414639454, 1.000000000000000000),
 ( 1.000000000000000000, 0.7157784824661372891, 1.000000000000000000),
 ( 1.000000000000000000, 0.7157784824661372891, 1.000000000000000000),
 ( 1.000000000000000000, 0.7157229504424446054, 1.000000000000000000),
 ( 1.000000000000000000, 0.7155028742675527687, 1.000000000000000000),
 ( 1.000000000000000000, 0.7153383346301559476, 1.000000000000000000),
 ( 1.000000000000000000, 0.7149063402714944671, 1.000000000000000000),
 ( 1.000000000000000000, 0.7146388945020681893, 1.000000000000000000),
 ( 1.000000000000000000, 0.7140110277310952602, 1.000000000000000000),
 ( 1.000000000000000000, 0.7136506714060614209, 1.000000000000000000),
 ( 1.000000000000000000, 0.7132504491541835634, 1.000000000000000000) ) ) 
 REPRESENTATION_ITEM ( '' )  SURFACE ( )  );
#5464 = ADVANCED_FACE ( 'NONE', ( #3651 ), #588, .F. ) ;
#5465 = CARTESIAN_POINT ( 'NONE',  ( 89.35237641727952962, 140.3054171126526057, -66.60044806551579200 ) ) ;
#5466 = LINE ( 'NONE', #162, #404 ) ;
#5467 = CARTESIAN_POINT ( 'NONE',  ( 92.50038076210898907, -40.04363101609320807, -26.00000000000000355 ) ) ;
#5468 = CARTESIAN_POINT ( 'NONE',  ( -102.9989999999999526, 58.33405080756782013, 211.5524612665854534 ) ) ;
#5469 = CARTESIAN_POINT ( 'NONE',  ( 65.69047114405942978, 120.0000000000000000, 34.12992498972859323 ) ) ;
#5470 = CARTESIAN_POINT ( 'NONE',  ( -57.35707665639703379, -37.00000000000000000, -137.7702437561290765 ) ) ;
#5471 = ORIENTED_EDGE ( 'NONE', *, *, #3688, .F. ) ;
#5472 = B_SPLINE_CURVE_WITH_KNOTS ( 'NONE', 3,
 ( #6930, #7600, #7648, #1860 ),
 .UNSPECIFIED., .F., .F.,
 ( 4, 4 ),
 ( 0.000000000000000000, 1.000000000000000000 ),
 .UNSPECIFIED. ) ;
#5473 = B_SPLINE_CURVE_WITH_KNOTS ( 'NONE', 3,
 ( #4387, #9485, #8770, #2165 ),
 .UNSPECIFIED., .F., .F.,
 ( 4, 4 ),
 ( 0.000000000000000000, 1.000000000000000000 ),
 .UNSPECIFIED. ) ;
#5474 = CARTESIAN_POINT ( 'NONE',  ( -26.85961089735093665, 160.0000000000000000, -122.8550417520426379 ) ) ;
#5475 = VERTEX_POINT ( 'NONE', #730 ) ;
#5476 = ORIENTED_EDGE ( 'NONE', *, *, #1637, .F. ) ;
#5477 = EDGE_LOOP ( 'NONE', ( #5021, #4313, #2832, #6752 ) ) ;
#5478 = CARTESIAN_POINT ( 'NONE',  ( 73.24286257487423768, 140.4318592586529633, -128.6386129548876625 ) ) ;
#5479 = CIRCLE ( 'NONE', #8240, 17.50000000000000000 ) ;
#5480 = DIRECTION ( 'NONE',  ( -1.110223024625155801E-16, -1.000000000000000000, -4.855507225124589012E-17 ) ) ;
#5481 = CARTESIAN_POINT ( 'NONE',  ( 2.886460064234427580, 156.9690294849954171, 78.51020815792169572 ) ) ;
#5482 = CARTESIAN_POINT ( 'NONE',  ( -74.34308120495293792, 140.3098889029893144, 51.98197012649663407 ) ) ;
#5483 = CARTESIAN_POINT ( 'NONE',  ( 5.474986310321651395, 149.8205892649759221, 81.09880058126188374 ) ) ;
#5484 = FACE_OUTER_BOUND ( 'NONE', #3535, .T. ) ;
#5485 = DIRECTION ( 'NONE',  ( 6.123233995736769734E-17, -9.958194727654479714E-17, -1.000000000000000000 ) ) ;
#5486 = LINE ( 'NONE', #3150, #8185 ) ;
#5487 = VECTOR ( 'NONE', #490, 1000.000000000000000 ) ;
#5488 = DIRECTION ( 'NONE',  ( 0.000000000000000000, 0.000000000000000000, -1.000000000000000000 ) ) ;
#5489 = EDGE_LOOP ( 'NONE', ( #3456, #713, #7078, #1130, #8820, #5114, #2686, #8632, #3284, #6596, #5440, #2733, #5829, #5008, #6337, #6234, #9100, #706, #842 ) ) ;
#5490 = CARTESIAN_POINT ( 'NONE',  ( -77.32506853060803564, -30.00000000000001776, -72.82544935071787506 ) ) ;
#5491 = CARTESIAN_POINT ( 'NONE',  ( 66.77643111511949314, 151.0978247863824038, 21.32770982726004760 ) ) ;
#5492 = CARTESIAN_POINT ( 'NONE',  ( 12.99999999999999822, -37.00000000000000711, -95.99238359780468954 ) ) ;
#5493 = VECTOR ( 'NONE', #1361, 1000.000000000000000 ) ;
#5494 = CARTESIAN_POINT ( 'NONE',  ( -50.65980722013556203, 140.4180522842073913, -134.0738392059236901 ) ) ;
#5495 = CARTESIAN_POINT ( 'NONE',  ( -48.75408727715968382, -40.00000000000001421, -142.3530356757286484 ) ) ;
#5496 = AXIS2_PLACEMENT_3D ( 'NONE', #7943, #1965, #9522 ) ;
#5497 = VECTOR ( 'NONE', #2381, 1000.000000000000000 ) ;
#5498 = ORIENTED_EDGE ( 'NONE', *, *, #3785, .F. ) ;
#5499 = EDGE_CURVE ( 'NONE', #6485, #3332, #9436, .T. ) ;
#5500 = VERTEX_POINT ( 'NONE', #2829 ) ;
#5501 = ORIENTED_EDGE ( 'NONE', *, *, #8673, .F. ) ;
#5502 = ORIENTED_EDGE ( 'NONE', *, *, #7172, .T. ) ;
#5503 = CARTESIAN_POINT ( 'NONE',  ( 89.30538085028202033, 141.4329589886854706, -75.93853336381657471 ) ) ;
#5504 = CARTESIAN_POINT ( 'NONE',  ( 71.02819593966499667, -37.00000000000002842, -135.6512923011309795 ) ) ;
#5505 = VECTOR ( 'NONE', #3797, 1000.000000000000114 ) ;
#5506 = LINE ( 'NONE', #8485, #433 ) ;
#5507 = VECTOR ( 'NONE', #1990, 1000.000000000000114 ) ;
#5508 = CARTESIAN_POINT ( 'NONE',  ( 87.48388399215403410, 134.7757166278334182, -69.30200000000000671 ) ) ;
#5509 = CARTESIAN_POINT ( 'NONE',  ( 86.77024375612764118, -37.00000000000002132, -123.3570766563980357 ) ) ;
#5510 = ADVANCED_FACE ( 'NONE', ( #8048 ), #540, .F. ) ;
#5511 = CARTESIAN_POINT ( 'NONE',  ( -29.99238359780465046, -37.00000000000000000, -143.4472539851056183 ) ) ;
#5512 = ORIENTED_EDGE ( 'NONE', *, *, #41, .T. ) ;
#5513 = VECTOR ( 'NONE', #7658, 1000.000000000000000 ) ;
#5514 = EDGE_CURVE ( 'NONE', #6805, #2606, #5473, .T. ) ;
#5515 = ADVANCED_FACE ( 'NONE', ( #5119 ), #6461, .F. ) ;
#5516 = DIRECTION ( 'NONE',  ( 0.000000000000000000, 0.000000000000000000, -1.000000000000000000 ) ) ;
#5517 = CARTESIAN_POINT ( 'NONE',  ( -29.98629836118290370, -38.77875670556181831, -145.9786831190024827 ) ) ;
#5518 = DIRECTION ( 'NONE',  ( 0.000000000000000000, -0.000000000000000000, 1.000000000000000000 ) ) ;
#5519 = DIRECTION ( 'NONE',  ( 5.420778447220343641E-17, 1.000000000000000000, -1.413929085492997955E-18 ) ) ;
#5520 = CARTESIAN_POINT ( 'NONE',  ( 65.52255040466631897, 119.9999793508688555, 33.54683146333965738 ) ) ;
#5521 = CARTESIAN_POINT ( 'NONE',  ( -40.44348184315740724, -37.00000000000000711, -144.8383826218699255 ) ) ;
#5522 = CARTESIAN_POINT ( 'NONE',  ( 53.94095376317162760, -40.00000000000002132, -145.1956029204078789 ) ) ;
#5523 = ORIENTED_EDGE ( 'NONE', *, *, #6812, .T. ) ;
#5524 = ORIENTED_EDGE ( 'NONE', *, *, #9050, .T. ) ;
#5525 = EDGE_LOOP ( 'NONE', ( #5795, #6876, #1686, #7593 ) ) ;
#5526 = CARTESIAN_POINT ( 'NONE',  ( -37.41304439313704222, 140.3054171126524636, 88.35237641727947278 ) ) ;
#5527 = PLANE ( 'NONE',  #2134 ) ;
#5528 = DIRECTION ( 'NONE',  ( 0.000000000000000000, 1.000000000000000000, -2.086033818784818940E-16 ) ) ;
#5529 = EDGE_CURVE ( 'NONE', #5745, #6032, #8896, .T. ) ;
#5530 = CARTESIAN_POINT ( 'NONE',  ( -77.61823504057875311, 56.52047540162291739, 57.29426413963482645 ) ) ;
#5531 = CARTESIAN_POINT ( 'NONE',  ( 3.004054990983745288, 153.6168494913165716, 78.62780321683230511 ) ) ;
#5532 = CARTESIAN_POINT ( 'NONE',  ( 30.00000000000000711, 61.99999999999997868, 84.77335611600470600 ) ) ;
#5533 = FACE_OUTER_BOUND ( 'NONE', #4335, .T. ) ;
#5534 = DIRECTION ( 'NONE',  ( -0.9998505837442160926, -0.01728231518700130281, -0.0003629987980404007536 ) ) ;
#5535 = VECTOR ( 'NONE', #7705, 1000.000000000000114 ) ;
#5536 = EDGE_CURVE ( 'NONE', #1593, #1974, #5252, .T. ) ;
#5537 = CARTESIAN_POINT ( 'NONE',  ( 84.43198368737289172, 137.7229024939920237, -69.29999999999999716 ) ) ;
#5538 = ORIENTED_EDGE ( 'NONE', *, *, #7429, .T. ) ;
#5539 = LINE ( 'NONE', #183, #1042 ) ;
#5540 = CARTESIAN_POINT ( 'NONE',  ( 66.98302192200647198, 157.0138114583201059, 10.51099443789331112 ) ) ;
#5541 = CARTESIAN_POINT ( 'NONE',  ( 90.27927773259499133, 4.304631597346659788, -67.29999999999999716 ) ) ;
#5542 = VECTOR ( 'NONE', #4731, 1000.000000000000000 ) ;
#5543 = CARTESIAN_POINT ( 'NONE',  ( -42.96739131312465076, 140.4436411481921709, -140.2972447627235226 ) ) ;
#5544 = CARTESIAN_POINT ( 'NONE',  ( -57.96443840663710034, 157.5000000000000568, -128.3211861134431331 ) ) ;
#5545 = CARTESIAN_POINT ( 'NONE',  ( -79.28331008139099367, -40.00000000000000711, -104.4473166075903805 ) ) ;
#5546 = ORIENTED_EDGE ( 'NONE', *, *, #3324, .F. ) ;
#5547 = ORIENTED_EDGE ( 'NONE', *, *, #8673, .T. ) ;
#5548 = ORIENTED_EDGE ( 'NONE', *, *, #1550, .T. ) ;
#5549 = ORIENTED_EDGE ( 'NONE', *, *, #3670, .T. ) ;
#5550 = DIRECTION ( 'NONE',  ( -1.000000000000000000, -8.673617379884039170E-17, 0.000000000000000000 ) ) ;
#5551 = CARTESIAN_POINT ( 'NONE',  ( 62.62405372808384385, -37.00000000000000711, -140.0386561998705020 ) ) ;
#5552 = FACE_OUTER_BOUND ( 'NONE', #9334, .T. ) ;
#5553 = DIRECTION ( 'NONE',  ( 0.000000000000000000, 0.000000000000000000, -1.000000000000000000 ) ) ;
#5554 = CARTESIAN_POINT ( 'NONE',  ( 53.39495141293897262, -37.00000000000000711, -145.2309448866063235 ) ) ;
#5555 = AXIS2_PLACEMENT_3D ( 'NONE', #61, #796, #3717 ) ;
#5556 = AXIS2_PLACEMENT_3D ( 'NONE', #5716, #7922, #4250 ) ;
#5557 = DIRECTION ( 'NONE',  ( 7.165827653609149284E-17, -4.855507225124589628E-17, 1.000000000000000000 ) ) ;
#5558 = ORIENTED_EDGE ( 'NONE', *, *, #2835, .T. ) ;
#5559 = EDGE_CURVE ( 'NONE', #8066, #7766, #4531, .T. ) ;
#5560 = VECTOR ( 'NONE', #3165, 1000.000000000000000 ) ;
#5561 = LINE ( 'NONE', #8872, #7184 ) ;
#5562 = AXIS2_PLACEMENT_3D ( 'NONE', #8073, #6549, #5092 ) ;
#5563 = DIRECTION ( 'NONE',  ( -1.000000000000000000, 5.551115123125779621E-17, 1.922270984668059849E-16 ) ) ;
#5564 = CYLINDRICAL_SURFACE ( 'NONE', #424, 1.499999999999999778 ) ;
#5565 = EDGE_CURVE ( 'NONE', #4381, #2068, #2394, .T. ) ;
#5567 = VERTEX_POINT ( 'NONE', #870 ) ;
#5566 = CARTESIAN_POINT ( 'NONE',  ( 65.49162423304792924, 119.9999364651157379, 33.49929966378213919 ) ) ;
#5568 = CARTESIAN_POINT ( 'NONE',  ( -29.95525004739580766, -37.00000000000000000, -145.9476348052153867 ) ) ;
#5569 = CARTESIAN_POINT ( 'NONE',  ( 94.13288734541129088, -40.00000000000002132, -105.2797372966812759 ) ) ;
#5570 = VECTOR ( 'NONE', #6792, 1000.000000000000114 ) ;
#5571 = VERTEX_POINT ( 'NONE', #90 ) ;
#5572 = ORIENTED_EDGE ( 'NONE', *, *, #8159, .F. ) ;
#5573 = PLANE ( 'NONE',  #863 ) ;
#5574 = CARTESIAN_POINT ( 'NONE',  ( 65.56488811283648488, 153.6442697381134224, 14.50236287009281355 ) ) ;
#5575 = DIRECTION ( 'NONE',  ( -2.897702010609360918E-32, 1.000000000000000000, -3.140483835678147695E-47 ) ) ;
#5576 = CARTESIAN_POINT ( 'NONE',  ( -73.27064657611715859, 60.24689777975730465, 65.25473975003033900 ) ) ;
#5577 = EDGE_CURVE ( 'NONE', #3207, #2044, #5350, .T. ) ;
#5578 = FACE_OUTER_BOUND ( 'NONE', #4139, .T. ) ;
#5579 = CARTESIAN_POINT ( 'NONE',  ( -64.61999226552235598, 140.4290765388364832, -121.8286001124851339 ) ) ;
#5580 = DIRECTION ( 'NONE',  ( -1.873065082678784805E-16, 4.855507225124589628E-17, -1.000000000000000000 ) ) ;
#5581 = CARTESIAN_POINT ( 'NONE',  ( -71.00470114236865982, -37.00000000000000000, -124.6121565751920315 ) ) ;
#5582 = VERTEX_POINT ( 'NONE', #3065 ) ;
#5583 = CARTESIAN_POINT ( 'NONE',  ( 71.27435767620032436, 157.4999999999999716, -98.73616238481713481 ) ) ;
#5584 = VERTEX_POINT ( 'NONE', #230 ) ;
#5585 = CYLINDRICAL_SURFACE ( 'NONE', #3366, 20.00000000000000000 ) ;
#5586 = FACE_OUTER_BOUND ( 'NONE', #6300, .T. ) ;
#5587 = CARTESIAN_POINT ( 'NONE',  ( 85.40573707957959471, 140.4758753916896410, -117.4707516598780899 ) ) ;
#5588 = EDGE_CURVE ( 'NONE', #6775, #192, #8194, .T. ) ;
#5589 = EDGE_CURVE ( 'NONE', #5251, #8739, #8279, .T. ) ;
#5590 = LINE ( 'NONE', #4861, #8559 ) ;
#5591 = CARTESIAN_POINT ( 'NONE',  ( -47.39105767302520178, -37.00000000000000000, -140.1313150246633654 ) ) ;
#5592 = CARTESIAN_POINT ( 'NONE',  ( -33.06633730674519711, -40.00000000000002132, -145.9999360055504383 ) ) ;
#5593 = CARTESIAN_POINT ( 'NONE',  ( -103.7989999999999498, 153.3300508075680000, 212.9381019126405192 ) ) ;
#5594 = EDGE_CURVE ( 'NONE', #2953, #5842, #6276, .T. ) ;
#5595 = LINE ( 'NONE', #1970, #646 ) ;
#5596 = VERTEX_POINT ( 'NONE', #1679 ) ;
#5597 = COORDINATED_UNIVERSAL_TIME_OFFSET ( 7, 0, .AHEAD. ) ;
#5598 = EDGE_LOOP ( 'NONE', ( #5630, #8358, #4316, #3274, #6838, #581, #824, #6444, #8571 ) ) ;
#5599 = VERTEX_POINT ( 'NONE', #4620 ) ;
#5600 = CARTESIAN_POINT ( 'NONE',  ( 2.000000000000000000, -37.00000000000000711, -140.0000000000000000 ) ) ;
#5601 = CARTESIAN_POINT ( 'NONE',  ( 89.24106508667627224, 141.9940392693168292, -75.93855671384970663 ) ) ;
#5602 = DIRECTION ( 'NONE',  ( 0.000000000000000000, 0.9998476951563911586, 0.01745240643728354982 ) ) ;
#5603 = PLANE ( 'NONE',  #4570 ) ;
#5604 = CARTESIAN_POINT ( 'NONE',  ( 96.34773455264746644, 160.3423424926230325, 152.6030191501704962 ) ) ;
#5605 = CARTESIAN_POINT ( 'NONE',  ( 88.99649724291522546, -37.00000000000002132, -119.7194305676420782 ) ) ;
#5606 = DIRECTION ( 'NONE',  ( 6.123031769111888756E-17, 1.000000000000000000, 0.000000000000000000 ) ) ;
#5607 = EDGE_LOOP ( 'NONE', ( #473, #7328, #6551, #6562 ) ) ;
#5608 = CARTESIAN_POINT ( 'NONE',  ( 65.69839318876108791, 156.0943844013567059, 10.32892189853130560 ) ) ;
#5609 = ADVANCED_FACE ( 'NONE', ( #6037 ), #5208, .T. ) ;
#5610 = LINE ( 'NONE', #4885, #2269 ) ;
#5611 = LINE ( 'NONE', #8536, #2567 ) ;
#5612 = FACE_OUTER_BOUND ( 'NONE', #439, .T. ) ;
#5613 = CARTESIAN_POINT ( 'NONE',  ( 87.48188429676369537, 134.7756817230203978, -69.30200000000000671 ) ) ;
#5614 = CARTESIAN_POINT ( 'NONE',  ( 94.99993600555032458, -40.00000000000000711, -99.06633730721064524 ) ) ;
#5615 = ORIENTED_EDGE ( 'NONE', *, *, #2056, .T. ) ;
#5616 = ORIENTED_EDGE ( 'NONE', *, *, #757, .F. ) ;
#5617 = CYLINDRICAL_SURFACE ( 'NONE', #1163, 47.49999999999999289 ) ;
#5618 = ADVANCED_FACE ( 'NONE', ( #6663 ), #851, .F. ) ;
#5619 = CARTESIAN_POINT ( 'NONE',  ( 90.98955848613788078, 4.317029594017007810, -67.70106698151886349 ) ) ;
#5620 = CARTESIAN_POINT ( 'NONE',  ( 91.08087402246077602, 20.32106076133245764, -68.07167746661023955 ) ) ;
#5621 = CARTESIAN_POINT ( 'NONE',  ( -76.19752194978339332, 58.22144224265075962, 60.92790851118120798 ) ) ;
#5622 = CARTESIAN_POINT ( 'NONE',  ( -80.00000000000000000, -37.00000000000000000, -73.00000000000000000 ) ) ;
#5623 = CARTESIAN_POINT ( 'NONE',  ( 91.42952270022381356, 23.32760343077161380, -70.68540333274935961 ) ) ;
#5624 = EDGE_CURVE ( 'NONE', #7606, #7905, #4766, .T. ) ;
#5625 = CARTESIAN_POINT ( 'NONE',  ( -102.9980000000000047, 58.33405080756782013, 211.5507292157780057 ) ) ;
#5626 = CARTESIAN_POINT ( 'NONE',  ( -54.85212829761638176, -37.00000000000000000, -139.3979094332622708 ) ) ;
#5627 = CARTESIAN_POINT ( 'NONE',  ( 48.27472671887212385, 157.4999999999999716, -122.1773374388181850 ) ) ;
#5628 = EDGE_CURVE ( 'NONE', #1866, #6252, #2492, .T. ) ;
#5629 = VECTOR ( 'NONE', #2876, 1000.000000000000227 ) ;
#5630 = ORIENTED_EDGE ( 'NONE', *, *, #5565, .T. ) ;
#5631 = CARTESIAN_POINT ( 'NONE',  ( 54.63760492091022769, -39.85953108919219545, -145.0610432110088368 ) ) ;
#5632 = CARTESIAN_POINT ( 'NONE',  ( 65.77820473326987383, 156.6060809773335336, 8.116853309446710796 ) ) ;
#5633 = CARTESIAN_POINT ( 'NONE',  ( 88.27053240358692676, 140.4537084251761598, -111.4365060858698087 ) ) ;
#5634 = APPROVAL ( #7569, 'UNSPECIFIED' ) ;
#5635 = CARTESIAN_POINT ( 'NONE',  ( 86.01206840769323492, 149.3641602795468373, -67.30000000000001137 ) ) ;
#5636 = ORIENTED_EDGE ( 'NONE', *, *, #848, .F. ) ;
#5637 = CARTESIAN_POINT ( 'NONE',  ( -29.96803566523316320, 140.3253968801721214, -140.3520276691402557 ) ) ;
#5638 = AXIS2_PLACEMENT_3D ( 'NONE', #218, #1088, #6212 ) ;
#5639 = CARTESIAN_POINT ( 'NONE',  ( -76.99581260088018553, -40.00000000000001421, -113.0870308795601176 ) ) ;
#5640 = CARTESIAN_POINT ( 'NONE',  ( -26.85961089735089402, 140.0000000000000284, -122.8550417520427231 ) ) ;
#5641 = CARTESIAN_POINT ( 'NONE',  ( -30.00761524218049914, -37.00000000000000711, -146.0000000000000284 ) ) ;
#5642 = ORIENTED_EDGE ( 'NONE', *, *, #7466, .T. ) ;
#5643 = APPROVAL_DATE_TIME ( #4086, #8332 ) ;
#5644 = EDGE_CURVE ( 'NONE', #1476, #8008, #1791, .T. ) ;
#5645 = EDGE_CURVE ( 'NONE', #9455, #2498, #1335, .T. ) ;
#5646 = ORIENTED_EDGE ( 'NONE', *, *, #2855, .T. ) ;
#5647 = AXIS2_PLACEMENT_3D ( 'NONE', #8600, #7117, #607 ) ;
#5648 = VERTEX_POINT ( 'NONE', #4959 ) ;
#5649 = VERTEX_POINT ( 'NONE', #1437 ) ;
#5650 = DIRECTION ( 'NONE',  ( -1.541976423090495042E-15, 0.000000000000000000, -1.000000000000000000 ) ) ;
#5651 = CARTESIAN_POINT ( 'NONE',  ( -39.12442056086229059, 62.00000005421946270, 89.71920255626557150 ) ) ;
#5652 = FACE_OUTER_BOUND ( 'NONE', #7198, .T. ) ;
#5653 = CARTESIAN_POINT ( 'NONE',  ( 65.94408137665287484, 156.5314653281910466, 8.263260183436461404 ) ) ;
#5654 = CARTESIAN_POINT ( 'NONE',  ( 86.68075227987566223, -37.00000000000002132, -123.4931733743106435 ) ) ;
#5655 = AXIS2_PLACEMENT_3D ( 'NONE', #2294, #1618, #7505 ) ;
#5656 = ORIENTED_EDGE ( 'NONE', *, *, #4337, .F. ) ;
#5657 = ADVANCED_FACE ( 'NONE', ( #5004 ), #4184, .F. ) ;
#5658 = DIRECTION ( 'NONE',  ( -0.9998932383127906443, 5.621471386266258236E-17, -0.01461204901308623370 ) ) ;
#5659 = VERTEX_POINT ( 'NONE', #5835 ) ;
#5660 = VECTOR ( 'NONE', #6799, 1000.000000000000000 ) ;
#5661 = VECTOR ( 'NONE', #2406, 1000.000000000000114 ) ;
#5662 = CARTESIAN_POINT ( 'NONE',  ( 64.89815857495909768, 145.1161819673304478, 24.95277876114143467 ) ) ;
#5663 = DIRECTION ( 'NONE',  ( 1.000000000000000000, -5.551115123125779621E-17, -3.508303876989709866E-16 ) ) ;
#5664 = CARTESIAN_POINT ( 'NONE',  ( -37.41304439313704222, 140.3054171126524636, 88.35237641727947278 ) ) ;
#5666 = ORIENTED_EDGE ( 'NONE', *, *, #8319, .T. ) ;
#5665 = DIRECTION ( 'NONE',  ( 0.000000000000000000, -1.000000000000000000, 0.000000000000000000 ) ) ;
#5667 = FACE_OUTER_BOUND ( 'NONE', #6622, .T. ) ;
#5668 = AXIS2_PLACEMENT_3D ( 'NONE', #4033, #3297, #1004 ) ;
#5669 = CARTESIAN_POINT ( 'NONE',  ( 54.05842820815582428, -40.00000000000001421, -145.1740921607203063 ) ) ;
#5670 = ORIENTED_EDGE ( 'NONE', *, *, #9017, .F. ) ;
#5671 = VERTEX_POINT ( 'NONE', #3490 ) ;
#5672 = EDGE_CURVE ( 'NONE', #9285, #2004, #6464, .T. ) ;
#5673 = DIRECTION ( 'NONE',  ( 1.000000000000000000, -1.110223024625155801E-16, -0.000000000000000000 ) ) ;
#5674 = CARTESIAN_POINT ( 'NONE',  ( -94.78139602057069624, 153.3300508075680000, 95.40384757729535181 ) ) ;
#5675 = CARTESIAN_POINT ( 'NONE',  ( -76.96914464106511389, 57.40712483851724102, 59.18805952943903037 ) ) ;
#5676 = AXIS2_PLACEMENT_3D ( 'NONE', #4048, #6285, #2602 ) ;
#5677 = DIRECTION ( 'NONE',  ( -0.01745240643728307103, 0.9998476951563913806, -9.251858538542950134E-15 ) ) ;
#5678 = DIRECTION ( 'NONE',  ( 0.01745195043442254734, 0.9998215707699757981, -0.007228834559800748245 ) ) ;
#5679 = ORIENTED_EDGE ( 'NONE', *, *, #4464, .F. ) ;
#5680 = CARTESIAN_POINT ( 'NONE',  ( -61.07669740282360493, 156.4509155319526315, 55.63478822746705532 ) ) ;
#5681 = CARTESIAN_POINT ( 'NONE',  ( -75.33086945783738031, -37.00000000000000711, -117.1221813410111707 ) ) ;
#5682 = LINE ( 'NONE', #7848, #1571 ) ;
#5683 = VECTOR ( 'NONE', #6328, 1000.000000000000000 ) ;
#5684 = B_SPLINE_CURVE_WITH_KNOTS ( 'NONE', 3,
 ( #3059, #3691, #4378, #8711, #5248, #7281, #1485, #7324, #7372, #7996, #5889, #1439, #2966, #2154, #9476, #4476, #2110, #8761 ),
 .UNSPECIFIED., .F., .F.,
 ( 4, 2, 2, 2, 2, 2, 2, 2, 4 ),
 ( 0.000000000000000000, 0.1250000000000001388, 0.2499999999999997224, 0.3749999999999998335, 0.5000000000000000000, 0.6250000000000001110, 0.7500000000000003331, 0.8749999999999998890, 1.000000000000000000 ),
 .UNSPECIFIED. ) ;
#5685 = VERTEX_POINT ( 'NONE', #3640 ) ;
#5686 = CARTESIAN_POINT ( 'NONE',  ( 77.99376101712844900, -39.69346248874202132, -133.5732581525012392 ) ) ;
#5687 = CARTESIAN_POINT ( 'NONE',  ( 27.00000000000000000, -39.48206641583090004, -74.00000000000000000 ) ) ;
#5688 = DIRECTION ( 'NONE',  ( -0.01745240643728340063, 0.9998476951563911586, 0.000000000000000000 ) ) ;
#5689 = DIRECTION ( 'NONE',  ( -0.01745240643728350124, 0.9998476951563911586, 1.032755642038752105E-16 ) ) ;
#5690 = VECTOR ( 'NONE', #3474, 1000.000000000000000 ) ;
#5691 = CARTESIAN_POINT ( 'NONE',  ( -76.63679332416171519, -36.99999999999999289, -104.6920445568262181 ) ) ;
#5692 = CARTESIAN_POINT ( 'NONE',  ( -43.38240437410047434, 157.5000000000000284, -117.8949472626857187 ) ) ;
#5693 = CARTESIAN_POINT ( 'NONE',  ( 90.39999999999999147, 50.73205080756779495, 184.8038475772950164 ) ) ;
#5694 = CARTESIAN_POINT ( 'NONE',  ( -4.768706341644583624, 140.3490481287456078, 90.85199565517044107 ) ) ;
#5695 = ORIENTED_EDGE ( 'NONE', *, *, #6062, .F. ) ;
#5696 = AXIS2_PLACEMENT_3D ( 'NONE', #9110, #2508, #3275 ) ;
#5697 = ADVANCED_FACE ( 'NONE', ( #5739 ), #6604, .T. ) ;
#5698 = VERTEX_POINT ( 'NONE', #1340 ) ;
#5699 = ORIENTED_EDGE ( 'NONE', *, *, #1680, .F. ) ;
#5700 = CARTESIAN_POINT ( 'NONE',  ( 83.26987521516606705, 153.3182355321635555, -66.14603051310588455 ) ) ;
#5701 = DIRECTION ( 'NONE',  ( -0.9861451850236994110, -0.1658845202379459205, 0.000000000000000000 ) ) ;
#5702 = CARTESIAN_POINT ( 'NONE',  ( -73.91985436596357317, 140.3259317848036289, 55.27992342741588061 ) ) ;
#5703 = PRODUCT ( 'M-20iA35M cover J4-M-20iA35M_D\X2\00e9\X0\faut_sldprt', 'M-20iA35M cover J4-M-20iA35M_D\X2\00e9\X0\faut_sldprt', '', ( #1635 ) ) ;
#5704 = CARTESIAN_POINT ( 'NONE',  ( 90.27728848741823242, 87.31724010258342616, -72.30200000000000671 ) ) ;
#5705 = PLANE ( 'NONE',  #7352 ) ;
#5706 = CARTESIAN_POINT ( 'NONE',  ( 60.70125531130265983, -37.00000000000000711, -143.4161354511838908 ) ) ;
#5707 = VERTEX_POINT ( 'NONE', #2916 ) ;
#5708 = DIRECTION ( 'NONE',  ( -0.01461204901308623370, 0.000000000000000000, 0.9998932383127906443 ) ) ;
#5709 = VERTEX_POINT ( 'NONE', #8562 ) ;
#5710 = ORIENTED_EDGE ( 'NONE', *, *, #6541, .T. ) ;
#5711 = CARTESIAN_POINT ( 'NONE',  ( 65.45799999797630164, 153.7933414021128726, 16.00997165681723544 ) ) ;
#5712 = CARTESIAN_POINT ( 'NONE',  ( -74.91833942802843183, -39.73974618854740726, -118.2066167764981799 ) ) ;
#5713 = EDGE_CURVE ( 'NONE', #2474, #6982, #9249, .T. ) ;
#5714 = DIRECTION ( 'NONE',  ( 1.000000000000000000, -6.355499747544691857E-17, 2.974914775446451599E-17 ) ) ;
#5715 = AXIS2_PLACEMENT_3D ( 'NONE', #1460, #5913, #8832 ) ;
#5716 = CARTESIAN_POINT ( 'NONE',  ( 92.50038076210898907, -40.04363101609320807, -26.00000000000000355 ) ) ;
#5717 = FACE_OUTER_BOUND ( 'NONE', #2255, .T. ) ;
#5718 = CARTESIAN_POINT ( 'NONE',  ( 94.03220648351468469, -40.00000000000002132, -105.8018211186815307 ) ) ;
#5719 = ORIENTED_EDGE ( 'NONE', *, *, #7149, .T. ) ;
#5720 = CC_DESIGN_APPROVAL ( #8332, ( #319 ) ) ;
#5721 = ORIENTED_EDGE ( 'NONE', *, *, #2519, .F. ) ;
#5722 = VECTOR ( 'NONE', #3873, 1000.000000000000000 ) ;
#5723 = B_SPLINE_CURVE_WITH_KNOTS ( 'NONE', 3,
 ( #7415, #813, #3731, #75, #4519, #5288, #8405, #6304, #6162, #7644, #2575, #1756, #9077, #4067, #7694, #2523, #6878, #5574, #7789, #1713, #3335, #9217 ),
 .UNSPECIFIED., .F., .F.,
 ( 4, 1, 1, 1, 1, 2, 2, 2, 1, 1, 1, 1, 2, 2, 4 ),
 ( 0.000000000000000000, 0.1249999999999912292, 0.1874999999999870381, 0.2187499999999851508, 0.2343749999999853173, 0.2421874999999854283, 0.2499999999999855116, 0.5000000000000026645, 0.6250000000000104361, 0.6875000000000140998, 0.7187500000000166533, 0.7343750000000184297, 0.7421875000000186517, 0.7500000000000188738, 1.000000000000000000 ),
 .UNSPECIFIED. ) ;
#5724 = CARTESIAN_POINT ( 'NONE',  ( 90.33874729789368985, 85.81808437804480150, -67.29999999999999716 ) ) ;
#5725 = PLANE ( 'NONE',  #5647 ) ;
#5726 = CARTESIAN_POINT ( 'NONE',  ( -78.26574491531665956, 54.88401190691094200, 53.79787693959661254 ) ) ;
#5727 = CARTESIAN_POINT ( 'NONE',  ( 24.40000000000000568, 172.9320508075679754, 95.40384757729520970 ) ) ;
#5728 = CARTESIAN_POINT ( 'NONE',  ( -67.10757868468452614, 149.7990441938221124, 61.66558223983324183 ) ) ;
#5729 = CARTESIAN_POINT ( 'NONE',  ( -31.53654884478844522, -37.00000000000000000, -145.9995018688200616 ) ) ;
#5730 = VECTOR ( 'NONE', #9513, 1000.000000000000000 ) ;
#5731 = VERTEX_POINT ( 'NONE', #6071 ) ;
#5732 = CARTESIAN_POINT ( 'NONE',  ( 46.52817836610266511, 157.5000000000000284, -122.4911910370309585 ) ) ;
#5733 = ORIENTED_EDGE ( 'NONE', *, *, #8915, .T. ) ;
#5734 = DIRECTION ( 'NONE',  ( -3.612236674198094894E-16, -0.000000000000000000, 1.000000000000000000 ) ) ;
#5735 = CARTESIAN_POINT ( 'NONE',  ( 89.81731915039765113, -37.00000000000002132, -118.2750930063709092 ) ) ;
#5736 = CYLINDRICAL_SURFACE ( 'NONE', #3615, 0.002000000000004498180 ) ;
#5737 = AXIS2_PLACEMENT_3D ( 'NONE', #5983, #3788, #8041 ) ;
#5738 = CARTESIAN_POINT ( 'NONE',  ( 81.73951902221129728, 153.4867484164753648, -67.29999999999999716 ) ) ;
#5739 = FACE_OUTER_BOUND ( 'NONE', #7474, .T. ) ;
#5740 = CARTESIAN_POINT ( 'NONE',  ( -56.35982150755231856, 157.5000000000000284, -98.28839988722660337 ) ) ;
#5741 = DIRECTION ( 'NONE',  ( 4.874352472909802035E-17, -2.792514661478080040E-15, -1.000000000000000000 ) ) ;
#5742 = CARTESIAN_POINT ( 'NONE',  ( -42.14514294354602697, 150.4029026120746266, 88.27100946596311815 ) ) ;
#5743 = ORIENTED_EDGE ( 'NONE', *, *, #1045, .T. ) ;
#5744 = ORIENTED_EDGE ( 'NONE', *, *, #511, .F. ) ;
#5745 = VERTEX_POINT ( 'NONE', #5151 ) ;
#5746 = CARTESIAN_POINT ( 'NONE',  ( 89.32766074422683289, 141.7213770735219782, -66.55100165645414734 ) ) ;
#5747 = CARTESIAN_POINT ( 'NONE',  ( 66.62982548657187465, 146.8995888745910747, 24.81723484182175810 ) ) ;
#5748 = CARTESIAN_POINT ( 'NONE',  ( -71.38161818330026165, 140.3240786917334617, 61.16617618140605117 ) ) ;
#5749 = CARTESIAN_POINT ( 'NONE',  ( -56.69194309468728221, 157.4992399500083877, 51.41304439313478269 ) ) ;
#5750 = CARTESIAN_POINT ( 'NONE',  ( -49.37203336173676149, 144.5310078791170270, 82.81390838012033839 ) ) ;
#5751 = ORIENTED_EDGE ( 'NONE', *, *, #1222, .T. ) ;
#5752 = CARTESIAN_POINT ( 'NONE',  ( 12.99999999999999822, -40.00000000000001421, -74.00000099900121597 ) ) ;
#5753 = ORIENTED_EDGE ( 'NONE', *, *, #1904, .F. ) ;
#5754 = ORIENTED_EDGE ( 'NONE', *, *, #1802, .T. ) ;
#5755 = CARTESIAN_POINT ( 'NONE',  ( 97.37748030336528871, 160.7171392947465165, 152.6030191501704962 ) ) ;
#5756 = CARTESIAN_POINT ( 'NONE',  ( -65.38348839980285732, -39.69159990035620922, -131.3227075240220927 ) ) ;
#5757 = LINE ( 'NONE', #2656, #6132 ) ;
#5758 = CARTESIAN_POINT ( 'NONE',  ( 84.92433197752771434, -37.00000000000002842, -121.6076672823358962 ) ) ;
#5759 = DIRECTION ( 'NONE',  ( 1.000000000000000000, 1.145251006897963878E-32, -7.231268945543358372E-17 ) ) ;
#5760 = DIRECTION ( 'NONE',  ( -0.1658845202397546958, 0.9861451850233950989, -1.765405803548660453E-16 ) ) ;
#5761 = VERTEX_POINT ( 'NONE', #8269 ) ;
#5762 = ADVANCED_FACE ( 'N', ( #8137 ), #4427, .T. ) ;
#5763 = ORIENTED_EDGE ( 'NONE', *, *, #1675, .F. ) ;
#5764 = EDGE_CURVE ( 'NONE', #7445, #2172, #3035, .T. ) ;
#5765 = EDGE_CURVE ( 'NONE', #8713, #4997, #8226, .T. ) ;
#5766 = CARTESIAN_POINT ( 'NONE',  ( -49.61084179908133507, 140.3657177476845277, 86.75450436795169651 ) ) ;
#5767 = LINE ( 'NONE', #3523, #7483 ) ;
#5768 = CARTESIAN_POINT ( 'NONE',  ( 89.04526616692622554, 140.3430856206283863, -99.01750344890690769 ) ) ;
#5769 = CARTESIAN_POINT ( 'NONE',  ( 87.45770538249809078, 136.2754881705678258, -72.30200000000000671 ) ) ;
#5770 = VERTEX_POINT ( 'NONE', #6834 ) ;
#5771 = CARTESIAN_POINT ( 'NONE',  ( -59.52243098434824020, 157.1001344417265670, 54.08043388933619866 ) ) ;
#5772 = CARTESIAN_POINT ( 'NONE',  ( 30.15191370677205285, 62.88109949927802944, 84.36954836974425120 ) ) ;
#5773 = ORIENTED_EDGE ( 'NONE', *, *, #3088, .F. ) ;
#5774 = CARTESIAN_POINT ( 'NONE',  ( 64.83805391469006452, 157.4999999999999716, -112.1897481152383733 ) ) ;
#5775 = ORIENTED_EDGE ( 'NONE', *, *, #8489, .F. ) ;
#5776 = ADVANCED_FACE ( 'NONE', ( #6651 ), #6787, .F. ) ;
#5777 = ORIENTED_EDGE ( 'NONE', *, *, #4972, .T. ) ;
#5778 = CARTESIAN_POINT ( 'NONE',  ( 63.47186409717843247, -39.76929518426253196, -142.4611238202772370 ) ) ;
#5779 = CARTESIAN_POINT ( 'NONE',  ( 89.76225686426946027, 4.247822203778081729, -72.73663598573946842 ) ) ;
#5780 = CARTESIAN_POINT ( 'NONE',  ( 90.92846017549840099, 153.7063796985775070, 152.6030191501704962 ) ) ;
#5781 = CARTESIAN_POINT ( 'NONE',  ( 91.44659971871614346, 20.32744452710648275, -72.30200000000000671 ) ) ;
#5782 = CARTESIAN_POINT ( 'NONE',  ( -74.03865619986844138, -36.99999999999998579, -113.6240537280991134 ) ) ;
#5783 = LINE ( 'NONE', #1341, #4723 ) ;
#5784 = CARTESIAN_POINT ( 'NONE',  ( 69.30699864322508574, 143.4548664175069348, 27.21475552649192053 ) ) ;
#5785 = CARTESIAN_POINT ( 'NONE',  ( -46.51289248278725097, 155.6784619119429181, 70.70891334334947942 ) ) ;
#5786 = VERTEX_POINT ( 'NONE', #8807 ) ;
#5787 = ORIENTED_EDGE ( 'NONE', *, *, #2569, .T. ) ;
#5788 = ORIENTED_EDGE ( 'NONE', *, *, #5973, .F. ) ;
#5789 = DIRECTION ( 'NONE',  ( 3.556224861341670117E-16, 0.000000000000000000, 1.000000000000000000 ) ) ;
#5790 = DIRECTION ( 'NONE',  ( -0.1658845202397589147, 0.9861451850233944327, 1.451076502248854932E-16 ) ) ;
#5791 = AXIS2_PLACEMENT_3D ( 'NONE', #6670, #54, #8871 ) ;
#5792 = CARTESIAN_POINT ( 'NONE',  ( -73.60013188218194102, 140.3289710953579288, 56.48687427163861940 ) ) ;
#5793 = CARTESIAN_POINT ( 'NONE',  ( 94.99999999999998579, -40.00000000000001421, -96.00761524218060572 ) ) ;
#5794 = CARTESIAN_POINT ( 'NONE',  ( -49.46707711301466759, 143.9942225049505282, 82.90907612943468052 ) ) ;
#5795 = ORIENTED_EDGE ( 'NONE', *, *, #8319, .F. ) ;
#5796 = VECTOR ( 'NONE', #3298, 1000.000000000000000 ) ;
#5797 = CARTESIAN_POINT ( 'NONE',  ( 68.82072635358120749, 160.0000000000000000, -106.1528419302081119 ) ) ;
#5798 = ORIENTED_EDGE ( 'NONE', *, *, #965, .F. ) ;
#5799 = ORIENTED_EDGE ( 'NONE', *, *, #3611, .F. ) ;
#5800 = FACE_OUTER_BOUND ( 'NONE', #3570, .T. ) ;
#5801 = CARTESIAN_POINT ( 'NONE',  ( -56.85504175204950172, 160.0000000000000000, -94.82304684452857657 ) ) ;
#5802 = CARTESIAN_POINT ( 'NONE',  ( -79.95295823502290489, -39.95464994641714895, -98.70738460145015836 ) ) ;
#5803 = VECTOR ( 'NONE', #1699, 1000.000000000000000 ) ;
#5804 = CARTESIAN_POINT ( 'NONE',  ( 67.00000306029890851, 159.3392717687501374, 6.296608604001136200 ) ) ;
#5805 = ADVANCED_FACE ( 'NONE', ( #5335 ), #3004, .F. ) ;
#5806 = EDGE_CURVE ( 'NONE', #6156, #5843, #860, .T. ) ;
#5807 = FACE_OUTER_BOUND ( 'NONE', #8199, .T. ) ;
#5808 = EDGE_LOOP ( 'NONE', ( #3991, #5418, #4668, #4681 ) ) ;
#5809 = DIRECTION ( 'NONE',  ( 0.000000000000000000, 0.000000000000000000, -1.000000000000000000 ) ) ;
#5810 = EDGE_CURVE ( 'NONE', #2172, #7327, #5245, .T. ) ;
#5811 = VECTOR ( 'NONE', #1091, 1000.000000000000000 ) ;
#5812 = VERTEX_POINT ( 'NONE', #2202 ) ;
#5813 = AXIS2_PLACEMENT_3D ( 'NONE', #2188, #6683, #8793 ) ;
#5814 = EDGE_CURVE ( 'NONE', #406, #4661, #6740, .T. ) ;
#5815 = ORIENTED_EDGE ( 'NONE', *, *, #6582, .F. ) ;
#5816 = DIRECTION ( 'NONE',  ( 0.01745240643694780450, -0.9998476951363206577, 6.336149281527391229E-06 ) ) ;
#5817 = LINE ( 'NONE', #4456, #8866 ) ;
#5818 = CARTESIAN_POINT ( 'NONE',  ( 18.04900782745023591, 62.00000003049106567, 89.71920255667974686 ) ) ;
#5819 = DIRECTION ( 'NONE',  ( 0.2718618336224463694, -0.9621897258691907151, 0.01679508413831049332 ) ) ;
#5820 = AXIS2_PLACEMENT_3D ( 'NONE', #3202, #270, #8551 ) ;
#5821 = AXIS2_PLACEMENT_3D ( 'NONE', #8299, #4643, #7586 ) ;
#5822 = EDGE_CURVE ( 'NONE', #6250, #557, #78, .T. ) ;
#5823 = CARTESIAN_POINT ( 'NONE',  ( -66.66311985636431814, 150.6739996554871936, 61.22126873777339995 ) ) ;
#5824 = CARTESIAN_POINT ( 'NONE',  ( -79.09726418919576929, -36.99999999999999289, -105.4523624170520861 ) ) ;
#5825 = VERTEX_POINT ( 'NONE', #4612 ) ;
#5826 = LINE ( 'NONE', #3728, #1082 ) ;
#5827 = VERTEX_POINT ( 'NONE', #907 ) ;
#5828 = EDGE_CURVE ( 'NONE', #7445, #2572, #35, .T. ) ;
#5829 = ORIENTED_EDGE ( 'NONE', *, *, #3688, .T. ) ;
#5830 = DIRECTION ( 'NONE',  ( 0.1699069165076464993, 0.9854601157443479975, 0.000000000000000000 ) ) ;
#5831 = AXIS2_PLACEMENT_3D ( 'NONE', #3410, #4195, #4831 ) ;
#5832 = CARTESIAN_POINT ( 'NONE',  ( 66.12218134041005158, -37.00000000000002132, -141.3308694580649103 ) ) ;
#5833 = CARTESIAN_POINT ( 'NONE',  ( 90.39999999999999147, 50.73205080756779495, 184.8038475772950164 ) ) ;
#5834 = CARTESIAN_POINT ( 'NONE',  ( 73.66139069373319614, 156.4470246467514869, -67.30000000000001137 ) ) ;
#5835 = CARTESIAN_POINT ( 'NONE',  ( -89.59999999999999432, 153.3300508075680000, 219.4038475772949823 ) ) ;
#5836 = EDGE_CURVE ( 'NONE', #9285, #2473, #178, .T. ) ;
#5837 = CARTESIAN_POINT ( 'NONE',  ( -56.36468124510146538, 157.5000000000000568, -98.26190902575869757 ) ) ;
#5838 = CARTESIAN_POINT ( 'NONE',  ( 89.76142303221948282, 4.295592409926380917, -69.30200000000000671 ) ) ;
#5839 = AXIS2_PLACEMENT_3D ( 'NONE', #5848, #1400, #2029 ) ;
#5840 = CARTESIAN_POINT ( 'NONE',  ( 89.35167215610282199, 140.3457642084431711, -69.29999999999999716 ) ) ;
#5841 = EDGE_CURVE ( 'NONE', #5261, #5121, #770, .T. ) ;
#5842 = VERTEX_POINT ( 'NONE', #128 ) ;
#5843 = VERTEX_POINT ( 'NONE', #8852 ) ;
#5844 = ORIENTED_EDGE ( 'NONE', *, *, #7172, .F. ) ;
#5845 = CARTESIAN_POINT ( 'NONE',  ( -104.5999999999999943, 153.3300508075680000, 212.4756443470194824 ) ) ;
#5846 = LINE ( 'NONE', #6565, #4393 ) ;
#5847 = CARTESIAN_POINT ( 'NONE',  ( -42.51597848502481725, 62.00026321788922701, 89.15958308982756364 ) ) ;
#5848 = CARTESIAN_POINT ( 'NONE',  ( 2.399999999999930189, 172.9320508075679754, 95.40384757729519549 ) ) ;
#5849 = CARTESIAN_POINT ( 'NONE',  ( -46.15499210879816161, 152.3858508636405702, 79.59699261304908191 ) ) ;
#5850 = ADVANCED_FACE ( 'NONE', ( #220 ), #8949, .F. ) ;
#5851 = ORIENTED_EDGE ( 'NONE', *, *, #865, .T. ) ;
#5852 = VECTOR ( 'NONE', #5816, 1000.000000000000000 ) ;
#5853 = DIRECTION ( 'NONE',  ( -1.000000000000000000, 1.110223024625155801E-16, 0.000000000000000000 ) ) ;
#5854 = VERTEX_POINT ( 'NONE', #6166 ) ;
#5855 = ORIENTED_EDGE ( 'NONE', *, *, #3778, .T. ) ;
#5856 = CARTESIAN_POINT ( 'NONE',  ( 89.43230092431311107, 23.15098534371755434, -72.93848708738606490 ) ) ;
#5857 = CARTESIAN_POINT ( 'NONE',  ( 2.841686174430761103, 142.4228396278192861, 86.47009501107122276 ) ) ;
#5858 = EDGE_CURVE ( 'NONE', #4188, #901, #3845, .T. ) ;
#5859 = CARTESIAN_POINT ( 'NONE',  ( -68.10206349446723095, -39.69457725298963879, -128.3817490261344858 ) ) ;
#5860 = CARTESIAN_POINT ( 'NONE',  ( 67.00002041313814516, 159.7874391681096427, 3.204630053675902257 ) ) ;
#5861 = LINE ( 'NONE', #7394, #2261 ) ;
#5862 = CARTESIAN_POINT ( 'NONE',  ( -102.9980000000000047, 58.33405080756782013, 97.00584757729509988 ) ) ;
#5863 = CARTESIAN_POINT ( 'NONE',  ( -43.16440485995972409, 62.00030079905612013, 91.58001826291361169 ) ) ;
#5864 = EDGE_LOOP ( 'NONE', ( #2143, #6513, #8993, #2077, #7987, #3739 ) ) ;
#5865 = ORIENTED_EDGE ( 'NONE', *, *, #2913, .F. ) ;
#5866 = CARTESIAN_POINT ( 'NONE',  ( -70.63220262977371533, 59.83153236755426008, 64.36736460341124655 ) ) ;
#5867 = B_SPLINE_CURVE_WITH_KNOTS ( 'NONE', 3,
 ( #4400, #6535, #9499, #4352, #2889, #7392, #58, #5221, #5954, #5804, #5910, #8829, #2839, #742, #6716, #10, #8160, #8877, #2180, #5860, #103, #6626, #8781, #4498, #5131, #2944, #3031, #8060, #7346, #6674, #6004, #7300 ),
 .UNSPECIFIED., .F., .F.,
 ( 4, 2, 2, 1, 1, 1, 1, 1, 2, 2, 2, 2, 1, 1, 1, 1, 1, 2, 2, 2, 4 ),
 ( 0.000000000000000000, 0.2500000000000216493, 0.3750000000000316414, 0.4375000000000359712, 0.4687500000000387468, 0.4843750000000395239, 0.4921875000000399125, 0.4960937500000406897, 0.4980468750000405787, 0.5000000000000404121, 0.6250000000000400791, 0.6875000000000399680, 0.7187500000000399680, 0.7343750000000398570, 0.7421875000000395239, 0.7460937500000391909, 0.7480468750000389688, 0.7490234375000389688, 0.7500000000000389688, 0.8750000000000194289, 1.000000000000000000 ),
 .UNSPECIFIED. ) ;
#5868 = DIRECTION ( 'NONE',  ( -0.000000000000000000, -1.000000000000000000, -0.000000000000000000 ) ) ;
#5869 = DIRECTION ( 'NONE',  ( 0.000000000000000000, 0.000000000000000000, -1.000000000000000000 ) ) ;
#5870 = LINE ( 'NONE', #5187, #1185 ) ;
#5871 = ORIENTED_EDGE ( 'NONE', *, *, #3765, .T. ) ;
#5872 = CARTESIAN_POINT ( 'NONE',  ( -61.29472550696071664, 156.3349329933154195, 55.85273454313698238 ) ) ;
#5873 = CARTESIAN_POINT ( 'NONE',  ( 92.27308415593310542, -25.00000000000000355, -75.73817402607672022 ) ) ;
#5874 = VERTEX_POINT ( 'NONE', #3292 ) ;
#5875 = CARTESIAN_POINT ( 'NONE',  ( -94.78139602057071045, 58.33405080756781302, 97.00384757729511875 ) ) ;
#5876 = VECTOR ( 'NONE', #9346, 1000.000000000000000 ) ;
#5877 = AXIS2_PLACEMENT_3D ( 'NONE', #5693, #4865, #9237 ) ;
#5878 = EDGE_CURVE ( 'NONE', #1625, #6793, #4751, .T. ) ;
#5879 = ORIENTED_EDGE ( 'NONE', *, *, #1099, .T. ) ;
#5880 = CARTESIAN_POINT ( 'NONE',  ( 93.06975303671421784, -39.81337843485423633, -109.7763690268860302 ) ) ;
#5881 = CARTESIAN_POINT ( 'NONE',  ( 72.54098758849195860, -37.00000000000002132, -137.7277341164936502 ) ) ;
#5882 = DIRECTION ( 'NONE',  ( 6.123031769111888756E-17, 1.000000000000000000, 0.000000000000000000 ) ) ;
#5883 = EDGE_CURVE ( 'NONE', #1625, #8451, #8509, .T. ) ;
#5884 = CARTESIAN_POINT ( 'NONE',  ( -2.922296659072100233, 157.3041382636110654, 72.70152887818308329 ) ) ;
#5885 = VERTEX_POINT ( 'NONE', #4702 ) ;
#5886 = DIRECTION ( 'NONE',  ( 0.000000000000000000, -9.714451465470123426E-17, 1.000000000000000000 ) ) ;
#5887 = VECTOR ( 'NONE', #2626, 1000.000000000000114 ) ;
#5888 = CARTESIAN_POINT ( 'NONE',  ( -92.97174539372514346, 153.3300508075680000, 219.1892202741577478 ) ) ;
#5889 = CARTESIAN_POINT ( 'NONE',  ( 65.70963606671116963, 160.0000000000000284, -111.1571778647914215 ) ) ;
#5890 = CARTESIAN_POINT ( 'NONE',  ( 90.50883473999489581, -38.52359565090600313, -74.00000000000000000 ) ) ;
#5891 = EDGE_CURVE ( 'NONE', #2473, #8425, #5472, .T. ) ;
#5892 = AXIS2_PLACEMENT_3D ( 'NONE', #2946, #4403, #3616 ) ;
#5893 = ORIENTED_EDGE ( 'NONE', *, *, #2226, .T. ) ;
#5894 = EDGE_CURVE ( 'NONE', #8333, #8154, #1044, .T. ) ;
#5895 = VERTEX_POINT ( 'NONE', #3200 ) ;
#5896 = CARTESIAN_POINT ( 'NONE',  ( 82.34404987654822605, 154.0564271579340812, -66.12047525332909004 ) ) ;
#5897 = CARTESIAN_POINT ( 'NONE',  ( 91.72583822171267798, 4.329881404604495998, -72.30200000000000671 ) ) ;
#5898 = CARTESIAN_POINT ( 'NONE',  ( -74.26054608710416005, 140.3167751770662051, 53.20180665643182039 ) ) ;
#5899 = CARTESIAN_POINT ( 'NONE',  ( -66.95240940461998491, 150.4511981613730995, 68.84900524481091111 ) ) ;
#5900 = EDGE_CURVE ( 'NONE', #2629, #8954, #8458, .T. ) ;
#5901 = CARTESIAN_POINT ( 'NONE',  ( -46.68643541444249934, 151.5908780453704594, 80.12858693047657255 ) ) ;
#5902 = ORIENTED_EDGE ( 'NONE', *, *, #932, .F. ) ;
#5903 = CARTESIAN_POINT ( 'NONE',  ( 63.80998556904798136, 160.0000000000544560, -137.3815626241331529 ) ) ;
#5904 = VERTEX_POINT ( 'NONE', #3248 ) ;
#5905 = ADVANCED_FACE ( 'NONE', ( #4026 ), #6115, .T. ) ;
#5906 = ORIENTED_EDGE ( 'NONE', *, *, #4622, .F. ) ;
#5907 = DIRECTION ( 'NONE',  ( 1.000000000000000000, 0.000000000000000000, 0.000000000000000000 ) ) ;
#5908 = CARTESIAN_POINT ( 'NONE',  ( 72.29624171239174757, 156.9829683979739912, -75.94470858355711584 ) ) ;
#5909 = CARTESIAN_POINT ( 'NONE',  ( -77.35133865549784105, -39.79024831977588406, -112.0722296964843849 ) ) ;
#5910 = CARTESIAN_POINT ( 'NONE',  ( 67.00000078400334758, 159.3521383271584284, 6.227078535440149665 ) ) ;
#5911 = DIRECTION ( 'NONE',  ( -1.000000000000000000, -2.022266248809774821E-21, -0.000000000000000000 ) ) ;
#5912 = LINE ( 'NONE', #7396, #6801 ) ;
#5913 = DIRECTION ( 'NONE',  ( -0.1658845202397589147, 0.9861451850233945438, 1.451076502248855178E-16 ) ) ;
#5914 = B_SPLINE_CURVE_WITH_KNOTS ( 'NONE', 3,
 ( #325, #4710, #2632, #9184 ),
 .UNSPECIFIED., .F., .F.,
 ( 4, 4 ),
 ( 0.000000000000000000, 1.000000000000000000 ),
 .UNSPECIFIED. ) ;
#5915 = ORIENTED_EDGE ( 'NONE', *, *, #3618, .T. ) ;
#5916 = CYLINDRICAL_SURFACE ( 'NONE', #4297, 1.602000000000006086 ) ;
#5917 = CARTESIAN_POINT ( 'NONE',  ( 13.00000000000000178, -38.00000000000000000, -74.00000000000000000 ) ) ;
#5918 = CARTESIAN_POINT ( 'NONE',  ( 24.22180378844280568, 62.00000026822111465, 88.42130728888274405 ) ) ;
#5919 = CARTESIAN_POINT ( 'NONE',  ( 91.85199565517051212, 140.3490481287456078, -66.59892443686010211 ) ) ;
#5920 = CARTESIAN_POINT ( 'NONE',  ( -68.94608323400565553, 143.7240409478269498, 63.50407341255598226 ) ) ;
#5921 = CARTESIAN_POINT ( 'NONE',  ( -76.44677515537847512, -37.00000000000000711, -114.5060055855448979 ) ) ;
#5922 = DIRECTION ( 'NONE',  ( 0.9861451850233945438, 0.1658845202397584151, 0.000000000000000000 ) ) ;
#5923 = EDGE_LOOP ( 'NONE', ( #4254, #5906, #2719, #1035 ) ) ;
#5924 = CARTESIAN_POINT ( 'NONE',  ( 91.15178499415834779, -39.76320687134808196, -115.2296338576477410 ) ) ;
#5925 = CARTESIAN_POINT ( 'NONE',  ( 92.89999999999999147, 58.33205080756781058, 199.8038475772949880 ) ) ;
#5926 = CARTESIAN_POINT ( 'NONE',  ( 13.00000000000000355, -40.00200000000000244, -74.00000000000001421 ) ) ;
#5927 = LINE ( 'NONE', #3055, #1944 ) ;
#5928 = CARTESIAN_POINT ( 'NONE',  ( 84.48434090668480678, 134.7233594085229811, -69.29999999999999716 ) ) ;
#5929 = EDGE_CURVE ( 'NONE', #557, #7295, #6977, .T. ) ;
#5930 = CARTESIAN_POINT ( 'NONE',  ( 24.03460558292672999, 62.00000000229741914, 91.16096262532296635 ) ) ;
#5931 = DIRECTION ( 'NONE',  ( -0.7071067811865470176, 2.773281687360441596E-16, 0.7071067811865479058 ) ) ;
#5932 = CARTESIAN_POINT ( 'NONE',  ( -103.0000000000000142, 153.3300508075680000, 211.5507292157780057 ) ) ;
#5933 = ORIENTED_EDGE ( 'NONE', *, *, #4389, .T. ) ;
#5934 = EDGE_CURVE ( 'NONE', #1260, #1153, #7023, .T. ) ;
#5935 = ORIENTED_EDGE ( 'NONE', *, *, #4721, .T. ) ;
#5936 = ADVANCED_FACE ( 'NONE', ( #5484 ), #413, .F. ) ;
#5937 = CARTESIAN_POINT ( 'NONE',  ( 89.98722725145600521, -8.640722646197673384, -72.93828561969374391 ) ) ;
#5938 = CARTESIAN_POINT ( 'NONE',  ( -94.78139602057051150, 153.3300508075680000, 217.8018475772954901 ) ) ;
#5939 = CARTESIAN_POINT ( 'NONE',  ( -74.29825691426049161, 140.3144253940104420, 52.78682191672900359 ) ) ;
#5940 = CARTESIAN_POINT ( 'NONE',  ( -74.27100946596313236, 146.1792324310754339, 61.72199204660574878 ) ) ;
#5941 = CARTESIAN_POINT ( 'NONE',  ( -42.72284986864561773, 155.8098457849057752, 76.16509114931717761 ) ) ;
#5942 = ORIENTED_EDGE ( 'NONE', *, *, #5394, .F. ) ;
#5943 = VERTEX_POINT ( 'NONE', #9081 ) ;
#5944 = LINE ( 'NONE', #3899, #7235 ) ;
#5945 = CARTESIAN_POINT ( 'NONE',  ( 41.85961089735091889, 140.3490481287458067, -142.8519956551705832 ) ) ;
#5946 = EDGE_CURVE ( 'NONE', #2435, #686, #2623, .T. ) ;
#5947 = EDGE_LOOP ( 'NONE', ( #1143, #4919, #7139, #2425 ) ) ;
#5948 = VECTOR ( 'NONE', #2909, 1000.000000000000000 ) ;
#5949 = ORIENTED_EDGE ( 'NONE', *, *, #6226, .F. ) ;
#5950 = LINE ( 'NONE', #9007, #6710 ) ;
#5951 = EDGE_CURVE ( 'NONE', #4500, #7692, #7657, .T. ) ;
#5952 = CARTESIAN_POINT ( 'NONE',  ( 13.00000000000000178, -40.00200000000000244, -76.00199999999999534 ) ) ;
#5953 = CARTESIAN_POINT ( 'NONE',  ( -37.41304439313703512, 151.8890315566566755, 90.75900485366601345 ) ) ;
#5954 = CARTESIAN_POINT ( 'NONE',  ( 67.00001182954216006, 159.3132760486839743, 6.435232747051527369 ) ) ;
#5955 = LINE ( 'NONE', #8603, #732 ) ;
#5956 = EDGE_CURVE ( 'NONE', #9510, #345, #2581, .T. ) ;
#5957 = EDGE_CURVE ( 'NONE', #7719, #4694, #1554, .T. ) ;
#5958 = VECTOR ( 'NONE', #8079, 1000.000000000000114 ) ;
#5959 = DIRECTION ( 'NONE',  ( 1.000000000000000000, 0.000000000000000000, -0.000000000000000000 ) ) ;
#5960 = ADVANCED_FACE ( 'NONE', ( #4170 ), #2003, .T. ) ;
#5961 = CARTESIAN_POINT ( 'NONE',  ( -52.11949948336351213, 61.99999999999999289, 86.36261118217042565 ) ) ;
#5962 = VERTEX_POINT ( 'NONE', #3430 ) ;
#5963 = VECTOR ( 'NONE', #9020, 1000.000000000000000 ) ;
#5964 = CARTESIAN_POINT ( 'NONE',  ( -75.85313643545275397, 54.32516530831905754, 52.60376224959079394 ) ) ;
#5965 = DIRECTION ( 'NONE',  ( -0.01745240643730237504, 0.9998476951563909365, 0.000000000000000000 ) ) ;
#5966 = LINE ( 'NONE', #2187, #6139 ) ;
#5967 = LINE ( 'NONE', #8888, #2405 ) ;
#5968 = VERTEX_POINT ( 'NONE', #2715 ) ;
#5969 = CARTESIAN_POINT ( 'NONE',  ( -50.35168631218257929, 62.00000000000000000, 84.59435188645454673 ) ) ;
#5970 = CARTESIAN_POINT ( 'NONE',  ( -80.00000000000000000, -40.00000000000000000, -73.00000000000000000 ) ) ;
#5971 = VECTOR ( 'NONE', #4958, 999.9999999999998863 ) ;
#5972 = DIRECTION ( 'NONE',  ( 0.9998479630271436269, 0.01743327459299937737, 0.0003629978465817539123 ) ) ;
#5973 = EDGE_CURVE ( 'NONE', #5649, #5761, #3715, .T. ) ;
#5974 = ORIENTED_EDGE ( 'NONE', *, *, #4829, .T. ) ;
#5975 = CARTESIAN_POINT ( 'NONE',  ( 80.32270752271108449, -39.69159990035385732, -131.3834884011118618 ) ) ;
#5976 = FACE_OUTER_BOUND ( 'NONE', #7768, .T. ) ;
#5977 = LINE ( 'NONE', #5833, #7796 ) ;
#5978 = VECTOR ( 'NONE', #9174, 1000.000000000000000 ) ;
#5979 = CARTESIAN_POINT ( 'NONE',  ( -2.781566829864640766, 157.2728854471878890, 72.84218126209248112 ) ) ;
#5980 = CARTESIAN_POINT ( 'NONE',  ( 88.37716606769882333, 134.7913089244612195, -67.49660555433381148 ) ) ;
#5981 = CARTESIAN_POINT ( 'NONE',  ( 25.20980216465777701, 61.99999970592828191, 90.77637575978313578 ) ) ;
#5982 = DIRECTION ( 'NONE',  ( -0.7071067811865474617, -0.000000000000000000, -0.7071067811865474617 ) ) ;
#5983 = CARTESIAN_POINT ( 'NONE',  ( 73.48462140672060627, 20.01391702943395146, -67.29999999999999716 ) ) ;
#5984 = ADVANCED_FACE ( 'NONE', ( #6675 ), #5177, .F. ) ;
#5985 = AXIS2_PLACEMENT_3D ( 'NONE', #4790, #5663, #7151 ) ;
#5986 = EDGE_LOOP ( 'NONE', ( #8738, #3045, #8801, #8745 ) ) ;
#5987 = CARTESIAN_POINT ( 'NONE',  ( -102.9989999999999526, 153.3300508075680000, 211.5524612665854534 ) ) ;
#5988 = LINE ( 'NONE', #5206, #6267 ) ;
#5989 = CARTESIAN_POINT ( 'NONE',  ( -74.31261153707409051, 140.3132548517224905, 52.59289613377351458 ) ) ;
#5990 = CARTESIAN_POINT ( 'NONE',  ( -89.59999999999999432, 153.3300508075680000, 217.8018475772949785 ) ) ;
#5991 = CIRCLE ( 'NONE', #6904, 1.500000000000003331 ) ;
#5992 = ADVANCED_FACE ( 'NONE', ( #4945 ), #6580, .T. ) ;
#5993 = LINE ( 'NONE', #2305, #5660 ) ;
#5994 = ORIENTED_EDGE ( 'NONE', *, *, #8523, .F. ) ;
#5995 = CARTESIAN_POINT ( 'NONE',  ( 0.4844684766220855310, 159.9991313714381533, 70.66864328649369043 ) ) ;
#5996 = CARTESIAN_POINT ( 'NONE',  ( -77.50000000000000000, -22.32263868756755087, -74.00000000000000000 ) ) ;
#5997 = CLOSED_SHELL ( 'NONE', ( #52, #5697, #437, #5013, #1615, #3520, #105, #4149, #5984, #2444, #1070, #2685, #8800, #8928, #8979, #4631, #2413, #6953, #4913, #281, #1213, #794, #1205, #1009, #472, #8103, #8211, #5101, #4867, #3309, #6386, #5123, #1058, #4329, #7363, #1407, #6393, #1790, #8052, #6502, #828, #1404, #5403, #2571, #927, #8580, #9414, #8628, #65, #3819, #2179, #6231, #5464, #1580, #8503, #4001, #7917, #6349, #9279, #2533, #8547, #7097, #5065, #1497, #5960, #5762 ) ) ;
#5998 = ORIENTED_EDGE ( 'NONE', *, *, #7193, .F. ) ;
#5999 = ORIENTED_EDGE ( 'NONE', *, *, #7454, .F. ) ;
#6000 = EDGE_LOOP ( 'NONE', ( #3879, #6059, #418, #3050, #8426, #4768, #400, #4708, #8099, #2399, #4649, #5523 ) ) ;
#6001 = CARTESIAN_POINT ( 'NONE',  ( 26.99999999999999645, -40.00000000000001421, -146.0000000000000000 ) ) ;
#6002 = CARTESIAN_POINT ( 'NONE',  ( -71.79272080728644312, 140.4683554534987024, -115.0129134350183051 ) ) ;
#6003 = CARTESIAN_POINT ( 'NONE',  ( -39.81500895619895175, -39.85739464776345642, -145.0258229242610355 ) ) ;
#6004 = CARTESIAN_POINT ( 'NONE',  ( 67.00000000013430679, 160.0000000000000568, -0.1229464502016850425 ) ) ;
#6005 = DIRECTION ( 'NONE',  ( -1.000000000000000000, -1.721336198213441227E-32, 7.165827653609149284E-17 ) ) ;
#6006 = AXIS2_PLACEMENT_3D ( 'NONE', #6818, #6054, #843 ) ;
#6007 = DIRECTION ( 'NONE',  ( -0.01744177813808524963, 0.9992388003036510868, 0.03489418781261388602 ) ) ;
#6008 = CARTESIAN_POINT ( 'NONE',  ( 91.77819408923056699, 1.330415763359860781, -72.41152330068302945 ) ) ;
#6009 = ORIENTED_EDGE ( 'NONE', *, *, #4096, .T. ) ;
#6010 = AXIS2_PLACEMENT_3D ( 'NONE', #2397, #2353, #3802 ) ;
#6011 = EDGE_CURVE ( 'NONE', #4234, #8141, #5861, .T. ) ;
#6012 = CARTESIAN_POINT ( 'NONE',  ( -73.86759873473418736, 57.79903966585222008, 60.02522110432062874 ) ) ;
#6013 = FACE_OUTER_BOUND ( 'NONE', #510, .T. ) ;
#6014 = ADVANCED_FACE ( 'NONE', ( #59 ), #2945, .F. ) ;
#6015 = CARTESIAN_POINT ( 'NONE',  ( 86.46449994428169816, 140.3917119458028537, -109.1710608990611888 ) ) ;
#6016 = CARTESIAN_POINT ( 'NONE',  ( 91.83209412025850327, 141.4892063002501459, -66.55910923744040986 ) ) ;
#6017 = DIRECTION ( 'NONE',  ( -0.9998476951563912696, 0.01745240643728365390, 3.086568616707462050E-16 ) ) ;
#6018 = CARTESIAN_POINT ( 'NONE',  ( 66.99999999999998579, 160.0000000000000000, 99.00000000000000000 ) ) ;
#6019 = CARTESIAN_POINT ( 'NONE',  ( 71.85497775016470712, 157.4999999999999432, -94.69505185767489763 ) ) ;
#6020 = ORIENTED_EDGE ( 'NONE', *, *, #5624, .T. ) ;
#6021 = VERTEX_POINT ( 'NONE', #7891 ) ;
#6022 = LINE ( 'NONE', #124, #5948 ) ;
#6023 = CARTESIAN_POINT ( 'NONE',  ( 54.12740820380364681, -37.00000000000000711, -145.1585691409230208 ) ) ;
#6024 = DIRECTION ( 'NONE',  ( 0.01745240643728307103, -0.9998476951563913806, 2.775557561562885040E-14 ) ) ;
#6025 = DIRECTION ( 'NONE',  ( -2.167115484613950084E-16, 0.000000000000000000, 1.000000000000000000 ) ) ;
#6026 = CARTESIAN_POINT ( 'NONE',  ( 71.85504175204269472, 140.0000000000000000, -92.85961089735100416 ) ) ;
#6027 = B_SPLINE_CURVE_WITH_KNOTS ( 'NONE', 3,
 ( #8762, #5840, #1624, #4430 ),
 .UNSPECIFIED., .F., .F.,
 ( 4, 4 ),
 ( 0.000000000000000000, 1.000000000000000000 ),
 .UNSPECIFIED. ) ;
#6028 = CARTESIAN_POINT ( 'NONE',  ( -32.52740473455710202, 157.4999999999999716, -122.3149431933546367 ) ) ;
#6029 = DIRECTION ( 'NONE',  ( -1.000000000000000000, 0.000000000000000000, 1.922270984668059849E-16 ) ) ;
#6030 = VECTOR ( 'NONE', #453, 1000.000000000000000 ) ;
#6031 = DIRECTION ( 'NONE',  ( 0.9998476951563912696, 0.01745240643728350471, -3.503998260924795306E-16 ) ) ;
#6032 = VERTEX_POINT ( 'NONE', #792 ) ;
#6033 = LINE ( 'NONE', #6271, #5535 ) ;
#6034 = CARTESIAN_POINT ( 'NONE',  ( -56.85504175204268051, 157.5000000000000000, -92.85961089735098994 ) ) ;
#6035 = AXIS2_PLACEMENT_3D ( 'NONE', #7893, #7122, #9177 ) ;
#6036 = EDGE_CURVE ( 'NONE', #4468, #8687, #3954, .T. ) ;
#6037 = FACE_OUTER_BOUND ( 'NONE', #7701, .T. ) ;
#6038 = CARTESIAN_POINT ( 'NONE',  ( -41.93682845468908482, 156.2886724895442399, 75.37882589655362153 ) ) ;
#6039 = EDGE_LOOP ( 'NONE', ( #6230, #8500, #8210, #7077 ) ) ;
#6040 = VECTOR ( 'NONE', #1692, 1000.000000000000114 ) ;
#6041 = FACE_OUTER_BOUND ( 'NONE', #381, .T. ) ;
#6042 = DIRECTION ( 'NONE',  ( -1.000000000000000000, -7.024781120524225200E-33, 7.231268945543358372E-17 ) ) ;
#6043 = ORIENTED_EDGE ( 'NONE', *, *, #3804, .F. ) ;
#6044 = ORIENTED_EDGE ( 'NONE', *, *, #929, .F. ) ;
#6045 = EDGE_LOOP ( 'NONE', ( #7091, #40, #470, #3118, #8592, #8882 ) ) ;
#6046 = DIRECTION ( 'NONE',  ( 1.000000000000000000, 0.000000000000000000, 0.000000000000000000 ) ) ;
#6047 = CARTESIAN_POINT ( 'NONE',  ( -57.06112971659825917, 160.0000000000000000, -132.2267855075641023 ) ) ;
#6048 = DIRECTION ( 'NONE',  ( 1.000000000000000000, 1.145251006897963878E-32, -7.231268945543358372E-17 ) ) ;
#6049 = CARTESIAN_POINT ( 'NONE',  ( -45.27208119232626871, 140.4530174591484126, -139.3359670870477487 ) ) ;
#6050 = DIRECTION ( 'NONE',  ( -7.231268945543359605E-17, 0.000000000000000000, -1.000000000000000000 ) ) ;
#6051 = DIRECTION ( 'NONE',  ( 1.000000000000000000, -6.123031769111888756E-17, -3.081487911019574628E-33 ) ) ;
#6052 = ORIENTED_EDGE ( 'NONE', *, *, #2252, .T. ) ;
#6053 = EDGE_CURVE ( 'NONE', #5260, #6875, #5955, .T. ) ;
#6054 = DIRECTION ( 'NONE',  ( 0.000000000000000000, -1.955056683769164554E-16, -1.000000000000000000 ) ) ;
#6055 = CARTESIAN_POINT ( 'NONE',  ( 66.92932899630906718, 155.4762472385512524, 17.07586674009333905 ) ) ;
#6056 = EDGE_CURVE ( 'NONE', #1096, #8572, #3798, .T. ) ;
#6057 = CARTESIAN_POINT ( 'NONE',  ( 96.34773455264746644, 160.3423424926230325, 134.6030191501703825 ) ) ;
#6058 = CARTESIAN_POINT ( 'NONE',  ( -102.9980000000000047, 153.3300508075680000, 211.5507292157780057 ) ) ;
#6059 = ORIENTED_EDGE ( 'NONE', *, *, #5045, .T. ) ;
#6060 = CARTESIAN_POINT ( 'NONE',  ( -56.85504175204269472, -37.00000000000000000, -75.99159735016459649 ) ) ;
#6061 = CARTESIAN_POINT ( 'NONE',  ( -79.84325588626451520, -37.00000000000000000, -99.76855288068206562 ) ) ;
#6062 = EDGE_CURVE ( 'NONE', #5968, #4348, #11, .T. ) ;
#6063 = CARTESIAN_POINT ( 'NONE',  ( -104.5999999999999943, 154.9320508075680038, 217.8038475772949880 ) ) ;
#6064 = ORIENTED_EDGE ( 'NONE', *, *, #4096, .F. ) ;
#6065 = B_SPLINE_CURVE_WITH_KNOTS ( 'NONE', 3,
 ( #1290, #8657, #1243, #1959 ),
 .UNSPECIFIED., .F., .F.,
 ( 4, 4 ),
 ( 0.000000000000000000, 1.000000000000000000 ),
 .UNSPECIFIED. ) ;
#6066 = ORIENTED_EDGE ( 'NONE', *, *, #5806, .T. ) ;
#6067 = CARTESIAN_POINT ( 'NONE',  ( 51.52526982319329107, 157.5000000000000284, -121.3231818929580612 ) ) ;
#6068 = CARTESIAN_POINT ( 'NONE',  ( 116.7943999880707935, 160.7171392947464881, 152.6030191501704962 ) ) ;
#6069 = CARTESIAN_POINT ( 'NONE',  ( -76.85183053791503482, 140.3585076899751698, 52.72179684931749932 ) ) ;
#6070 = DIRECTION ( 'NONE',  ( 1.000000000000000000, 0.000000000000000000, -3.521488656232920374E-16 ) ) ;
#6071 = CARTESIAN_POINT ( 'NONE',  ( 65.71848603151738644, 156.2659873974766356, -68.71362777593549254 ) ) ;
#6072 = CARTESIAN_POINT ( 'NONE',  ( 20.70520982974042212, 62.00000011620225848, 91.95988115700690457 ) ) ;
#6073 = CARTESIAN_POINT ( 'NONE',  ( 64.10461907053252162, 119.9999991996940452, 33.28117309585887540 ) ) ;
#6074 = LINE ( 'NONE', #7604, #4334 ) ;
#6075 = ORIENTED_EDGE ( 'NONE', *, *, #4066, .T. ) ;
#6076 = CARTESIAN_POINT ( 'NONE',  ( 71.85504175204269472, 157.5000000000000000, -72.94486856483494819 ) ) ;
#6077 = EDGE_CURVE ( 'NONE', #2046, #9301, #693, .T. ) ;
#6078 = DIRECTION ( 'NONE',  ( 5.390695917567118667E-33, 4.855507225124589012E-17, -1.000000000000000000 ) ) ;
#6079 = CARTESIAN_POINT ( 'NONE',  ( -4.768706341644585400, 140.3054171126525205, 88.35237641727947278 ) ) ;
#6080 = CARTESIAN_POINT ( 'NONE',  ( 89.81130776230470758, 1.437698137379660679, -72.93834948779981175 ) ) ;
#6081 = DIRECTION ( 'NONE',  ( -0.01745240643728340063, 0.9998476951563911586, 0.000000000000000000 ) ) ;
#6082 = CARTESIAN_POINT ( 'NONE',  ( 71.85504175204269472, 157.5000000000000000, -92.85961089735098994 ) ) ;
#6083 = ORIENTED_EDGE ( 'NONE', *, *, #2148, .F. ) ;
#6084 = EDGE_CURVE ( 'NONE', #1920, #6800, #5132, .T. ) ;
#6085 = ORIENTED_EDGE ( 'NONE', *, *, #818, .T. ) ;
#6086 = CARTESIAN_POINT ( 'NONE',  ( -89.59999999999999432, 153.3300508075680000, 219.4038475772950108 ) ) ;
#6087 = CARTESIAN_POINT ( 'NONE',  ( -30.10735046575198837, 160.0000000000544276, -142.4865537459943425 ) ) ;
#6088 = CARTESIAN_POINT ( 'NONE',  ( -36.28080457510480983, -39.90176746849844136, -145.6302333599942074 ) ) ;
#6089 =( BOUNDED_SURFACE ( )  B_SPLINE_SURFACE ( 3, 2, ( 
 ( #6223, #8515, #5632 ),
 ( #5540, #6938, #9092 ),
 ( #3985, #3397, #277 ),
 ( #5442, #6174, #1912 ),
 ( #7802, #4077, #2490 ),
 ( #5491, #9229, #8467 ),
 ( #9277, #7852, #475 ),
 ( #4128, #6365, #3257 ),
 ( #1821, #8420, #2675 ),
 ( #4762, #7080, #1868 ) ),
 .UNSPECIFIED., .F., .F., .F. ) 
 B_SPLINE_SURFACE_WITH_KNOTS ( ( 4, 2, 2, 2, 4 ),
 ( 3, 3 ),
 ( 1.842455631243804071, 2.102645228212962181, 2.362834825182120291, 2.623024422151278401, 2.883214019120436067 ),
 ( 0.000000000000000000, 1.000000000000000000 ),
 .UNSPECIFIED. ) 
 GEOMETRIC_REPRESENTATION_ITEM ( )  RATIONAL_B_SPLINE_SURFACE ( (
 ( 1.000000000000000000, 0.6364535890064545454, 1.000000000000000000),
 ( 1.000000000000000000, 0.6132419161944043795, 1.000000000000000000),
 ( 1.000000000000000000, 0.5895622252851611123, 1.000000000000000000),
 ( 1.000000000000000000, 0.5428584004426282306, 1.000000000000000000),
 ( 1.000000000000000000, 0.5198184194226146415, 1.000000000000000000),
 ( 1.000000000000000000, 0.4765594855111811023, 1.000000000000000000),
 ( 1.000000000000000000, 0.4563427270385800871, 1.000000000000000000),
 ( 1.000000000000000000, 0.4217038122761936347, 1.000000000000000000),
 ( 1.000000000000000000, 0.4073135574402227954, 1.000000000000000000),
 ( 1.000000000000000000, 0.3974600960417526418, 1.000000000000000000) ) ) 
 REPRESENTATION_ITEM ( '' )  SURFACE ( )  );
#6090 = DIRECTION ( 'NONE',  ( -1.000000000000000000, 0.000000000000000000, 0.000000000000000000 ) ) ;
#6091 = CARTESIAN_POINT ( 'NONE',  ( -38.71496729021924921, -40.06921934840480048, 73.99816166734250089 ) ) ;
#6092 = CARTESIAN_POINT ( 'NONE',  ( -42.00000000000000000, -38.00000000000000000, -74.00000000000000000 ) ) ;
#6093 = DIRECTION ( 'NONE',  ( -0.7071067811865479058, 0.000000000000000000, 0.7071067811865472397 ) ) ;
#6094 = VERTEX_POINT ( 'NONE', #1458 ) ;
#6095 = EDGE_CURVE ( 'NONE', #8687, #1685, #4499, .T. ) ;
#6096 = CARTESIAN_POINT ( 'NONE',  ( 2.399999999999930189, 154.9340508075675018, 97.00584757729519936 ) ) ;
#6097 = DIRECTION ( 'NONE',  ( -1.000000000000000000, -1.239088197126289584E-16, 0.000000000000000000 ) ) ;
#6098 = CARTESIAN_POINT ( 'NONE',  ( 44.97110570202244162, 140.3254166132014973, -140.3520273246990087 ) ) ;
#6099 = VECTOR ( 'NONE', #2060, 1000.000000000000114 ) ;
#6100 = CARTESIAN_POINT ( 'NONE',  ( 94.99999999999998579, -40.00000000000002132, -146.0000000000000000 ) ) ;
#6102 = ORIENTED_EDGE ( 'NONE', *, *, #694, .F. ) ;
#6101 = PLANE ( 'NONE',  #9086 ) ;
#6103 = CARTESIAN_POINT ( 'NONE',  ( -75.81601183190767301, -36.99999999999999289, -115.9292448965806841 ) ) ;
#6104 = ORIENTED_EDGE ( 'NONE', *, *, #3113, .F. ) ;
#6105 = ADVANCED_FACE ( 'NONE', ( #7347 ), #467, .T. ) ;
#6106 = CARTESIAN_POINT ( 'NONE',  ( -52.89089154754154976, 160.0000000000000000, -107.8925555565207617 ) ) ;
#6107 = EDGE_LOOP ( 'NONE', ( #8900, #643, #2235, #2373, #6630, #6850 ) ) ;
#6108 = ORIENTED_EDGE ( 'NONE', *, *, #6820, .T. ) ;
#6109 = AXIS2_PLACEMENT_3D ( 'NONE', #2698, #7875, #3461 ) ;
#6110 = ORIENTED_EDGE ( 'NONE', *, *, #1161, .F. ) ;
#6111 = CARTESIAN_POINT ( 'NONE',  ( 62.90540449691722813, 140.4098110217808539, -135.5462215005730400 ) ) ;
#6112 = FACE_OUTER_BOUND ( 'NONE', #9140, .T. ) ;
#6113 = CARTESIAN_POINT ( 'NONE',  ( 71.85504175204266630, -37.00000000000000711, -92.85961089735100416 ) ) ;
#6114 = CARTESIAN_POINT ( 'NONE',  ( 0.9523210049680485012, 155.5181852730520689, 76.57611082223723997 ) ) ;
#6115 = PLANE ( 'NONE',  #1642 ) ;
#6116 = AXIS2_PLACEMENT_3D ( 'NONE', #5622, #4849, #2807 ) ;
#6117 = CARTESIAN_POINT ( 'NONE',  ( 41.85961089735093310, 140.0000000000000000, -122.8550417520427516 ) ) ;
#6118 = LINE ( 'NONE', #4659, #8941 ) ;
#6119 = CARTESIAN_POINT ( 'NONE',  ( 90.48224027898389465, -37.00000000000000711, -75.93810610141855477 ) ) ;
#6120 = AXIS2_PLACEMENT_3D ( 'NONE', #1728, #7566, #4667 ) ;
#6121 = ORIENTED_EDGE ( 'NONE', *, *, #873, .T. ) ;
#6122 = CARTESIAN_POINT ( 'NONE',  ( -80.00000000000000000, -37.00000000000000000, -73.00000000000000000 ) ) ;
#6123 = AXIS2_PLACEMENT_3D ( 'NONE', #2563, #4056, #3964 ) ;
#6124 = DIRECTION ( 'NONE',  ( -5.390695917567118667E-33, -4.855507225124589012E-17, 1.000000000000000000 ) ) ;
#6125 = CARTESIAN_POINT ( 'NONE',  ( 27.00000000000000000, -40.00200000000000244, -76.00000000000000000 ) ) ;
#6126 = EDGE_CURVE ( 'NONE', #2422, #9253, #4900, .T. ) ;
#6127 = EDGE_CURVE ( 'NONE', #6846, #1753, #930, .T. ) ;
#6128 = ADVANCED_FACE ( 'NONE', ( #4633 ), #7622, .T. ) ;
#6129 = EDGE_CURVE ( 'NONE', #2673, #4321, #8341, .T. ) ;
#6130 = CARTESIAN_POINT ( 'NONE',  ( -72.83231122764010479, 140.3748027843295745, -105.1733923807631754 ) ) ;
#6131 = CARTESIAN_POINT ( 'NONE',  ( -39.65038761401230261, 157.2115837307682966, 73.09238500424658014 ) ) ;
#6132 = VECTOR ( 'NONE', #1313, 1000.000000000000000 ) ;
#6133 = ORIENTED_EDGE ( 'NONE', *, *, #108, .F. ) ;
#6134 = COORDINATED_UNIVERSAL_TIME_OFFSET ( 7, 0, .AHEAD. ) ;
#6135 = ORIENTED_EDGE ( 'NONE', *, *, #4530, .F. ) ;
#6136 = ORIENTED_EDGE ( 'NONE', *, *, #1983, .F. ) ;
#6137 = LINE ( 'NONE', #6950, #9299 ) ;
#6138 = EDGE_CURVE ( 'NONE', #4005, #1958, #8904, .T. ) ;
#6139 = VECTOR ( 'NONE', #8069, 1000.000000000000000 ) ;
#6140 = CARTESIAN_POINT ( 'NONE',  ( -39.97638475258046498, -39.85549175881600092, -144.9932641721436255 ) ) ;
#6141 = CARTESIAN_POINT ( 'NONE',  ( 30.00000000000000711, 61.99999999999997868, 84.77335611600470600 ) ) ;
#6142 = CARTESIAN_POINT ( 'NONE',  ( -52.94437630815485818, 140.4801199511000789, -135.5387773592927090 ) ) ;
#6143 = LINE ( 'NONE', #6858, #7270 ) ;
#6144 = CARTESIAN_POINT ( 'NONE',  ( 91.77819544102453619, 1.330338319135319747, -72.30200000000000671 ) ) ;
#6145 = ORIENTED_EDGE ( 'NONE', *, *, #8147, .F. ) ;
#6146 = ORIENTED_EDGE ( 'NONE', *, *, #5672, .F. ) ;
#6147 =( BOUNDED_SURFACE ( )  B_SPLINE_SURFACE ( 3, 2, ( 
 ( #2377, #1663, #9076 ),
 ( #5379, #3830, #3287 ),
 ( #263, #9030, #2337 ),
 ( #3194, #9120, #2522 ),
 ( #6067, #6830, #4652 ),
 ( #312, #8308, #6111 ),
 ( #7693, #1038, #5287 ),
 ( #3926, #2476, #7549 ),
 ( #174, #948, #5478 ),
 ( #1712, #358, #8222 ),
 ( #5331, #7594, #1086 ),
 ( #1754, #6925, #3242 ),
 ( #3101, #3142, #6210 ),
 ( #1614, #4744, #216 ),
 ( #4021, #8945, #4561 ),
 ( #993, #5431, #8359 ),
 ( #4696, #902, #3973 ),
 ( #7642, #6972, #8983 ) ),
 .UNSPECIFIED., .F., .F., .F. ) 
 B_SPLINE_SURFACE_WITH_KNOTS ( ( 4, 2, 2, 2, 2, 2, 2, 2, 4 ),
 ( 3, 3 ),
 ( 5.497939437029718768, 5.694250904567185856, 5.890562372104652056, 6.086873839642119144, 6.283185307179586232, 6.479496774717053320, 6.675808242254520408, 6.872119709791986608, 7.068431177329453696 ),
 ( 0.000000000000000000, 1.000000000000000000 ),
 .UNSPECIFIED. ) 
 GEOMETRIC_REPRESENTATION_ITEM ( )  RATIONAL_B_SPLINE_SURFACE ( (
 ( 1.000000000000000000, 0.7132504491541834524, 1.000000000000000000),
 ( 1.000000000000000000, 0.7136506714058985512, 1.000000000000000000),
 ( 1.000000000000000000, 0.7140110277313130860, 1.000000000000000000),
 ( 1.000000000000000000, 0.7146388945018501415, 1.000000000000000000),
 ( 1.000000000000000000, 0.7149063402717126259, 1.000000000000000000),
 ( 1.000000000000000000, 0.7153383346299382328, 1.000000000000000000),
 ( 1.000000000000000000, 0.7155028742679887532, 1.000000000000000000),
 ( 1.000000000000000000, 0.7157229504420088428, 1.000000000000000000),
 ( 1.000000000000000000, 0.7157784824661369560, 1.000000000000000000),
 ( 1.000000000000000000, 0.7157784824661369560, 1.000000000000000000),
 ( 1.000000000000000000, 0.7157229504428803679, 1.000000000000000000),
 ( 1.000000000000000000, 0.7155028742671167841, 1.000000000000000000),
 ( 1.000000000000000000, 0.7153383346300472567, 1.000000000000000000),
 ( 1.000000000000000000, 0.7149063402716036020, 1.000000000000000000),
 ( 1.000000000000000000, 0.7146388945019594985, 1.000000000000000000),
 ( 1.000000000000000000, 0.7140110277312043952, 1.000000000000000000),
 ( 1.000000000000000000, 0.7136506714059790424, 1.000000000000000000),
 ( 1.000000000000000000, 0.7132504491541834524, 1.000000000000000000) ) ) 
 REPRESENTATION_ITEM ( '' )  SURFACE ( )  );
#6148 = CARTESIAN_POINT ( 'NONE',  ( 27.00000000000000000, -40.00066666711022378, -74.00000033300014479 ) ) ;
#6149 = CARTESIAN_POINT ( 'NONE',  ( 71.79649834968948596, 116.7264221947488068, -67.29999999999999716 ) ) ;
#6150 = VECTOR ( 'NONE', #6078, 1000.000000000000000 ) ;
#6151 = CARTESIAN_POINT ( 'NONE',  ( 59.50779684854904161, 140.3969948698309906, -136.9501239383980931 ) ) ;
#6152 = CARTESIAN_POINT ( 'NONE',  ( 66.99999999999998579, 157.4999998794499163, 8.571616755409023014 ) ) ;
#6154 = ORIENTED_EDGE ( 'NONE', *, *, #8529, .T. ) ;
#6153 = CARTESIAN_POINT ( 'NONE',  ( 65.45762701397431726, 119.9998792038822728, 33.45539096094478992 ) ) ;
#6155 = CARTESIAN_POINT ( 'NONE',  ( -53.71943056769313074, -37.00000000000000000, -139.9964972428418548 ) ) ;
#6156 = VERTEX_POINT ( 'NONE', #2361 ) ;
#6157 = DIRECTION ( 'NONE',  ( -0.007029330291921182840, -0.4027100627160998259, -0.9153006030276840121 ) ) ;
#6158 = VECTOR ( 'NONE', #300, 1000.000000000000000 ) ;
#6159 = ORIENTED_EDGE ( 'NONE', *, *, #2783, .F. ) ;
#6160 = ORIENTED_EDGE ( 'NONE', *, *, #7949, .F. ) ;
#6161 = ORIENTED_EDGE ( 'NONE', *, *, #373, .T. ) ;
#6162 = CARTESIAN_POINT ( 'NONE',  ( 67.04875586136223831, 144.8230184646054397, 25.77071174055817337 ) ) ;
#6163 = CARTESIAN_POINT ( 'NONE',  ( -375.8093363810669985, -30.00000000000000000, -72.82544935071780401 ) ) ;
#6164 = CARTESIAN_POINT ( 'NONE',  ( -74.31757728627584925, 140.3128870795803209, 52.51618870697920016 ) ) ;
#6165 = CARTESIAN_POINT ( 'NONE',  ( 1.177995441702797574, 155.3467860669341576, 76.80174426377396912 ) ) ;
#6166 = CARTESIAN_POINT ( 'NONE',  ( 2.399999999999930189, 172.9320508075679754, 97.00384757729521823 ) ) ;
#6167 = DIRECTION ( 'NONE',  ( -0.7071067811865474617, 0.000000000000000000, 0.7071067811865474617 ) ) ;
#6168 = CARTESIAN_POINT ( 'NONE',  ( -94.78139602057051150, 153.3300508075680000, 216.2968971362029720 ) ) ;
#6169 = DIRECTION ( 'NONE',  ( 0.7071067811865475727, -4.918690617235596502E-18, -0.7071067811865475727 ) ) ;
#6170 = VERTEX_POINT ( 'NONE', #975 ) ;
#6171 = EDGE_CURVE ( 'NONE', #3604, #3695, #2453, .T. ) ;
#6172 = ORIENTED_EDGE ( 'NONE', *, *, #3817, .F. ) ;
#6173 = PLANE ( 'NONE',  #5668 ) ;
#6174 = CARTESIAN_POINT ( 'NONE',  ( 66.84796573557291310, 153.1463082962887086, 15.79141625545880423 ) ) ;
#6175 = CARTESIAN_POINT ( 'NONE',  ( 57.41619608406558228, 140.4403495194066807, -140.3744492996040947 ) ) ;
#6176 = EDGE_CURVE ( 'NONE', #2475, #8713, #3759, .T. ) ;
#6177 = VECTOR ( 'NONE', #6093, 999.9999999999998863 ) ;
#6178 = CARTESIAN_POINT ( 'NONE',  ( -38.57373136008825298, -37.00000000000000000, -142.6587779327526846 ) ) ;
#6179 = CARTESIAN_POINT ( 'NONE',  ( -75.86837702638253234, -39.99999999999999289, -115.9816100918862389 ) ) ;
#6180 = ADVANCED_FACE ( 'NONE', ( #5411 ), #1738, .F. ) ;
#6181 = ORIENTED_EDGE ( 'NONE', *, *, #4682, .F. ) ;
#6182 = CARTESIAN_POINT ( 'NONE',  ( 91.85199565517055476, 140.3490481287458067, -92.85961089735091889 ) ) ;
#6183 = EDGE_CURVE ( 'NONE', #3262, #9028, #6401, .T. ) ;
#6184 = AXIS2_PLACEMENT_3D ( 'NONE', #9084, #4028, #2668 ) ;
#6185 = ORIENTED_EDGE ( 'NONE', *, *, #6219, .T. ) ;
#6186 = VERTEX_POINT ( 'NONE', #6955 ) ;
#6187 = ORIENTED_EDGE ( 'NONE', *, *, #5340, .T. ) ;
#6188 = PLANE ( 'NONE',  #7325 ) ;
#6189 = CARTESIAN_POINT ( 'NONE',  ( 62.48243433333490771, -37.00000000000000711, -140.0951425557999244 ) ) ;
#6190 = DIRECTION ( 'NONE',  ( 0.1658845202397367935, -0.9861451850233983185, 0.000000000000000000 ) ) ;
#6191 = CARTESIAN_POINT ( 'NONE',  ( -9.911775709308569660, 158.2026599286139970, 70.53731314112239659 ) ) ;
#6192 = EDGE_CURVE ( 'NONE', #1777, #406, #342, .T. ) ;
#6193 = CARTESIAN_POINT ( 'NONE',  ( -73.46057130117921474, 140.4516734435033527, -110.9548750093441924 ) ) ;
#6194 = VECTOR ( 'NONE', #5534, 1000.000000000000114 ) ;
#6195 = EDGE_CURVE ( 'NONE', #5962, #4695, #4202, .T. ) ;
#6196 = LINE ( 'NONE', #6767, #9384 ) ;
#6197 = VERTEX_POINT ( 'NONE', #232 ) ;
#6198 = VECTOR ( 'NONE', #6007, 1000.000000000000000 ) ;
#6199 = CARTESIAN_POINT ( 'NONE',  ( 89.81130776230467916, 1.437698137379664232, -72.93834948779979754 ) ) ;
#6200 = CARTESIAN_POINT ( 'NONE',  ( 66.67549857517212786, 148.2074950079641837, 25.20381809114688210 ) ) ;
#6201 = CARTESIAN_POINT ( 'NONE',  ( 90.39999999999999147, 44.23686027918444807, 181.0538475772950164 ) ) ;
#6202 = CARTESIAN_POINT ( 'NONE',  ( 84.48434090668482099, 134.7233594085224979, -67.29999999999999716 ) ) ;
#6203 = CARTESIAN_POINT ( 'NONE',  ( 89.48218452922293409, 20.29315553242790671, -69.30200000000000671 ) ) ;
#6204 = CARTESIAN_POINT ( 'NONE',  ( -62.17198883820875466, -37.00000000000000000, -134.2527821255316667 ) ) ;
#6205 = ORIENTED_EDGE ( 'NONE', *, *, #8295, .F. ) ;
#6206 = LINE ( 'NONE', #2469, #1546 ) ;
#6207 = ORIENTED_EDGE ( 'NONE', *, *, #396, .F. ) ;
#6208 = EDGE_LOOP ( 'NONE', ( #5308, #2009, #7477, #6705 ) ) ;
#6209 = VERTEX_POINT ( 'NONE', #4577 ) ;
#6210 = CARTESIAN_POINT ( 'NONE',  ( 84.54622150057691954, 140.4098110217802571, -113.9054044969078205 ) ) ;
#6211 = FACE_OUTER_BOUND ( 'NONE', #8702, .T. ) ;
#6212 = DIRECTION ( 'NONE',  ( -1.000000000000000000, 0.000000000000000000, 9.570888143320329693E-16 ) ) ;
#6213 = CARTESIAN_POINT ( 'NONE',  ( -74.33181393298350770, 140.3111743482703559, 52.25899629341157038 ) ) ;
#6214 = CARTESIAN_POINT ( 'NONE',  ( 2.320574979583809760, 154.3456756297847221, 77.94447293785773923 ) ) ;
#6215 = CARTESIAN_POINT ( 'NONE',  ( -1.727978047375544811E-14, -40.00000000000000000, -146.0000000000000000 ) ) ;
#6216 = CARTESIAN_POINT ( 'NONE',  ( 71.27796513499569642, 119.6813454765402014, -69.29999999999999716 ) ) ;
#6217 = DIRECTION ( 'NONE',  ( 0.7660444431189911141, 0.6427876096865237088, 0.000000000000000000 ) ) ;
#6218 = CARTESIAN_POINT ( 'NONE',  ( 92.00000000000000000, -0.2631397208144555244, 95.40384757729519549 ) ) ;
#6219 = EDGE_CURVE ( 'NONE', #6967, #22, #2021, .T. ) ;
#6220 = ORIENTED_EDGE ( 'NONE', *, *, #848, .T. ) ;
#6221 = ORIENTED_EDGE ( 'NONE', *, *, #9256, .F. ) ;
#6222 = CARTESIAN_POINT ( 'NONE',  ( 72.37449297208588916, 157.4922888848199705, -72.94468007648828234 ) ) ;
#6223 = CARTESIAN_POINT ( 'NONE',  ( 67.00070192121235380, 157.5201003936215614, 8.339959670370101108 ) ) ;
#6224 = CARTESIAN_POINT ( 'NONE',  ( -39.24365507027367528, 159.8739361085369808, 72.68565242917932778 ) ) ;
#6225 = CARTESIAN_POINT ( 'NONE',  ( -38.28488439023251289, -37.00000000000000000, -142.7113019094204560 ) ) ;
#6226 = EDGE_CURVE ( 'NONE', #7777, #1879, #8864, .T. ) ;
#6227 = CARTESIAN_POINT ( 'NONE',  ( -72.25181160533165325, -39.99999999999999289, -122.7444384363376457 ) ) ;
#6228 = EDGE_CURVE ( 'NONE', #6684, #9098, #3945, .T. ) ;
#6229 = EDGE_CURVE ( 'NONE', #1733, #5377, #5993, .T. ) ;
#6230 = ORIENTED_EDGE ( 'NONE', *, *, #4106, .F. ) ;
#6231 = ADVANCED_FACE ( 'NONE', ( #4621 ), #7432, .F. ) ;
#6232 = ORIENTED_EDGE ( 'NONE', *, *, #5672, .T. ) ;
#6233 = ORIENTED_EDGE ( 'NONE', *, *, #3532, .F. ) ;
#6234 = ORIENTED_EDGE ( 'NONE', *, *, #639, .T. ) ;
#6235 = DIRECTION ( 'NONE',  ( 1.734723475976806848E-16, 0.000000000000000000, 1.000000000000000000 ) ) ;
#6236 = CARTESIAN_POINT ( 'NONE',  ( 71.28626128097027959, -37.00000000000000000, -135.4806174922086939 ) ) ;
#6237 = CARTESIAN_POINT ( 'NONE',  ( 377.0830826144305092, -18.13651409970695738, -72.13336222320994295 ) ) ;
#6238 = CARTESIAN_POINT ( 'NONE',  ( 91.81347564184413557, 1.330954137331303189, -72.30200000000000671 ) ) ;
#6239 = CARTESIAN_POINT ( 'NONE',  ( 46.48443765657435733, -37.00000000000000000, -145.9476028116189354 ) ) ;
#6240 = EDGE_CURVE ( 'NONE', #3875, #9505, #4532, .T. ) ;
#6241 = DIRECTION ( 'NONE',  ( 0.000000000000000000, 0.000000000000000000, -1.000000000000000000 ) ) ;
#6242 = EDGE_CURVE ( 'NONE', #4188, #8008, #831, .T. ) ;
#6243 = ORIENTED_EDGE ( 'NONE', *, *, #6595, .T. ) ;
#6244 = LINE ( 'NONE', #7582, #3987 ) ;
#6245 = PLANE ( 'NONE',  #244 ) ;
#6246 = CARTESIAN_POINT ( 'NONE',  ( 91.73077208579286435, 4.047220520756966700, -73.19110671607582219 ) ) ;
#6247 = EDGE_CURVE ( 'NONE', #8954, #42, #3747, .T. ) ;
#6248 = CARTESIAN_POINT ( 'NONE',  ( 71.85504175204265209, -37.00000000000000000, -92.85961089735100416 ) ) ;
#6250 = VERTEX_POINT ( 'NONE', #6704 ) ;
#6249 = DIRECTION ( 'NONE',  ( 0.000000000000000000, -1.000000000000000000, -2.530833321849390164E-16 ) ) ;
#6251 = DIRECTION ( 'NONE',  ( 0.9998476951563912696, -0.01745240643728357757, 0.000000000000000000 ) ) ;
#6252 = VERTEX_POINT ( 'NONE', #8999 ) ;
#6253 = ADVANCED_FACE ( 'NONE', ( #6751 ), #91, .F. ) ;
#6254 = DIRECTION ( 'NONE',  ( 0.000000000000000000, 0.000000000000000000, 1.000000000000000000 ) ) ;
#6255 = ORIENTED_EDGE ( 'NONE', *, *, #990, .T. ) ;
#6256 = VERTEX_POINT ( 'NONE', #963 ) ;
#6257 = EDGE_LOOP ( 'NONE', ( #3220, #524, #2215, #6154, #4280 ) ) ;
#6258 = CARTESIAN_POINT ( 'NONE',  ( 94.62628583506210589, -18.58992982983875919, -72.14929328950583454 ) ) ;
#6259 = AXIS2_PLACEMENT_3D ( 'NONE', #9266, #1131, #738 ) ;
#6260 = PLANE ( 'NONE',  #9360 ) ;
#6261 = CARTESIAN_POINT ( 'NONE',  ( -77.31872924042698969, -29.63682230876177215, -72.00000000000001421 ) ) ;
#6262 = CARTESIAN_POINT ( 'NONE',  ( -77.49871107933347503, -39.94797495394665532, -72.99909189944330024 ) ) ;
#6263 = CARTESIAN_POINT ( 'NONE',  ( 5.804635439179763878, 149.0917428206600164, 81.42838513054574889 ) ) ;
#6264 = DIRECTION ( 'NONE',  ( 0.0002550426387461738752, -0.9998476626379700916, -0.01745240586968839838 ) ) ;
#6265 = DIRECTION ( 'NONE',  ( -0.6917144638660747136, -0.2075143391598225640, -0.6917144638660747136 ) ) ;
#6266 = CARTESIAN_POINT ( 'NONE',  ( -47.74719444447319461, -37.00000000000000711, -142.7428207374098292 ) ) ;
#6267 = VECTOR ( 'NONE', #8046, 1000.000000000000114 ) ;
#6268 = DIRECTION ( 'NONE',  ( -0.000000000000000000, -1.000000000000000000, -6.123233995736769734E-17 ) ) ;
#6269 = ORIENTED_EDGE ( 'NONE', *, *, #7173, .T. ) ;
#6270 = LINE ( 'NONE', #3256, #2119 ) ;
#6271 = CARTESIAN_POINT ( 'NONE',  ( 91.76111842253219208, 4.330497222800480550, -69.29999999999999716 ) ) ;
#6272 = CARTESIAN_POINT ( 'NONE',  ( -51.43195048358156640, 142.9353281593885754, 84.87394784248721180 ) ) ;
#6273 = DIRECTION ( 'NONE',  ( -0.01745240643695198171, 0.9998476951363205467, -6.336149283406118776E-06 ) ) ;
#6274 = CARTESIAN_POINT ( 'NONE',  ( -36.09262281413978712, -37.00000000000000711, -143.0590437574164469 ) ) ;
#6275 = CARTESIAN_POINT ( 'NONE',  ( -76.61963007464271413, -40.00000000000000711, -114.0808800632375153 ) ) ;
#6276 = CIRCLE ( 'NONE', #100, 1.500000000000003331 ) ;
#6277 = AXIS2_PLACEMENT_3D ( 'NONE', #610, #4169, #6500 ) ;
#6278 = EDGE_LOOP ( 'NONE', ( #8344, #4418, #1711, #6159 ) ) ;
#6279 = ORIENTED_EDGE ( 'NONE', *, *, #1507, .T. ) ;
#6280 = ORIENTED_EDGE ( 'NONE', *, *, #6036, .F. ) ;
#6281 = VERTEX_POINT ( 'NONE', #3066 ) ;
#6282 = PLANE ( 'NONE',  #4855 ) ;
#6283 = CARTESIAN_POINT ( 'NONE',  ( 53.69204455685986233, -37.00000000000000711, -142.6367933241504318 ) ) ;
#6284 = VECTOR ( 'NONE', #8061, 1000.000000000000000 ) ;
#6285 = DIRECTION ( 'NONE',  ( 1.000000000000000000, 0.000000000000000000, -3.521488656232920374E-16 ) ) ;
#6286 = CARTESIAN_POINT ( 'NONE',  ( -77.44725393457270002, -36.99999714147719487, -72.99907321777828884 ) ) ;
#6287 = B_SPLINE_CURVE_WITH_KNOTS ( 'NONE', 3,
 ( #3554, #1493, #1353, #7911, #9389, #7957, #5160, #7244, #6477, #1304 ),
 .UNSPECIFIED., .F., .F.,
 ( 4, 2, 2, 2, 4 ),
 ( 0.000000000000000000, 0.2500000000000000000, 0.5000000000000000000, 0.7500000000000000000, 1.000000000000000000 ),
 .UNSPECIFIED. ) ;
#6288 = CARTESIAN_POINT ( 'NONE',  ( 83.25278212541354605, -37.00000000000001421, -128.1719888383267971 ) ) ;
#6289 = FACE_OUTER_BOUND ( 'NONE', #3654, .T. ) ;
#6290 = ORIENTED_EDGE ( 'NONE', *, *, #6820, .F. ) ;
#6291 = CIRCLE ( 'NONE', #7055, 1.000000000000003109 ) ;
#6292 = CARTESIAN_POINT ( 'NONE',  ( 65.20897502580929483, 150.5309554029073524, 20.75964456495869825 ) ) ;
#6293 = CARTESIAN_POINT ( 'NONE',  ( 88.28669468826906552, 88.78272265063975510, -69.30200000000000671 ) ) ;
#6294 = FACE_OUTER_BOUND ( 'NONE', #2792, .T. ) ;
#6295 = AXIS2_PLACEMENT_3D ( 'NONE', #575, #4376, #2867 ) ;
#6297 = ORIENTED_EDGE ( 'NONE', *, *, #1338, .F. ) ;
#6296 = DIRECTION ( 'NONE',  ( 0.01234071493982693939, -0.7069990853988250556, 0.7071067811865466846 ) ) ;
#6298 = CARTESIAN_POINT ( 'NONE',  ( -39.10286955192519542, -36.99999999999998579, -145.1038125391162623 ) ) ;
#6299 = CARTESIAN_POINT ( 'NONE',  ( 71.11933751891153577, -40.00000000000000711, -138.6438515018277826 ) ) ;
#6300 = EDGE_LOOP ( 'NONE', ( #6781, #9047, #1632, #6434, #8621 ) ) ;
#6301 = EDGE_CURVE ( 'NONE', #4371, #9510, #3897, .T. ) ;
#6302 = ORIENTED_EDGE ( 'NONE', *, *, #7726, .T. ) ;
#6303 = DIRECTION ( 'NONE',  ( 1.000000000000000000, 0.000000000000000000, 0.000000000000000000 ) ) ;
#6304 = CARTESIAN_POINT ( 'NONE',  ( 67.05806511951850268, 144.7676770735360776, 25.81719400238242557 ) ) ;
#6305 = DIRECTION ( 'NONE',  ( 0.01744974916068260662, -0.9996954598818874604, -0.01744974916068275581 ) ) ;
#6306 = CARTESIAN_POINT ( 'NONE',  ( -76.49840886703080400, 57.93385868919854431, 60.31324302202178700 ) ) ;
#6307 = CARTESIAN_POINT ( 'NONE',  ( 7.011836755949925504, 145.4420716613827551, 82.63517999643207190 ) ) ;
#6308 = CARTESIAN_POINT ( 'NONE',  ( -58.24286257486418350, 140.4318592586533043, -128.6386129548976669 ) ) ;
#6309 = DIRECTION ( 'NONE',  ( -0.01745240643728350124, 0.9998476951563911586, 0.000000000000000000 ) ) ;
#6310 = CARTESIAN_POINT ( 'NONE',  ( -48.31364210827225492, -37.00000000000000711, -142.5229751745539772 ) ) ;
#6311 = AXIS2_PLACEMENT_3D ( 'NONE', #8360, #1855, #2477 ) ;
#6312 = ORIENTED_EDGE ( 'NONE', *, *, #762, .T. ) ;
#6313 = CARTESIAN_POINT ( 'NONE',  ( 69.72573971430675499, 157.5000000000000000, -103.9605213093819174 ) ) ;
#6314 = ORIENTED_EDGE ( 'NONE', *, *, #7677, .T. ) ;
#6315 = EDGE_LOOP ( 'NONE', ( #5549, #8336, #6946, #9493, #7907 ) ) ;
#6316 = LINE ( 'NONE', #3347, #6319 ) ;
#6317 = LINE ( 'NONE', #2102, #8910 ) ;
#6318 = DIRECTION ( 'NONE',  ( 5.390695917567118667E-33, 4.855507225124589012E-17, -1.000000000000000000 ) ) ;
#6319 = VECTOR ( 'NONE', #6407, 1000.000000000000000 ) ;
#6320 = LINE ( 'NONE', #9231, #7496 ) ;
#6321 = CARTESIAN_POINT ( 'NONE',  ( -46.80992937190675462, -37.00000000000000000, -140.3569883198834418 ) ) ;
#6322 = CARTESIAN_POINT ( 'NONE',  ( -39.12889946716073553, -40.00000000000000711, -145.1610702699432522 ) ) ;
#6323 = CARTESIAN_POINT ( 'NONE',  ( 30.00000000000002842, 61.99999999999995737, 69.00000000000000000 ) ) ;
#6324 = CARTESIAN_POINT ( 'NONE',  ( -2.195917314337858084, 141.0734084591356066, 90.70486481983124349 ) ) ;
#6325 = VERTEX_POINT ( 'NONE', #8280 ) ;
#6326 = ORIENTED_EDGE ( 'NONE', *, *, #7626, .F. ) ;
#6327 = ORIENTED_EDGE ( 'NONE', *, *, #4983, .T. ) ;
#6328 = DIRECTION ( 'NONE',  ( -0.000000000000000000, 1.460881280034365741E-16, 1.000000000000000000 ) ) ;
#6329 = PLANE ( 'NONE',  #4081 ) ;
#6330 = FACE_OUTER_BOUND ( 'NONE', #1994, .T. ) ;
#6331 = CARTESIAN_POINT ( 'NONE',  ( 91.96634791900419259, -7.427092755576314431, -71.75938098906159723 ) ) ;
#6332 = CARTESIAN_POINT ( 'NONE',  ( 72.37558213639782423, 140.0002256753835752, -75.94467977877509668 ) ) ;
#6333 = CARTESIAN_POINT ( 'NONE',  ( 71.06697232409413800, -37.00000000000001421, -138.5914863070418050 ) ) ;
#6334 = VECTOR ( 'NONE', #8304, 1000.000000000000000 ) ;
#6335 = VECTOR ( 'NONE', #2775, 1000.000000000000000 ) ;
#6336 = FACE_OUTER_BOUND ( 'NONE', #7311, .T. ) ;
#6337 = ORIENTED_EDGE ( 'NONE', *, *, #1626, .T. ) ;
#6338 = DIRECTION ( 'NONE',  ( -0.01744974916068280785, -0.9996954598818874604, -0.01744974916068275581 ) ) ;
#6339 = VECTOR ( 'NONE', #3825, 1000.000000000000000 ) ;
#6340 = CARTESIAN_POINT ( 'NONE',  ( 91.72800066063220470, 4.188553008706969116, -72.93765362660856511 ) ) ;
#6341 = DIRECTION ( 'NONE',  ( -0.9998476951563912696, 0.01745240643728357757, 0.000000000000000000 ) ) ;
#6342 = EDGE_CURVE ( 'NONE', #4984, #5405, #3733, .T. ) ;
#6344 = ORIENTED_EDGE ( 'NONE', *, *, #386, .T. ) ;
#6343 = CARTESIAN_POINT ( 'NONE',  ( -89.59999999999999432, 153.3320508075674979, 215.9038475772950392 ) ) ;
#6345 = CARTESIAN_POINT ( 'NONE',  ( -41.82438221957024638, -37.00000000000000000, -144.5307195128000615 ) ) ;
#6346 = CARTESIAN_POINT ( 'NONE',  ( 92.38915812297661034, 154.9320508075680038, 217.8038475772949880 ) ) ;
#6347 = VECTOR ( 'NONE', #3982, 1000.000000000000000 ) ;
#6348 = ORIENTED_EDGE ( 'NONE', *, *, #5713, .F. ) ;
#6349 = ADVANCED_FACE ( 'NONE', ( #4864 ), #1197, .T. ) ;
#6350 = ORIENTED_EDGE ( 'NONE', *, *, #1217, .F. ) ;
#6351 = CARTESIAN_POINT ( 'NONE',  ( -102.9980000000000047, -0.2631397208144595212, 97.00384757729516139 ) ) ;
#6352 = DIRECTION ( 'NONE',  ( 0.9998476951563912696, 0.01745240643728340410, -1.913693989724670103E-16 ) ) ;
#6353 = DIRECTION ( 'NONE',  ( 7.231268945543359605E-17, 0.000000000000000000, 1.000000000000000000 ) ) ;
#6354 = CARTESIAN_POINT ( 'NONE',  ( -78.31798174637970078, 54.58459504795460049, 53.15842882766213506 ) ) ;
#6355 = CARTESIAN_POINT ( 'NONE',  ( 92.89999999999999147, 56.73205080756780205, 199.8038475772949880 ) ) ;
#6356 = DIRECTION ( 'NONE',  ( 1.000000000000000000, 0.000000000000000000, -1.541976423090495042E-15 ) ) ;
#6357 = EDGE_CURVE ( 'NONE', #8179, #7090, #7230, .T. ) ;
#6358 = ORIENTED_EDGE ( 'NONE', *, *, #5457, .T. ) ;
#6359 = FACE_OUTER_BOUND ( 'NONE', #6208, .T. ) ;
#6360 = EDGE_CURVE ( 'NONE', #7486, #4190, #2109, .T. ) ;
#6361 = CARTESIAN_POINT ( 'NONE',  ( -71.42917795738884479, -36.99999999999998579, -123.9895121852620861 ) ) ;
#6362 = CARTESIAN_POINT ( 'NONE',  ( 52.10720808392758840, 157.5000000000000000, -121.0525441793756585 ) ) ;
#6363 = ORIENTED_EDGE ( 'NONE', *, *, #4031, .T. ) ;
#6364 = CARTESIAN_POINT ( 'NONE',  ( 63.94634290997040438, -39.76546666983713862, -142.2689408123252406 ) ) ;
#6365 = CARTESIAN_POINT ( 'NONE',  ( 66.58853713003318830, 145.7172450395676151, 23.01606002955216823 ) ) ;
#6366 = CARTESIAN_POINT ( 'NONE',  ( 90.32627152846897900, 140.4267278017921967, -105.5070501234353202 ) ) ;
#6367 = CARTESIAN_POINT ( 'NONE',  ( 86.25885009068510101, 149.0210497454244774, -67.30000000000001137 ) ) ;
#6368 = CARTESIAN_POINT ( 'NONE',  ( -29.94667486346899921, 157.5000000000816840, -140.0326147530468290 ) ) ;
#6369 = EDGE_CURVE ( 'NONE', #6021, #9463, #5783, .T. ) ;
#6370 = CARTESIAN_POINT ( 'NONE',  ( -79.22531396140134063, -40.00000000000001421, -104.7764520962928430 ) ) ;
#6371 = DIRECTION ( 'NONE',  ( -1.000000000000000000, -0.000000000000000000, -0.000000000000000000 ) ) ;
#6372 = CARTESIAN_POINT ( 'NONE',  ( -49.84370125956948527, 152.3846005466398026, 77.96233261704263384 ) ) ;
#6373 = ORIENTED_EDGE ( 'NONE', *, *, #5264, .F. ) ;
#6374 = ORIENTED_EDGE ( 'NONE', *, *, #3372, .T. ) ;
#6375 = VERTEX_POINT ( 'NONE', #3589 ) ;
#6376 = ORIENTED_EDGE ( 'NONE', *, *, #110, .F. ) ;
#6377 = CARTESIAN_POINT ( 'NONE',  ( 97.37619472814583332, 159.1166713836329336, 134.6030191501703825 ) ) ;
#6378 = CARTESIAN_POINT ( 'NONE',  ( -28.00000000000000000, -40.00200000000000244, -76.00000000000000000 ) ) ;
#6379 = EDGE_CURVE ( 'NONE', #6679, #8906, #8710, .T. ) ;
#6380 = LINE ( 'NONE', #7772, #6451 ) ;
#6381 = DIRECTION ( 'NONE',  ( 0.000000000000000000, -1.000000000000000000, 0.000000000000000000 ) ) ;
#6382 = CARTESIAN_POINT ( 'NONE',  ( 92.81641019363118517, -37.00000000000002132, -110.5575771231363547 ) ) ;
#6383 = FACE_OUTER_BOUND ( 'NONE', #1574, .T. ) ;
#6384 = ORIENTED_EDGE ( 'NONE', *, *, #2968, .F. ) ;
#6385 = CARTESIAN_POINT ( 'NONE',  ( 45.00761524216778753, -37.00000000000000711, -146.0000000000000284 ) ) ;
#6386 = ADVANCED_FACE ( 'NONE', ( #5056 ), #4960, .F. ) ;
#6387 = CARTESIAN_POINT ( 'NONE',  ( 91.74285852486704584, 3.354788889945407693, -73.70907280728089006 ) ) ;
#6388 = CYLINDRICAL_SURFACE ( 'NONE', #1651, 1.000000000000003997 ) ;
#6389 = DIRECTION ( 'NONE',  ( 0.1658845202397584151, -0.9861451850233945438, 0.000000000000000000 ) ) ;
#6390 = CYLINDRICAL_SURFACE ( 'NONE', #3862, 1.500000000000003331 ) ;
#6391 = CARTESIAN_POINT ( 'NONE',  ( 71.74443843620638006, -40.00000000000001421, -138.2518116054329766 ) ) ;
#6392 = ORIENTED_EDGE ( 'NONE', *, *, #1391, .T. ) ;
#6393 = ADVANCED_FACE ( 'NONE', ( #8808 ), #6414, .T. ) ;
#6394 = VERTEX_POINT ( 'NONE', #1295 ) ;
#6395 = CARTESIAN_POINT ( 'NONE',  ( 0.02721843018823065161, -37.00000000000000000, -75.97094607245199427 ) ) ;
#6396 = CARTESIAN_POINT ( 'NONE',  ( 91.50847725635209429, 4.326087354843568100, -68.29375480129748155 ) ) ;
#6397 = LINE ( 'NONE', #1900, #3463 ) ;
#6398 = CARTESIAN_POINT ( 'NONE',  ( -76.77800897076127740, 57.62503112490556845, 59.65347559348265349 ) ) ;
#6399 = DIRECTION ( 'NONE',  ( 6.123031769111888756E-17, 1.000000000000000000, 0.000000000000000000 ) ) ;
#6400 = DIRECTION ( 'NONE',  ( -0.01745240643728311267, 0.9998476951563913806, 0.000000000000000000 ) ) ;
#6401 = B_SPLINE_CURVE_WITH_KNOTS ( 'NONE', 3,
 ( #7774, #6239, #4877, #3455, #6430, #5554, #9343, #4833, #4050, #2553, #8435, #7822, #4777, #5706, #1980, #3365, #9146, #2741, #9293, #1929, #3313, #4925, #2604, #6333, #9250, #7727, #9201, #1212, #8487, #1886, #1837, #6288, #1117, #7001, #7096, #495, #5654, #3412, #5509, #2651, #5605, #3271, #7145, #388, #2693, #1160, #4097, #446, #1068, #6382, #7051, #8531, #8579, #7868, #1265, #4197, #542, #8627, #4727, #7674, #4000 ),
 .UNSPECIFIED., .F., .F.,
 ( 4, 1, 1, 1, 1, 1, 1, 2, 2, 1, 1, 1, 1, 1, 2, 2, 1, 1, 1, 1, 2, 2, 2, 1, 1, 1, 1, 1, 2, 2, 1, 1, 1, 1, 1, 2, 2, 1, 1, 1, 1, 1, 1, 2, 2, 4 ),
 ( 0.000000000000000000, 0.06249999999997776778, 0.09374999999996659616, 0.1093749999999610173, 0.1171874999999581307, 0.1210937499999565903, 0.1230468749999560629, 0.1240234374999558964, 0.1249999999999557299, 0.1874999999999529543, 0.2187499999999514000, 0.2343749999999505951, 0.2421874999999503730, 0.2460937499999504563, 0.2480468749999507339, 0.2499999999999510392, 0.3124999999999645284, 0.3437499999999715228, 0.3593749999999752420, 0.3671874999999768518, 0.3710937499999776845, 0.3749999999999785172, 0.5000000000000139888, 0.5625000000000320854, 0.5937500000000413003, 0.6093750000000459632, 0.6171875000000482947, 0.6210937500000490719, 0.6230468750000497380, 0.6250000000000502931, 0.6875000000000636158, 0.7187500000000704992, 0.7343750000000740519, 0.7421875000000759393, 0.7460937500000771605, 0.7480468750000773825, 0.7500000000000777156, 0.8125000000000703881, 0.8437500000000668354, 0.8593750000000647260, 0.8671875000000639488, 0.8710937500000631717, 0.8730468750000626166, 0.8740234375000622835, 0.8750000000000618394, 1.000000000000000000 ),
 .UNSPECIFIED. ) ;
#6402 = CARTESIAN_POINT ( 'NONE',  ( -61.78075760711728037, 156.0661652983215788, 56.33876083003850255 ) ) ;
#6403 = CARTESIAN_POINT ( 'NONE',  ( -48.07783156155868198, -37.00000000000000000, -142.6153079777688220 ) ) ;
#6404 = CARTESIAN_POINT ( 'NONE',  ( 69.41266400024615280, 157.5000000000000000, -104.7212674804583799 ) ) ;
#6405 = VECTOR ( 'NONE', #513, 1000.000000000000000 ) ;
#6406 = ORIENTED_EDGE ( 'NONE', *, *, #193, .F. ) ;
#6407 = DIRECTION ( 'NONE',  ( -3.272058501846128319E-16, -5.504096790395940680E-17, -1.000000000000000000 ) ) ;
#6408 = CARTESIAN_POINT ( 'NONE',  ( 70.94710878876509241, -37.00000000000002132, -138.7705184240470828 ) ) ;
#6409 = DIRECTION ( 'NONE',  ( 1.000000000000000000, 2.022266248809774821E-21, -0.000000000000000000 ) ) ;
#6410 = CARTESIAN_POINT ( 'NONE',  ( 87.81047814611723368, 146.3093262981152805, -67.30000000000001137 ) ) ;
#6411 = ORIENTED_EDGE ( 'NONE', *, *, #8865, .F. ) ;
#6412 = CARTESIAN_POINT ( 'NONE',  ( -76.10118127095527996, -37.00000000000000000, -107.2301752132926396 ) ) ;
#6413 = AXIS2_PLACEMENT_3D ( 'NONE', #9078, #6785, #1757 ) ;
#6414 = PLANE ( 'NONE',  #421 ) ;
#6415 = CARTESIAN_POINT ( 'NONE',  ( 72.28913156576682297, 88.50348414764290794, -67.29999999999999716 ) ) ;
#6416 = DIRECTION ( 'NONE',  ( 0.9998476951563911586, 0.01745240643728360533, -3.503998260924795306E-16 ) ) ;
#6417 = ORIENTED_EDGE ( 'NONE', *, *, #8119, .T. ) ;
#6418 = SECURITY_CLASSIFICATION_LEVEL ( 'unclassified' ) ;
#6419 = ORIENTED_EDGE ( 'NONE', *, *, #4066, .F. ) ;
#6420 = EDGE_CURVE ( 'NONE', #2139, #5475, #7643, .T. ) ;
#6421 = CIRCLE ( 'NONE', #6109, 0.002000000000002000178 ) ;
#6422 = ADVANCED_FACE ( 'NONE', ( #2249 ), #3888, .T. ) ;
#6423 = ORIENTED_EDGE ( 'NONE', *, *, #9154, .T. ) ;
#6424 = LINE ( 'NONE', #489, #3192 ) ;
#6425 = LINE ( 'NONE', #6523, #397 ) ;
#6426 = CARTESIAN_POINT ( 'NONE',  ( -71.38041926294664563, 140.3240706721767026, 61.16796114115562943 ) ) ;
#6427 = CARTESIAN_POINT ( 'NONE',  ( 92.48254493507180030, -37.00000000000000711, -75.94763480521531562 ) ) ;
#6428 = EDGE_CURVE ( 'NONE', #7499, #1975, #8990, .T. ) ;
#6429 = FACE_OUTER_BOUND ( 'NONE', #1166, .T. ) ;
#6430 = CARTESIAN_POINT ( 'NONE',  ( 52.73615181590519541, -37.00000000000000711, -145.3412332785799208 ) ) ;
#6431 = VECTOR ( 'NONE', #3234, 1000.000000000000000 ) ;
#6432 = ORIENTED_EDGE ( 'NONE', *, *, #6753, .F. ) ;
#6433 = LINE ( 'NONE', #7100, #1708 ) ;
#6434 = ORIENTED_EDGE ( 'NONE', *, *, #2348, .T. ) ;
#6435 = VERTEX_POINT ( 'NONE', #221 ) ;
#6436 = VECTOR ( 'NONE', #6081, 1000.000000000000114 ) ;
#6437 = VECTOR ( 'NONE', #1457, 1000.000000000000000 ) ;
#6438 = FACE_OUTER_BOUND ( 'NONE', #7548, .T. ) ;
#6439 = CARTESIAN_POINT ( 'NONE',  ( -104.5999999999999943, 153.3300508075680000, 219.4038475772950108 ) ) ;
#6440 = CARTESIAN_POINT ( 'NONE',  ( 90.50883473999489581, -38.52359565090600313, -74.00000000000000000 ) ) ;
#6441 = CARTESIAN_POINT ( 'NONE',  ( 89.59327781434679139, -37.00000000000001421, -112.1799267960751081 ) ) ;
#6442 = DIRECTION ( 'NONE',  ( -0.9998476951563912696, -0.01745240643728360533, 3.503998260924795799E-16 ) ) ;
#6443 = AXIS2_PLACEMENT_3D ( 'NONE', #1844, #5563, #4105 ) ;
#6444 = ORIENTED_EDGE ( 'NONE', *, *, #1462, .T. ) ;
#6445 = CARTESIAN_POINT ( 'NONE',  ( 58.05841760448222288, -40.00000000000001421, -144.3148299140849815 ) ) ;
#6446 = ORIENTED_EDGE ( 'NONE', *, *, #7885, .F. ) ;
#6447 = ORIENTED_EDGE ( 'NONE', *, *, #2278, .F. ) ;
#6448 = CARTESIAN_POINT ( 'NONE',  ( 91.39671028518729656, 23.18560825975509587, -72.93777390258779292 ) ) ;
#6449 = LINE ( 'NONE', #464, #1633 ) ;
#6450 = CARTESIAN_POINT ( 'NONE',  ( -77.95804964749098076, 55.84368976027834464, 55.84788149840122173 ) ) ;
#6451 = VECTOR ( 'NONE', #4142, 1000.000000000000000 ) ;
#6452 = EDGE_CURVE ( 'NONE', #5943, #2220, #579, .T. ) ;
#6453 = CARTESIAN_POINT ( 'NONE',  ( -69.48211066553409410, 61.99999999999997158, 69.00000000000001421 ) ) ;
#6454 = CARTESIAN_POINT ( 'NONE',  ( -62.71971505436002303, 155.4124167737621178, 57.27800935576891561 ) ) ;
#6455 = PLANE ( 'NONE',  #6035 ) ;
#6456 = CARTESIAN_POINT ( 'NONE',  ( 70.10711729538462578, 157.5000000000000568, -102.9972952497607821 ) ) ;
#6457 = VERTEX_POINT ( 'NONE', #4474 ) ;
#6458 = CARTESIAN_POINT ( 'NONE',  ( 80.09102863048859433, -39.69162199533538882, -131.6135109633227671 ) ) ;
#6459 = CARTESIAN_POINT ( 'NONE',  ( 89.76142303221948282, 4.295592409925914623, -72.30200000000000671 ) ) ;
#6460 = CARTESIAN_POINT ( 'NONE',  ( 88.33035967239148079, 140.4530770596120988, -111.2862278036316894 ) ) ;
#6461 =( BOUNDED_SURFACE ( )  B_SPLINE_SURFACE ( 3, 3, ( 
 ( #5749, #1446, #681, #8672 ),
 ( #9533, #2929, #5899, #2072 ),
 ( #8818, #7565, #5940, #3014 ),
 ( #3700, #1588, #8912, #8863 ) ),
 .UNSPECIFIED., .F., .F., .F. ) 
 B_SPLINE_SURFACE_WITH_KNOTS ( ( 4, 4 ),
 ( 4, 4 ),
 ( 0.000000000000000000, 1.000000000000000000 ),
 ( 0.000000000000000000, 1.000000000000000000 ),
 .UNSPECIFIED. ) 
 GEOMETRIC_REPRESENTATION_ITEM ( )  RATIONAL_B_SPLINE_SURFACE ( (
 ( 1.000000000000000000, 0.8083544723550911693, 0.8083544723550911693, 1.000000000000000000),
 ( 0.8044580340672382590, 0.6502872496602363217, 0.6502872496602363217, 0.8044580340672382590),
 ( 0.8044580340672382590, 0.6502872496602363217, 0.6502872496602363217, 0.8044580340672382590),
 ( 1.000000000000000000, 0.8083544723550911693, 0.8083544723550911693, 1.000000000000000000) ) ) 
 REPRESENTATION_ITEM ( '' )  SURFACE ( )  );
#6462 = CARTESIAN_POINT ( 'NONE',  ( 88.88526341774111472, 143.2495153560998347, -67.30000000000002558 ) ) ;
#6463 = VECTOR ( 'NONE', #995, 1000.000000000000000 ) ;
#6464 = LINE ( 'NONE', #718, #594 ) ;
#6465 = CARTESIAN_POINT ( 'NONE',  ( -52.89694290619648598, 157.5000000000000284, -107.7687381686704526 ) ) ;
#6466 = CARTESIAN_POINT ( 'NONE',  ( -42.00000000000000000, -40.00200000000000244, -74.00000000000001421 ) ) ;
#6467 = EDGE_CURVE ( 'NONE', #5731, #2457, #6788, .T. ) ;
#6468 = CARTESIAN_POINT ( 'NONE',  ( -102.9980000000000047, 153.3300508075680000, 97.00584757729509988 ) ) ;
#6469 = EDGE_CURVE ( 'NONE', #146, #7387, #5459, .T. ) ;
#6470 = EDGE_LOOP ( 'NONE', ( #4823, #872, #2495 ) ) ;
#6471 = VECTOR ( 'NONE', #2459, 1000.000000000000114 ) ;
#6472 = ORIENTED_EDGE ( 'NONE', *, *, #5385, .T. ) ;
#6473 = ORIENTED_EDGE ( 'NONE', *, *, #6192, .F. ) ;
#6474 = CARTESIAN_POINT ( 'NONE',  ( 89.13605368016882835, 142.9666479706978635, -66.50777834931834320 ) ) ;
#6475 = CARTESIAN_POINT ( 'NONE',  ( 91.39424249940431366, 23.32698761257564968, -70.68542483759462414 ) ) ;
#6476 = CARTESIAN_POINT ( 'NONE',  ( -72.77903490701841349, 140.3304406199377752, 58.66453602372899923 ) ) ;
#6477 = CARTESIAN_POINT ( 'NONE',  ( 73.79952939824362090, 156.5402065468632316, -69.29999999999999716 ) ) ;
#6478 = CARTESIAN_POINT ( 'NONE',  ( -45.01096887499349464, 153.8158494957579308, 78.45321111951317050 ) ) ;
#6479 = EDGE_CURVE ( 'NONE', #3704, #4020, #6737, .T. ) ;
#6480 = EDGE_CURVE ( 'NONE', #1441, #1260, #2484, .T. ) ;
#6481 = ADVANCED_FACE ( 'NONE', ( #5533 ), #6931, .F. ) ;
#6482 = ORIENTED_EDGE ( 'NONE', *, *, #8851, .T. ) ;
#6483 = CARTESIAN_POINT ( 'NONE',  ( 67.89089154754167055, 160.0000000000000284, -107.8925555565206054 ) ) ;
#6484 = ORIENTED_EDGE ( 'NONE', *, *, #2481, .T. ) ;
#6485 = VERTEX_POINT ( 'NONE', #1092 ) ;
#6486 = CARTESIAN_POINT ( 'NONE',  ( 65.12743316779624081, 149.2671145977510037, 22.06218259634522028 ) ) ;
#6487 = CARTESIAN_POINT ( 'NONE',  ( -98.53782217350888573, 153.3320508075674979, 215.9038475772950676 ) ) ;
#6488 = CARTESIAN_POINT ( 'NONE',  ( -89.59999999999999432, 153.3320508075674979, 215.9038475772950392 ) ) ;
#6489 = VECTOR ( 'NONE', #5931, 1000.000000000000114 ) ;
#6490 = CARTESIAN_POINT ( 'NONE',  ( 92.44725398510557568, -37.00000000000000711, -95.95448846517709285 ) ) ;
#6491 = CARTESIAN_POINT ( 'NONE',  ( -89.59999999999999432, 58.33405080756781302, 217.8038475772949880 ) ) ;
#6492 = DIRECTION ( 'NONE',  ( -3.503464585017659440E-16, -6.115320180519409318E-18, -1.000000000000000000 ) ) ;
#6493 = VERTEX_POINT ( 'NONE', #1814 ) ;
#6494 = LOCAL_TIME ( 22, 55, 36.00000000000000000, #1060 ) ;
#6495 = ORIENTED_EDGE ( 'NONE', *, *, #6342, .T. ) ;
#6496 = VECTOR ( 'NONE', #2764, 1000.000000000000114 ) ;
#6497 = LINE ( 'NONE', #1370, #450 ) ;
#6498 = CARTESIAN_POINT ( 'NONE',  ( -77.44707229034798956, -36.99999999999998579, -74.00000000000000000 ) ) ;
#6499 = CARTESIAN_POINT ( 'NONE',  ( -102.9980000000000047, 58.33405080756780592, 97.00384757729513296 ) ) ;
#6500 = DIRECTION ( 'NONE',  ( 0.9998476951563912696, 0.01745240643728367819, 0.000000000000000000 ) ) ;
#6501 = ORIENTED_EDGE ( 'NONE', *, *, #5458, .T. ) ;
#6502 = ADVANCED_FACE ( 'NONE', ( #1906 ), #9272, .F. ) ;
#6503 = CARTESIAN_POINT ( 'NONE',  ( -59.07213865742392045, 157.2168235272483514, 53.63014215588813727 ) ) ;
#6504 = DIRECTION ( 'NONE',  ( 1.000000000000000000, -5.551115123125779621E-17, -1.922270984668059849E-16 ) ) ;
#6505 = VECTOR ( 'NONE', #6719, 1000.000000000000000 ) ;
#6506 = VERTEX_POINT ( 'NONE', #7794 ) ;
#6507 = CARTESIAN_POINT ( 'NONE',  ( 66.93127836083047555, 157.4999999999999716, -109.3272120086501502 ) ) ;
#6508 = ORIENTED_EDGE ( 'NONE', *, *, #7243, .T. ) ;
#6509 = CARTESIAN_POINT ( 'NONE',  ( 54.31593032359240425, -39.86344335948194839, -145.1234377471698451 ) ) ;
#6510 = CARTESIAN_POINT ( 'NONE',  ( 88.39790943348781127, -37.00000000000001421, -120.8521282972401139 ) ) ;
#6511 = CARTESIAN_POINT ( 'NONE',  ( 92.89999999999999147, 154.9320508075680038, 217.8038475772949880 ) ) ;
#6512 = LINE ( 'NONE', #2677, #7649 ) ;
#6513 = ORIENTED_EDGE ( 'NONE', *, *, #7532, .F. ) ;
#6514 = CARTESIAN_POINT ( 'NONE',  ( -58.68812492764477184, -37.00000000000000000, -133.9123956240507027 ) ) ;
#6515 = CARTESIAN_POINT ( 'NONE',  ( -56.79239200288793654, 157.5000000000000000, -95.14765295745982598 ) ) ;
#6516 = LINE ( 'NONE', #4820, #8932 ) ;
#6517 = FACE_OUTER_BOUND ( 'NONE', #4198, .T. ) ;
#6518 = ORIENTED_EDGE ( 'NONE', *, *, #6176, .F. ) ;
#6519 = ORIENTED_EDGE ( 'NONE', *, *, #7799, .T. ) ;
#6521 = EDGE_LOOP ( 'NONE', ( #4797, #5733, #7234, #6419, #4101 ) ) ;
#6520 = ADVANCED_FACE ( 'NONE', ( #4754 ), #5437, .F. ) ;
#6522 = CARTESIAN_POINT ( 'NONE',  ( 89.48018483383265220, 20.29312062761504265, -69.29999999999999716 ) ) ;
#6523 = CARTESIAN_POINT ( 'NONE',  ( 71.85504175204269472, 157.4999999999999716, -146.0000000000000000 ) ) ;
#6524 = CARTESIAN_POINT ( 'NONE',  ( -73.53943221146936082, 140.3293423675979739, 56.68370907807648251 ) ) ;
#6525 = LINE ( 'NONE', #2878, #3790 ) ;
#6526 = CARTESIAN_POINT ( 'NONE',  ( -49.57989193596324640, 143.1922737545511950, 83.02186777306907572 ) ) ;
#6527 = ORIENTED_EDGE ( 'NONE', *, *, #2968, .T. ) ;
#6528 = CARTESIAN_POINT ( 'NONE',  ( 72.35308900499781259, 140.4903731872182107, -132.6071860082206513 ) ) ;
#6529 = VERTEX_POINT ( 'NONE', #7602 ) ;
#6530 = ORIENTED_EDGE ( 'NONE', *, *, #6129, .T. ) ;
#6531 = EDGE_CURVE ( 'NONE', #9192, #4645, #2531, .T. ) ;
#6532 = LINE ( 'NONE', #9398, #5493 ) ;
#6533 = CARTESIAN_POINT ( 'NONE',  ( -79.05041313191010488, -39.85888025197107254, -105.6914608596564307 ) ) ;
#6534 = B_SPLINE_CURVE_WITH_KNOTS ( 'NONE', 3,
 ( #4296, #2127, #8, #5171 ),
 .UNSPECIFIED., .F., .F.,
 ( 4, 4 ),
 ( 0.000000000000000000, 1.000000000000000000 ),
 .UNSPECIFIED. ) ;
#6535 = CARTESIAN_POINT ( 'NONE',  ( 67.00000089220954180, 157.8646033079639892, 11.84745832635742779 ) ) ;
#6536 = CARTESIAN_POINT ( 'NONE',  ( 90.84634665114292318, -37.00000000000001421, -108.3527357967547431 ) ) ;
#6537 = CARTESIAN_POINT ( 'NONE',  ( 84.90000000000000568, 160.7171392947465165, 152.6030191501704962 ) ) ;
#6538 = CARTESIAN_POINT ( 'NONE',  ( -58.68565242917922831, 159.8739361085369524, 53.24365507027370370 ) ) ;
#6539 = ORIENTED_EDGE ( 'NONE', *, *, #6550, .T. ) ;
#6540 = ORIENTED_EDGE ( 'NONE', *, *, #1338, .T. ) ;
#6541 = EDGE_CURVE ( 'NONE', #2241, #8700, #1761, .T. ) ;
#6542 = LINE ( 'NONE', #9456, #7531 ) ;
#6543 = CARTESIAN_POINT ( 'NONE',  ( -77.50000000000000000, -40.00000000000000000, -90.00000000000000000 ) ) ;
#6544 = CARTESIAN_POINT ( 'NONE',  ( 20.82409672953992441, 62.00000003130475790, 89.39767773016225760 ) ) ;
#6545 = DIRECTION ( 'NONE',  ( -0.9998476951563912696, -0.01745240643728360533, 3.503998260924795799E-16 ) ) ;
#6546 = EDGE_LOOP ( 'NONE', ( #7015, #7850, #8654, #3547 ) ) ;
#6547 = ORIENTED_EDGE ( 'NONE', *, *, #827, .F. ) ;
#6548 = CARTESIAN_POINT ( 'NONE',  ( -67.87782557895796742, 147.9579925893380903, 62.43589331920802010 ) ) ;
#6549 = DIRECTION ( 'NONE',  ( 1.000000000000000000, 0.000000000000000000, -3.521488656232920374E-16 ) ) ;
#6550 = EDGE_CURVE ( 'NONE', #3658, #2139, #4123, .T. ) ;
#6551 = ORIENTED_EDGE ( 'NONE', *, *, #7765, .F. ) ;
#6552 = PLANE ( 'NONE',  #4318 ) ;
#6553 = ORIENTED_EDGE ( 'NONE', *, *, #3250, .F. ) ;
#6554 = CARTESIAN_POINT ( 'NONE',  ( 88.03077761998568462, -39.71991551181467628, -121.5161144214295490 ) ) ;
#6555 = DIRECTION ( 'NONE',  ( 5.551115123125780853E-17, 1.000000000000000000, -3.746118098899198010E-32 ) ) ;
#6556 = CARTESIAN_POINT ( 'NONE',  ( 65.14023788612469446, 156.1687173224059961, -67.29800000000000182 ) ) ;
#6557 = CARTESIAN_POINT ( 'NONE',  ( 78.29652899277699873, 155.2977413990059290, -67.29999999999999716 ) ) ;
#6558 = DIRECTION ( 'NONE',  ( 0.000000000000000000, 0.000000000000000000, -1.000000000000000000 ) ) ;
#6559 = CARTESIAN_POINT ( 'NONE',  ( -53.74844968613988527, 157.4999999999999432, -106.2222523456420191 ) ) ;
#6560 = DIRECTION ( 'NONE',  ( -0.01745240643728340410, 0.9998476951563912696, 1.032755642038752721E-16 ) ) ;
#6561 = CARTESIAN_POINT ( 'NONE',  ( -56.66864328649366200, 140.3080440472057546, 71.40980324243612642 ) ) ;
#6562 = ORIENTED_EDGE ( 'NONE', *, *, #7412, .F. ) ;
#6563 = EDGE_LOOP ( 'NONE', ( #4212, #6146, #5285, #1910, #811 ) ) ;
#6564 = CARTESIAN_POINT ( 'NONE',  ( 88.03900770936161280, 146.6580230910151386, -66.37861017629973048 ) ) ;
#6565 = CARTESIAN_POINT ( 'NONE',  ( -94.78139602057062518, 58.33205080756781058, 149.9461524227070015 ) ) ;
#6566 = VECTOR ( 'NONE', #5907, 1000.000000000000000 ) ;
#6567 = CARTESIAN_POINT ( 'NONE',  ( -37.97920231770315524, 62.00000000000000000, 89.71920255721200022 ) ) ;
#6568 = CARTESIAN_POINT ( 'NONE',  ( -30.00761524218050269, -40.00000000000000000, -146.0000000000000284 ) ) ;
#6569 = CARTESIAN_POINT ( 'NONE',  ( -49.78552838761645916, 140.3054171126524636, 83.22752574652211877 ) ) ;
#6570 = VERTEX_POINT ( 'NONE', #7073 ) ;
#6571 = VECTOR ( 'NONE', #3685, 1000.000000000000000 ) ;
#6572 = CARTESIAN_POINT ( 'NONE',  ( 57.96739131312048698, 140.4436411482187737, -140.2972447627245458 ) ) ;
#6573 = ORIENTED_EDGE ( 'NONE', *, *, #7291, .F. ) ;
#6574 = ORIENTED_EDGE ( 'NONE', *, *, #1841, .F. ) ;
#6575 = CARTESIAN_POINT ( 'NONE',  ( -49.78552838761645916, 140.3054171126524636, 83.22752574652211877 ) ) ;
#6576 = CARTESIAN_POINT ( 'NONE',  ( -56.85504175204268762, 160.0000000000000000, -92.85961089735100416 ) ) ;
#6577 = CARTESIAN_POINT ( 'NONE',  ( -76.93733913743851360, -39.77985374506964433, -113.2289779608328217 ) ) ;
#6578 = CIRCLE ( 'NONE', #3159, 1.000000000000000888 ) ;
#6579 = DIRECTION ( 'NONE',  ( -0.4999999999999998890, 0.000000000000000000, 0.8660254037844387076 ) ) ;
#6580 = PLANE ( 'NONE',  #2714 ) ;
#6581 = LINE ( 'NONE', #3716, #8642 ) ;
#6582 = EDGE_CURVE ( 'NONE', #5010, #273, #4484, .T. ) ;
#6583 = DIRECTION ( 'NONE',  ( 0.000000000000000000, -1.000000000000000000, 0.000000000000000000 ) ) ;
#6584 = AXIS2_PLACEMENT_3D ( 'NONE', #2890, #7843, #9313 ) ;
#6585 = ORIENTED_EDGE ( 'NONE', *, *, #3744, .F. ) ;
#6586 = VECTOR ( 'NONE', #1235, 1000.000000000000000 ) ;
#6587 = DIRECTION ( 'NONE',  ( -0.000000000000000000, -0.000000000000000000, 1.000000000000000000 ) ) ;
#6588 = CARTESIAN_POINT ( 'NONE',  ( 91.48187991953572862, 20.32806034530246109, -72.30200000000000671 ) ) ;
#6589 = CARTESIAN_POINT ( 'NONE',  ( 13.00000000000000178, -40.00095280244880769, -76.00000000000000000 ) ) ;
#6590 = CARTESIAN_POINT ( 'NONE',  ( 88.98098475561477017, 150.3296743423273085, -66.25039330975525331 ) ) ;
#6591 = ORIENTED_EDGE ( 'NONE', *, *, #3751, .F. ) ;
#6592 = VECTOR ( 'NONE', #3125, 1000.000000000000000 ) ;
#6593 = CARTESIAN_POINT ( 'NONE',  ( -68.25926921139827641, 146.7928024608934834, 62.81727254341099353 ) ) ;
#6594 = DIRECTION ( 'NONE',  ( 0.9998476951563911586, 0.01745240643728294960, 0.000000000000000000 ) ) ;
#6595 = EDGE_CURVE ( 'NONE', #835, #9382, #468, .T. ) ;
#6596 = ORIENTED_EDGE ( 'NONE', *, *, #3121, .T. ) ;
#6597 = FACE_OUTER_BOUND ( 'NONE', #4062, .T. ) ;
#6598 = VERTEX_POINT ( 'NONE', #3341 ) ;
#6599 = CARTESIAN_POINT ( 'NONE',  ( 40.00000000000000000, 120.0000000000000000, 355.8943399725820314 ) ) ;
#6600 = AXIS2_PLACEMENT_3D ( 'NONE', #4259, #5232, #7356 ) ;
#6601 = DIRECTION ( 'NONE',  ( 0.000000000000000000, -1.000000000000000000, -1.583748323458199862E-16 ) ) ;
#6602 = CARTESIAN_POINT ( 'NONE',  ( -357.3840944635300048, 62.00000000000000000, 69.00000000000000000 ) ) ;
#6603 = CARTESIAN_POINT ( 'NONE',  ( -2.802676429440563499, 157.2777202217882291, 72.82107407542441990 ) ) ;
#6604 = PLANE ( 'NONE',  #5496 ) ;
#6605 = DIRECTION ( 'NONE',  ( -1.000000000000000000, -8.673617379884039170E-17, 0.000000000000000000 ) ) ;
#6606 = CYLINDRICAL_SURFACE ( 'NONE', #2309, 35.00000000000000711 ) ;
#6607 = AXIS2_PLACEMENT_3D ( 'NONE', #5845, #4235, #5789 ) ;
#6608 = ADVANCED_FACE ( 'NONE', ( #6359 ), #9176, .T. ) ;
#6609 = FACE_OUTER_BOUND ( 'NONE', #6965, .T. ) ;
#6610 = B_SPLINE_CURVE_WITH_KNOTS ( 'NONE', 3,
 ( #3643, #6654, #37, #8854 ),
 .UNSPECIFIED., .F., .F.,
 ( 4, 4 ),
 ( 0.000000000000000000, 1.000000000000000000 ),
 .UNSPECIFIED. ) ;
#6611 = ORIENTED_EDGE ( 'NONE', *, *, #689, .F. ) ;
#6612 = ORIENTED_EDGE ( 'NONE', *, *, #45, .F. ) ;
#6613 = CARTESIAN_POINT ( 'NONE',  ( 88.21960346805254005, 146.2017906494203885, -66.39457097284555687 ) ) ;
#6614 = DIRECTION ( 'NONE',  ( -1.110223024625155801E-16, -1.000000000000000000, -4.105039458440724978E-17 ) ) ;
#6615 = AXIS2_PLACEMENT_3D ( 'NONE', #6646, #5195, #1529 ) ;
#6616 = CARTESIAN_POINT ( 'NONE',  ( -48.65237977497721999, 62.00010105832689078, 86.13415051524194155 ) ) ;
#6617 = DIRECTION ( 'NONE',  ( 0.000000000000000000, 0.000000000000000000, -1.000000000000000000 ) ) ;
#6618 = CARTESIAN_POINT ( 'NONE',  ( -47.79634408576960425, 149.5201879301760073, 81.23834632605498030 ) ) ;
#6619 = EDGE_LOOP ( 'NONE', ( #4281, #3023, #3316, #3557 ) ) ;
#6620 = VECTOR ( 'NONE', #4482, 1000.000000000000000 ) ;
#6621 = ORIENTED_EDGE ( 'NONE', *, *, #7393, .F. ) ;
#6622 = EDGE_LOOP ( 'NONE', ( #5069, #3076, #1878, #2545, #644, #7667, #8677, #6621, #6482, #854, #6020, #7755, #5033 ) ) ;
#6623 = PLANE ( 'NONE',  #7937 ) ;
#6624 = CARTESIAN_POINT ( 'NONE',  ( -2.517515942751197056, 140.9392324017437659, 88.22363693635767845 ) ) ;
#6625 = CARTESIAN_POINT ( 'NONE',  ( -49.36154364317933840, -39.76214492014654667, -142.0966489772772832 ) ) ;
#6626 = CARTESIAN_POINT ( 'NONE',  ( 67.00000154445763201, 159.8287942548712124, 2.779681389350669107 ) ) ;
#6627 = CARTESIAN_POINT ( 'NONE',  ( -92.17074539372529784, 153.3300508075680000, 217.8018475772949785 ) ) ;
#6628 = DIRECTION ( 'NONE',  ( 0.000000000000000000, 0.000000000000000000, -1.000000000000000000 ) ) ;
#6629 = CARTESIAN_POINT ( 'NONE',  ( 67.12746537215200249, 156.4237452360824818, -67.29999999999999716 ) ) ;
#6630 = ORIENTED_EDGE ( 'NONE', *, *, #2108, .F. ) ;
#6631 = ORIENTED_EDGE ( 'NONE', *, *, #4878, .T. ) ;
#6632 = EDGE_CURVE ( 'NONE', #3995, #8042, #2582, .T. ) ;
#6633 = DIRECTION ( 'NONE',  ( 0.000000000000000000, 1.000000000000000000, 0.000000000000000000 ) ) ;
#6634 = LINE ( 'NONE', #3764, #9316 ) ;
#6635 = CARTESIAN_POINT ( 'NONE',  ( 24.69309415150385334, 62.00004498413392895, 88.22950287363585176 ) ) ;
#6636 = EDGE_CURVE ( 'NONE', #969, #985, #3979, .T. ) ;
#6637 = CARTESIAN_POINT ( 'NONE',  ( 87.68343228739550455, 152.2339364473588432, -66.18400988310914101 ) ) ;
#6638 = DIRECTION ( 'NONE',  ( -7.295023253781515898E-17, 4.179316023046530491E-15, 1.000000000000000000 ) ) ;
#6639 = DIRECTION ( 'NONE',  ( 1.147955941468107181E-32, -1.000000000000000000, 2.487753096410120531E-48 ) ) ;
#6640 = EDGE_CURVE ( 'NONE', #2901, #406, #2016, .T. ) ;
#6641 = CARTESIAN_POINT ( 'NONE',  ( -102.9989999999999952, 58.33405080756781302, 211.5524612665855102 ) ) ;
#6642 = AXIS2_PLACEMENT_3D ( 'NONE', #2238, #8749, #5094 ) ;
#6643 = VECTOR ( 'NONE', #1389, 1000.000000000000000 ) ;
#6644 = ORIENTED_EDGE ( 'NONE', *, *, #8001, .T. ) ;
#6645 = CARTESIAN_POINT ( 'NONE',  ( 94.02582292454100354, -39.85739464777972074, -105.8150089547989694 ) ) ;
#6646 = CARTESIAN_POINT ( 'NONE',  ( 91.42042110906025698, 21.82721606984106444, -72.30200000000000671 ) ) ;
#6647 = CARTESIAN_POINT ( 'NONE',  ( 90.39999999999999147, 47.51666049839860051, 196.8038475772949880 ) ) ;
#6648 = PLANE ( 'NONE',  #5655 ) ;
#6649 = EDGE_CURVE ( 'NONE', #273, #2645, #4058, .T. ) ;
#6650 = LOCAL_TIME ( 22, 55, 36.00000000000000000, #5597 ) ;
#6651 = FACE_OUTER_BOUND ( 'NONE', #7044, .T. ) ;
#6652 = AXIS2_PLACEMENT_3D ( 'NONE', #8271, #7555, #955 ) ;
#6653 = CARTESIAN_POINT ( 'NONE',  ( 23.98968808708239209, 62.00000024423621170, 91.17559351605061124 ) ) ;
#6654 = CARTESIAN_POINT ( 'NONE',  ( 91.72668681721131634, 4.281265401049386021, -72.73946996984170710 ) ) ;
#6655 = CARTESIAN_POINT ( 'NONE',  ( -76.85438026068503348, 140.0025054756097518, 51.57568798916026509 ) ) ;
#6656 = VECTOR ( 'NONE', #3084, 1000.000000000000000 ) ;
#6657 = ORIENTED_EDGE ( 'NONE', *, *, #4287, .F. ) ;
#6658 = ORIENTED_EDGE ( 'NONE', *, *, #6084, .T. ) ;
#6659 = CARTESIAN_POINT ( 'NONE',  ( 88.76052395150409779, 144.5553007545291564, -66.45227804150339068 ) ) ;
#6660 = PLANE ( 'NONE',  #8709 ) ;
#6661 = ADVANCED_FACE ( 'NONE', ( #6685 ), #8217, .T. ) ;
#6662 = CARTESIAN_POINT ( 'NONE',  ( -74.34717916699044338, 140.3083938432494904, 51.83736252284727897 ) ) ;
#6663 = FACE_OUTER_BOUND ( 'NONE', #2836, .T. ) ;
#6664 = CARTESIAN_POINT ( 'NONE',  ( -43.80212623591962284, 154.9965163685497203, 77.24412439490480153 ) ) ;
#6665 = ORIENTED_EDGE ( 'NONE', *, *, #2458, .T. ) ;
#6666 = CARTESIAN_POINT ( 'NONE',  ( -89.59999999999999432, 153.3320508075680095, 217.8038475772949880 ) ) ;
#6667 = CARTESIAN_POINT ( 'NONE',  ( 91.52900970127726055, 140.3924659666987225, -99.40338611005577718 ) ) ;
#6668 = EDGE_LOOP ( 'NONE', ( #4928, #2873, #5851, #1119, #2881, #3923, #3162, #3296, #5135 ) ) ;
#6669 = VERTEX_POINT ( 'NONE', #8936 ) ;
#6670 = CARTESIAN_POINT ( 'NONE',  ( 41.85961089735094021, 140.0000000000000000, -122.8550417520427800 ) ) ;
#6671 = EDGE_CURVE ( 'NONE', #2284, #8798, #805, .T. ) ;
#6672 = FACE_OUTER_BOUND ( 'NONE', #7859, .T. ) ;
#6673 = CARTESIAN_POINT ( 'NONE',  ( -79.99961777294119258, -39.97810222646502609, -97.26252122376604348 ) ) ;
#6674 = CARTESIAN_POINT ( 'NONE',  ( 67.00025794279721936, 159.9769160250675668, 0.5684819386067910818 ) ) ;
#6675 = FACE_OUTER_BOUND ( 'NONE', #4354, .T. ) ;
#6676 = ADVANCED_FACE ( 'NONE', ( #3677 ), #23, .T. ) ;
#6677 = CYLINDRICAL_SURFACE ( 'NONE', #5892, 0.002000000000002000178 ) ;
#6678 = CARTESIAN_POINT ( 'NONE',  ( -61.36277967151131918, 159.0009527405198639, 55.92078231260580168 ) ) ;
#6679 = VERTEX_POINT ( 'NONE', #5236 ) ;
#6680 = CARTESIAN_POINT ( 'NONE',  ( -75.85780117327509231, 54.05969060366940226, 52.03661174420261659 ) ) ;
#6681 = CARTESIAN_POINT ( 'NONE',  ( -27.99999999999999645, -40.00000000024950708, -74.00000062437550241 ) ) ;
#6682 = CARTESIAN_POINT ( 'NONE',  ( 17.35609265221864916, 61.99999999999998579, 89.71920255721200022 ) ) ;
#6683 = DIRECTION ( 'NONE',  ( 0.9998476951563912696, 0.01745240643728340410, -1.913693989724670103E-16 ) ) ;
#6684 = VERTEX_POINT ( 'NONE', #118 ) ;
#6685 = FACE_OUTER_BOUND ( 'NONE', #1331, .T. ) ;
#6686 = PLANE ( 'NONE',  #327 ) ;
#6687 = FACE_OUTER_BOUND ( 'NONE', #3593, .T. ) ;
#6688 = ORIENTED_EDGE ( 'NONE', *, *, #7434, .F. ) ;
#6689 = EDGE_LOOP ( 'NONE', ( #8772, #7273, #1602, #1732, #7284, #7042, #2902, #7615, #8765, #2097, #6255, #1853, #1228, #2114, #2169, #145, #591, #7769, #4868 ) ) ;
#6690 = ORIENTED_EDGE ( 'NONE', *, *, #2927, .T. ) ;
#6691 = LINE ( 'NONE', #9517, #1987 ) ;
#6692 = FACE_OUTER_BOUND ( 'NONE', #6546, .T. ) ;
#6693 = CARTESIAN_POINT ( 'NONE',  ( -80.47301909931856301, 62.00000000000001421, 54.47301909931856301 ) ) ;
#6694 = CARTESIAN_POINT ( 'NONE',  ( 71.27796513499579589, 119.6813454765402156, -69.29999999999999716 ) ) ;
#6695 = DIRECTION ( 'NONE',  ( -1.000000000000000000, -0.000000000000000000, -0.000000000000000000 ) ) ;
#6696 = CARTESIAN_POINT ( 'NONE',  ( 23.82639005574388946, 62.00000346516265637, 91.22799750242276673 ) ) ;
#6697 = CARTESIAN_POINT ( 'NONE',  ( -75.85780117327504968, 54.05969060366943069, 52.03661174420260238 ) ) ;
#6698 = CARTESIAN_POINT ( 'NONE',  ( 73.25222779541259399, 120.0134462860602014, -67.29999999999999716 ) ) ;
#6699 = ORIENTED_EDGE ( 'NONE', *, *, #4641, .F. ) ;
#6700 = CARTESIAN_POINT ( 'NONE',  ( 92.90000000000000568, 58.33405080756781302, 219.4038475772949823 ) ) ;
#6701 = LINE ( 'NONE', #87, #3622 ) ;
#6702 = CARTESIAN_POINT ( 'NONE',  ( -74.26936523105170807, 140.3162628267600098, 53.11343510646425159 ) ) ;
#6703 = DIRECTION ( 'NONE',  ( 0.01744974916068300907, -0.9996954598818874604, -0.01744974916068486176 ) ) ;
#6704 = CARTESIAN_POINT ( 'NONE',  ( 84.48434090668480678, 134.7233594085222705, -69.29999999999999716 ) ) ;
#6705 = ORIENTED_EDGE ( 'NONE', *, *, #5420, .T. ) ;
#6706 = EDGE_CURVE ( 'NONE', #15, #2969, #9235, .T. ) ;
#6707 = CARTESIAN_POINT ( 'NONE',  ( 92.00000000000000000, 56.73005080756779961, 184.8038475772950164 ) ) ;
#6708 = CARTESIAN_POINT ( 'NONE',  ( 89.90055763475065476, 154.9325187186816777, 134.6030191501703825 ) ) ;
#6709 = ORIENTED_EDGE ( 'NONE', *, *, #5052, .F. ) ;
#6710 = VECTOR ( 'NONE', #6758, 1000.000000000000000 ) ;
#6711 = ORIENTED_EDGE ( 'NONE', *, *, #1858, .T. ) ;
#6712 = VERTEX_POINT ( 'NONE', #6060 ) ;
#6713 = CARTESIAN_POINT ( 'NONE',  ( 72.28913156576682297, 88.50348414764290794, -69.29999999999999716 ) ) ;
#6714 = CARTESIAN_POINT ( 'NONE',  ( -104.5999999999999943, 153.3320508075674979, 212.4038475772949823 ) ) ;
#6715 = CARTESIAN_POINT ( 'NONE',  ( -49.22963385185081364, -39.76320687140994892, -142.1517849965741789 ) ) ;
#6716 = CARTESIAN_POINT ( 'NONE',  ( 66.99999988311225252, 159.4589494994853283, 5.642364654913336608 ) ) ;
#6717 = CARTESIAN_POINT ( 'NONE',  ( -70.47502298096435425, 140.4767382679370371, -117.5235908662058932 ) ) ;
#6718 = VECTOR ( 'NONE', #1530, 1000.000000000000000 ) ;
#6719 = DIRECTION ( 'NONE',  ( -0.000000000000000000, -1.000000000000000000, 1.156482317317874092E-15 ) ) ;
#6720 = DIRECTION ( 'NONE',  ( 0.000000000000000000, 1.000000000000000000, 0.000000000000000000 ) ) ;
#6721 = EDGE_LOOP ( 'NONE', ( #1585, #1318, #4347, #4799 ) ) ;
#6722 = VECTOR ( 'NONE', #3711, 1000.000000000000000 ) ;
#6723 = DIRECTION ( 'NONE',  ( -1.000000000000000000, 6.355499747544691857E-17, -2.974914775446451599E-17 ) ) ;
#6724 = CARTESIAN_POINT ( 'NONE',  ( 87.48188429676369537, 134.7756817230203978, -69.30200000000000671 ) ) ;
#6725 = DIRECTION ( 'NONE',  ( -0.01745240643728340063, 0.9998476951563911586, 0.000000000000000000 ) ) ;
#6726 = DIRECTION ( 'NONE',  ( -4.896904675948060827E-16, -8.547578906596688783E-18, 1.000000000000000000 ) ) ;
#6727 = CARTESIAN_POINT ( 'NONE',  ( -68.58539713926835191, 145.6001822354242279, 63.14328998614534783 ) ) ;
#6728 = CARTESIAN_POINT ( 'NONE',  ( -49.72459767716004109, -37.00000000000000000, -141.8770469557960610 ) ) ;
#6729 = AXIS2_PLACEMENT_3D ( 'NONE', #5199, #7418, #5886 ) ;
#6730 = AXIS2_PLACEMENT_3D ( 'NONE', #9520, #3104, #6025 ) ;
#6731 = LINE ( 'NONE', #3826, #161 ) ;
#6732 = ORIENTED_EDGE ( 'NONE', *, *, #7558, .T. ) ;
#6733 = ORIENTED_EDGE ( 'NONE', *, *, #3450, .F. ) ;
#6734 = PLANE ( 'NONE',  #1532 ) ;
#6735 = CARTESIAN_POINT ( 'NONE',  ( 89.27657622668300519, 141.6553357813203888, -72.93854362371159539 ) ) ;
#6736 = LINE ( 'NONE', #6693, #1169 ) ;
#6737 = CIRCLE ( 'NONE', #2566, 0.002000000000002000178 ) ;
#6738 = VECTOR ( 'NONE', #2650, 999.9999999999998863 ) ;
#6739 = LINE ( 'NONE', #3734, #7960 ) ;
#6740 = LINE ( 'NONE', #7461, #7978 ) ;
#6741 = CARTESIAN_POINT ( 'NONE',  ( -32.37807446334979744, 157.5000000000000000, -122.3431817986533332 ) ) ;
#6742 = CARTESIAN_POINT ( 'NONE',  ( -89.59999999999999432, 58.33205080756781058, 184.8038475772950164 ) ) ;
#6743 = LINE ( 'NONE', #3061, #2787 ) ;
#6744 = VECTOR ( 'NONE', #8966, 1000.000000000000000 ) ;
#6745 = VERTEX_POINT ( 'NONE', #4600 ) ;
#6746 = CARTESIAN_POINT ( 'NONE',  ( -94.78139602057051150, 153.3320508075674979, 215.9038475772950392 ) ) ;
#6747 = CARTESIAN_POINT ( 'NONE',  ( 66.99999999999997158, 158.2382006122008704, -66.00000000000000000 ) ) ;
#6748 = CARTESIAN_POINT ( 'NONE',  ( -73.71109798503941590, 157.5000000000000284, -99.03181947666080021 ) ) ;
#6749 = ADVANCED_FACE ( 'NONE', ( #3043 ), #6101, .T. ) ;
#6750 = VECTOR ( 'NONE', #7334, 1000.000000000000000 ) ;
#6751 = FACE_OUTER_BOUND ( 'NONE', #7197, .T. ) ;
#6752 = ORIENTED_EDGE ( 'NONE', *, *, #8811, .T. ) ;
#6753 = EDGE_CURVE ( 'NONE', #4381, #3925, #2191, .T. ) ;
#6754 = CARTESIAN_POINT ( 'NONE',  ( 9.131633956022291443, 140.1169535283154914, 85.23443191578991218 ) ) ;
#6755 = CARTESIAN_POINT ( 'NONE',  ( 91.50898701435639282, 159.9999999999999716, -92.85961089735091889 ) ) ;
#6756 = ORIENTED_EDGE ( 'NONE', *, *, #5235, .T. ) ;
#6757 = ORIENTED_EDGE ( 'NONE', *, *, #822, .F. ) ;
#6758 = DIRECTION ( 'NONE',  ( -0.9861451850233918792, -0.1658845202397750407, 0.000000000000000000 ) ) ;
#6759 = CARTESIAN_POINT ( 'NONE',  ( -66.22678550756391758, 159.9999999999727436, -123.0611297165986002 ) ) ;
#6760 = CARTESIAN_POINT ( 'NONE',  ( -33.00927255271870564, -39.94968644322786133, -145.9359430007317826 ) ) ;
#6761 = EDGE_CURVE ( 'NONE', #1866, #6793, #3824, .T. ) ;
#6762 = CARTESIAN_POINT ( 'NONE',  ( 66.48249068471335477, 156.6470994688866369, 8.292773043026532065 ) ) ;
#6763 = CARTESIAN_POINT ( 'NONE',  ( -30.13486010656230363, 140.3719048903479631, -142.8515966889127355 ) ) ;
#6764 = AXIS2_PLACEMENT_3D ( 'NONE', #4323, #9422, #526 ) ;
#6765 = ADVANCED_FACE ( 'NONE', ( #6824, #4554, #1471 ), #8126, .T. ) ;
#6766 = CARTESIAN_POINT ( 'NONE',  ( 4.089218660503026292, 155.7763624761777521, 70.70800087797232436 ) ) ;
#6767 = CARTESIAN_POINT ( 'NONE',  ( -103.7990000000000066, 153.3300508075680000, 212.9381019126405477 ) ) ;
#6768 = EDGE_LOOP ( 'NONE', ( #3414, #5047, #2780 ) ) ;
#6769 = CARTESIAN_POINT ( 'NONE',  ( 116.7943999880707935, 160.7171392947464881, 134.6030191501703825 ) ) ;
#6770 = PLANE ( 'NONE',  #9480 ) ;
#6771 = CARTESIAN_POINT ( 'NONE',  ( 62.34192687117034382, 140.4072886848748567, -135.7146669883163099 ) ) ;
#6772 = CARTESIAN_POINT ( 'NONE',  ( 88.99312293359882631, 150.3095188550981618, -66.25109713469967687 ) ) ;
#6773 = EDGE_CURVE ( 'NONE', #1419, #8451, #209, .T. ) ;
#6775 = VERTEX_POINT ( 'NONE', #3095 ) ;
#6774 = CARTESIAN_POINT ( 'NONE',  ( 91.77819544102452198, 1.330338319135343728, -67.29999999999999716 ) ) ;
#6776 = CARTESIAN_POINT ( 'NONE',  ( 92.44654683173743592, -36.99999663778256576, -74.00000000000001421 ) ) ;
#6777 = ORIENTED_EDGE ( 'NONE', *, *, #7247, .T. ) ;
#6778 = EDGE_CURVE ( 'NONE', #7113, #9062, #7407, .T. ) ;
#6779 = LINE ( 'NONE', #3097, #12 ) ;
#6780 = VERTEX_POINT ( 'NONE', #7359 ) ;
#6781 = ORIENTED_EDGE ( 'NONE', *, *, #4503, .F. ) ;
#6782 = ORIENTED_EDGE ( 'NONE', *, *, #3839, .F. ) ;
#6783 = CARTESIAN_POINT ( 'NONE',  ( 90.39800000000001035, 56.73005080756779961, 184.8038475772950164 ) ) ;
#6784 = DIRECTION ( 'NONE',  ( -1.541976423090495042E-15, 0.000000000000000000, -1.000000000000000000 ) ) ;
#6785 = DIRECTION ( 'NONE',  ( -0.0003630530201411230444, -4.853491556017850977E-17, 0.9999999340962502092 ) ) ;
#6786 = CARTESIAN_POINT ( 'NONE',  ( -56.85504175204268051, 157.5000000000000284, -72.99159715245326652 ) ) ;
#6787 = CYLINDRICAL_SURFACE ( 'NONE', #8409, 47.49999999999999289 ) ;
#6788 = LINE ( 'NONE', #9036, #1344 ) ;
#6789 = CIRCLE ( 'NONE', #9233, 17.50000000000000000 ) ;
#6790 = CARTESIAN_POINT ( 'NONE',  ( -37.97920231770315524, 62.00000000000000000, 89.71920255721200022 ) ) ;
#6791 = VECTOR ( 'NONE', #6638, 1000.000000000000000 ) ;
#6792 = DIRECTION ( 'NONE',  ( 0.01745240643728340063, -0.9998476951563911586, -0.000000000000000000 ) ) ;
#6793 = VERTEX_POINT ( 'NONE', #2954 ) ;
#6794 = CARTESIAN_POINT ( 'NONE',  ( 92.44725398510560410, -37.00000000000001421, -95.99238359780468954 ) ) ;
#6795 = CARTESIAN_POINT ( 'NONE',  ( 121.8999999999999915, 154.9320508075680038, 120.8038475772951870 ) ) ;
#6796 = LINE ( 'NONE', #5299, #1775 ) ;
#6797 = AXIS2_PLACEMENT_3D ( 'NONE', #7062, #7881, #455 ) ;
#6798 = DIRECTION ( 'NONE',  ( 3.265670438862203426E-16, 5.493351103255313153E-17, 1.000000000000000000 ) ) ;
#6799 = DIRECTION ( 'NONE',  ( -0.03309480886938994532, -0.9477113291335352852, 0.3174082076094543736 ) ) ;
#6800 = VERTEX_POINT ( 'NONE', #70 ) ;
#6801 = VECTOR ( 'NONE', #795, 1000.000000000000114 ) ;
#6802 = CARTESIAN_POINT ( 'NONE',  ( 97.37619472814589017, 159.1166713836330189, 152.6030191501704962 ) ) ;
#6803 = CARTESIAN_POINT ( 'NONE',  ( 89.75942333682914409, 4.295557505114192764, -67.29999999999999716 ) ) ;
#6804 = EDGE_CURVE ( 'NONE', #6949, #5962, #2995, .T. ) ;
#6805 = VERTEX_POINT ( 'NONE', #6203 ) ;
#6806 = ORIENTED_EDGE ( 'NONE', *, *, #7429, .F. ) ;
#6807 = EDGE_LOOP ( 'NONE', ( #7339, #7786, #8858, #1973 ) ) ;
#6808 = CARTESIAN_POINT ( 'NONE',  ( 91.81347564184416399, 1.330954137331314069, -71.45354325231643600 ) ) ;
#6809 = ADVANCED_FACE ( 'NONE', ( #8301 ), #3235, .T. ) ;
#6810 = CARTESIAN_POINT ( 'NONE',  ( -69.83804533600151387, 160.0000000000272564, -117.6784101618830931 ) ) ;
#6811 = CARTESIAN_POINT ( 'NONE',  ( 71.32934990760010407, 119.6899891716883104, -67.82201926448728102 ) ) ;
#6812 = EDGE_CURVE ( 'NONE', #4661, #1503, #9208, .T. ) ;
#6813 = CARTESIAN_POINT ( 'NONE',  ( 66.99668436973789198, 157.4050467650430107, 8.476537491356724630 ) ) ;
#6814 = CARTESIAN_POINT ( 'NONE',  ( 377.0830826144305092, 157.5000000000000000, -66.00000000000000000 ) ) ;
#6815 = DIRECTION ( 'NONE',  ( 2.167115484613950084E-16, -0.000000000000000000, -1.000000000000000000 ) ) ;
#6816 = CARTESIAN_POINT ( 'NONE',  ( 67.00000000000000000, 158.5000000000804334, 2.984713077651103497 ) ) ;
#6817 = EDGE_LOOP ( 'NONE', ( #736, #2756, #7302, #683 ) ) ;
#6818 = CARTESIAN_POINT ( 'NONE',  ( -89.59999999999999432, 58.33205080756781058, 219.4038475772950108 ) ) ;
#6819 = DIRECTION ( 'NONE',  ( 5.647072517543570993E-33, -1.000000000000000000, -4.083550012934418183E-49 ) ) ;
#6820 = EDGE_CURVE ( 'NONE', #9455, #460, #2418, .T. ) ;
#6821 = FACE_OUTER_BOUND ( 'NONE', #3634, .T. ) ;
#6822 = CARTESIAN_POINT ( 'NONE',  ( 88.28469499287874100, 88.78268774582755896, -67.29999999999999716 ) ) ;
#6823 = B_SPLINE_CURVE_WITH_KNOTS ( 'NONE', 3,
 ( #3980, #3107, #2432, #320, #6073, #6932 ),
 .UNSPECIFIED., .F., .F.,
 ( 4, 2, 4 ),
 ( 0.6534478927533388104, 0.8267239463766693497, 1.000000000000000000 ),
 .UNSPECIFIED. ) ;
#6824 = FACE_OUTER_BOUND ( 'NONE', #1368, .T. ) ;
#6825 = CARTESIAN_POINT ( 'NONE',  ( -76.94344740603928301, -36.99999999999999289, -113.0346656847253684 ) ) ;
#6826 = CYLINDRICAL_SURFACE ( 'NONE', #3072, 0.002000000000002000178 ) ;
#6827 = ORIENTED_EDGE ( 'NONE', *, *, #3778, .F. ) ;
#6828 = EDGE_CURVE ( 'NONE', #1300, #1613, #6964, .T. ) ;
#6829 = ORIENTED_EDGE ( 'NONE', *, *, #7985, .T. ) ;
#6830 = CARTESIAN_POINT ( 'NONE',  ( 57.03956592371340406, 157.5000000000000284, -137.5652999085097008 ) ) ;
#6831 = CARTESIAN_POINT ( 'NONE',  ( 26.99999999999999645, -40.00000000024951419, -74.00000062437550241 ) ) ;
#6832 = DIRECTION ( 'NONE',  ( -1.000000000000000000, 0.000000000000000000, -0.000000000000000000 ) ) ;
#6833 = CARTESIAN_POINT ( 'NONE',  ( 5.770862549598566815, 149.1701385977474956, 81.39461531297330055 ) ) ;
#6834 = CARTESIAN_POINT ( 'NONE',  ( 87.48388399215400568, 134.7757166278333330, -72.30200000000000671 ) ) ;
#6835 = DIRECTION ( 'NONE',  ( -1.873065082678784805E-16, 4.855507225124589628E-17, -1.000000000000000000 ) ) ;
#6836 = CARTESIAN_POINT ( 'NONE',  ( 66.60638468908153698, 156.3625095170776547, -69.24789329868995935 ) ) ;
#6837 = CARTESIAN_POINT ( 'NONE',  ( 116.7943999880707935, 160.7171392947464881, 152.6030191501704962 ) ) ;
#6838 = ORIENTED_EDGE ( 'NONE', *, *, #3218, .T. ) ;
#6839 = ORIENTED_EDGE ( 'NONE', *, *, #7640, .T. ) ;
#6840 = VERTEX_POINT ( 'NONE', #1125 ) ;
#6841 = CARTESIAN_POINT ( 'NONE',  ( -56.85504175204267341, 160.0000000000000000, -92.85961089735100416 ) ) ;
#6842 = CARTESIAN_POINT ( 'NONE',  ( -79.94763480521534404, -37.00000000000000000, -26.00000000000000355 ) ) ;
#6843 = CARTESIAN_POINT ( 'NONE',  ( 58.49407797826789590, 140.4452725973723375, -140.0032327895461037 ) ) ;
#6844 = DIRECTION ( 'NONE',  ( 0.9998476951563912696, 0.01745240643728360533, -3.503998260924795799E-16 ) ) ;
#6845 = CARTESIAN_POINT ( 'NONE',  ( -80.00000000000002842, -40.00000000000000000, -96.00761524218039256 ) ) ;
#6846 = VERTEX_POINT ( 'NONE', #7633 ) ;
#6847 = FACE_OUTER_BOUND ( 'NONE', #2219, .T. ) ;
#6848 = APPROVAL_ROLE ( '' ) ;
#6849 = ORIENTED_EDGE ( 'NONE', *, *, #2851, .F. ) ;
#6850 = ORIENTED_EDGE ( 'NONE', *, *, #3254, .F. ) ;
#6851 = ORIENTED_EDGE ( 'NONE', *, *, #5810, .T. ) ;
#6852 = CARTESIAN_POINT ( 'NONE',  ( 2.000000000000000000, -40.00000000000000000, -142.0000000000000284 ) ) ;
#6853 = EDGE_CURVE ( 'NONE', #5010, #4188, #2514, .T. ) ;
#6854 = CARTESIAN_POINT ( 'NONE',  ( -42.82115702217588904, 140.1626628929271021, 90.85438026068496242 ) ) ;
#6855 = DIRECTION ( 'NONE',  ( 0.01461204901308623370, -0.000000000000000000, -0.9998932383127906443 ) ) ;
#6856 = ADVANCED_FACE ( 'NONE', ( #4059 ), #253, .T. ) ;
#6857 = CARTESIAN_POINT ( 'NONE',  ( -73.34525357564740489, 140.4529185853940874, -111.2486283391336457 ) ) ;
#6858 = CARTESIAN_POINT ( 'NONE',  ( 13.00000000000000178, -24.00000000000000000, -142.0000000000000284 ) ) ;
#6859 = AXIS2_PLACEMENT_3D ( 'NONE', #2737, #7955, #5701 ) ;
#6860 = CARTESIAN_POINT ( 'NONE',  ( -42.00000000000000000, -40.00000000000000711, -76.00199999999999534 ) ) ;
#6861 = VERTEX_POINT ( 'NONE', #1747 ) ;
#6862 = DIRECTION ( 'NONE',  ( 0.000000000000000000, 0.000000000000000000, -1.000000000000000000 ) ) ;
#6863 = DIRECTION ( 'NONE',  ( -0.000000000000000000, 0.000000000000000000, -1.000000000000000000 ) ) ;
#6864 = CARTESIAN_POINT ( 'NONE',  ( 73.18709692487669827, 140.4318593083679900, -128.6943786031496586 ) ) ;
#6865 = CIRCLE ( 'NONE', #2695, 20.00000000000000355 ) ;
#6866 = CYLINDRICAL_SURFACE ( 'NONE', #5821, 1.500000000000003331 ) ;
#6867 = EDGE_CURVE ( 'NONE', #7580, #7831, #6942, .T. ) ;
#6868 = CARTESIAN_POINT ( 'NONE',  ( 64.84102650403524137, 119.9999820905261316, 33.09676656758043833 ) ) ;
#6869 = CARTESIAN_POINT ( 'NONE',  ( -57.62809458532042584, -37.00000000000000000, -137.5916167901407619 ) ) ;
#6870 = VERTEX_POINT ( 'NONE', #3966 ) ;
#6871 = CARTESIAN_POINT ( 'NONE',  ( -55.89576550474133398, 160.0000000000000000, -100.6375009698617191 ) ) ;
#6872 = ORIENTED_EDGE ( 'NONE', *, *, #3861, .F. ) ;
#6873 = ORIENTED_EDGE ( 'NONE', *, *, #2661, .F. ) ;
#6874 = VECTOR ( 'NONE', #8506, 1000.000000000000114 ) ;
#6875 = VERTEX_POINT ( 'NONE', #1797 ) ;
#6876 = ORIENTED_EDGE ( 'NONE', *, *, #140, .F. ) ;
#6877 = CARTESIAN_POINT ( 'NONE',  ( -79.94763480521535826, -37.00000000000000000, -72.99998098865668794 ) ) ;
#6878 = CARTESIAN_POINT ( 'NONE',  ( 65.57623467633560210, 153.5768170370110397, 14.63833402431237651 ) ) ;
#6879 = CARTESIAN_POINT ( 'NONE',  ( -1.559357420023353091, 159.6099787369751937, 74.06439067366390816 ) ) ;
#6880 = CARTESIAN_POINT ( 'NONE',  ( -74.34713551036284684, 140.3084083876595969, 51.83913318402108672 ) ) ;
#6881 = CARTESIAN_POINT ( 'NONE',  ( -1.129561183607242558, 156.7264999825861480, 74.49429996152190370 ) ) ;
#6882 = DIRECTION ( 'NONE',  ( 0.01745240643728340410, -0.9998476951563912696, -1.032755642038752721E-16 ) ) ;
#6883 = EDGE_CURVE ( 'NONE', #2123, #172, #1077, .T. ) ;
#6884 = AXIS2_PLACEMENT_3D ( 'NONE', #2837, #8013, #2940 ) ;
#6885 = DIRECTION ( 'NONE',  ( -0.000000000000000000, -1.000000000000000000, -0.000000000000000000 ) ) ;
#6886 = CARTESIAN_POINT ( 'NONE',  ( -76.85199565517048370, 140.3490481287456078, -26.00000000000000355 ) ) ;
#6887 = CARTESIAN_POINT ( 'NONE',  ( 24.40000000000000568, -0.2631397208144555244, 95.40384757729519549 ) ) ;
#6888 = EDGE_CURVE ( 'NONE', #6435, #1488, #6917, .T. ) ;
#6889 = ADVANCED_FACE ( 'NONE', ( #2564 ), #9023, .T. ) ;
#6890 = VECTOR ( 'NONE', #5210, 1000.000000000000114 ) ;
#6891 = ORIENTED_EDGE ( 'NONE', *, *, #2569, .F. ) ;
#6892 = DIRECTION ( 'NONE',  ( 0.000000000000000000, 0.000000000000000000, -1.000000000000000000 ) ) ;
#6893 = VECTOR ( 'NONE', #8255, 1000.000000000000000 ) ;
#6894 = DIRECTION ( 'NONE',  ( -5.390695917567118667E-33, -4.855507225124589012E-17, 1.000000000000000000 ) ) ;
#6895 = CARTESIAN_POINT ( 'NONE',  ( 91.48187991953570020, 20.32806034530250017, -67.29999999999999716 ) ) ;
#6896 = CARTESIAN_POINT ( 'NONE',  ( -50.70963606671106305, 157.5000000000000284, -111.1571778647915352 ) ) ;
#6897 = EDGE_CURVE ( 'NONE', #7157, #2004, #399, .T. ) ;
#6898 = CARTESIAN_POINT ( 'NONE',  ( -39.66742970628361320, 157.2071397854557517, 73.10942753996472732 ) ) ;
#6899 = ORIENTED_EDGE ( 'NONE', *, *, #4031, .F. ) ;
#6900 = EDGE_LOOP ( 'NONE', ( #3282, #6392, #283, #2318, #6849, #3594 ) ) ;
#6901 = ORIENTED_EDGE ( 'NONE', *, *, #1872, .F. ) ;
#6902 = ORIENTED_EDGE ( 'NONE', *, *, #1538, .F. ) ;
#6903 = CARTESIAN_POINT ( 'NONE',  ( 91.42952270022389882, 23.32760343077164933, -67.29999999999999716 ) ) ;
#6904 = AXIS2_PLACEMENT_3D ( 'NONE', #5704, #7190, #5067 ) ;
#6905 = LINE ( 'NONE', #6415, #4009 ) ;
#6906 = DIRECTION ( 'NONE',  ( -0.7123441821556478759, -0.7018302972578207566, 0.000000000000000000 ) ) ;
#6907 = CARTESIAN_POINT ( 'NONE',  ( 73.48462140672060627, 20.01391702943395501, -69.29999999999998295 ) ) ;
#6908 = CARTESIAN_POINT ( 'NONE',  ( -73.37050688199937554, 140.4526486296738028, -111.1846941917293492 ) ) ;
#6909 = VECTOR ( 'NONE', #4528, 1000.000000000000000 ) ;
#6910 = CARTESIAN_POINT ( 'NONE',  ( 91.77594678189061028, 1.459163914638470061, -72.91106632837522739 ) ) ;
#6911 = ORIENTED_EDGE ( 'NONE', *, *, #3060, .T. ) ;
#6912 = LINE ( 'NONE', #8296, #6471 ) ;
#6913 = CARTESIAN_POINT ( 'NONE',  ( -89.59999999999999432, 58.33405080756781302, 217.8038475772949880 ) ) ;
#6914 = AXIS2_PLACEMENT_3D ( 'NONE', #1420, #6587, #1321 ) ;
#6915 = LINE ( 'NONE', #8974, #5202 ) ;
#6916 = CARTESIAN_POINT ( 'NONE',  ( 67.00000000000000000, 158.5000000000799787, 2.967429073141391704 ) ) ;
#6918 = ORIENTED_EDGE ( 'NONE', *, *, #27, .T. ) ;
#6917 = LINE ( 'NONE', #4736, #4319 ) ;
#6919 = CARTESIAN_POINT ( 'NONE',  ( -77.41613545113467865, -37.00000000000000000, -111.7012553114142577 ) ) ;
#6920 = LINE ( 'NONE', #6063, #7255 ) ;
#6921 = AXIS2_PLACEMENT_3D ( 'NONE', #5368, #5516, #1842 ) ;
#6922 = ORIENTED_EDGE ( 'NONE', *, *, #3675, .F. ) ;
#6923 = VERTEX_POINT ( 'NONE', #1993 ) ;
#6924 = ORIENTED_EDGE ( 'NONE', *, *, #1140, .F. ) ;
#6925 = CARTESIAN_POINT ( 'NONE',  ( 82.71967207861122517, 157.5000000000272848, -116.4551469568064022 ) ) ;
#6926 = CARTESIAN_POINT ( 'NONE',  ( 71.85504175204269472, 140.0000000000000000, -146.0000000000000000 ) ) ;
#6927 = CARTESIAN_POINT ( 'NONE',  ( -70.99502346001916919, 140.3490481287456078, 65.55302610111355932 ) ) ;
#6928 = CARTESIAN_POINT ( 'NONE',  ( -74.25567440641002293, 140.3170521713227856, 53.24838942429101252 ) ) ;
#6929 = CARTESIAN_POINT ( 'NONE',  ( 0.4482761483687200954, 155.8706830119498647, 76.07221091364161225 ) ) ;
#6930 = CARTESIAN_POINT ( 'NONE',  ( 73.25025550504251726, 120.0131145170197584, -67.29799999999998761 ) ) ;
#6931 = PLANE ( 'NONE',  #3328 ) ;
#6932 = CARTESIAN_POINT ( 'NONE',  ( 64.00539369629861142, 120.0000000000000000, 33.38039823000111284 ) ) ;
#6933 = EDGE_CURVE ( 'NONE', #6375, #5188, #7257, .T. ) ;
#6934 = LINE ( 'NONE', #910, #2032 ) ;
#6935 = ORIENTED_EDGE ( 'NONE', *, *, #7775, .F. ) ;
#6936 = ORIENTED_EDGE ( 'NONE', *, *, #9224, .F. ) ;
#6937 = DIRECTION ( 'NONE',  ( 0.01745240643728450045, -0.9998476951563911586, 0.000000000000000000 ) ) ;
#6938 = CARTESIAN_POINT ( 'NONE',  ( 66.93917768361220055, 155.7582767422015877, 10.22232411490475279 ) ) ;
#6939 = CARTESIAN_POINT ( 'NONE',  ( -51.55302610111354511, 140.3490481287456362, 84.99502346001914077 ) ) ;
#6940 = VECTOR ( 'NONE', #5460, 1000.000000000000000 ) ;
#6941 = CARTESIAN_POINT ( 'NONE',  ( -47.25854723523320189, -36.99999999999999289, -140.1833792843754054 ) ) ;
#6942 = B_SPLINE_CURVE_WITH_KNOTS ( 'NONE', 3,
 ( #5469, #1172, #4644, #1704, #7061, #304, #2611, #5520, #5566, #6153, #7782, #3279, #1893, #350, #8394, #8443, #6868, #7587, #984, #4689, #3918, #9068, #7011 ),
 .UNSPECIFIED., .F., .F.,
 ( 4, 2, 2, 2, 1, 2, 2, 2, 1, 2, 1, 2, 4 ),
 ( 0.000000000000000000, 0.1633619731882716974, 0.2450429597824158312, 0.2654632064309630501, 0.2858834530795102413, 0.3267239463766046237, 0.4900859195649879818, 0.5309264128620838630, 0.5717669061591796886, 0.6126073994562756253, 0.6330276461048155445, 0.6432377694290771775, 0.6534478927533388104 ),
 .UNSPECIFIED. ) ;
#6943 = CARTESIAN_POINT ( 'NONE',  ( -51.12575952237187238, -40.00000000000000000, -141.3356387994811882 ) ) ;
#6944 = EDGE_LOOP ( 'NONE', ( #485, #3303, #6806, #2883 ) ) ;
#6945 = AXIS2_PLACEMENT_3D ( 'NONE', #9114, #6296, #4012 ) ;
#6946 = ORIENTED_EDGE ( 'NONE', *, *, #2906, .T. ) ;
#6947 = ADVANCED_FACE ( 'NONE', ( #2702 ), #505, .F. ) ;
#6948 = ORIENTED_EDGE ( 'NONE', *, *, #7424, .T. ) ;
#6949 = VERTEX_POINT ( 'NONE', #9355 ) ;
#6950 = CARTESIAN_POINT ( 'NONE',  ( 3.922513568012913510, 162.3529467118104037, 84.37160241844392772 ) ) ;
#6951 = CARTESIAN_POINT ( 'NONE',  ( -92.17474539372480535, 154.9320508075680038, 217.8018475772954901 ) ) ;
#6952 = CARTESIAN_POINT ( 'NONE',  ( 91.39671028518728235, 23.18560825975511719, -72.93777390258784976 ) ) ;
#6953 = ADVANCED_FACE ( 'NONE', ( #5612 ), #8591, .T. ) ;
#6954 = DIRECTION ( 'NONE',  ( 0.01745240643728860133, -0.9998476951563911586, -8.673617379884032514E-16 ) ) ;
#6955 = CARTESIAN_POINT ( 'NONE',  ( 65.14023788612469446, 156.1687173224059961, -67.29800000000000182 ) ) ;
#6956 = CIRCLE ( 'NONE', #2778, 1.602000000000006086 ) ;
#6957 = CYLINDRICAL_SURFACE ( 'NONE', #16, 1.601999999999992319 ) ;
#6958 = EDGE_LOOP ( 'NONE', ( #3471, #4662, #3135, #2447, #3655, #2066 ) ) ;
#6959 = VECTOR ( 'NONE', #1416, 1000.000000000000114 ) ;
#6960 = DIRECTION ( 'NONE',  ( 0.9998476951563912696, 0.01745240643728360533, -3.503998260924795799E-16 ) ) ;
#6961 = CARTESIAN_POINT ( 'NONE',  ( 81.53750011756127947, 157.5000000000000000, -66.00000000000000000 ) ) ;
#6962 = DIRECTION ( 'NONE',  ( -1.000000000000000000, 1.732557778753358832E-14, 0.000000000000000000 ) ) ;
#6963 = CARTESIAN_POINT ( 'NONE',  ( 89.89999999999999147, 160.7171392947465165, 134.6030191501703825 ) ) ;
#6965 = EDGE_LOOP ( 'NONE', ( #8918, #2707, #7617, #1356 ) ) ;
#6964 = LINE ( 'NONE', #7735, #3073 ) ;
#6966 = CARTESIAN_POINT ( 'NONE',  ( 92.00000000000000000, 56.73205080756771679, 196.8038475772949880 ) ) ;
#6967 = VERTEX_POINT ( 'NONE', #4300 ) ;
#6968 = CARTESIAN_POINT ( 'NONE',  ( -40.15284193021484782, 160.0000000000000000, -119.8207263535812501 ) ) ;
#6969 = ORIENTED_EDGE ( 'NONE', *, *, #2530, .T. ) ;
#6970 = ORIENTED_EDGE ( 'NONE', *, *, #8756, .T. ) ;
#6971 = EDGE_LOOP ( 'NONE', ( #3719, #3331, #710, #1849 ) ) ;
#6972 = CARTESIAN_POINT ( 'NONE',  ( 89.05224385656720187, 157.5000000000000284, -92.85961089735093310 ) ) ;
#6973 = FACE_OUTER_BOUND ( 'NONE', #8388, .T. ) ;
#6974 = CARTESIAN_POINT ( 'NONE',  ( -69.22752574652209034, 140.3054171126526342, 63.78552838761648758 ) ) ;
#6975 = CARTESIAN_POINT ( 'NONE',  ( -77.95224358332517056, 55.85698732149531764, 55.87629109988518650 ) ) ;
#6976 = CARTESIAN_POINT ( 'NONE',  ( 7.199820151337674723, 144.5413260888231264, 82.82357394831511499 ) ) ;
#6977 = LINE ( 'NONE', #4071, #5978 ) ;
#6978 = CARTESIAN_POINT ( 'NONE',  ( 29.18293296212315013, 62.00000041401914785, 88.69151588206730707 ) ) ;
#6979 = DIRECTION ( 'NONE',  ( -0.000000000000000000, -0.000000000000000000, -1.000000000000000000 ) ) ;
#6980 = B_SPLINE_CURVE_WITH_KNOTS ( 'NONE', 3,
 ( #8545, #3522, #1232, #8647, #5619, #4307, #6396, #7887, #9361, #1947 ),
 .UNSPECIFIED., .F., .F.,
 ( 4, 2, 2, 2, 4 ),
 ( 0.000000000000000000, 0.2500000000000000000, 0.5000000000000000000, 0.7500000000000000000, 1.000000000000000000 ),
 .UNSPECIFIED. ) ;
#6981 = CARTESIAN_POINT ( 'NONE',  ( 13.00000000000000178, -40.00200000000000244, -74.00000000000001421 ) ) ;
#6982 = VERTEX_POINT ( 'NONE', #7107 ) ;
#6983 = DIRECTION ( 'NONE',  ( 0.03309480886939070859, 0.9477113291335267364, -0.3174082076094799088 ) ) ;
#6984 = DIRECTION ( 'NONE',  ( 0.7071067811865475727, 0.000000000000000000, 0.7071067811865475727 ) ) ;
#6985 = LINE ( 'NONE', #7706, #5796 ) ;
#6986 = CARTESIAN_POINT ( 'NONE',  ( -50.70963606671106305, 160.0000000000000000, -111.1571778647915352 ) ) ;
#6987 = CARTESIAN_POINT ( 'NONE',  ( -33.03181947665366636, 157.5000000000000284, -139.7110979850259014 ) ) ;
#6988 = CARTESIAN_POINT ( 'NONE',  ( -39.80182111873705963, -40.00000000000000000, -145.0322064835230265 ) ) ;
#6989 = ADVANCED_FACE ( 'NONE', ( #2657 ), #9405, .F. ) ;
#6990 = EDGE_CURVE ( 'NONE', #5599, #5584, #956, .T. ) ;
#6991 = EDGE_CURVE ( 'NONE', #3561, #1432, #1833, .T. ) ;
#6992 = VERTEX_POINT ( 'NONE', #2502 ) ;
#6993 = ORIENTED_EDGE ( 'NONE', *, *, #7509, .F. ) ;
#6994 = ORIENTED_EDGE ( 'NONE', *, *, #4586, .F. ) ;
#6995 = ORIENTED_EDGE ( 'NONE', *, *, #9154, .F. ) ;
#6996 = CARTESIAN_POINT ( 'NONE',  ( 91.42952270022388461, 23.32760343077163512, -72.30200000000000671 ) ) ;
#6997 = CARTESIAN_POINT ( 'NONE',  ( 66.53381774197502807, 144.1502867831963783, 27.22109622306583177 ) ) ;
#6998 = CARTESIAN_POINT ( 'NONE',  ( 53.76300533446437413, -37.00000000000001421, -142.6234967018602617 ) ) ;
#6999 = PLANE ( 'NONE',  #3493 ) ;
#7000 = DIRECTION ( 'NONE',  ( -1.000000000000000000, 0.000000000000000000, -0.000000000000000000 ) ) ;
#7001 = CARTESIAN_POINT ( 'NONE',  ( 85.95777386082068006, -37.00000000000001421, -124.5644886306975394 ) ) ;
#7002 = EDGE_CURVE ( 'NONE', #4064, #1788, #504, .T. ) ;
#7003 = ADVANCED_FACE ( 'NONE', ( #4141 ), #7771, .F. ) ;
#7004 = EDGE_CURVE ( 'NONE', #1685, #1556, #3997, .T. ) ;
#7005 = CYLINDRICAL_SURFACE ( 'NONE', #2933, 17.50000000000000000 ) ;
#7006 = ORIENTED_EDGE ( 'NONE', *, *, #9325, .F. ) ;
#7007 = LINE ( 'NONE', #7628, #2295 ) ;
#7008 = CARTESIAN_POINT ( 'NONE',  ( 92.00000000000000000, -0.2631397208144595212, 97.00384757729510454 ) ) ;
#7009 = LINE ( 'NONE', #9498, #7664 ) ;
#7010 = LINE ( 'NONE', #1938, #2716 ) ;
#7011 = CARTESIAN_POINT ( 'NONE',  ( 64.70094047889183742, 119.9999999998968008, 33.08700674931592545 ) ) ;
#7012 = CARTESIAN_POINT ( 'NONE',  ( 13.00000000000000355, -55.00000000000000000, -76.00000000000000000 ) ) ;
#7013 = CARTESIAN_POINT ( 'NONE',  ( 72.27500062632800848, -40.00000000000001421, -137.9104998182950794 ) ) ;
#7014 = VERTEX_POINT ( 'NONE', #3362 ) ;
#7015 = ORIENTED_EDGE ( 'NONE', *, *, #6761, .F. ) ;
#7016 = ORIENTED_EDGE ( 'NONE', *, *, #3559, .T. ) ;
#7017 = CARTESIAN_POINT ( 'NONE',  ( 94.64910540206801670, -19.89726194803665038, -72.49776659685213076 ) ) ;
#7018 = VECTOR ( 'NONE', #3024, 1000.000000000000000 ) ;
#7019 = CARTESIAN_POINT ( 'NONE',  ( 79.59312886429330547, 120.0000000000000000, 355.8943399725820314 ) ) ;
#7020 = CARTESIAN_POINT ( 'NONE',  ( 91.48187991953571441, 20.32806034530249661, -69.03993881281306244 ) ) ;
#7021 = CARTESIAN_POINT ( 'NONE',  ( -77.21299842500899047, 57.10373716987282933, 58.54020235689393559 ) ) ;
#7022 = CARTESIAN_POINT ( 'NONE',  ( 6.217922126363839119, 148.1159564900546854, 81.84167307493606813 ) ) ;
#7023 = LINE ( 'NONE', #2529, #7655 ) ;
#7024 = CARTESIAN_POINT ( 'NONE',  ( -58.51734797872850180, 157.3427071012302179, 53.07606370143064822 ) ) ;
#7025 = CARTESIAN_POINT ( 'NONE',  ( -38.44593514504597209, -37.00000000000000000, -145.2809760183757817 ) ) ;
#7026 = VECTOR ( 'NONE', #7758, 1000.000000000000000 ) ;
#7027 = CARTESIAN_POINT ( 'NONE',  ( 57.90167909640208421, 157.5000000000000000, -118.2061421290127186 ) ) ;
#7028 = ORIENTED_EDGE ( 'NONE', *, *, #8635, .F. ) ;
#7029 = CARTESIAN_POINT ( 'NONE',  ( 63.75669360197026947, -39.76698899060610159, -142.3461634650754775 ) ) ;
#7030 = DIRECTION ( 'NONE',  ( 1.000000000000000000, 0.000000000000000000, 1.387778780781445922E-16 ) ) ;
#7031 = CARTESIAN_POINT ( 'NONE',  ( 52.96564000818713680, 140.4180681177879819, -141.6268769067175981 ) ) ;
#7032 = VECTOR ( 'NONE', #347, 1000.000000000000000 ) ;
#7033 = DIRECTION ( 'NONE',  ( -4.744542840278440745E-16, 0.000000000000000000, -1.000000000000000000 ) ) ;
#7034 = CARTESIAN_POINT ( 'NONE',  ( -40.15284193021484782, 157.5000000000000284, -119.8207263535812501 ) ) ;
#7035 = CARTESIAN_POINT ( 'NONE',  ( -39.20504215194588227, -40.00000000000000711, -145.1468836729459611 ) ) ;
#7036 = CARTESIAN_POINT ( 'NONE',  ( 67.21339595190050886, 155.9008511930465204, 10.02380205614440456 ) ) ;
#7037 = LINE ( 'NONE', #434, #8331 ) ;
#7038 = AXIS2_PLACEMENT_3D ( 'NONE', #8830, #5678, #2273 ) ;
#7039 = CIRCLE ( 'NONE', #2865, 1.601999999999992319 ) ;
#7040 = ORIENTED_EDGE ( 'NONE', *, *, #3218, .F. ) ;
#7041 = VERTEX_POINT ( 'NONE', #443 ) ;
#7042 = ORIENTED_EDGE ( 'NONE', *, *, #4622, .T. ) ;
#7043 = EDGE_CURVE ( 'NONE', #5358, #5142, #2672, .T. ) ;
#7044 = EDGE_LOOP ( 'NONE', ( #4201, #8716, #7861, #7542 ) ) ;
#7045 = CARTESIAN_POINT ( 'NONE',  ( 92.44725026667758527, -37.00000000000000000, -75.93739269856089891 ) ) ;
#7046 = DIRECTION ( 'NONE',  ( 2.179146802882141940E-31, -1.000000000000000000, 1.413216681040169825E-16 ) ) ;
#7047 = VECTOR ( 'NONE', #5485, 1000.000000000000000 ) ;
#7048 = CARTESIAN_POINT ( 'NONE',  ( 65.69047114405944399, 119.9999999999999858, 356.3840944635300048 ) ) ;
#7049 = AXIS2_PLACEMENT_3D ( 'NONE', #6488, #1363, #1273 ) ;
#7050 = DIRECTION ( 'NONE',  ( 0.01234071493982970280, -0.7069990853988233903, -0.7071067811865483499 ) ) ;
#7051 = CARTESIAN_POINT ( 'NONE',  ( 93.53071951273602735, -37.00000000000002132, -107.8243822196351402 ) ) ;
#7052 = ADVANCED_FACE ( 'NONE', ( #6330 ), #1735, .T. ) ;
#7053 = DIRECTION ( 'NONE',  ( -1.000000000000000000, 1.110223024625155801E-16, 0.000000000000000000 ) ) ;
#7054 = VERTEX_POINT ( 'NONE', #3953 ) ;
#7055 = AXIS2_PLACEMENT_3D ( 'NONE', #3940, #6983, #4761 ) ;
#7056 = EDGE_CURVE ( 'NONE', #1573, #6529, #6905, .T. ) ;
#7057 = DIRECTION ( 'NONE',  ( -0.01745240643728307103, 0.9998476951563913806, 0.000000000000000000 ) ) ;
#7058 = DIRECTION ( 'NONE',  ( -0.000000000000000000, -0.000000000000000000, 1.000000000000000000 ) ) ;
#7059 = PLANE ( 'NONE',  #8267 ) ;
#7060 = VECTOR ( 'NONE', #1668, 1000.000000000000000 ) ;
#7061 = CARTESIAN_POINT ( 'NONE',  ( 65.58084755182544257, 119.9999827278587787, 33.64895905738937643 ) ) ;
#7062 = CARTESIAN_POINT ( 'NONE',  ( -77.50038076210898907, -40.04363101609320807, -26.00000000000000355 ) ) ;
#7063 = CARTESIAN_POINT ( 'NONE',  ( 94.72174152513136391, -40.00000000000002132, -102.0989360192888427 ) ) ;
#7064 = ORIENTED_EDGE ( 'NONE', *, *, #511, .T. ) ;
#7065 = VERTEX_POINT ( 'NONE', #1198 ) ;
#7066 = CARTESIAN_POINT ( 'NONE',  ( 44.99391070482715094, -39.21486758086211921, -145.9862954626467513 ) ) ;
#7067 = PLANE ( 'NONE',  #6311 ) ;
#7068 = DIRECTION ( 'NONE',  ( -0.8660254037844326014, 0.000000000000000000, -0.5000000000000104361 ) ) ;
#7069 = CARTESIAN_POINT ( 'NONE',  ( -77.95398787552103670, 55.85300137061632597, 55.86777542083723347 ) ) ;
#7070 = LINE ( 'NONE', #1182, #5032 ) ;
#7071 = CARTESIAN_POINT ( 'NONE',  ( -62.63861295489776637, 140.4318592586535317, -124.2428625748640769 ) ) ;
#7072 = EDGE_CURVE ( 'NONE', #2004, #8076, #1424, .T. ) ;
#7073 = CARTESIAN_POINT ( 'NONE',  ( 24.40000000000000568, 154.9320508075677481, 97.00584757729519936 ) ) ;
#7074 = CARTESIAN_POINT ( 'NONE',  ( -47.08414720434993228, -37.00000000000000000, -142.9916586160099428 ) ) ;
#7075 = VECTOR ( 'NONE', #9309, 1000.000000000000000 ) ;
#7076 = CARTESIAN_POINT ( 'NONE',  ( 71.33193937181759736, 157.4999999999999147, -98.43782193633008148 ) ) ;
#7077 = ORIENTED_EDGE ( 'NONE', *, *, #1722, .T. ) ;
#7078 = ORIENTED_EDGE ( 'NONE', *, *, #8635, .T. ) ;
#7079 = CARTESIAN_POINT ( 'NONE',  ( 2.000000000000000000, -24.00000000000000000, -142.0000000000000284 ) ) ;
#7080 = CARTESIAN_POINT ( 'NONE',  ( 66.49615472846369357, 143.0717591888871709, 23.96810944116972664 ) ) ;
#7081 = CARTESIAN_POINT ( 'NONE',  ( 87.76683151785216808, 140.4587109341308064, -112.6564266494228121 ) ) ;
#7082 = CARTESIAN_POINT ( 'NONE',  ( 74.74776797020061281, 156.2725584702566266, -67.30000000000001137 ) ) ;
#7083 = CARTESIAN_POINT ( 'NONE',  ( -41.89255555652054852, 157.5000000000000284, -118.8908915475416990 ) ) ;
#7084 = DIRECTION ( 'NONE',  ( 1.000000000000000000, 8.673617379884039170E-17, 0.000000000000000000 ) ) ;
#7085 = PLANE ( 'NONE',  #5877 ) ;
#7086 = CARTESIAN_POINT ( 'NONE',  ( -46.51289248278724386, 149.3204912237908104, 86.45889581898450160 ) ) ;
#7087 = ORIENTED_EDGE ( 'NONE', *, *, #2797, .F. ) ;
#7088 = PERSON_AND_ORGANIZATION_ROLE ( 'classification_officer' ) ;
#7089 = VERTEX_POINT ( 'NONE', #2680 ) ;
#7090 = VERTEX_POINT ( 'NONE', #1252 ) ;
#7091 = ORIENTED_EDGE ( 'NONE', *, *, #8054, .T. ) ;
#7092 = CARTESIAN_POINT ( 'NONE',  ( 66.52172918408925284, 143.8041157777541912, 26.15743221637252702 ) ) ;
#7093 = CARTESIAN_POINT ( 'NONE',  ( -28.00000000000000000, -40.00000000000000000, -76.00095280244879348 ) ) ;
#7094 = LINE ( 'NONE', #8576, #9173 ) ;
#7095 = CARTESIAN_POINT ( 'NONE',  ( 95.00000000000000000, -37.00000000000000000, -96.00761524218061993 ) ) ;
#7096 = CARTESIAN_POINT ( 'NONE',  ( 86.38222048055982327, -37.00000000000001421, -123.9417601112759257 ) ) ;
#7097 = ADVANCED_FACE ( 'NONE', ( #4912 ), #7085, .T. ) ;
#7098 = AXIS2_PLACEMENT_3D ( 'NONE', #1559, #6583, #5809 ) ;
#7099 = VECTOR ( 'NONE', #9329, 1000.000000000000000 ) ;
#7100 = CARTESIAN_POINT ( 'NONE',  ( -29.99238359780465046, -37.00000000000000000, -140.0000000000000000 ) ) ;
#7101 = ORIENTED_EDGE ( 'NONE', *, *, #7828, .T. ) ;
#7102 = EDGE_CURVE ( 'NONE', #6870, #7148, #1296, .T. ) ;
#7103 = VECTOR ( 'NONE', #1839, 1000.000000000000000 ) ;
#7104 = CARTESIAN_POINT ( 'NONE',  ( 64.83062389348734200, 143.6315009352017569, 25.46571775225181611 ) ) ;
#7105 = CARTESIAN_POINT ( 'NONE',  ( 91.76788736106072975, 1.920887824745218353, -73.50420185231587311 ) ) ;
#7106 = LINE ( 'NONE', #501, #4424 ) ;
#7108 = ORIENTED_EDGE ( 'NONE', *, *, #2080, .F. ) ;
#7107 = CARTESIAN_POINT ( 'NONE',  ( 87.48188429676370959, 134.7756817230212789, -67.29999999999999716 ) ) ;
#7109 = CARTESIAN_POINT ( 'NONE',  ( -29.99238359780465046, -37.00000000000000000, -92.85961089735100416 ) ) ;
#7110 = EDGE_CURVE ( 'NONE', #8713, #3939, #8664, .T. ) ;
#7111 = CARTESIAN_POINT ( 'NONE',  ( 64.98161009157441015, -40.00000000000001421, -141.8683770266226247 ) ) ;
#7112 = VECTOR ( 'NONE', #4267, 1000.000000000000114 ) ;
#7113 = VERTEX_POINT ( 'NONE', #5593 ) ;
#7114 = VERTEX_POINT ( 'NONE', #7763 ) ;
#7115 = CARTESIAN_POINT ( 'NONE',  ( -48.08611712333829757, 140.3200030292238978, 84.76707154096304464 ) ) ;
#7116 = CARTESIAN_POINT ( 'NONE',  ( 91.72800066063220470, 4.188553008706969116, -72.93765362660856511 ) ) ;
#7117 = DIRECTION ( 'NONE',  ( 0.01745240643728360880, -0.9998476951563912696, 7.130648950793280505E-16 ) ) ;
#7118 = PLANE ( 'NONE',  #5360 ) ;
#7119 = CARTESIAN_POINT ( 'NONE',  ( 40.00000000000000000, 120.0000000000000000, 355.8943399725820314 ) ) ;
#7120 = CARTESIAN_POINT ( 'NONE',  ( 90.81426102660059030, 56.73205080756780205, 215.9038475772950392 ) ) ;
#7121 = CARTESIAN_POINT ( 'NONE',  ( -63.49218570091091607, 154.7698529100856604, 58.05019301401613774 ) ) ;
#7122 = DIRECTION ( 'NONE',  ( -0.7069990853988242785, 0.01745240643728351165, 0.7069990853988242785 ) ) ;
#7123 = EDGE_CURVE ( 'NONE', #8179, #9097, #6516, .T. ) ;
#7124 = CARTESIAN_POINT ( 'NONE',  ( 58.22004548312961703, 157.5000000000000000, -118.0013389207051233 ) ) ;
#7125 = EDGE_CURVE ( 'NONE', #5475, #901, #9394, .T. ) ;
#7126 = ORIENTED_EDGE ( 'NONE', *, *, #1991, .F. ) ;
#7127 = CARTESIAN_POINT ( 'NONE',  ( 54.71456384010459573, -39.85860144160569263, -145.0458361090107076 ) ) ;
#7128 = B_SPLINE_CURVE_WITH_KNOTS ( 'NONE', 3,
 ( #6556, #5289, #8805, #1479, #8224, #8849 ),
 .UNSPECIFIED., .F., .F.,
 ( 4, 2, 4 ),
 ( 0.000000000000000000, 0.5000000000000000000, 1.000000000000000000 ),
 .UNSPECIFIED. ) ;
#7129 = FACE_OUTER_BOUND ( 'NONE', #8031, .T. ) ;
#7130 = PLANE ( 'NONE',  #4088 ) ;
#7131 = CARTESIAN_POINT ( 'NONE',  ( 75.61683432473034827, 156.1108140261971755, -67.29999999999999716 ) ) ;
#7132 = CARTESIAN_POINT ( 'NONE',  ( -68.07894516173381305, -37.00000000000000711, -124.2989684900067573 ) ) ;
#7133 = CARTESIAN_POINT ( 'NONE',  ( -72.08113369503028878, -39.99999999999999289, -123.0109633475784818 ) ) ;
#7134 = DIRECTION ( 'NONE',  ( -0.01234071493981068676, 0.7069990853988235013, 0.7071067811865485719 ) ) ;
#7135 = ADVANCED_FACE ( 'NONE', ( #7857 ), #7178, .F. ) ;
#7136 = CARTESIAN_POINT ( 'NONE',  ( -49.84370125956948527, 147.3223494724796296, 83.11371673518907244 ) ) ;
#7137 = VERTEX_POINT ( 'NONE', #482 ) ;
#7138 = ORIENTED_EDGE ( 'NONE', *, *, #1991, .T. ) ;
#7139 = ORIENTED_EDGE ( 'NONE', *, *, #484, .T. ) ;
#7140 = ORIENTED_EDGE ( 'NONE', *, *, #6138, .F. ) ;
#7141 = DIRECTION ( 'NONE',  ( -1.000000000000000000, 0.000000000000000000, 9.570888143320329693E-16 ) ) ;
#7142 = CARTESIAN_POINT ( 'NONE',  ( -72.83090357126596359, 140.3304957140867941, 58.54940521402325260 ) ) ;
#7143 = DIRECTION ( 'NONE',  ( 1.831626971197524352E-32, 1.000000000000000000, 4.855507225124590245E-17 ) ) ;
#7144 = PLANE ( 'NONE',  #7200 ) ;
#7145 = CARTESIAN_POINT ( 'NONE',  ( 90.87704695582802117, -37.00000000000000711, -115.7245976771377372 ) ) ;
#7146 = ORIENTED_EDGE ( 'NONE', *, *, #1110, .T. ) ;
#7147 = LINE ( 'NONE', #1164, #5876 ) ;
#7148 = VERTEX_POINT ( 'NONE', #3354 ) ;
#7149 = EDGE_CURVE ( 'NONE', #2156, #3875, #3402, .T. ) ;
#7150 = CARTESIAN_POINT ( 'NONE',  ( 67.12504639605050727, 156.4365472890159765, -67.29999999999999716 ) ) ;
#7151 = DIRECTION ( 'NONE',  ( -6.938893903907227392E-16, 0.000000000000000000, -1.000000000000000000 ) ) ;
#7152 = CARTESIAN_POINT ( 'NONE',  ( 91.78729703218822067, 2.830725680065889982, -72.30200000000000671 ) ) ;
#7153 = B_SPLINE_SURFACE_WITH_KNOTS ( 'NONE', 1, 3, ( 
 ( #7826, #1935, #4788, #1218, #3512, #9257 ),
 ( #4836, #1986, #9296, #4054, #7150, #394 ) ),
 .UNSPECIFIED., .F., .F., .F.,
 ( 2, 2 ),
 ( 4, 2, 4 ),
 ( 0.000000000000000000, 1.000000000000000000 ),
 ( 0.000000000000000000, 0.5000000000000000000, 1.000000000000000000 ),
 .UNSPECIFIED. ) ;
#7154 = CARTESIAN_POINT ( 'NONE',  ( 85.08647668700081113, -37.00000000000002842, -121.3544672848007906 ) ) ;
#7155 = FACE_OUTER_BOUND ( 'NONE', #4345, .T. ) ;
#7156 = CARTESIAN_POINT ( 'NONE',  ( 92.86877538825902434, -40.00000000000003553, -110.6099423183173514 ) ) ;
#7157 = VERTEX_POINT ( 'NONE', #532 ) ;
#7158 = ORIENTED_EDGE ( 'NONE', *, *, #8615, .F. ) ;
#7159 = CARTESIAN_POINT ( 'NONE',  ( -51.55302610111354511, 140.3490481287456362, 84.99502346001914077 ) ) ;
#7160 = LINE ( 'NONE', #4258, #4407 ) ;
#7161 = CARTESIAN_POINT ( 'NONE',  ( 92.00000000000000000, -0.2631397208144559685, 97.00384757729520402 ) ) ;
#7162 = CARTESIAN_POINT ( 'NONE',  ( -92.60000000000002274, 153.3300508075680000, 219.4038475772950108 ) ) ;
#7163 = CARTESIAN_POINT ( 'NONE',  ( -66.93607942150232759, 150.1503843642080369, 61.49412209668371787 ) ) ;
#7164 = CARTESIAN_POINT ( 'NONE',  ( -76.34860653385105422, -36.99999999999998579, -114.7509228039131983 ) ) ;
#7165 = CARTESIAN_POINT ( 'NONE',  ( 52.87218272808706132, 157.4999999999999716, -120.7607635725567974 ) ) ;
#7166 = EDGE_CURVE ( 'NONE', #7387, #4500, #2018, .T. ) ;
#7167 = VECTOR ( 'NONE', #290, 1000.000000000000000 ) ;
#7168 = ORIENTED_EDGE ( 'NONE', *, *, #6084, .F. ) ;
#7169 = CARTESIAN_POINT ( 'NONE',  ( 56.35200898853617701, -39.83886751867905218, -144.7202415905309749 ) ) ;
#7170 = PLANE ( 'NONE',  #1982 ) ;
#7171 = LINE ( 'NONE', #7941, #1475 ) ;
#7172 = EDGE_CURVE ( 'NONE', #194, #6923, #1917, .T. ) ;
#7173 = EDGE_CURVE ( 'NONE', #6394, #7387, #8200, .T. ) ;
#7174 = CARTESIAN_POINT ( 'NONE',  ( 81.13386763344909980, 153.8750807699036329, -67.30000000000001137 ) ) ;
#7175 = CARTESIAN_POINT ( 'NONE',  ( -55.60766728234676037, -37.00000000000000000, -135.9243319775293628 ) ) ;
#7176 = AXIS2_PLACEMENT_3D ( 'NONE', #3539, #7990, #4181 ) ;
#7177 = DIRECTION ( 'NONE',  ( -8.673617379884039170E-17, 1.000000000000000000, 0.000000000000000000 ) ) ;
#7178 = PLANE ( 'NONE',  #2163 ) ;
#7179 = EDGE_CURVE ( 'NONE', #2597, #4995, #9283, .T. ) ;
#7180 = CARTESIAN_POINT ( 'NONE',  ( -3.482294532024662548, 140.7124065621800924, 90.84565321012263439 ) ) ;
#7181 = B_SPLINE_CURVE_WITH_KNOTS ( 'NONE', 3,
 ( #5359, #8202, #3808, #2268, #1687, #7389 ),
 .UNSPECIFIED., .F., .F.,
 ( 4, 2, 4 ),
 ( 0.000000000000000000, 0.5000000000000000000, 1.000000000000000000 ),
 .UNSPECIFIED. ) ;
#7182 = ORIENTED_EDGE ( 'NONE', *, *, #1162, .T. ) ;
#7183 = ORIENTED_EDGE ( 'NONE', *, *, #6420, .F. ) ;
#7184 = VECTOR ( 'NONE', #7341, 1000.000000000000000 ) ;
#7185 = EDGE_LOOP ( 'NONE', ( #6508, #7927, #3359, #9344 ) ) ;
#7186 = CARTESIAN_POINT ( 'NONE',  ( 24.40000000000000568, 154.9340508075675018, 95.40384757729520970 ) ) ;
#7187 = LINE ( 'NONE', #3449, #8855 ) ;
#7188 = EDGE_CURVE ( 'NONE', #3754, #7721, #7947, .T. ) ;
#7189 = CARTESIAN_POINT ( 'NONE',  ( -71.13944170749304874, 140.3224099563722973, 61.51897093512462789 ) ) ;
#7190 = DIRECTION ( 'NONE',  ( -0.9998476951563912696, -0.01745240643728360533, 3.503998260924795799E-16 ) ) ;
#7191 = EDGE_CURVE ( 'NONE', #630, #6493, #9428, .T. ) ;
#7192 = CARTESIAN_POINT ( 'NONE',  ( -42.10402909237912894, 156.1941286829689375, 75.54604638426839358 ) ) ;
#7193 = EDGE_CURVE ( 'NONE', #8275, #9285, #8083, .T. ) ;
#7194 = VECTOR ( 'NONE', #4310, 1000.000000000000000 ) ;
#7195 = ORIENTED_EDGE ( 'NONE', *, *, #3601, .T. ) ;
#7196 = CARTESIAN_POINT ( 'NONE',  ( 41.85961089735092600, 159.9999999999999716, -142.5089870143564497 ) ) ;
#7197 = EDGE_LOOP ( 'NONE', ( #4221, #5743, #1431, #3109, #8241, #4294 ) ) ;
#7198 = EDGE_LOOP ( 'NONE', ( #7760, #3255, #1880, #7267, #8201, #6540, #8452, #1971 ) ) ;
#7199 = AXIS2_PLACEMENT_3D ( 'NONE', #6091, #2316, #2505 ) ;
#7200 = AXIS2_PLACEMENT_3D ( 'NONE', #1928, #2692, #9200 ) ;
#7201 = CARTESIAN_POINT ( 'NONE',  ( 89.35237641727951541, 140.3054171126526057, -72.93851610422166232 ) ) ;
#7202 = LINE ( 'NONE', #4399, #7512 ) ;
#7203 = FACE_OUTER_BOUND ( 'NONE', #7686, .T. ) ;
#7204 = CARTESIAN_POINT ( 'NONE',  ( 91.87117130996873016, -37.00000000000001421, -103.3463484456989789 ) ) ;
#7205 = CARTESIAN_POINT ( 'NONE',  ( 92.90000000000001990, 153.3300508075680000, 217.8038475772949880 ) ) ;
#7206 = VECTOR ( 'NONE', #940, 1000.000000000000000 ) ;
#7207 = CARTESIAN_POINT ( 'NONE',  ( 94.14688367294451155, -40.00000000000002842, -105.2050421519386845 ) ) ;
#7208 = ORIENTED_EDGE ( 'NONE', *, *, #1858, .F. ) ;
#7209 = EDGE_LOOP ( 'NONE', ( #8155, #653, #123, #1142 ) ) ;
#7210 = PLANE ( 'NONE',  #6006 ) ;
#7211 = FACE_OUTER_BOUND ( 'NONE', #4459, .T. ) ;
#7212 = CARTESIAN_POINT ( 'NONE',  ( 20.94164253456524349, 62.00000146487273156, 89.37535408167390472 ) ) ;
#7213 = AXIS2_PLACEMENT_3D ( 'NONE', #2296, #8988, #1579 ) ;
#7214 = LINE ( 'NONE', #5037, #1953 ) ;
#7215 = ORIENTED_EDGE ( 'NONE', *, *, #709, .T. ) ;
#7216 = CARTESIAN_POINT ( 'NONE',  ( -67.37349311594644519, 149.2379662882607079, 61.93149733613157792 ) ) ;
#7217 = CARTESIAN_POINT ( 'NONE',  ( 90.39999999999999147, 44.23686027918444807, 181.0538475772950164 ) ) ;
#7218 = ORIENTED_EDGE ( 'NONE', *, *, #1259, .F. ) ;
#7219 = CARTESIAN_POINT ( 'NONE',  ( 45.73636902484797417, 157.5000000000000000, -122.6098408728782090 ) ) ;
#7220 = VECTOR ( 'NONE', #1881, 1000.000000000000000 ) ;
#7221 = B_SPLINE_CURVE_WITH_KNOTS ( 'NONE', 3,
 ( #5421, #7731, #6148, #8345 ),
 .UNSPECIFIED., .F., .F.,
 ( 4, 4 ),
 ( 0.000000000000000000, 1.000000000000000000 ),
 .UNSPECIFIED. ) ;
#7222 = ORIENTED_EDGE ( 'NONE', *, *, #5594, .F. ) ;
#7223 = DIRECTION ( 'NONE',  ( 0.000000000000000000, -1.000000000000000000, 0.000000000000000000 ) ) ;
#7224 = CARTESIAN_POINT ( 'NONE',  ( 73.61215657519906586, -37.00000000000001421, -137.0047011424619541 ) ) ;
#7225 = CARTESIAN_POINT ( 'NONE',  ( 81.73011125756784168, 140.4902645085582549, -123.2066077873519276 ) ) ;
#7226 = CARTESIAN_POINT ( 'NONE',  ( -102.9980000000000047, 58.33405080756782013, 95.40384757729518128 ) ) ;
#7227 = AXIS2_PLACEMENT_3D ( 'NONE', #7427, #4573, #914 ) ;
#7228 = ADVANCED_FACE ( 'NONE', ( #130 ), #8809, .F. ) ;
#7229 = CARTESIAN_POINT ( 'NONE',  ( 89.40518444976424917, 134.8092530520676462, -68.70115704999567185 ) ) ;
#7230 = LINE ( 'NONE', #576, #8881 ) ;
#7231 = CARTESIAN_POINT ( 'NONE',  ( 89.48018483383265220, 20.29312062761504976, -69.29999999999999716 ) ) ;
#7232 = DIRECTION ( 'NONE',  ( 0.000000000000000000, 0.000000000000000000, -1.000000000000000000 ) ) ;
#7233 = EDGE_CURVE ( 'NONE', #2220, #2172, #5684, .T. ) ;
#7234 = ORIENTED_EDGE ( 'NONE', *, *, #5589, .F. ) ;
#7235 = VECTOR ( 'NONE', #3848, 1000.000000000000000 ) ;
#7236 = EDGE_CURVE ( 'NONE', #6745, #1177, #5057, .T. ) ;
#7237 = ORIENTED_EDGE ( 'NONE', *, *, #4575, .T. ) ;
#7238 = VERTEX_POINT ( 'NONE', #722 ) ;
#7239 = FACE_OUTER_BOUND ( 'NONE', #2322, .T. ) ;
#7240 = CARTESIAN_POINT ( 'NONE',  ( -56.85504175204259525, 157.5000000000000000, -146.0000000000000000 ) ) ;
#7241 = EDGE_CURVE ( 'NONE', #22, #5284, #8903, .T. ) ;
#7242 = CARTESIAN_POINT ( 'NONE',  ( -71.35495498730368524, 140.3238998873266041, 61.20579737686100685 ) ) ;
#7243 = EDGE_CURVE ( 'NONE', #2606, #6493, #8775, .T. ) ;
#7244 = CARTESIAN_POINT ( 'NONE',  ( 76.00334289221565598, 156.1598419267808993, -69.30000000000001137 ) ) ;
#7245 = CARTESIAN_POINT ( 'NONE',  ( -47.89666314718996176, 149.2992658892676445, 81.33867856675824726 ) ) ;
#7246 = ORIENTED_EDGE ( 'NONE', *, *, #5951, .T. ) ;
#7247 = EDGE_CURVE ( 'NONE', #658, #2123, #6610, .T. ) ;
#7248 = CARTESIAN_POINT ( 'NONE',  ( 45.13160549825820311, 140.3718821486932598, -142.8515970858698267 ) ) ;
#7249 = EDGE_LOOP ( 'NONE', ( #5462, #7639, #9408, #9149 ) ) ;
#7250 = ORIENTED_EDGE ( 'NONE', *, *, #3148, .F. ) ;
#7251 = PLANE ( 'NONE',  #9164 ) ;
#7252 = DIRECTION ( 'NONE',  ( 7.231268945543358372E-17, -1.583748323458199862E-16, 1.000000000000000000 ) ) ;
#7253 = ADVANCED_FACE ( 'NONE', ( #2250 ), #6606, .T. ) ;
#7254 = LINE ( 'NONE', #648, #5661 ) ;
#7255 = VECTOR ( 'NONE', #213, 1000.000000000000000 ) ;
#7256 = AXIS2_PLACEMENT_3D ( 'NONE', #3184, #4793, #6249 ) ;
#7257 = LINE ( 'NONE', #6343, #3533 ) ;
#7258 = CARTESIAN_POINT ( 'NONE',  ( 72.28913156576679455, 88.50348414764421534, -69.29999999999999716 ) ) ;
#7259 = CARTESIAN_POINT ( 'NONE',  ( -70.99502346001916919, 140.3490481287456078, 65.55302610111355932 ) ) ;
#7260 = EDGE_LOOP ( 'NONE', ( #260, #4973, #2921, #4822 ) ) ;
#7261 = ORIENTED_EDGE ( 'NONE', *, *, #4161, .F. ) ;
#7262 = VECTOR ( 'NONE', #806, 1000.000000000000000 ) ;
#7263 = CARTESIAN_POINT ( 'NONE',  ( -43.85618620143996793, 140.3777971006021801, 89.83018642846070634 ) ) ;
#7264 = CARTESIAN_POINT ( 'NONE',  ( 87.48388399215404831, 134.7757166278333898, -74.00000000000000000 ) ) ;
#7265 = CARTESIAN_POINT ( 'NONE',  ( 20.83882604120779902, 62.00000009097909981, 89.39491768778185588 ) ) ;
#7266 = DIRECTION ( 'NONE',  ( 0.7071067811865474617, -4.918690617235595731E-18, -0.7071067811865474617 ) ) ;
#7267 = ORIENTED_EDGE ( 'NONE', *, *, #8100, .T. ) ;
#7268 = CARTESIAN_POINT ( 'NONE',  ( -67.03697860393518226, 149.9455989693067579, 61.59499210893744703 ) ) ;
#7269 = LINE ( 'NONE', #5970, #7262 ) ;
#7270 = VECTOR ( 'NONE', #6815, 1000.000000000000000 ) ;
#7271 = ORIENTED_EDGE ( 'NONE', *, *, #3352, .F. ) ;
#7272 = DIRECTION ( 'NONE',  ( 0.000000000000000000, -0.01745240643728337981, -0.9998476951563911586 ) ) ;
#7273 = ORIENTED_EDGE ( 'NONE', *, *, #6095, .T. ) ;
#7274 = CYLINDRICAL_SURFACE ( 'NONE', #1623, 1.499999999999999778 ) ;
#7275 = CARTESIAN_POINT ( 'NONE',  ( 77.21922180595582574, -37.00000000000001421, -134.2996233964649093 ) ) ;
#7276 = DIRECTION ( 'NONE',  ( -0.7660444431189777914, -0.6427876096865396960, 0.000000000000000000 ) ) ;
#7277 = CARTESIAN_POINT ( 'NONE',  ( 77.96599262257723240, 155.4224505504236902, -67.29999999999999716 ) ) ;
#7278 = ORIENTED_EDGE ( 'NONE', *, *, #3153, .F. ) ;
#7279 = CARTESIAN_POINT ( 'NONE',  ( -55.77617693181616687, -37.00000000000000000, -135.8156737616237422 ) ) ;
#7280 = CARTESIAN_POINT ( 'NONE',  ( -56.85504175204268051, 157.5000000000000000, -92.85961089735098994 ) ) ;
#7281 = CARTESIAN_POINT ( 'NONE',  ( 55.15284193020797687, 160.0000000000000000, -119.8207263535676645 ) ) ;
#7282 = CARTESIAN_POINT ( 'NONE',  ( 89.44545348553033648, 134.9730354438598283, -26.00000000000000355 ) ) ;
#7283 = VERTEX_POINT ( 'NONE', #5201 ) ;
#7284 = ORIENTED_EDGE ( 'NONE', *, *, #7379, .T. ) ;
#7285 = ORIENTED_EDGE ( 'NONE', *, *, #4680, .T. ) ;
#7286 = CARTESIAN_POINT ( 'NONE',  ( 89.48123187189058569, 20.29313890373230933, -69.30000000000001137 ) ) ;
#7287 = CARTESIAN_POINT ( 'NONE',  ( 91.88852098952442304, -2.968390951838859149, -67.30000000000001137 ) ) ;
#7288 = CARTESIAN_POINT ( 'NONE',  ( -74.01743500575810231, 140.3241932090906801, 54.81851771605015244 ) ) ;
#7289 = CARTESIAN_POINT ( 'NONE',  ( 92.90000000000001990, 153.3300508075680000, 217.8018475772949785 ) ) ;
#7290 = CARTESIAN_POINT ( 'NONE',  ( -47.70834648758621910, 149.7089580002419211, 81.15034386099259223 ) ) ;
#7291 = EDGE_CURVE ( 'NONE', #8774, #8656, #7463, .T. ) ;
#7292 = ORIENTED_EDGE ( 'NONE', *, *, #2610, .T. ) ;
#7293 = CARTESIAN_POINT ( 'NONE',  ( 43.82304684453878707, 160.0000000000000000, -122.8550417520427800 ) ) ;
#7294 = ORIENTED_EDGE ( 'NONE', *, *, #719, .T. ) ;
#7295 = VERTEX_POINT ( 'NONE', #8139 ) ;
#7296 = CARTESIAN_POINT ( 'NONE',  ( 90.33874729789368985, 85.81808437804478729, -67.30000000000001137 ) ) ;
#7297 = CARTESIAN_POINT ( 'NONE',  ( -76.85159708586978411, 140.3718821486913555, -96.13160549823662393 ) ) ;
#7298 = CARTESIAN_POINT ( 'NONE',  ( -53.23584334630749026, -39.73391584657449727, -140.2784300852015633 ) ) ;
#7299 = EDGE_CURVE ( 'NONE', #2044, #5010, #1535, .T. ) ;
#7300 = CARTESIAN_POINT ( 'NONE',  ( 66.99999999999998579, 160.0000000000000000, -0.9136645896020569868 ) ) ;
#7301 = DIRECTION ( 'NONE',  ( -0.000000000000000000, 1.000000000000000000, -0.000000000000000000 ) ) ;
#7302 = ORIENTED_EDGE ( 'NONE', *, *, #5045, .F. ) ;
#7303 = FACE_OUTER_BOUND ( 'NONE', #797, .T. ) ;
#7304 = LINE ( 'NONE', #696, #8930 ) ;
#7305 = ORIENTED_EDGE ( 'NONE', *, *, #2417, .F. ) ;
#7306 = ORIENTED_EDGE ( 'NONE', *, *, #6129, .F. ) ;
#7307 = CARTESIAN_POINT ( 'NONE',  ( -47.43432840411537654, 140.3753625721650451, 88.20859735926184442 ) ) ;
#7308 = CYLINDRICAL_SURFACE ( 'NONE', #8096, 20.00000000000001066 ) ;
#7309 = CARTESIAN_POINT ( 'NONE',  ( 21.07795995617057727, 62.00000556870914892, 89.34862720524201052 ) ) ;
#7310 = CARTESIAN_POINT ( 'NONE',  ( 90.26137551394452885, 147.8583840311753477, -66.33728920192358203 ) ) ;
#7311 = EDGE_LOOP ( 'NONE', ( #3949, #8608, #1776, #5297 ) ) ;
#7312 = CARTESIAN_POINT ( 'NONE',  ( -68.09793093563398259, 147.3119607569626055, 62.65595793768638799 ) ) ;
#7313 = CARTESIAN_POINT ( 'NONE',  ( 89.48357938246680021, 134.8106214407079904, -67.29999999999999716 ) ) ;
#7314 = EDGE_CURVE ( 'NONE', #1879, #835, #3007, .T. ) ;
#7315 = ORIENTED_EDGE ( 'NONE', *, *, #5182, .F. ) ;
#7316 = CARTESIAN_POINT ( 'NONE',  ( -37.41304439313704222, 160.0000000000000284, 70.85504175204262367 ) ) ;
#7317 = ORIENTED_EDGE ( 'NONE', *, *, #5883, .T. ) ;
#7318 = CARTESIAN_POINT ( 'NONE',  ( 94.38806803857501393, -39.87880336509646639, -104.0039914397062546 ) ) ;
#7319 = CARTESIAN_POINT ( 'NONE',  ( 90.86375437610033146, -37.00000000000002132, -115.9782252413146466 ) ) ;
#7320 = CARTESIAN_POINT ( 'NONE',  ( 88.31287329792489516, 87.28295110790485012, -72.30200000000000671 ) ) ;
#7321 = CARTESIAN_POINT ( 'NONE',  ( -2.877328824886073999, 157.2944572305553663, 72.74645556421667436 ) ) ;
#7322 = CARTESIAN_POINT ( 'NONE',  ( -73.98263701069136289, -36.99999999999999289, -113.7636385592529678 ) ) ;
#7323 = CARTESIAN_POINT ( 'NONE',  ( -44.76145264999987461, 157.5000000000000000, -116.9381624682984722 ) ) ;
#7324 = CARTESIAN_POINT ( 'NONE',  ( 60.15717786478465712, 160.0000000000000000, -116.7096360667111412 ) ) ;
#7325 = AXIS2_PLACEMENT_3D ( 'NONE', #8429, #1156, #441 ) ;
#7326 = PLANE ( 'NONE',  #5737 ) ;
#7327 = VERTEX_POINT ( 'NONE', #2298 ) ;
#7328 = ORIENTED_EDGE ( 'NONE', *, *, #3216, .T. ) ;
#7329 = ORIENTED_EDGE ( 'NONE', *, *, #5452, .F. ) ;
#7330 = FACE_OUTER_BOUND ( 'NONE', #1011, .T. ) ;
#7331 = CARTESIAN_POINT ( 'NONE',  ( 2.399999999999930189, 154.9340508075675018, 95.40384799344187172 ) ) ;
#7332 = AXIS2_PLACEMENT_3D ( 'NONE', #1491, #915, #185 ) ;
#7333 = CARTESIAN_POINT ( 'NONE',  ( -72.61487722058011229, 140.3301801036809309, 59.01804844244671955 ) ) ;
#7334 = DIRECTION ( 'NONE',  ( 1.000000000000000000, -1.110223024625155801E-16, -0.000000000000000000 ) ) ;
#7335 = CARTESIAN_POINT ( 'NONE',  ( -48.93101818801369518, 146.3974898342935091, 82.37300591370353686 ) ) ;
#7336 = ORIENTED_EDGE ( 'NONE', *, *, #2797, .T. ) ;
#7337 = CARTESIAN_POINT ( 'NONE',  ( 89.29724476271802303, 140.4436411482192852, -108.9673913131361616 ) ) ;
#7338 = ORIENTED_EDGE ( 'NONE', *, *, #4755, .F. ) ;
#7339 = ORIENTED_EDGE ( 'NONE', *, *, #3392, .T. ) ;
#7340 = DIRECTION ( 'NONE',  ( 0.000000000000000000, 0.01745240643728364696, -0.9998476951563911586 ) ) ;
#7341 = DIRECTION ( 'NONE',  ( 1.000000000000000000, -0.000000000000000000, -1.922270984668059849E-16 ) ) ;
#7342 = FACE_OUTER_BOUND ( 'NONE', #5986, .T. ) ;
#7343 = VECTOR ( 'NONE', #8935, 1000.000000000000000 ) ;
#7344 = EDGE_CURVE ( 'NONE', #4824, #5571, #8187, .T. ) ;
#7345 = CC_DESIGN_PERSON_AND_ORGANIZATION_ASSIGNMENT ( #284, #8334, ( #5703 ) ) ;
#7346 = CARTESIAN_POINT ( 'NONE',  ( 67.00022526428926994, 159.9154026998484426, 1.751694766148727211 ) ) ;
#7347 = FACE_OUTER_BOUND ( 'NONE', #7426, .T. ) ;
#7348 = LINE ( 'NONE', #9450, #2472 ) ;
#7349 = DIRECTION ( 'NONE',  ( -1.000000000000000000, 1.110223024625155801E-16, -0.000000000000000000 ) ) ;
#7350 = AXIS2_PLACEMENT_3D ( 'NONE', #187, #8913, #3115 ) ;
#7351 = ORIENTED_EDGE ( 'NONE', *, *, #7828, .F. ) ;
#7352 = AXIS2_PLACEMENT_3D ( 'NONE', #6332, #2603, #1159 ) ;
#7353 = DESIGN_CONTEXT ( 'detailed design', #1097, 'design' ) ;
#7354 = CARTESIAN_POINT ( 'NONE',  ( -75.59467155778197878, 55.40885267476554077, 54.91891253245366755 ) ) ;
#7355 = DIRECTION ( 'NONE',  ( -0.7071067811865475727, 7.358593231695304474E-17, -0.7071067811865475727 ) ) ;
#7356 = DIRECTION ( 'NONE',  ( -1.000000000000000000, 0.000000000000000000, 0.000000000000000000 ) ) ;
#7357 = DIRECTION ( 'NONE',  ( -0.000000000000000000, 1.000000000000000000, -0.000000000000000000 ) ) ;
#7358 = ORIENTED_EDGE ( 'NONE', *, *, #1560, .T. ) ;
#7359 = CARTESIAN_POINT ( 'NONE',  ( 89.76389566218431071, 4.153935534111423244, -72.93836670090708196 ) ) ;
#7360 = CARTESIAN_POINT ( 'NONE',  ( -76.46707762622847326, -36.99999999999999289, -114.4549743961083976 ) ) ;
#7361 = ORIENTED_EDGE ( 'NONE', *, *, #3559, .F. ) ;
#7362 = CARTESIAN_POINT ( 'NONE',  ( 89.75942333682910146, 4.295557505115350061, -67.29999999999999716 ) ) ;
#7363 = ADVANCED_FACE ( 'NONE', ( #862 ), #3787, .F. ) ;
#7364 = ORIENTED_EDGE ( 'NONE', *, *, #5052, .T. ) ;
#7365 = LINE ( 'NONE', #8077, #7384 ) ;
#7366 = AXIS2_PLACEMENT_3D ( 'NONE', #2751, #7058, #6962 ) ;
#7367 = LINE ( 'NONE', #6068, #761 ) ;
#7368 = LINE ( 'NONE', #6647, #6571 ) ;
#7369 = CARTESIAN_POINT ( 'NONE',  ( -2.781982481909400118, 157.2729807064200429, 72.84176565403024028 ) ) ;
#7370 = DIRECTION ( 'NONE',  ( -0.01744974916068280785, -0.9996954598818874604, -0.01744974916068275581 ) ) ;
#7371 = CARTESIAN_POINT ( 'NONE',  ( -52.44137769210787070, 157.5000000000000000, -108.5265962575691390 ) ) ;
#7372 = CARTESIAN_POINT ( 'NONE',  ( 61.68200588686848818, 160.0000000000000000, -115.4582692847710064 ) ) ;
#7373 = CARTESIAN_POINT ( 'NONE',  ( 94.99999999999998579, -40.00000000000000000, -96.00761524218060572 ) ) ;
#7374 = EDGE_LOOP ( 'NONE', ( #2300, #6699, #675, #1774, #2894 ) ) ;
#7375 = ORIENTED_EDGE ( 'NONE', *, *, #5836, .F. ) ;
#7376 = CARTESIAN_POINT ( 'NONE',  ( 89.35237641727952962, 140.3054171126526057, -66.60044806551579200 ) ) ;
#7377 = PLANE ( 'NONE',  #4242 ) ;
#7378 = AXIS2_PLACEMENT_3D ( 'NONE', #856, #8984, #5242 ) ;
#7379 = EDGE_CURVE ( 'NONE', #7436, #214, #1762, .T. ) ;
#7380 = CARTESIAN_POINT ( 'NONE',  ( -74.13403208865410932, 140.3215490275728996, 54.16817534218971275 ) ) ;
#7381 = CARTESIAN_POINT ( 'NONE',  ( 89.81292963812788344, 1.344780933701456904, -72.73998142573705650 ) ) ;
#7382 = CARTESIAN_POINT ( 'NONE',  ( -44.20197073018719891, 154.6312548795166038, 77.64397228526496519 ) ) ;
#7383 = ORIENTED_EDGE ( 'NONE', *, *, #2671, .T. ) ;
#7384 = VECTOR ( 'NONE', #8846, 1000.000000000000000 ) ;
#7385 = PLANE ( 'NONE',  #6010 ) ;
#7386 = CARTESIAN_POINT ( 'NONE',  ( 70.89576550474139083, 160.0000000000000000, -100.6375009698751768 ) ) ;
#7387 = VERTEX_POINT ( 'NONE', #5295 ) ;
#7388 = ORIENTED_EDGE ( 'NONE', *, *, #1045, .F. ) ;
#7389 = CARTESIAN_POINT ( 'NONE',  ( 81.53750011756127947, 157.5000000000000000, -66.00000000000000000 ) ) ;
#7390 = PLANE ( 'NONE',  #1327 ) ;
#7391 = CARTESIAN_POINT ( 'NONE',  ( -79.20298602231390817, -39.86867777530721924, -104.8909482750215574 ) ) ;
#7392 = CARTESIAN_POINT ( 'NONE',  ( 67.00029166697440530, 159.0491851521371416, 7.709001522520003924 ) ) ;
#7393 = EDGE_CURVE ( 'NONE', #2673, #3207, #8413, .T. ) ;
#7394 = CARTESIAN_POINT ( 'NONE',  ( 13.00000000000000178, -38.51793358416909996, -140.0000000000000000 ) ) ;
#7395 = ORIENTED_EDGE ( 'NONE', *, *, #3534, .T. ) ;
#7396 = CARTESIAN_POINT ( 'NONE',  ( 92.00000000000000000, 44.23686027918444807, 181.0538475772950164 ) ) ;
#7397 = ADVANCED_FACE ( 'NONE', ( #5338 ), #8952, .F. ) ;
#7398 = DIRECTION ( 'NONE',  ( 0.1658845202397592200, -0.9861451850233944327, 0.000000000000000000 ) ) ;
#7399 = VERTEX_POINT ( 'NONE', #3203 ) ;
#7400 = ORIENTED_EDGE ( 'NONE', *, *, #6379, .T. ) ;
#7401 = CARTESIAN_POINT ( 'NONE',  ( -77.22033814103873794, -24.00000000000000355, -90.00000000000001421 ) ) ;
#7402 = AXIS2_PLACEMENT_3D ( 'NONE', #1848, #4891, #5029 ) ;
#7403 = DIRECTION ( 'NONE',  ( 0.01745240643728307103, -0.9998476951563913806, 0.000000000000000000 ) ) ;
#7404 = DIRECTION ( 'NONE',  ( 0.000000000000000000, 1.000000000000000000, -1.955056683769164554E-16 ) ) ;
#7405 = DIRECTION ( 'NONE',  ( 1.110223024625155801E-16, 1.000000000000000000, 4.855507225124589012E-17 ) ) ;
#7406 = ORIENTED_EDGE ( 'NONE', *, *, #3908, .F. ) ;
#7407 = LINE ( 'NONE', #8976, #8472 ) ;
#7408 = CARTESIAN_POINT ( 'NONE',  ( 67.12746537215200249, 156.4237452360825387, -67.29999999999999716 ) ) ;
#7409 = CARTESIAN_POINT ( 'NONE',  ( 121.8999999999999915, 153.3320508075674979, 110.8038475772950022 ) ) ;
#7410 = ORIENTED_EDGE ( 'NONE', *, *, #3877, .F. ) ;
#7411 = VECTOR ( 'NONE', #1954, 1000.000000000000114 ) ;
#7412 = EDGE_CURVE ( 'NONE', #4005, #2347, #6118, .T. ) ;
#7413 = ORIENTED_EDGE ( 'NONE', *, *, #7717, .T. ) ;
#7414 = CARTESIAN_POINT ( 'NONE',  ( 91.80143711848783994, -39.77585594527960922, -113.6658482113268605 ) ) ;
#7415 = CARTESIAN_POINT ( 'NONE',  ( 68.01793539019021750, 139.0614698620260015, 29.69999999999998153 ) ) ;
#7416 = DIRECTION ( 'NONE',  ( -0.8660254037844387076, 0.000000000000000000, -0.4999999999999998890 ) ) ;
#7417 = DIRECTION ( 'NONE',  ( -0.7071067811865470176, 2.734639752334350693E-16, 0.7071067811865480168 ) ) ;
#7418 = DIRECTION ( 'NONE',  ( 3.420933063717830968E-32, 1.000000000000000000, 9.714451465470123426E-17 ) ) ;
#7419 = VECTOR ( 'NONE', #9025, 1000.000000000000000 ) ;
#7420 = EDGE_CURVE ( 'NONE', #5731, #8798, #7743, .T. ) ;
#7421 = CARTESIAN_POINT ( 'NONE',  ( 20.13753524535189143, 62.00004594750902243, 92.04149457424263403 ) ) ;
#7422 = CARTESIAN_POINT ( 'NONE',  ( 71.27796513499569642, 119.6813454765401872, 29.70000000000005969 ) ) ;
#7423 = CARTESIAN_POINT ( 'NONE',  ( 24.40000000000000213, 172.9320508075679754, 95.40384757729519549 ) ) ;
#7424 = EDGE_CURVE ( 'NONE', #42, #4005, #4614, .T. ) ;
#7425 = VECTOR ( 'NONE', #8110, 1000.000000000000000 ) ;
#7426 = EDGE_LOOP ( 'NONE', ( #3917, #9165, #2874, #6290 ) ) ;
#7427 = CARTESIAN_POINT ( 'NONE',  ( 72.37449297733739684, 140.0002256753835752, -72.94467997648639823 ) ) ;
#7428 = CARTESIAN_POINT ( 'NONE',  ( 67.00000000000000000, 158.5000000000000000, -66.00000000000000000 ) ) ;
#7429 = EDGE_CURVE ( 'NONE', #5567, #5022, #5486, .T. ) ;
#7430 = DIRECTION ( 'NONE',  ( 1.000000000000000000, -5.551115123125779621E-17, -1.922270984668059849E-16 ) ) ;
#7431 = CARTESIAN_POINT ( 'NONE',  ( -72.47724757380572669, 157.5000000000000568, -105.0779186066713322 ) ) ;
#7432 = PLANE ( 'NONE',  #6120 ) ;
#7433 = ORIENTED_EDGE ( 'NONE', *, *, #4503, .T. ) ;
#7434 = EDGE_CURVE ( 'NONE', #8739, #1753, #3934, .T. ) ;
#7435 = DIRECTION ( 'NONE',  ( -0.000000000000000000, 0.000000000000000000, 1.000000000000000000 ) ) ;
#7436 = VERTEX_POINT ( 'NONE', #6168 ) ;
#7437 = ORIENTED_EDGE ( 'NONE', *, *, #694, .T. ) ;
#7438 = CYLINDRICAL_SURFACE ( 'NONE', #82, 0.002000000000002000178 ) ;
#7439 = CARTESIAN_POINT ( 'NONE',  ( -3.643096008227150850, 140.6233557419077727, 88.34682677786261706 ) ) ;
#7440 = CARTESIAN_POINT ( 'NONE',  ( -42.98794989933254840, -39.82164312713558729, -144.2888326927372020 ) ) ;
#7441 = CARTESIAN_POINT ( 'NONE',  ( -28.00000000000000000, -55.00000000000000000, -74.00000000000000000 ) ) ;
#7442 = CARTESIAN_POINT ( 'NONE',  ( -49.19117686862797711, 140.4682311116568485, -137.5930823180946732 ) ) ;
#7443 = DIRECTION ( 'NONE',  ( 0.000000000000000000, -1.460881280034365741E-16, -1.000000000000000000 ) ) ;
#7444 = CARTESIAN_POINT ( 'NONE',  ( -60.48188454634968991, 159.3744065725758219, 55.03988718744418662 ) ) ;
#7445 = VERTEX_POINT ( 'NONE', #9085 ) ;
#7446 = B_SPLINE_CURVE_WITH_KNOTS ( 'NONE', 3,
 ( #5075, #7439, #6624, #2222, #3608, #5857, #8058, #55, #1551, #8104 ),
 .UNSPECIFIED., .F., .F.,
 ( 4, 2, 2, 2, 4 ),
 ( 0.000000000000000000, 0.2500000000000000000, 0.5000000000000000000, 0.7500000000000000000, 1.000000000000000000 ),
 .UNSPECIFIED. ) ;
#7447 = CARTESIAN_POINT ( 'NONE',  ( -75.52873502743055667, 55.57177224838960683, 55.26696798519600407 ) ) ;
#7448 = LINE ( 'NONE', #6588, #7487 ) ;
#7449 = CARTESIAN_POINT ( 'NONE',  ( 86.07370998235630566, 140.3957841204174031, -110.1958656510838495 ) ) ;
#7450 = FACE_BOUND ( 'NONE', #9383, .T. ) ;
#7451 = CARTESIAN_POINT ( 'NONE',  ( -68.91468877313242558, 143.9260522079700024, 63.47265993055958688 ) ) ;
#7452 = CARTESIAN_POINT ( 'NONE',  ( -51.07339432753998665, -37.00000000000000000, -141.2832736047775768 ) ) ;
#7453 = CARTESIAN_POINT ( 'NONE',  ( -79.94763480521535826, -37.00000000000000000, -72.99998098865668794 ) ) ;
#7454 = EDGE_CURVE ( 'NONE', #2597, #7559, #8991, .T. ) ;
#7455 = EDGE_LOOP ( 'NONE', ( #2174, #8263, #6297, #4716, #6384, #6043 ) ) ;
#7456 = FACE_OUTER_BOUND ( 'NONE', #8470, .T. ) ;
#7457 = CARTESIAN_POINT ( 'NONE',  ( 56.87475478683436592, -37.00000000000002132, -144.5799514172012721 ) ) ;
#7458 = PLANE ( 'NONE',  #2088 ) ;
#7459 = DIRECTION ( 'NONE',  ( -0.000000000000000000, -1.000000000000000000, 0.000000000000000000 ) ) ;
#7460 = EDGE_LOOP ( 'NONE', ( #2824, #7285, #8010, #3497, #4782, #3969, #8051, #1036, #6136, #7364 ) ) ;
#7461 = CARTESIAN_POINT ( 'NONE',  ( -89.59999999999999432, 58.33205080756781058, 217.8018475772949785 ) ) ;
#7462 = DIRECTION ( 'NONE',  ( 1.000000000000000000, -3.407821236604247455E-16, -7.061069735665242678E-16 ) ) ;
#7463 = LINE ( 'NONE', #5153, #6643 ) ;
#7464 = DIRECTION ( 'NONE',  ( 1.000000000000000000, 0.000000000000000000, 0.000000000000000000 ) ) ;
#7465 = VERTEX_POINT ( 'NONE', #6790 ) ;
#7466 = EDGE_CURVE ( 'NONE', #7721, #9192, #4789, .T. ) ;
#7467 = PLANE ( 'NONE',  #4136 ) ;
#7468 = PLANE ( 'NONE',  #9004 ) ;
#7469 = CARTESIAN_POINT ( 'NONE',  ( -103.0000000000000568, 153.3300508075680000, 97.00584757729509988 ) ) ;
#7470 = CARTESIAN_POINT ( 'NONE',  ( -74.35237641727948699, 140.3054171126526057, -92.85961089735100416 ) ) ;
#7471 = VERTEX_POINT ( 'NONE', #8366 ) ;
#7472 = CARTESIAN_POINT ( 'NONE',  ( 0.4844684766220854200, 151.8890315566566471, 90.75900485366599924 ) ) ;
#7473 = PERSON_AND_ORGANIZATION ( #1527, #3230 ) ;
#7474 = EDGE_LOOP ( 'NONE', ( #8629, #6220, #1806, #4601 ) ) ;
#7475 = EDGE_CURVE ( 'NONE', #7295, #6684, #7651, .T. ) ;
#7476 = VECTOR ( 'NONE', #462, 1000.000000000000000 ) ;
#7477 = ORIENTED_EDGE ( 'NONE', *, *, #7885, .T. ) ;
#7478 = FACE_OUTER_BOUND ( 'NONE', #3467, .T. ) ;
#7479 = CARTESIAN_POINT ( 'NONE',  ( -70.24283172854583768, 140.4777740391175200, -117.9122717435135712 ) ) ;
#7480 = CARTESIAN_POINT ( 'NONE',  ( -38.00399126053074639, -39.87880336759569389, -145.3880680744222218 ) ) ;
#7481 = DIRECTION ( 'NONE',  ( 0.000000000000000000, 0.4027200123358024020, 0.9153232170464437045 ) ) ;
#7482 = CARTESIAN_POINT ( 'NONE',  ( -57.20660857794587173, 140.4902645044471967, -132.7301106559596917 ) ) ;
#7483 = VECTOR ( 'NONE', #5575, 1000.000000000000000 ) ;
#7484 = DIRECTION ( 'NONE',  ( 0.1658845202397584428, -0.9861451850233946548, -1.542146410050629762E-16 ) ) ;
#7485 = CARTESIAN_POINT ( 'NONE',  ( 91.77668243179485330, 1.417018559849373860, -72.80530404983247195 ) ) ;
#7486 = VERTEX_POINT ( 'NONE', #9127 ) ;
#7487 = VECTOR ( 'NONE', #801, 1000.000000000000114 ) ;
#7488 = CARTESIAN_POINT ( 'NONE',  ( -71.44326474195757726, 59.45618250899305934, 63.56548081466701916 ) ) ;
#7489 = CARTESIAN_POINT ( 'NONE',  ( 66.99999999999998579, 157.5000000000000000, 12.77939934802707711 ) ) ;
#7490 = CARTESIAN_POINT ( 'NONE',  ( 79.73677029956284912, 140.4289884053391120, -121.6894435972951527 ) ) ;
#7491 = LINE ( 'NONE', #1607, #2105 ) ;
#7492 = CARTESIAN_POINT ( 'NONE',  ( 92.50853013030760508, -38.48869083803140256, -74.00000000000000000 ) ) ;
#7493 = CARTESIAN_POINT ( 'NONE',  ( 90.39800000000001035, 56.73205080756775232, 196.8038475772949880 ) ) ;
#7494 = VECTOR ( 'NONE', #8184, 1000.000000000000000 ) ;
#7495 = ORIENTED_EDGE ( 'NONE', *, *, #4094, .T. ) ;
#7496 = VECTOR ( 'NONE', #2635, 1000.000000000000000 ) ;
#7497 = DIRECTION ( 'NONE',  ( 0.000000000000000000, 1.586032892321652285E-15, 1.000000000000000000 ) ) ;
#7498 = ORIENTED_EDGE ( 'NONE', *, *, #432, .T. ) ;
#7499 = VERTEX_POINT ( 'NONE', #2532 ) ;
#7500 = FACE_OUTER_BOUND ( 'NONE', #6971, .T. ) ;
#7501 = CARTESIAN_POINT ( 'NONE',  ( 61.90078265424479298, -37.00000000000000000, -143.0826941114458748 ) ) ;
#7502 = CARTESIAN_POINT ( 'NONE',  ( 94.66284902611589303, -37.00000000000000000, -72.93658812097559974 ) ) ;
#7503 = VECTOR ( 'NONE', #6309, 1000.000000000000114 ) ;
#7504 = CIRCLE ( 'NONE', #2872, 2.001999999999990010 ) ;
#7505 = DIRECTION ( 'NONE',  ( 7.231268945543359605E-17, 0.000000000000000000, 1.000000000000000000 ) ) ;
#7506 = CARTESIAN_POINT ( 'NONE',  ( 87.48188429676370959, 134.7756817230212789, -67.29999999999999716 ) ) ;
#7507 = DIRECTION ( 'NONE',  ( -1.000000000000000000, 0.000000000000000000, 0.000000000000000000 ) ) ;
#7508 = CARTESIAN_POINT ( 'NONE',  ( -75.50000000000000000, -40.00000000000000000, -75.99836645901302745 ) ) ;
#7509 = EDGE_CURVE ( 'NONE', #7831, #7624, #6823, .T. ) ;
#7510 = DIRECTION ( 'NONE',  ( -0.01120437262268239413, 0.6418980776501262975, 0.7667081060894064271 ) ) ;
#7511 = ORIENTED_EDGE ( 'NONE', *, *, #170, .T. ) ;
#7512 = VECTOR ( 'NONE', #1413, 1000.000000000000000 ) ;
#7513 = ORIENTED_EDGE ( 'NONE', *, *, #4825, .T. ) ;
#7514 = LINE ( 'NONE', #5343, #5513 ) ;
#7515 = CC_DESIGN_DATE_AND_TIME_ASSIGNMENT ( #9191, #2544, ( #1093 ) ) ;
#7516 = LINE ( 'NONE', #6842, #2895 ) ;
#7517 = PLANE ( 'NONE',  #7332 ) ;
#7518 = CARTESIAN_POINT ( 'NONE',  ( -69.18648644456925467, 157.5000000000000568, -113.7277741548329857 ) ) ;
#7519 = VECTOR ( 'NONE', #5454, 999.9999999999998863 ) ;
#7520 = EDGE_CURVE ( 'NONE', #5895, #6679, #2385, .T. ) ;
#7521 = CARTESIAN_POINT ( 'NONE',  ( 65.92282187226045664, 157.5000000000000000, 2.864748009010166019 ) ) ;
#7522 = ORIENTED_EDGE ( 'NONE', *, *, #4683, .F. ) ;
#7523 = CARTESIAN_POINT ( 'NONE',  ( 5.354636517952689800, 150.7185038815609346, 88.79937176298841450 ) ) ;
#7524 = EDGE_LOOP ( 'NONE', ( #5524, #9040, #5062, #9209 ) ) ;
#7525 = ORIENTED_EDGE ( 'NONE', *, *, #6706, .T. ) ;
#7526 = FACE_OUTER_BOUND ( 'NONE', #3217, .T. ) ;
#7527 = LINE ( 'NONE', #4079, #3163 ) ;
#7528 = CARTESIAN_POINT ( 'NONE',  ( -39.82603605598214358, -39.85726437789293186, -145.0236122529899774 ) ) ;
#7529 = LINE ( 'NONE', #6238, #1496 ) ;
#7530 = CARTESIAN_POINT ( 'NONE',  ( -33.34154297194469052, 140.3920896042707511, -142.5286626456163503 ) ) ;
#7531 = VECTOR ( 'NONE', #2709, 1000.000000000000000 ) ;
#7532 = EDGE_CURVE ( 'NONE', #6435, #2422, #365, .T. ) ;
#7533 = EDGE_CURVE ( 'NONE', #3561, #8633, #17, .T. ) ;
#7534 = LINE ( 'NONE', #1151, #6040 ) ;
#7535 = EDGE_CURVE ( 'NONE', #9239, #4538, #3889, .T. ) ;
#7536 = CARTESIAN_POINT ( 'NONE',  ( 92.00000000000000000, 38.23686027918554942, 191.4461524227065183 ) ) ;
#7537 = ORIENTED_EDGE ( 'NONE', *, *, #3534, .F. ) ;
#7538 = DIRECTION ( 'NONE',  ( -8.673617379884039170E-17, 1.000000000000000000, 0.000000000000000000 ) ) ;
#7539 = CARTESIAN_POINT ( 'NONE',  ( 66.92239690500400684, 155.2777381161585026, 17.41797731940918581 ) ) ;
#7540 = LINE ( 'NONE', #8254, #7206 ) ;
#7541 = PLANE ( 'NONE',  #6123 ) ;
#7542 = ORIENTED_EDGE ( 'NONE', *, *, #6242, .T. ) ;
#7543 = CARTESIAN_POINT ( 'NONE',  ( -80.00000000000000000, -40.00000000000000000, -26.00000000000000355 ) ) ;
#7544 = DIRECTION ( 'NONE',  ( 0.01744177813809447142, -0.9992388003036507538, -0.03489418781261474645 ) ) ;
#7545 = EDGE_LOOP ( 'NONE', ( #4605, #4233, #2920, #1269 ) ) ;
#7546 = CARTESIAN_POINT ( 'NONE',  ( -30.78633074168836004, 160.0000000000000000, -122.6617048964084091 ) ) ;
#7547 = EDGE_LOOP ( 'NONE', ( #2376, #6411, #7570, #5357 ) ) ;
#7548 = EDGE_LOOP ( 'NONE', ( #6160, #6902, #3167, #5317 ) ) ;
#7549 = CARTESIAN_POINT ( 'NONE',  ( 70.82860011246928877, 140.4290765388363980, -130.6199922655329715 ) ) ;
#7550 = FACE_BOUND ( 'NONE', #923, .T. ) ;
#7551 = CARTESIAN_POINT ( 'NONE',  ( 92.44654683173743592, -36.99999663778256576, -74.00000000000001421 ) ) ;
#7552 = CARTESIAN_POINT ( 'NONE',  ( 1.146142006735093144, 155.3714219257225011, 76.76989307292937781 ) ) ;
#7553 = CARTESIAN_POINT ( 'NONE',  ( -75.50000000000000000, -38.51793358416909996, -90.00000000000000000 ) ) ;
#7554 = CARTESIAN_POINT ( 'NONE',  ( -32.34647103993663109, 157.5000000000000000, -122.3490765408100316 ) ) ;
#7555 = DIRECTION ( 'NONE',  ( -0.9998476951563912696, -0.01745240643728360533, 3.503998260924795799E-16 ) ) ;
#7556 = VECTOR ( 'NONE', #3374, 1000.000000000000000 ) ;
#7557 = CARTESIAN_POINT ( 'NONE',  ( 89.25397744537806943, 141.8814564828239781, -74.84499904281605609 ) ) ;
#7558 = EDGE_CURVE ( 'NONE', #158, #1997, #4902, .T. ) ;
#7559 = VERTEX_POINT ( 'NONE', #8511 ) ;
#7560 = CARTESIAN_POINT ( 'NONE',  ( 72.37449297208588916, 157.4922888848199705, -72.94468007648828234 ) ) ;
#7561 = CARTESIAN_POINT ( 'NONE',  ( 17.36842037482779233, 61.99999999999995737, 92.21958337732172595 ) ) ;
#7562 = CARTESIAN_POINT ( 'NONE',  ( 60.21747353265826064, 140.4527870918781502, -139.3575675052812244 ) ) ;
#7563 = VECTOR ( 'NONE', #9037, 1000.000000000000114 ) ;
#7564 = B_SPLINE_CURVE_WITH_KNOTS ( 'NONE', 3,
 ( #9364, #4991, #5088, #8121, #3823, #6637, #705, #5139, #2138, #753, #21, #2952, #3626, #6590, #2993, #2900, #6772, #116, #1518, #7310, #846, #8216, #3042, #3674, #6016, #5919 ),
 .UNSPECIFIED., .F., .F.,
 ( 4, 2, 2, 2, 1, 1, 1, 1, 1, 1, 2, 2, 2, 2, 2, 4 ),
 ( 0.000000000000000000, 0.2500000000004668488, 0.3750000000007002732, 0.4375000000008170131, 0.4687500000008738565, 0.4843750000009022783, 0.4921875000009165446, 0.4960937500009247603, 0.4980468750009288126, 0.4990234375009313106, 0.4995117187509305889, 0.5000000000009298118, 0.6250000000006973311, 0.7500000000004649614, 0.8750000000002324807, 1.000000000000000000 ),
 .UNSPECIFIED. ) ;
#7565 = CARTESIAN_POINT ( 'NONE',  ( -74.27100946596313236, 150.4029026120754793, 57.43275637984256576 ) ) ;
#7566 = DIRECTION ( 'NONE',  ( -1.000000000000000000, 0.000000000000000000, 0.000000000000000000 ) ) ;
#7567 = VECTOR ( 'NONE', #8924, 1000.000000000000227 ) ;
#7568 = PLANE ( 'NONE',  #2750 ) ;
#7569 = APPROVAL_STATUS ( 'not_yet_approved' ) ;
#7570 = ORIENTED_EDGE ( 'NONE', *, *, #4100, .F. ) ;
#7571 = EDGE_LOOP ( 'NONE', ( #5788, #9243, #3307, #1429 ) ) ;
#7572 = ORIENTED_EDGE ( 'NONE', *, *, #4227, .F. ) ;
#7573 = CARTESIAN_POINT ( 'NONE',  ( 89.81130776230470758, 1.437698137379660679, -72.93834948779981175 ) ) ;
#7574 = CARTESIAN_POINT ( 'NONE',  ( -37.41304439313703512, 140.1626628929270453, 90.85438026068496242 ) ) ;
#7575 = LINE ( 'NONE', #9105, #739 ) ;
#7576 = CARTESIAN_POINT ( 'NONE',  ( -51.47075245396862186, 140.4758753910387270, -136.4057366373249067 ) ) ;
#7577 = B_SPLINE_CURVE_WITH_KNOTS ( 'NONE', 3,
 ( #598, #3323, #8587, #8495 ),
 .UNSPECIFIED., .F., .F.,
 ( 4, 4 ),
 ( 0.000000000000000000, 1.000000000000000000 ),
 .UNSPECIFIED. ) ;
#7578 = CARTESIAN_POINT ( 'NONE',  ( -0.1721783756612559058, 157.5948708621948526, 80.95240940461995649 ) ) ;
#7579 = CARTESIAN_POINT ( 'NONE',  ( 67.00000000000000000, 158.5000000000000000, 0.08633541039803747930 ) ) ;
#7580 = VERTEX_POINT ( 'NONE', #4265 ) ;
#7581 = ADVANCED_FACE ( 'NONE', ( #3481 ), #6455, .F. ) ;
#7582 = CARTESIAN_POINT ( 'NONE',  ( 2.000000000000000000, -38.51793358416909996, -140.0000000000000000 ) ) ;
#7583 = DIRECTION ( 'NONE',  ( 0.9998476951563912696, 0.01745240643728350471, -3.503998260924795306E-16 ) ) ;
#7584 = EDGE_CURVE ( 'NONE', #9319, #3561, #4993, .T. ) ;
#7585 = CARTESIAN_POINT ( 'NONE',  ( 59.35159386635503864, 140.3963902767821992, -137.0122853554783262 ) ) ;
#7586 = DIRECTION ( 'NONE',  ( 0.01745240643728307103, -0.9998476951563913806, 0.000000000000000000 ) ) ;
#7587 = CARTESIAN_POINT ( 'NONE',  ( 64.78859317262671880, 119.9999900513207649, 33.09091493148054042 ) ) ;
#7588 = LINE ( 'NONE', #3967, #6339 ) ;
#7589 = VERTEX_POINT ( 'NONE', #416 ) ;
#7590 = CARTESIAN_POINT ( 'NONE',  ( 48.82091807480254886, -40.00000000000000711, -145.8956210810500806 ) ) ;
#7591 = ORIENTED_EDGE ( 'NONE', *, *, #1501, .F. ) ;
#7592 = EDGE_LOOP ( 'NONE', ( #4813, #7087, #6574, #73, #7961, #6611 ) ) ;
#7593 = ORIENTED_EDGE ( 'NONE', *, *, #457, .F. ) ;
#7594 = CARTESIAN_POINT ( 'NONE',  ( 79.28716278710274423, 157.4999999999727720, -121.5731043653719468 ) ) ;
#7595 = EDGE_CURVE ( 'NONE', #1788, #2474, #3342, .T. ) ;
#7596 = CARTESIAN_POINT ( 'NONE',  ( -89.59999999999999432, 58.33405080756781302, 219.4038475772950108 ) ) ;
#7597 = CARTESIAN_POINT ( 'NONE',  ( 66.99999999999998579, 157.5000000000000000, 12.77939934802707711 ) ) ;
#7598 = CARTESIAN_POINT ( 'NONE',  ( -74.34671253644560807, 140.3085533588617295, 51.85613659720534940 ) ) ;
#7599 = CARTESIAN_POINT ( 'NONE',  ( 4.581571965987426331, 151.4627598779592006, 80.20532001986214254 ) ) ;
#7600 = CARTESIAN_POINT ( 'NONE',  ( 73.25025550504254568, 120.0131145170197158, -67.29904719755118947 ) ) ;
#7601 = EDGE_CURVE ( 'NONE', #8305, #5904, #5312, .T. ) ;
#7602 = CARTESIAN_POINT ( 'NONE',  ( 72.28913156576680876, 88.50348414764376059, -67.29999999999999716 ) ) ;
#7603 = DIRECTION ( 'NONE',  ( -1.922270984668059849E-16, 4.855507225124590245E-17, -1.000000000000000000 ) ) ;
#7604 = CARTESIAN_POINT ( 'NONE',  ( 94.94763480521534404, -37.00000000000000000, -26.00000000000000355 ) ) ;
#7605 = ORIENTED_EDGE ( 'NONE', *, *, #4383, .T. ) ;
#7606 = VERTEX_POINT ( 'NONE', #7983 ) ;
#7607 = CARTESIAN_POINT ( 'NONE',  ( 89.48218452922297672, 20.29315553242789960, -74.00000000000000000 ) ) ;
#7608 = DIRECTION ( 'NONE',  ( 0.000000000000000000, -1.000000000000000000, -9.714451465470120961E-17 ) ) ;
#7609 = CARTESIAN_POINT ( 'NONE',  ( 63.46983203456263567, 140.4664986632972159, -138.0697724592834845 ) ) ;
#7610 = CARTESIAN_POINT ( 'NONE',  ( -26.85961089735089047, 157.5000000000000284, -122.8550417520427516 ) ) ;
#7611 = CARTESIAN_POINT ( 'NONE',  ( -38.34785136927678195, 157.4579438040215678, 71.79086485042600430 ) ) ;
#7612 = EDGE_CURVE ( 'NONE', #1997, #6250, #5190, .T. ) ;
#7613 = VERTEX_POINT ( 'NONE', #3629 ) ;
#7614 = ADVANCED_FACE ( 'NONE', ( #5043 ), #1522, .F. ) ;
#7615 = ORIENTED_EDGE ( 'NONE', *, *, #1619, .T. ) ;
#7616 = EDGE_LOOP ( 'NONE', ( #8230, #558, #601, #7215, #1819, #3521, #2908, #512, #247, #4904, #1908, #4515, #7329, #912 ) ) ;
#7617 = ORIENTED_EDGE ( 'NONE', *, *, #5929, .T. ) ;
#7618 = DIRECTION ( 'NONE',  ( -0.01743327574156844362, 0.9998480289008516708, 0.000000000000000000 ) ) ;
#7619 = DIRECTION ( 'NONE',  ( 0.01744974916068260662, -0.9996954598818874604, -0.01744974916068275581 ) ) ;
#7620 = CARTESIAN_POINT ( 'NONE',  ( 72.03895115308448283, 119.8093548228686984, -68.89893301848117346 ) ) ;
#7621 = CARTESIAN_POINT ( 'NONE',  ( 87.48188429676370959, 134.7756817230207389, -69.29999999999999716 ) ) ;
#7622 = CYLINDRICAL_SURFACE ( 'NONE', #7199, 19.99999999999999645 ) ;
#7623 = CARTESIAN_POINT ( 'NONE',  ( 65.76934293691411426, 156.5427735896905403, 8.389989681489948836 ) ) ;
#7624 = VERTEX_POINT ( 'NONE', #708 ) ;
#7625 = ADVANCED_FACE ( 'NONE', ( #3528 ), #6686, .F. ) ;
#7626 = EDGE_CURVE ( 'NONE', #8322, #203, #4415, .T. ) ;
#7627 = ADVANCED_FACE ( 'NONE', ( #3579 ), #2192, .T. ) ;
#7628 = CARTESIAN_POINT ( 'NONE',  ( 10.40000000000000213, 153.3300508075680000, 95.40384757729519549 ) ) ;
#7629 = CARTESIAN_POINT ( 'NONE',  ( 90.50883473999489581, -38.52359565090600313, -67.29999999999999716 ) ) ;
#7630 = CARTESIAN_POINT ( 'NONE',  ( 48.01747000106280439, 140.3430854372308545, -140.0452705349003963 ) ) ;
#7631 = EDGE_CURVE ( 'NONE', #6992, #6800, #1376, .T. ) ;
#7632 = LINE ( 'NONE', #2369, #6431 ) ;
#7633 = CARTESIAN_POINT ( 'NONE',  ( -75.50000000000000000, -37.00000000000000000, -90.00000000000001421 ) ) ;
#7634 = CARTESIAN_POINT ( 'NONE',  ( -64.08613648958979070, -36.99999999999999289, -132.5261445429944729 ) ) ;
#7635 = CARTESIAN_POINT ( 'NONE',  ( -56.85504175204950172, 160.0000000000000000, -94.82304684452857657 ) ) ;
#7636 = VERTEX_POINT ( 'NONE', #7408 ) ;
#7637 = EDGE_CURVE ( 'NONE', #8656, #7137, #5255, .T. ) ;
#7638 = VERTEX_POINT ( 'NONE', #71 ) ;
#7639 = ORIENTED_EDGE ( 'NONE', *, *, #6761, .T. ) ;
#7640 = EDGE_CURVE ( 'NONE', #1242, #6598, #7269, .T. ) ;
#7641 = ORIENTED_EDGE ( 'NONE', *, *, #6828, .F. ) ;
#7642 = CARTESIAN_POINT ( 'NONE',  ( 71.85504175204270894, 157.5000000000000284, -92.85961089735094731 ) ) ;
#7643 = B_SPLINE_CURVE_WITH_KNOTS ( 'NONE', 3,
 ( #7280, #2728, #6515, #9475, #4228, #3544, #721, #4330, #5837, #5740, #4276, #9524, #9427, #670, #2917, #2203, #3441, #2821, #3491, #2153, #6559, #6465, #7371, #2868, #4377, #5108, #1484, #8039, #9377, #2063, #1438, #7323, #5152, #4428, #2774, #5692, #8616, #8663, #5005, #5386, #861, #8853, #3786, #4613, #771, #8227, #129, #908, #3149, #1534, #3058, #6028, #5294, #6741, #7554, #8186, #2343, #1621 ),
 .UNSPECIFIED., .F., .F.,
 ( 4, 1, 1, 1, 1, 1, 2, 2, 1, 1, 1, 1, 1, 2, 2, 1, 1, 1, 1, 2, 2, 2, 1, 1, 1, 1, 2, 2, 1, 1, 1, 1, 1, 2, 2, 1, 1, 1, 1, 1, 2, 2, 4 ),
 ( 0.000000000000000000, 0.06250000000001779132, 0.09375000000002665923, 0.1093750000000306144, 0.1171875000000326406, 0.1210937500000331818, 0.1230468750000330291, 0.1250000000000328626, 0.1875000000000367761, 0.2187500000000390799, 0.2343750000000401901, 0.2421875000000406619, 0.2460937500000404676, 0.2480468750000403844, 0.2500000000000403011, 0.3125000000000408007, 0.3437500000000411893, 0.3593750000000410783, 0.3671875000000409117, 0.3710937500000409672, 0.3750000000000410227, 0.5000000000000344169, 0.5625000000000307532, 0.5937500000000290878, 0.6093750000000283107, 0.6171875000000277556, 0.6210937500000274225, 0.6250000000000270894, 0.6875000000000182077, 0.7187500000000135447, 0.7343750000000115463, 0.7421875000000105471, 0.7460937500000101030, 0.7480468750000098810, 0.7500000000000096589, 0.8125000000000044409, 0.8437500000000021094, 0.8593750000000009992, 0.8671875000000004441, 0.8710937500000002220, 0.8730468750000003331, 0.8750000000000004441, 1.000000000000000000 ),
 .UNSPECIFIED. ) ;
#7644 = CARTESIAN_POINT ( 'NONE',  ( 66.72865693774775764, 146.7259326834690114, 24.16187645332149359 ) ) ;
#7645 = CARTESIAN_POINT ( 'NONE',  ( 65.14023788612480814, 156.1687173224059677, 7.700000000000033928 ) ) ;
#7646 = CARTESIAN_POINT ( 'NONE',  ( -74.19233578269235352, 140.3197262893558843, 53.77841934348708008 ) ) ;
#7647 = CARTESIAN_POINT ( 'NONE',  ( -0.3895403864697850604, 156.3766669714263173, 75.23420817959728879 ) ) ;
#7648 = CARTESIAN_POINT ( 'NONE',  ( 73.25119510658971933, 120.0132725721968256, -67.29999999999998295 ) ) ;
#7649 = VECTOR ( 'NONE', #5689, 1000.000000000000114 ) ;
#7650 = DIRECTION ( 'NONE',  ( -0.01745195043442249183, -0.9998215707699756871, 0.007228834559800670183 ) ) ;
#7651 = LINE ( 'NONE', #1047, #7563 ) ;
#7652 = EDGE_CURVE ( 'NONE', #3019, #7721, #8027, .T. ) ;
#7653 = CARTESIAN_POINT ( 'NONE',  ( 90.39999999999999147, 56.73205080756780205, 184.8038475772950164 ) ) ;
#7654 = EDGE_LOOP ( 'NONE', ( #6644, #2437, #9006, #2682 ) ) ;
#7655 = VECTOR ( 'NONE', #2482, 1000.000000000000114 ) ;
#7656 = ORIENTED_EDGE ( 'NONE', *, *, #3935, .F. ) ;
#7657 = B_SPLINE_CURVE_WITH_KNOTS ( 'NONE', 3,
 ( #5532, #1903, #4850, #1184 ),
 .UNSPECIFIED., .F., .F.,
 ( 4, 4 ),
 ( 0.000000000000000000, 1.000000000000000000 ),
 .UNSPECIFIED. ) ;
#7658 = DIRECTION ( 'NONE',  ( 1.000000000000000000, -5.551115123125779621E-17, -1.922270984668059849E-16 ) ) ;
#7659 = VECTOR ( 'NONE', #6954, 1000.000000000000114 ) ;
#7660 = CARTESIAN_POINT ( 'NONE',  ( -56.85504175204258814, 157.5000000000000284, 51.41304439313702090 ) ) ;
#7661 = CARTESIAN_POINT ( 'NONE',  ( 48.34150924958525763, 140.3920894046399894, -142.5286670497299895 ) ) ;
#7662 = CARTESIAN_POINT ( 'NONE',  ( -67.71967207858195081, 157.5000000000000000, -116.4551469568093580 ) ) ;
#7663 = CARTESIAN_POINT ( 'NONE',  ( -53.77179576254079763, -40.00000000000000000, -140.0488624375184656 ) ) ;
#7664 = VECTOR ( 'NONE', #4978, 1000.000000000000000 ) ;
#7665 = EDGE_LOOP ( 'NONE', ( #7752, #3619, #5073, #3627 ) ) ;
#7666 = ORIENTED_EDGE ( 'NONE', *, *, #4320, .T. ) ;
#7667 = ORIENTED_EDGE ( 'NONE', *, *, #7299, .F. ) ;
#7668 = EDGE_LOOP ( 'NONE', ( #9265, #6665, #887, #4915, #4479, #9203, #2808, #1513, #4835, #3141, #5203 ) ) ;
#7669 = LINE ( 'NONE', #3952, #3927 ) ;
#7670 = AXIS2_PLACEMENT_3D ( 'NONE', #8006, #4342, #6617 ) ;
#7671 = CARTESIAN_POINT ( 'NONE',  ( 69.60113295071778339, -37.00000000000002132, -136.5842630145821772 ) ) ;
#7672 = DIRECTION ( 'NONE',  ( -0.9998476951563911586, -0.01745240643728294960, 0.000000000000000000 ) ) ;
#7673 = LINE ( 'NONE', #3956, #3646 ) ;
#7674 = CARTESIAN_POINT ( 'NONE',  ( 94.94757081076569705, -37.00000000000000711, -99.01397211194004910 ) ) ;
#7675 = CARTESIAN_POINT ( 'NONE',  ( 90.33874729789370406, 85.81808437804481571, -68.50318765216118777 ) ) ;
#7676 = ORIENTED_EDGE ( 'NONE', *, *, #5891, .F. ) ;
#7677 = EDGE_CURVE ( 'NONE', #7636, #8798, #2287, .T. ) ;
#7678 = CARTESIAN_POINT ( 'NONE',  ( 121.8999999999999915, 154.9320508075680038, 110.8038475772950022 ) ) ;
#7679 = DIRECTION ( 'NONE',  ( -1.000000000000000000, 5.551115123125779621E-17, 7.165827653609149284E-17 ) ) ;
#7680 = AXIS2_PLACEMENT_3D ( 'NONE', #5724, #3573, #3425 ) ;
#7681 = CARTESIAN_POINT ( 'NONE',  ( 91.77326501273010706, 1.612802366943699939, -73.19077925059342249 ) ) ;
#7682 = CYLINDRICAL_SURFACE ( 'NONE', #733, 0.002000000000002000178 ) ;
#7683 = B_SPLINE_CURVE_WITH_KNOTS ( 'NONE', 3,
 ( #5231, #8791, #8168, #6681 ),
 .UNSPECIFIED., .F., .F.,
 ( 4, 4 ),
 ( 0.000000000000000000, 1.000000000000000000 ),
 .UNSPECIFIED. ) ;
#7684 = DIRECTION ( 'NONE',  ( 1.000000000000000000, 0.000000000000000000, -1.541976423090495042E-15 ) ) ;
#7685 = LINE ( 'NONE', #2754, #2627 ) ;
#7686 = EDGE_LOOP ( 'NONE', ( #3286, #8643, #4390, #2547 ) ) ;
#7687 = CARTESIAN_POINT ( 'NONE',  ( -55.32318189294436905, 160.0000000000000284, -102.5252698231933408 ) ) ;
#7688 = CIRCLE ( 'NONE', #1838, 1.601999999999992319 ) ;
#7689 = ORIENTED_EDGE ( 'NONE', *, *, #8615, .T. ) ;
#7690 = EDGE_CURVE ( 'NONE', #5302, #1279, #8175, .T. ) ;
#7691 = ORIENTED_EDGE ( 'NONE', *, *, #544, .F. ) ;
#7692 = VERTEX_POINT ( 'NONE', #5772 ) ;
#7693 = CARTESIAN_POINT ( 'NONE',  ( 56.89255555652750473, 157.5000000000000284, -118.8908915475416563 ) ) ;
#7694 = CARTESIAN_POINT ( 'NONE',  ( 65.63404080530672502, 153.2331729425087303, 15.31408767214741218 ) ) ;
#7695 = PLANE ( 'NONE',  #559 ) ;
#7696 = CARTESIAN_POINT ( 'NONE',  ( -74.35202951568025753, 140.3059618980154255, 51.54495379208468364 ) ) ;
#7697 = CARTESIAN_POINT ( 'NONE',  ( 5.690758361592313186, 149.3528239486718121, 81.31452420829521088 ) ) ;
#7698 = CARTESIAN_POINT ( 'NONE',  ( -69.54622150057718954, 140.4098110218081956, -113.9054044969054331 ) ) ;
#7699 = DIRECTION ( 'NONE',  ( -1.873065082678784805E-16, 4.855507225124589628E-17, -1.000000000000000000 ) ) ;
#7700 = DIRECTION ( 'NONE',  ( -1.000000000000000000, -0.000000000000000000, -0.000000000000000000 ) ) ;
#7701 = EDGE_LOOP ( 'NONE', ( #4771, #2388, #8869, #6432, #4191, #7315 ) ) ;
#7702 = FACE_OUTER_BOUND ( 'NONE', #188, .T. ) ;
#7703 = EDGE_LOOP ( 'NONE', ( #8427, #8376, #5389, #5041 ) ) ;
#7704 = DIRECTION ( 'NONE',  ( -0.9999999340962500982, 0.000000000000000000, -0.0003630530201410025353 ) ) ;
#7705 = DIRECTION ( 'NONE',  ( -0.9998476951563911586, -0.01745240643728300511, 0.000000000000000000 ) ) ;
#7706 = CARTESIAN_POINT ( 'NONE',  ( 89.76142303221951124, 4.295592409925920840, -74.00000000000000000 ) ) ;
#7707 = EDGE_CURVE ( 'NONE', #3925, #5449, #2904, .T. ) ;
#7708 = CARTESIAN_POINT ( 'NONE',  ( -33.35272452924482423, 160.0000000000272564, -142.1467015144944241 ) ) ;
#7709 = CIRCLE ( 'NONE', #7098, 1.601999999999992319 ) ;
#7710 = EDGE_CURVE ( 'NONE', #1940, #6021, #2372, .T. ) ;
#7711 = CARTESIAN_POINT ( 'NONE',  ( -31.40722100499926484, -37.00000000000000711, -143.4472219914069342 ) ) ;
#7712 = VECTOR ( 'NONE', #7699, 1000.000000000000000 ) ;
#7713 = CARTESIAN_POINT ( 'NONE',  ( -44.60994231855828929, -40.00000000000000000, -143.8687753882944378 ) ) ;
#7714 = EDGE_CURVE ( 'NONE', #2779, #8042, #8876, .T. ) ;
#7715 = ORIENTED_EDGE ( 'NONE', *, *, #5414, .T. ) ;
#7716 = DATE_TIME_ROLE ( 'creation_date' ) ;
#7717 = EDGE_CURVE ( 'NONE', #1059, #9491, #1031, .T. ) ;
#7718 = VECTOR ( 'NONE', #2516, 1000.000000000000000 ) ;
#7719 = VERTEX_POINT ( 'NONE', #5426 ) ;
#7720 = EDGE_LOOP ( 'NONE', ( #7294, #5949, #3829, #356 ) ) ;
#7721 = VERTEX_POINT ( 'NONE', #7493 ) ;
#7722 = CARTESIAN_POINT ( 'NONE',  ( 96.79439998807079348, 159.1171392947464938, 152.6030191501704962 ) ) ;
#7723 = CARTESIAN_POINT ( 'NONE',  ( 62.76363855922652135, -37.00000000000000711, -139.9826370106949298 ) ) ;
#7724 = DIRECTION ( 'NONE',  ( -1.000000000000000000, -2.364091968450923323E-18, 6.769873639266741889E-17 ) ) ;
#7725 = CARTESIAN_POINT ( 'NONE',  ( 39.99999999999994316, 120.0000000000000142, 60.99999999999988631 ) ) ;
#7726 = EDGE_CURVE ( 'NONE', #9178, #7089, #8937, .T. ) ;
#7727 = CARTESIAN_POINT ( 'NONE',  ( 71.95859815270846127, -37.00000000000000711, -138.0287685003033857 ) ) ;
#7728 = AXIS2_PLACEMENT_3D ( 'NONE', #6468, #2065, #7232 ) ;
#7729 = CARTESIAN_POINT ( 'NONE',  ( 73.25025550504251726, 120.0131145170197442, 29.70000000000005613 ) ) ;
#7730 = ORIENTED_EDGE ( 'NONE', *, *, #5174, .T. ) ;
#7731 = CARTESIAN_POINT ( 'NONE',  ( 27.00000000000000000, -40.00133333355511667, -74.00000000000001421 ) ) ;
#7732 = DIRECTION ( 'NONE',  ( -6.123031769111888756E-17, -1.000000000000000000, -0.000000000000000000 ) ) ;
#7733 = FACE_OUTER_BOUND ( 'NONE', #6689, .T. ) ;
#7734 = DIRECTION ( 'NONE',  ( 1.000000000000000000, -1.387567350986932359E-16, 0.000000000000000000 ) ) ;
#7736 = VERTEX_POINT ( 'NONE', #2419 ) ;
#7735 = CARTESIAN_POINT ( 'NONE',  ( -74.30611947408314677, 140.3054171126524636, -75.99793301705381054 ) ) ;
#7737 = DIRECTION ( 'NONE',  ( 0.01745240643728307103, -0.9998476951563913806, 0.000000000000000000 ) ) ;
#7738 = CARTESIAN_POINT ( 'NONE',  ( 69.85629785387159529, -40.00000000000002132, -139.4030970503429785 ) ) ;
#7739 = ORIENTED_EDGE ( 'NONE', *, *, #1930, .F. ) ;
#7740 = ORIENTED_EDGE ( 'NONE', *, *, #3041, .F. ) ;
#7741 = EDGE_LOOP ( 'NONE', ( #3022, #674, #8086, #3021 ) ) ;
#7742 = PLANE ( 'NONE',  #6259 ) ;
#7743 = B_SPLINE_CURVE_WITH_KNOTS ( 'NONE', 3,
 ( #1622, #8228, #4029, #6836, #3252, #2485 ),
 .UNSPECIFIED., .F., .F.,
 ( 4, 2, 4 ),
 ( 0.000000000000000000, 0.5000000000000000000, 1.000000000000000000 ),
 .UNSPECIFIED. ) ;
#7744 = CARTESIAN_POINT ( 'NONE',  ( 92.50038076210898907, -40.04363101609320807, -26.00000000000000355 ) ) ;
#7745 = CARTESIAN_POINT ( 'NONE',  ( -74.82848449153122772, 140.3777971006021801, 60.27450860303051172 ) ) ;
#7746 = B_SPLINE_CURVE_WITH_KNOTS ( 'NONE', 3,
 ( #7753, #8607, #4175, #7219, #5732, #9317, #8512, #1909, #4219, #2670, #5627, #9274, #2813, #6362, #2099, #8554, #4903, #1141, #7165, #615, #7797, #1240, #4074, #7027, #523, #4125, #7124, #9419, #3344, #419, #5774, #3433, #4996, #567, #1329, #4853, #6507, #2007, #7936, #4951, #6404, #3482, #3530, #2720, #6313, #9226, #6456, #1188, #9369, #2765, #5583, #8655, #7076, #471, #2055, #3394, #6019, #5238 ),
 .UNSPECIFIED., .F., .F.,
 ( 4, 1, 1, 1, 1, 1, 2, 2, 1, 1, 1, 1, 1, 2, 2, 1, 1, 1, 1, 2, 2, 2, 1, 1, 1, 1, 2, 2, 1, 1, 1, 1, 1, 2, 2, 1, 1, 1, 1, 1, 2, 2, 4 ),
 ( 0.000000000000000000, 0.06249999999999847344, 0.09374999999999771017, 0.1093749999999971689, 0.1171874999999969608, 0.1210937499999968636, 0.1230468749999964889, 0.1249999999999961281, 0.1874999999999893974, 0.2187499999999857059, 0.2343749999999840683, 0.2421874999999835965, 0.2460937499999835132, 0.2480468749999836520, 0.2499999999999837630, 0.3124999999999829026, 0.3437499999999822364, 0.3593749999999816813, 0.3671874999999816258, 0.3710937499999816258, 0.3749999999999815703, 0.4999999999999859557, 0.5624999999999882316, 0.5937499999999893419, 0.6093749999999895639, 0.6171874999999890088, 0.6210937499999884537, 0.6249999999999878986, 0.6874999999999751310, 0.7187499999999683586, 0.7343749999999652500, 0.7421874999999642508, 0.7460937499999642508, 0.7480468749999646949, 0.7499999999999652500, 0.8124999999999839018, 0.8437499999999933387, 0.8593749999999985567, 0.8671875000000007772, 0.8710937500000017764, 0.8730468750000022204, 0.8750000000000025535, 1.000000000000000000 ),
 .UNSPECIFIED. ) ;
#7747 = FACE_OUTER_BOUND ( 'NONE', #2791, .T. ) ;
#7748 = CARTESIAN_POINT ( 'NONE',  ( 4.833437481106829914, 151.0510773404327836, 80.45718684879368254 ) ) ;
#7749 = DIRECTION ( 'NONE',  ( -0.9998475094691828824, -0.01745240319626291739, -0.0006094513493329001752 ) ) ;
#7750 = CARTESIAN_POINT ( 'NONE',  ( -89.59999999999999432, 58.33405080756781302, 217.8018475772949785 ) ) ;
#7751 = CARTESIAN_POINT ( 'NONE',  ( -57.27048833894146185, -37.00000000000000000, -137.9051315832875275 ) ) ;
#7752 = ORIENTED_EDGE ( 'NONE', *, *, #3216, .F. ) ;
#7753 = CARTESIAN_POINT ( 'NONE',  ( 41.85961089735094021, 157.5000000000000000, -122.8550417520427942 ) ) ;
#7754 = EDGE_CURVE ( 'NONE', #2197, #69, #7588, .T. ) ;
#7755 = ORIENTED_EDGE ( 'NONE', *, *, #4521, .F. ) ;
#7756 = DIRECTION ( 'NONE',  ( 0.7071067811865526798, 0.000000000000000000, 0.7071067811865424657 ) ) ;
#7757 = CARTESIAN_POINT ( 'NONE',  ( 94.66284902611586460, -37.00000000000000000, -72.93658812097554289 ) ) ;
#7758 = DIRECTION ( 'NONE',  ( 1.000000000000000000, 2.364091968450923323E-18, -6.769873639266741889E-17 ) ) ;
#7759 = CARTESIAN_POINT ( 'NONE',  ( -42.82740079604011640, 159.9999999999999716, -139.8855700577244932 ) ) ;
#7760 = ORIENTED_EDGE ( 'NONE', *, *, #7002, .F. ) ;
#7761 = CARTESIAN_POINT ( 'NONE',  ( -62.32118611343638293, 157.5000000000000568, -123.9644384066301939 ) ) ;
#7762 = CARTESIAN_POINT ( 'NONE',  ( -76.50953807085947744, -39.99999999999999289, -114.3618983610335818 ) ) ;
#7763 = CARTESIAN_POINT ( 'NONE',  ( 2.000000000000000000, -24.00000000000000000, -142.0000000000000284 ) ) ;
#7764 = PLANE ( 'NONE',  #2177 ) ;
#7765 = EDGE_CURVE ( 'NONE', #2347, #3828, #3694, .T. ) ;
#7766 = VERTEX_POINT ( 'NONE', #1847 ) ;
#7767 = EDGE_LOOP ( 'NONE', ( #95, #4569, #7998, #366 ) ) ;
#7768 = EDGE_LOOP ( 'NONE', ( #7182, #6406, #9052, #1897, #3280, #7237, #8698, #1449, #7874, #8335 ) ) ;
#7769 = ORIENTED_EDGE ( 'NONE', *, *, #1675, .T. ) ;
#7770 = DIRECTION ( 'NONE',  ( -0.01745240643728300858, 0.9998476951563912696, -1.405927429466886636E-15 ) ) ;
#7771 = PLANE ( 'NONE',  #5404 ) ;
#7772 = CARTESIAN_POINT ( 'NONE',  ( 91.99999875156009921, 56.73205080756780205, 184.8038475772950164 ) ) ;
#7773 = LINE ( 'NONE', #4095, #3338 ) ;
#7774 = CARTESIAN_POINT ( 'NONE',  ( 44.95525004739578634, -37.00000000000000711, -145.9476348052153867 ) ) ;
#7775 = EDGE_CURVE ( 'NONE', #1940, #3019, #9302, .T. ) ;
#7776 = CARTESIAN_POINT ( 'NONE',  ( -98.53782217350889994, 153.3320508075674979, 215.9038475772950392 ) ) ;
#7777 = VERTEX_POINT ( 'NONE', #507 ) ;
#7778 = DIRECTION ( 'NONE',  ( -1.000000000000000000, 1.110223024625155801E-16, -0.000000000000000000 ) ) ;
#7779 = PLANE ( 'NONE',  #3809 ) ;
#7780 = CARTESIAN_POINT ( 'NONE',  ( -74.35237641727951541, 140.3054171126525205, -92.85961089735101837 ) ) ;
#7781 = VECTOR ( 'NONE', #4396, 1000.000000000000114 ) ;
#7782 = CARTESIAN_POINT ( 'NONE',  ( 65.33867505007108889, 119.9997369043575048, 33.31744511919072949 ) ) ;
#7783 = FACE_OUTER_BOUND ( 'NONE', #8542, .T. ) ;
#7784 = CARTESIAN_POINT ( 'NONE',  ( 86.01013905568889584, -40.00000000000002842, -124.6168538253996303 ) ) ;
#7785 = EDGE_LOOP ( 'NONE', ( #2616, #5744, #1254, #9453, #355, #2266, #330, #5079, #2253, #1258, #1081, #3074, #8396, #5844, #8300, #239 ) ) ;
#7786 = ORIENTED_EDGE ( 'NONE', *, *, #3881, .T. ) ;
#7787 = DIRECTION ( 'NONE',  ( 0.000000000000000000, 0.000000000000000000, -1.000000000000000000 ) ) ;
#7788 = VECTOR ( 'NONE', #8156, 1000.000000000000000 ) ;
#7789 = CARTESIAN_POINT ( 'NONE',  ( 65.55912788442923045, 153.6785129664763190, 14.43276439885056739 ) ) ;
#7790 = CARTESIAN_POINT ( 'NONE',  ( 79.87745698252049920, 144.1502867831963783, 13.87745698252044946 ) ) ;
#7791 = CARTESIAN_POINT ( 'NONE',  ( -74.11412390862716393, 59.78085623723585940, 64.25910040939578494 ) ) ;
#7792 = CARTESIAN_POINT ( 'NONE',  ( 24.40000000000000213, 154.9320508075674923, 95.40384757729519549 ) ) ;
#7793 = CARTESIAN_POINT ( 'NONE',  ( -72.83231122764010479, 140.3748027843295745, -105.1733923807631754 ) ) ;
#7794 = CARTESIAN_POINT ( 'NONE',  ( 71.79649834968948596, 116.7264221947487925, -69.29999999999999716 ) ) ;
#7795 = CARTESIAN_POINT ( 'NONE',  ( -38.93949280377607636, -37.00000000000000000, -145.1931475848673188 ) ) ;
#7796 = VECTOR ( 'NONE', #5103, 1000.000000000000000 ) ;
#7797 = CARTESIAN_POINT ( 'NONE',  ( 55.22225234580222519, 157.4999999999999716, -119.7484496860471666 ) ) ;
#7798 = EDGE_LOOP ( 'NONE', ( #2746, #804, #9227, #9286 ) ) ;
#7799 = EDGE_CURVE ( 'NONE', #8633, #2694, #8498, .T. ) ;
#7800 = EDGE_LOOP ( 'NONE', ( #2642, #754, #4938, #4433, #5169, #1537 ) ) ;
#7801 = CARTESIAN_POINT ( 'NONE',  ( 52.82345029686652538, -39.88222820898079135, -145.3853603640632457 ) ) ;
#7802 = CARTESIAN_POINT ( 'NONE',  ( 66.85997993785186111, 153.4903500356363111, 18.21974826719251439 ) ) ;
#7803 = DIRECTION ( 'NONE',  ( 1.541976423090495042E-15, 1.413216681040169825E-16, 1.000000000000000000 ) ) ;
#7804 = VECTOR ( 'NONE', #7918, 1000.000000000000114 ) ;
#7805 = CARTESIAN_POINT ( 'NONE',  ( -74.29724476272544109, 140.4436411481918867, -108.9673913131198049 ) ) ;
#7806 = ADVANCED_FACE ( 'NONE', ( #5667 ), #3281, .F. ) ;
#7807 = CARTESIAN_POINT ( 'NONE',  ( -39.17339238076024088, 140.3748027843292618, -138.8323112276407585 ) ) ;
#7808 = CARTESIAN_POINT ( 'NONE',  ( -59.84390073459606185, -39.99999999999999289, -136.1386298137101392 ) ) ;
#7809 = CARTESIAN_POINT ( 'NONE',  ( 67.92356327810914252, 151.6790703524391972, 18.62532237005064673 ) ) ;
#7810 = FACE_OUTER_BOUND ( 'NONE', #6470, .T. ) ;
#7811 = VECTOR ( 'NONE', #243, 1000.000000000000000 ) ;
#7812 = VECTOR ( 'NONE', #1902, 1000.000000000000000 ) ;
#7813 = VERTEX_POINT ( 'NONE', #3375 ) ;
#7814 = APPROVAL_STATUS ( 'not_yet_approved' ) ;
#7815 = ORIENTED_EDGE ( 'NONE', *, *, #847, .T. ) ;
#7816 = ORIENTED_EDGE ( 'NONE', *, *, #2458, .F. ) ;
#7817 = PLANE ( 'NONE',  #1671 ) ;
#7818 = CARTESIAN_POINT ( 'NONE',  ( 2.000000000000001776, -37.00000000000000711, -95.99238359780468954 ) ) ;
#7819 = CARTESIAN_POINT ( 'NONE',  ( 62.53092428060955399, -37.00000000000002132, -140.0758620499549068 ) ) ;
#7820 = CARTESIAN_POINT ( 'NONE',  ( -4.768706341644596058, 157.5000000000000284, 70.85504175204262367 ) ) ;
#7821 = DIRECTION ( 'NONE',  ( 0.000000000000000000, 0.000000000000000000, -1.000000000000000000 ) ) ;
#7822 = CARTESIAN_POINT ( 'NONE',  ( 55.64722337340220548, -37.00000000000000000, -144.8180952533591892 ) ) ;
#7823 = LINE ( 'NONE', #7776, #5096 ) ;
#7824 = ORIENTED_EDGE ( 'NONE', *, *, #1201, .F. ) ;
#7825 = AXIS2_PLACEMENT_3D ( 'NONE', #2137, #66, #5869 ) ;
#7826 = CARTESIAN_POINT ( 'NONE',  ( 65.71848603151740065, 156.2659873974764935, -68.71362777593549254 ) ) ;
#7827 = DIRECTION ( 'NONE',  ( 0.000000000000000000, -1.460881280034365741E-16, -1.000000000000000000 ) ) ;
#7828 = EDGE_CURVE ( 'NONE', #191, #3995, #7685, .T. ) ;
#7829 = CARTESIAN_POINT ( 'NONE',  ( 13.00000000000000178, -37.00000000000000711, -140.0000000000000000 ) ) ;
#7831 = VERTEX_POINT ( 'NONE', #3420 ) ;
#7830 = CARTESIAN_POINT ( 'NONE',  ( 88.52221624844078463, -37.00000000000001421, -114.9297757343464070 ) ) ;
#7832 = DIRECTION ( 'NONE',  ( -1.110223024625155801E-16, -1.000000000000000000, -4.855507225124589012E-17 ) ) ;
#7833 = CARTESIAN_POINT ( 'NONE',  ( 94.09984259509600690, -40.00000000000002132, -105.4539142261476172 ) ) ;
#7834 = ORIENTED_EDGE ( 'NONE', *, *, #7532, .T. ) ;
#7835 = ADVANCED_FACE ( 'NONE', ( #5717 ), #9261, .T. ) ;
#7836 = VERTEX_POINT ( 'NONE', #1276 ) ;
#7837 = VECTOR ( 'NONE', #5673, 1000.000000000000000 ) ;
#7838 = CARTESIAN_POINT ( 'NONE',  ( -42.00000000000000000, -40.00000000000000711, -76.00199999999999534 ) ) ;
#7839 = CARTESIAN_POINT ( 'NONE',  ( -46.27450860303050462, 140.3777971006021232, 88.82848449153124193 ) ) ;
#7840 = CARTESIAN_POINT ( 'NONE',  ( -29.99238359780465046, -37.00000000000000000, -145.9476348052154151 ) ) ;
#7841 = CARTESIAN_POINT ( 'NONE',  ( -72.38606680350069666, 60.65622835396415269, 66.12921511983243761 ) ) ;
#7842 = DIRECTION ( 'NONE',  ( -5.420778447220343641E-17, -1.000000000000000000, 1.413929085492997955E-18 ) ) ;
#7843 = DIRECTION ( 'NONE',  ( 0.000000000000000000, -0.5000000000000004441, 0.8660254037844384856 ) ) ;
#7844 = CARTESIAN_POINT ( 'NONE',  ( -59.03122270172665509, 157.2272838524903591, 53.58923872358057139 ) ) ;
#7845 = CARTESIAN_POINT ( 'NONE',  ( -36.46774173957648202, -37.00000000000000000, -145.5895263454756616 ) ) ;
#7846 = VECTOR ( 'NONE', #8867, 1000.000000000000000 ) ;
#7847 = ADVANCED_FACE ( 'NONE', ( #1941 ), #6390, .F. ) ;
#7848 = CARTESIAN_POINT ( 'NONE',  ( 10.40000000000000213, 58.33405080756781302, 95.40384757729519549 ) ) ;
#7849 = ORIENTED_EDGE ( 'NONE', *, *, #4040, .F. ) ;
#7850 = ORIENTED_EDGE ( 'NONE', *, *, #5385, .F. ) ;
#7851 = CARTESIAN_POINT ( 'NONE',  ( 70.12422559351857387, -39.72158385847776430, -139.3494981518487918 ) ) ;
#7852 = CARTESIAN_POINT ( 'NONE',  ( 66.68157899067782068, 148.3816153260295891, 21.26328559079131608 ) ) ;
#7853 = CARTESIAN_POINT ( 'NONE',  ( 92.89999999999999147, 58.33405080756781302, 217.8018475772949785 ) ) ;
#7854 = CARTESIAN_POINT ( 'NONE',  ( 86.13579321056978699, 149.1935812659168619, -67.29999999999998295 ) ) ;
#7855 = CARTESIAN_POINT ( 'NONE',  ( -76.39346255221987292, -37.00000000000000000, -105.9183151954713082 ) ) ;
#7856 = CARTESIAN_POINT ( 'NONE',  ( -67.79847579979441718, -40.00000000000000000, -128.9184596934162812 ) ) ;
#7857 = FACE_OUTER_BOUND ( 'NONE', #5115, .T. ) ;
#7858 = LINE ( 'NONE', #1200, #3548 ) ;
#7859 = EDGE_LOOP ( 'NONE', ( #6044, #3902, #4547, #5167 ) ) ;
#7860 = ORIENTED_EDGE ( 'NONE', *, *, #6126, .T. ) ;
#7861 = ORIENTED_EDGE ( 'NONE', *, *, #5858, .F. ) ;
#7862 = AXIS2_PLACEMENT_3D ( 'NONE', #3581, #2144, #5922 ) ;
#7863 = EDGE_LOOP ( 'NONE', ( #7498, #6519, #3447, #97, #8378, #7973 ) ) ;
#7864 = CYLINDRICAL_SURFACE ( 'NONE', #6859, 0.002000000000002953408 ) ;
#7865 = CARTESIAN_POINT ( 'NONE',  ( -73.00060956596250605, 140.3305718305309711, 58.15557590104138086 ) ) ;
#7866 = CARTESIAN_POINT ( 'NONE',  ( -27.99999999999999645, -40.00000000000000711, -76.00199999999999534 ) ) ;
#7867 = CARTESIAN_POINT ( 'NONE',  ( 90.39999999999999147, 50.73205080756778784, 184.8038475772950164 ) ) ;
#7868 = CARTESIAN_POINT ( 'NONE',  ( 94.04747740033045034, -37.00000000000001421, -105.4015490313138912 ) ) ;
#7869 = ADVANCED_FACE ( 'NONE', ( #7155 ), #8593, .T. ) ;
#7870 = VECTOR ( 'NONE', #4679, 1000.000000000000000 ) ;
#7871 = ORIENTED_EDGE ( 'NONE', *, *, #1992, .F. ) ;
#7872 = VECTOR ( 'NONE', #7134, 1000.000000000000000 ) ;
#7873 = CARTESIAN_POINT ( 'NONE',  ( 71.85504175204269472, 140.0000000000000000, -92.85961089735100416 ) ) ;
#7874 = ORIENTED_EDGE ( 'NONE', *, *, #3744, .T. ) ;
#7875 = DIRECTION ( 'NONE',  ( -0.000000000000000000, -0.000000000000000000, -1.000000000000000000 ) ) ;
#7876 = CIRCLE ( 'NONE', #3705, 1.602000000000006086 ) ;
#7877 = CARTESIAN_POINT ( 'NONE',  ( -89.59999999999999432, 153.3300508075680000, 217.8018475772949785 ) ) ;
#7878 = DIRECTION ( 'NONE',  ( 0.000000000000000000, -0.9998476951563911586, 0.01745240643728345614 ) ) ;
#7879 = ADVANCED_FACE ( 'NONE', ( #1226 ), #1995, .T. ) ;
#7880 = CARTESIAN_POINT ( 'NONE',  ( 89.35698831992419855, -37.00000000000001421, -112.8099293718280904 ) ) ;
#7881 = DIRECTION ( 'NONE',  ( -0.9998476951563912696, 0.01745240643728365390, 3.086568616707462050E-16 ) ) ;
#7882 = CARTESIAN_POINT ( 'NONE',  ( 77.91845969319723508, -40.00000000000001421, -133.7984758001980197 ) ) ;
#7883 = VECTOR ( 'NONE', #2799, 1000.000000000000000 ) ;
#7884 = ORIENTED_EDGE ( 'NONE', *, *, #5957, .T. ) ;
#7885 = EDGE_CURVE ( 'NONE', #9295, #5786, #4155, .T. ) ;
#7886 = ORIENTED_EDGE ( 'NONE', *, *, #1099, .F. ) ;
#7887 = CARTESIAN_POINT ( 'NONE',  ( 91.70901965732515748, 4.329587835473414970, -68.77798073551275593 ) ) ;
#7888 = DIRECTION ( 'NONE',  ( 7.503461164025338872E-17, -2.530833321849390164E-16, 1.000000000000000000 ) ) ;
#7889 = CARTESIAN_POINT ( 'NONE',  ( -78.34517981393942421, 54.35984934821664893, 52.67810586754830382 ) ) ;
#7890 = LINE ( 'NONE', #4944, #7194 ) ;
#7891 = CARTESIAN_POINT ( 'NONE',  ( 92.00000000000000000, 47.51666049839860051, 196.8038475772949880 ) ) ;
#7892 = CARTESIAN_POINT ( 'NONE',  ( -65.27764201675485367, 152.8219996752838483, 59.83569836439230016 ) ) ;
#7893 = CARTESIAN_POINT ( 'NONE',  ( -81.73250228650290694, -40.04363101609320807, 55.73250228650289984 ) ) ;
#7894 = DIRECTION ( 'NONE',  ( 0.000000000000000000, 1.000000000000000000, 6.123233995736769734E-17 ) ) ;
#7895 = EDGE_CURVE ( 'NONE', #2033, #2644, #1126, .T. ) ;
#7896 = ORIENTED_EDGE ( 'NONE', *, *, #2554, .F. ) ;
#7897 = LINE ( 'NONE', #7079, #9059 ) ;
#7898 = CARTESIAN_POINT ( 'NONE',  ( 91.50516949295581526, -37.00000000000001421, -114.3588043152673492 ) ) ;
#7899 = FACE_OUTER_BOUND ( 'NONE', #5093, .T. ) ;
#7900 = CARTESIAN_POINT ( 'NONE',  ( 87.73848286875244185, 146.4635883514561954, -67.30000000000001137 ) ) ;
#7901 = DIRECTION ( 'NONE',  ( 1.000000000000000000, 0.000000000000000000, -3.521488656232920374E-16 ) ) ;
#7902 = DIRECTION ( 'NONE',  ( 0.8660254037844387076, 0.000000000000000000, 0.4999999999999998890 ) ) ;
#7903 = DIRECTION ( 'NONE',  ( -1.982541115402065307E-15, 0.000000000000000000, 1.000000000000000000 ) ) ;
#7904 = DIRECTION ( 'NONE',  ( -1.000000000000000000, -0.000000000000000000, -1.387778780781445922E-16 ) ) ;
#7905 = VERTEX_POINT ( 'NONE', #4060 ) ;
#7906 = ORIENTED_EDGE ( 'NONE', *, *, #1764, .F. ) ;
#7907 = ORIENTED_EDGE ( 'NONE', *, *, #4337, .T. ) ;
#7908 = LINE ( 'NONE', #1301, #6909 ) ;
#7909 = CARTESIAN_POINT ( 'NONE',  ( 66.57653840945613410, 145.3736466375990233, 25.63176373304784050 ) ) ;
#7910 = CARTESIAN_POINT ( 'NONE',  ( -74.01954389610561691, 140.3241526481490951, 54.80786460341653310 ) ) ;
#7911 = CARTESIAN_POINT ( 'NONE',  ( 86.63179111262162735, 148.7143452558141803, -69.29999999999998295 ) ) ;
#7912 = CARTESIAN_POINT ( 'NONE',  ( -47.70044708165110592, 149.7256878850361659, 81.14244439443316992 ) ) ;
#7913 = ORIENTED_EDGE ( 'NONE', *, *, #7043, .F. ) ;
#7914 = DIRECTION ( 'NONE',  ( 1.110223024625155801E-16, 1.000000000000000000, 4.855507225124589012E-17 ) ) ;
#7915 = VERTEX_POINT ( 'NONE', #7012 ) ;
#7916 = ORIENTED_EDGE ( 'NONE', *, *, #8489, .T. ) ;
#7917 = ADVANCED_FACE ( 'NONE', ( #7783 ), #2841, .T. ) ;
#7918 = DIRECTION ( 'NONE',  ( 0.7123441120854255848, 0.7018303207283049794, 0.0002586186983158069905 ) ) ;
#7919 = CARTESIAN_POINT ( 'NONE',  ( -79.64530104071525329, -39.90647024643316598, -102.0074027407659258 ) ) ;
#7920 = DIRECTION ( 'NONE',  ( 0.000000000000000000, 0.4999999999999947264, -0.8660254037844418162 ) ) ;
#7921 = ADVANCED_FACE ( 'NONE', ( #7303 ), #7923, .F. ) ;
#7922 = DIRECTION ( 'NONE',  ( 0.9998476951563912696, 0.01745240643728340410, -1.913693989724670103E-16 ) ) ;
#7923 = PLANE ( 'NONE',  #5413 ) ;
#7924 = CARTESIAN_POINT ( 'NONE',  ( 90.92941215065636129, -40.00000000000002842, -115.7769628718121879 ) ) ;
#7925 = ORIENTED_EDGE ( 'NONE', *, *, #5130, .F. ) ;
#7926 = EDGE_CURVE ( 'NONE', #9253, #1488, #7348, .T. ) ;
#7927 = ORIENTED_EDGE ( 'NONE', *, *, #7191, .F. ) ;
#7928 = EDGE_CURVE ( 'NONE', #2054, #2644, #4251, .T. ) ;
#7929 = CARTESIAN_POINT ( 'NONE',  ( -37.41304439313704222, 140.3490481287456078, 90.85199565517046949 ) ) ;
#7930 = CARTESIAN_POINT ( 'NONE',  ( 89.48018483383266641, 20.29312062761569280, -67.29999999999999716 ) ) ;
#7931 = DIRECTION ( 'NONE',  ( 1.000000000000000000, 0.000000000000000000, 0.000000000000000000 ) ) ;
#7932 = DIRECTION ( 'NONE',  ( 0.01745240643694066784, -0.9998476951363207688, 6.336149282851944929E-06 ) ) ;
#7933 = CARTESIAN_POINT ( 'NONE',  ( -66.53526017870825626, 150.9051119311243383, 61.09344607185471432 ) ) ;
#7934 = CARTESIAN_POINT ( 'NONE',  ( -39.07901948481358545, -37.00000000000000000, -145.1675357909595050 ) ) ;
#7935 = ORIENTED_EDGE ( 'NONE', *, *, #7520, .F. ) ;
#7936 = CARTESIAN_POINT ( 'NONE',  ( 68.28430197543013946, 157.5000000000000284, -107.1182289358124820 ) ) ;
#7937 = AXIS2_PLACEMENT_3D ( 'NONE', #8243, #2981, #4585 ) ;
#7938 = EDGE_LOOP ( 'NONE', ( #6312, #6585, #498, #6473, #9516, #7981, #8857, #2757 ) ) ;
#7939 = FACE_OUTER_BOUND ( 'NONE', #6315, .T. ) ;
#7940 = CARTESIAN_POINT ( 'NONE',  ( 94.16753579095916393, -37.00000000000002132, -105.0790194848172519 ) ) ;
#7941 = CARTESIAN_POINT ( 'NONE',  ( -80.00000000000000000, -40.00000000000000000, -146.0000000000000000 ) ) ;
#7942 = CARTESIAN_POINT ( 'NONE',  ( 87.90905617393801208, 146.0925566279290706, -67.29999999999999716 ) ) ;
#7943 = CARTESIAN_POINT ( 'NONE',  ( -89.59999999999999432, 153.3320508075680095, 110.8038475772950022 ) ) ;
#7944 = EDGE_CURVE ( 'NONE', #5968, #3560, #7876, .T. ) ;
#7945 = VECTOR ( 'NONE', #2245, 1000.000000000000114 ) ;
#7946 = DIRECTION ( 'NONE',  ( -8.673617379884039170E-17, 1.000000000000000000, 0.000000000000000000 ) ) ;
#7947 = LINE ( 'NONE', #1342, #1084 ) ;
#7948 = LINE ( 'NONE', #7282, #8950 ) ;
#7949 = EDGE_CURVE ( 'NONE', #2113, #3939, #5081, .T. ) ;
#7950 = ORIENTED_EDGE ( 'NONE', *, *, #5594, .T. ) ;
#7951 = ORIENTED_EDGE ( 'NONE', *, *, #6420, .T. ) ;
#7952 = VECTOR ( 'NONE', #1890, 1000.000000000000227 ) ;
#7953 = ORIENTED_EDGE ( 'NONE', *, *, #3392, .F. ) ;
#7954 = DIRECTION ( 'NONE',  ( -0.9998431522690400808, 0.01770703517081724868, -0.0003629961000213785278 ) ) ;
#7955 = DIRECTION ( 'NONE',  ( -0.1658845202397589147, 0.9861451850233945438, 1.451076502248855178E-16 ) ) ;
#7956 = CARTESIAN_POINT ( 'NONE',  ( -71.32499444667388389, 140.3236975331368512, 61.25008300580435616 ) ) ;
#7957 = CARTESIAN_POINT ( 'NONE',  ( 82.02720911791283243, 153.4501078753494028, -69.30000000000001137 ) ) ;
#7958 = CARTESIAN_POINT ( 'NONE',  ( -47.74523701612557147, 149.6303715112452437, 81.18723551692750107 ) ) ;
#7959 = VECTOR ( 'NONE', #1717, 1000.000000000000000 ) ;
#7960 = VECTOR ( 'NONE', #127, 1000.000000000000000 ) ;
#7961 = ORIENTED_EDGE ( 'NONE', *, *, #5645, .F. ) ;
#7962 = CARTESIAN_POINT ( 'NONE',  ( 45.10735046575620544, 160.0000000001089404, -142.4865537459129428 ) ) ;
#7963 = ORIENTED_EDGE ( 'NONE', *, *, #8399, .F. ) ;
#7964 = VERTEX_POINT ( 'NONE', #744 ) ;
#7965 = AXIS2_PLACEMENT_3D ( 'NONE', #2360, #6090, #3081 ) ;
#7966 = DIRECTION ( 'NONE',  ( 0.9998476951563912696, 0.01745240643728350471, -3.503998260924795306E-16 ) ) ;
#7967 = CARTESIAN_POINT ( 'NONE',  ( -52.45405888577998610, -39.73909024404117218, -140.6805153935654857 ) ) ;
#7968 = CARTESIAN_POINT ( 'NONE',  ( 65.23931940056858991, 135.7344127522115969, 28.87183192954764621 ) ) ;
#7969 = CARTESIAN_POINT ( 'NONE',  ( 89.13131502466352174, -37.00000000000001421, -113.3910576730266939 ) ) ;
#7970 = LINE ( 'NONE', #6491, #5395 ) ;
#7971 = AXIS2_PLACEMENT_3D ( 'NONE', #3079, #4630, #6906 ) ;
#7972 = CARTESIAN_POINT ( 'NONE',  ( 92.44725398510553305, -37.00000000000000000, -95.95448846517709285 ) ) ;
#7973 = ORIENTED_EDGE ( 'NONE', *, *, #3936, .T. ) ;
#7974 = VERTEX_POINT ( 'NONE', #8735 ) ;
#7975 = LINE ( 'NONE', #654, #3664 ) ;
#7976 = CARTESIAN_POINT ( 'NONE',  ( 91.39424249940431366, 23.32698761257565323, -72.30200000000000671 ) ) ;
#7977 = CARTESIAN_POINT ( 'NONE',  ( 13.00000000000000355, -40.00200000000000244, -76.00000000000000000 ) ) ;
#7978 = VECTOR ( 'NONE', #8901, 1000.000000000000000 ) ;
#7979 = CARTESIAN_POINT ( 'NONE',  ( 1.999999999999999556, -24.00000000000000000, -140.0000000000000000 ) ) ;
#7980 = EDGE_CURVE ( 'NONE', #8573, #3484, #2891, .T. ) ;
#7981 = ORIENTED_EDGE ( 'NONE', *, *, #5956, .T. ) ;
#7982 = CARTESIAN_POINT ( 'NONE',  ( -64.93805426076399101, 153.2536594167472686, 59.49625015565940345 ) ) ;
#7983 = CARTESIAN_POINT ( 'NONE',  ( -77.49871107933347503, -39.94797495394665532, -72.99909189944327181 ) ) ;
#7984 = EDGE_LOOP ( 'NONE', ( #1289, #6690, #6501, #7410 ) ) ;
#7985 = EDGE_CURVE ( 'NONE', #4348, #810, #6956, .T. ) ;
#7986 = CARTESIAN_POINT ( 'NONE',  ( -79.82544935071771874, -30.00000000000005329, -72.82544935071787506 ) ) ;
#7987 = ORIENTED_EDGE ( 'NONE', *, *, #45, .T. ) ;
#7988 = CARTESIAN_POINT ( 'NONE',  ( 90.25949279770101441, -39.74766850312967392, -117.2491289721238417 ) ) ;
#7989 = CARTESIAN_POINT ( 'NONE',  ( 94.28097601837551167, -37.00000000000000711, -104.4459351450989288 ) ) ;
#7990 = DIRECTION ( 'NONE',  ( 0.03309480886939070859, 0.9477113291335267364, -0.3174082076094799088 ) ) ;
#7991 = CARTESIAN_POINT ( 'NONE',  ( 81.01109385514089922, 153.9505416254005752, -67.30000000000001137 ) ) ;
#7992 = VECTOR ( 'NONE', #2970, 1000.000000000000000 ) ;
#7993 = ADVANCED_FACE ( 'NONE', ( #5807 ), #650, .F. ) ;
#7994 = CARTESIAN_POINT ( 'NONE',  ( -75.42258635570736658, -37.00000000000000711, -109.8267140997815972 ) ) ;
#7995 = CARTESIAN_POINT ( 'NONE',  ( -91.80000000000001137, 153.3300508075680000, 218.0182069312400017 ) ) ;
#7996 = CARTESIAN_POINT ( 'NONE',  ( 64.45826928475719342, 160.0000000000000000, -112.6820058868550376 ) ) ;
#7997 = DIRECTION ( 'NONE',  ( 6.970975628731151572E-17, -0.01745240643728390717, 0.9998476951563912696 ) ) ;
#7998 = ORIENTED_EDGE ( 'NONE', *, *, #7434, .T. ) ;
#7999 = AXIS2_PLACEMENT_3D ( 'NONE', #9152, #980, #9063 ) ;
#8000 = VERTEX_POINT ( 'NONE', #7205 ) ;
#8001 = EDGE_CURVE ( 'NONE', #9097, #630, #5133, .T. ) ;
#8002 = ORIENTED_EDGE ( 'NONE', *, *, #5098, .T. ) ;
#8003 = CARTESIAN_POINT ( 'NONE',  ( -98.53782217350889994, 153.3320508075674979, 215.9038475772950392 ) ) ;
#8004 = LINE ( 'NONE', #8670, #9307 ) ;
#8005 = CARTESIAN_POINT ( 'NONE',  ( -73.60238298204380669, 140.3289566027876845, 56.47943999192629150 ) ) ;
#8006 = CARTESIAN_POINT ( 'NONE',  ( -80.00000000000000000, 140.0000000000000000, -122.8550417520426095 ) ) ;
#8007 = CARTESIAN_POINT ( 'NONE',  ( -46.46822449921815235, 151.9280815090750423, 79.91030560946713024 ) ) ;
#8008 = VERTEX_POINT ( 'NONE', #2986 ) ;
#8009 = CARTESIAN_POINT ( 'NONE',  ( 48.40338611005339686, 140.3924659666984383, -142.5290097012778006 ) ) ;
#8010 = ORIENTED_EDGE ( 'NONE', *, *, #56, .F. ) ;
#8011 = ORIENTED_EDGE ( 'NONE', *, *, #6301, .F. ) ;
#8012 = CARTESIAN_POINT ( 'NONE',  ( 91.77819544102453619, 1.330338319135319747, -72.30200000000000671 ) ) ;
#8013 = DIRECTION ( 'NONE',  ( -0.03309480886939043798, -0.9477113291335365064, 0.3174082076094508209 ) ) ;
#8014 = CARTESIAN_POINT ( 'NONE',  ( -79.45619591289896277, -39.88828397178317431, -103.3613002573768682 ) ) ;
#8015 = LINE ( 'NONE', #3662, #9496 ) ;
#8016 = VECTOR ( 'NONE', #8436, 1000.000000000000114 ) ;
#8017 = VECTOR ( 'NONE', #7046, 1000.000000000000000 ) ;
#8018 = DIRECTION ( 'NONE',  ( 0.000000000000000000, -1.000000000000000000, -1.583748323458199862E-16 ) ) ;
#8019 = CARTESIAN_POINT ( 'NONE',  ( 89.42982730991113272, 23.29269861789710205, -74.00000000000000000 ) ) ;
#8020 = ORIENTED_EDGE ( 'NONE', *, *, #1231, .F. ) ;
#8021 = ORIENTED_EDGE ( 'NONE', *, *, #7466, .F. ) ;
#8022 = DIRECTION ( 'NONE',  ( -1.000000000000000000, 5.551115123125779621E-17, 1.922270984668059849E-16 ) ) ;
#8023 = CARTESIAN_POINT ( 'NONE',  ( 91.44413207354040196, 20.46881582454643933, -72.93775668596316564 ) ) ;
#8024 = CARTESIAN_POINT ( 'NONE',  ( 23.15782101921628566, 62.00008011276297282, 88.81277251741039436 ) ) ;
#8025 = DIRECTION ( 'NONE',  ( 8.662788893766868312E-15, 0.000000000000000000, -1.000000000000000000 ) ) ;
#8026 = CARTESIAN_POINT ( 'NONE',  ( -58.82130802815451887, 157.2779167602811867, 53.37955744089138221 ) ) ;
#8027 = LINE ( 'NONE', #9417, #2319 ) ;
#8028 = AXIS2_PLACEMENT_3D ( 'NONE', #931, #8879, #7443 ) ;
#8029 = ORIENTED_EDGE ( 'NONE', *, *, #8567, .T. ) ;
#8030 = DIRECTION ( 'NONE',  ( 0.007029330291921303403, 0.4027100627160990487, 0.9153006030276844562 ) ) ;
#8031 = EDGE_LOOP ( 'NONE', ( #6344, #403, #458, #5994 ) ) ;
#8032 = ORIENTED_EDGE ( 'NONE', *, *, #389, .T. ) ;
#8033 = CARTESIAN_POINT ( 'NONE',  ( 91.16278430866734084, -39.76342013681105669, -115.2032199431007058 ) ) ;
#8034 = CARTESIAN_POINT ( 'NONE',  ( 91.55999669070615710, -37.00000000000002842, -114.2193432182275643 ) ) ;
#8035 = CARTESIAN_POINT ( 'NONE',  ( 72.37449297208588916, 157.4922888848199705, -72.94468007648828234 ) ) ;
#8036 = CARTESIAN_POINT ( 'NONE',  ( 88.09839331020330633, 145.6561838916433942, -67.30000000000001137 ) ) ;
#8037 = ORIENTED_EDGE ( 'NONE', *, *, #1171, .F. ) ;
#8038 = CARTESIAN_POINT ( 'NONE',  ( -68.90688191920369832, -36.99999999999998579, -123.1332702568135460 ) ) ;
#8039 = CARTESIAN_POINT ( 'NONE',  ( -50.83310618128142266, 157.5000000000000284, -111.0070718761069486 ) ) ;
#8040 = CARTESIAN_POINT ( 'NONE',  ( 89.43122216315489936, 137.8101645261783972, -69.29999999999999716 ) ) ;
#8041 = DIRECTION ( 'NONE',  ( -0.01745240643728340063, 0.9998476951563911586, 0.000000000000000000 ) ) ;
#8042 = VERTEX_POINT ( 'NONE', #4356 ) ;
#8043 = ORIENTED_EDGE ( 'NONE', *, *, #1764, .T. ) ;
#8044 = EDGE_CURVE ( 'NONE', #853, #536, #8684, .T. ) ;
#8045 = CARTESIAN_POINT ( 'NONE',  ( 88.05292805833144598, 146.6241021539790950, -66.37979494879712661 ) ) ;
#8046 = DIRECTION ( 'NONE',  ( -0.9998476951563911586, -0.01745240643728765417, 0.000000000000000000 ) ) ;
#8047 = CARTESIAN_POINT ( 'NONE',  ( -73.78679081721354294, 140.3276374036545917, 55.83364221725829424 ) ) ;
#8048 = FACE_OUTER_BOUND ( 'NONE', #6039, .T. ) ;
#8049 = CARTESIAN_POINT ( 'NONE',  ( -45.80549550540957426, 152.8722034498204039, 79.24749402833968759 ) ) ;
#8050 = EDGE_CURVE ( 'NONE', #2475, #3682, #695, .T. ) ;
#8051 = ORIENTED_EDGE ( 'NONE', *, *, #2870, .F. ) ;
#8052 = ADVANCED_FACE ( 'NONE', ( #600 ), #6677, .F. ) ;
#8053 = CARTESIAN_POINT ( 'NONE',  ( 54.82137686805011612, 140.4283460392381073, -141.2518177594803035 ) ) ;
#8054 = EDGE_CURVE ( 'NONE', #9193, #5825, #5912, .T. ) ;
#8055 = ORIENTED_EDGE ( 'NONE', *, *, #3139, .F. ) ;
#8056 = ORIENTED_EDGE ( 'NONE', *, *, #2158, .T. ) ;
#8057 = CARTESIAN_POINT ( 'NONE',  ( -38.55820279229492797, 140.3136942287282807, 88.35223193968099054 ) ) ;
#8058 = CARTESIAN_POINT ( 'NONE',  ( 3.833763283077565642, 142.6932016313481881, 85.90038308156395885 ) ) ;
#8059 = CARTESIAN_POINT ( 'NONE',  ( -63.33646392579129980, -39.69158066576336807, -133.3712023605779962 ) ) ;
#8060 = CARTESIAN_POINT ( 'NONE',  ( 66.99999995646643924, 159.8769788248790178, 2.243544518230236484 ) ) ;
#8061 = DIRECTION ( 'NONE',  ( 1.000000000000000000, -1.110223024625155801E-16, -0.000000000000000000 ) ) ;
#8062 = EDGE_CURVE ( 'NONE', #7559, #4126, #6581, .T. ) ;
#8063 = DIRECTION ( 'NONE',  ( 0.000000000000000000, 0.000000000000000000, -1.000000000000000000 ) ) ;
#8064 = LINE ( 'NONE', #4404, #8167 ) ;
#8065 = ORIENTED_EDGE ( 'NONE', *, *, #7631, .T. ) ;
#8066 = VERTEX_POINT ( 'NONE', #60 ) ;
#8067 = DIRECTION ( 'NONE',  ( 1.000000000000000000, 0.000000000000000000, 0.000000000000000000 ) ) ;
#8068 = FACE_OUTER_BOUND ( 'NONE', #7592, .T. ) ;
#8069 = DIRECTION ( 'NONE',  ( 0.9861451850233885486, 0.1658845202397945251, 0.000000000000000000 ) ) ;
#8070 = CARTESIAN_POINT ( 'NONE',  ( 91.72800066063220470, 4.188553008706970004, -72.93765362660852247 ) ) ;
#8071 = ORIENTED_EDGE ( 'NONE', *, *, #9402, .T. ) ;
#8072 = DIRECTION ( 'NONE',  ( -0.01745240643729093974, 0.9998476951563910475, 3.227392513446949134E-15 ) ) ;
#8073 = CARTESIAN_POINT ( 'NONE',  ( -42.00000000000000000, -40.00200000000000244, -76.00199999999999534 ) ) ;
#8074 = EDGE_LOOP ( 'NONE', ( #422, #5933, #5558, #382 ) ) ;
#8075 = LINE ( 'NONE', #7362, #2766 ) ;
#8076 = VERTEX_POINT ( 'NONE', #3517 ) ;
#8077 = CARTESIAN_POINT ( 'NONE',  ( -30.00761524218049914, -37.00000000000000000, -146.0000000000000000 ) ) ;
#8078 = DIRECTION ( 'NONE',  ( 7.231268945543358372E-17, -1.583748323458199862E-16, 1.000000000000000000 ) ) ;
#8079 = DIRECTION ( 'NONE',  ( 0.01744177813809420080, -0.9992388003036514199, -0.03489418781259937680 ) ) ;
#8080 = CARTESIAN_POINT ( 'NONE',  ( -2.790570915857985668, 157.2749529856020843, 72.83317778359682393 ) ) ;
#8081 = DIRECTION ( 'NONE',  ( 3.521488656232920374E-16, 0.000000000000000000, 1.000000000000000000 ) ) ;
#8082 = DIRECTION ( 'NONE',  ( 0.000000000000000000, -1.000000000000000000, 0.000000000000000000 ) ) ;
#8083 = LINE ( 'NONE', #7422, #8317 ) ;
#8084 = VECTOR ( 'NONE', #9142, 1000.000000000000227 ) ;
#8085 = LINE ( 'NONE', #5154, #5419 ) ;
#8086 = ORIENTED_EDGE ( 'NONE', *, *, #6636, .F. ) ;
#8087 = ORIENTED_EDGE ( 'NONE', *, *, #7928, .T. ) ;
#8088 = CARTESIAN_POINT ( 'NONE',  ( 88.16452524454601303, 146.3457208512579371, -66.38952953573669902 ) ) ;
#8089 = FACE_OUTER_BOUND ( 'NONE', #2612, .T. ) ;
#8090 = AXIS2_PLACEMENT_3D ( 'NONE', #4023, #996, #5528 ) ;
#8091 = CARTESIAN_POINT ( 'NONE',  ( -74.16689493752375029, 140.3205374998306354, 53.95214330889605492 ) ) ;
#8092 = DIRECTION ( 'NONE',  ( 0.01770703400385724782, 0.9998432181624573589, 6.428592596638659866E-06 ) ) ;
#8093 = EDGE_CURVE ( 'NONE', #3191, #1079, #7970, .T. ) ;
#8094 = CARTESIAN_POINT ( 'NONE',  ( -44.44366719315853231, 154.4025149604636908, 77.88572260228092148 ) ) ;
#8095 = ORIENTED_EDGE ( 'NONE', *, *, #4642, .T. ) ;
#8096 = AXIS2_PLACEMENT_3D ( 'NONE', #2848, #701, #1516 ) ;
#8097 = DIRECTION ( 'NONE',  ( 1.000000000000000000, 0.000000000000000000, 0.000000000000000000 ) ) ;
#8098 = CARTESIAN_POINT ( 'NONE',  ( 70.32318189294437616, 160.0000000000000000, -102.5252698231934261 ) ) ;
#8099 = ORIENTED_EDGE ( 'NONE', *, *, #1755, .T. ) ;
#8100 = EDGE_CURVE ( 'NONE', #1573, #158, #9502, .T. ) ;
#8101 = VERTEX_POINT ( 'NONE', #8208 ) ;
#8102 = DIRECTION ( 'NONE',  ( -0.03309480886938852284, -0.9477113291335368395, 0.3174082076094497107 ) ) ;
#8103 = ADVANCED_FACE ( 'NONE', ( #245 ), #4545, .T. ) ;
#8104 = CARTESIAN_POINT ( 'NONE',  ( 7.336296776011702825, 143.6315009352969980, 82.96004486969889058 ) ) ;
#8105 = EDGE_CURVE ( 'NONE', #6598, #7606, #9014, .T. ) ;
#8106 = CARTESIAN_POINT ( 'NONE',  ( -65.61351094536482265, -39.69162199533733570, -131.0910286486779341 ) ) ;
#8107 = AXIS2_PLACEMENT_3D ( 'NONE', #5769, #6545, #5677 ) ;
#8108 = CARTESIAN_POINT ( 'NONE',  ( -79.81911006053675806, -29.63682230876177215, -72.00000000000001421 ) ) ;
#8109 = DIRECTION ( 'NONE',  ( 0.9998476951563912696, 0.01745240643728360533, -3.503998260924795799E-16 ) ) ;
#8110 = DIRECTION ( 'NONE',  ( -1.000000000000000000, -0.000000000000000000, -0.000000000000000000 ) ) ;
#8111 = DIRECTION ( 'NONE',  ( -0.01744974916068250947, 0.9996954598818874604, 0.01744974916068290499 ) ) ;
#8112 = VECTOR ( 'NONE', #4566, 1000.000000000000000 ) ;
#8113 = ORIENTED_EDGE ( 'NONE', *, *, #9254, .F. ) ;
#8114 = AXIS2_PLACEMENT_3D ( 'NONE', #2129, #6579, #4448 ) ;
#8115 = B_SPLINE_CURVE_WITH_KNOTS ( 'NONE', 3,
 ( #2838, #6673, #5802, #57, #7919, #8014, #2078, #8732, #7391, #1312, #4247, #3713, #6533, #2942, #2178, #8828, #9400, #4447, #2888, #5909, #6577, #2223, #2128, #4351, #5173, #1506, #5712, #9446, #2795, #1455, #5859, #8637, #741, #8780, #5129, #8106, #3514, #2038, #597, #5756, #8681, #8059, #3610, #5077, #5024, #7298, #7967, #1362, #691, #4298, #3661, #6625, #9, #6715, #3124, #3028, #3955, #241, #1643, #7440, #973, #8339, #3170, #3811, #6140, #881, #4589, #7528, #6003, #7480, #6088, #6760, #152, #2271 ),
 .UNSPECIFIED., .F., .F.,
 ( 4, 2, 2, 2, 1, 1, 1, 1, 1, 2, 2, 2, 2, 1, 1, 2, 2, 2, 2, 2, 1, 1, 1, 1, 1, 2, 2, 2, 2, 2, 1, 1, 1, 1, 1, 2, 2, 2, 2, 1, 1, 1, 1, 1, 2, 2, 2, 4 ),
 ( 0.000000000000000000, 0.06250000000002685352, 0.09375000000004056477, 0.1093750000000474065, 0.1171875000000506123, 0.1210937500000524303, 0.1230468750000533878, 0.1240234375000541095, 0.1245117187500544287, 0.1247558593750543732, 0.1250000000000543177, 0.1875000000000904554, 0.2187500000001087463, 0.2343750000001181555, 0.2421875000001230960, 0.2460937500001252332, 0.2500000000001273426, 0.3750000000002010059, 0.4375000000002379208, 0.4687500000002564060, 0.4843750000002652323, 0.4921875000002700618, 0.4960937500002726153, 0.4980468750002741141, 0.4990234375002744471, 0.4995117187502744471, 0.5000000000002744471, 0.6250000000001748601, 0.6875000000001251221, 0.7187500000001002531, 0.7343750000000877076, 0.7421875000000812683, 0.7460937500000781597, 0.7480468750000767164, 0.7490234375000760503, 0.7495117187500758282, 0.7500000000000754952, 0.8125000000000525135, 0.8437500000000407452, 0.8593750000000347500, 0.8671875000000316414, 0.8710937500000301981, 0.8730468750000295319, 0.8740234375000290878, 0.8745117187500289768, 0.8750000000000288658, 0.9375000000000144329, 1.000000000000000000 ),
 .UNSPECIFIED. ) ;
#8116 = ADVANCED_FACE ( 'NONE', ( #9060 ), #1600, .F. ) ;
#8117 = CARTESIAN_POINT ( 'NONE',  ( 90.39800000000001035, 56.73005080756779961, 196.8038475772949880 ) ) ;
#8118 = LINE ( 'NONE', #3721, #3784 ) ;
#8119 = EDGE_CURVE ( 'NONE', #8141, #6992, #6143, .T. ) ;
#8120 = LINE ( 'NONE', #8170, #8584 ) ;
#8121 = CARTESIAN_POINT ( 'NONE',  ( 86.21456493007781319, 153.9487196463866212, -66.12426748498644713 ) ) ;
#8122 = EDGE_CURVE ( 'NONE', #3704, #8403, #107, .T. ) ;
#8123 = ORIENTED_EDGE ( 'NONE', *, *, #4477, .F. ) ;
#8124 = VECTOR ( 'NONE', #1075, 1000.000000000000000 ) ;
#8125 = EDGE_LOOP ( 'NONE', ( #8959, #2615, #673, #5642, #2024, #7896 ) ) ;
#8126 = PLANE ( 'NONE',  #1557 ) ;
#8127 = DIRECTION ( 'NONE',  ( -0.9998476951563954884, -0.01745240643703344086, 0.000000000000000000 ) ) ;
#8128 = DIRECTION ( 'NONE',  ( -0.007228834559800908707, -0.9998215707699757981, 0.01745195043442239816 ) ) ;
#8129 = ADVANCED_FACE ( 'NONE', ( #3034 ), #2193, .F. ) ;
#8130 = ORIENTED_EDGE ( 'NONE', *, *, #2056, .F. ) ;
#8131 = CARTESIAN_POINT ( 'NONE',  ( -74.30611947408311835, 140.3054171126524636, -75.99793301705381054 ) ) ;
#8132 = VECTOR ( 'NONE', #6703, 1000.000000000000114 ) ;
#8133 = CARTESIAN_POINT ( 'NONE',  ( 89.34447674939553963, 140.7563651917993184, -72.93851897222009484 ) ) ;
#8134 = DIRECTION ( 'NONE',  ( 0.4999999999999998890, 0.000000000000000000, -0.8660254037844387076 ) ) ;
#8135 = FACE_OUTER_BOUND ( 'NONE', #6958, .T. ) ;
#8136 = EDGE_CURVE ( 'NONE', #336, #3875, #5415, .T. ) ;
#8137 = FACE_OUTER_BOUND ( 'NONE', #8125, .T. ) ;
#8138 = CARTESIAN_POINT ( 'NONE',  ( 22.75175518682805631, 62.00005460740565155, 91.53794934015392926 ) ) ;
#8139 = CARTESIAN_POINT ( 'NONE',  ( 84.43198368737289172, 137.7229024939919952, -67.29999999999999716 ) ) ;
#8140 = CARTESIAN_POINT ( 'NONE',  ( -89.59999999999999432, 153.3300508075680000, 217.8038475772949596 ) ) ;
#8141 = VERTEX_POINT ( 'NONE', #8292 ) ;
#8142 = PLANE ( 'NONE',  #3047 ) ;
#8143 = CARTESIAN_POINT ( 'NONE',  ( 66.52198665876329642, 157.6077730963902468, -66.00000000000001421 ) ) ;
#8144 = CIRCLE ( 'NONE', #613, 20.00000000000000355 ) ;
#8145 = CARTESIAN_POINT ( 'NONE',  ( -74.35101886696847373, 140.3069206391170951, 51.62908122995720106 ) ) ;
#8146 = CARTESIAN_POINT ( 'NONE',  ( 89.81378025153132683, 1.296049324456740814, -72.30200000000000671 ) ) ;
#8147 = EDGE_CURVE ( 'NONE', #7065, #1206, #1558, .T. ) ;
#8148 = CARTESIAN_POINT ( 'NONE',  ( -40.67888825596125457, 156.8817699008045281, 74.12129499048309356 ) ) ;
#8149 = ORIENTED_EDGE ( 'NONE', *, *, #6183, .F. ) ;
#8150 = VECTOR ( 'NONE', #6723, 1000.000000000000000 ) ;
#8151 = DIRECTION ( 'NONE',  ( 0.000000000000000000, -1.000000000000000000, 0.000000000000000000 ) ) ;
#8152 = LINE ( 'NONE', #5305, #9392 ) ;
#8153 = EDGE_CURVE ( 'NONE', #985, #8101, #4501, .T. ) ;
#8154 = VERTEX_POINT ( 'NONE', #2320 ) ;
#8155 = ORIENTED_EDGE ( 'NONE', *, *, #2158, .F. ) ;
#8156 = DIRECTION ( 'NONE',  ( -0.000000000000000000, -1.000000000000000000, 0.000000000000000000 ) ) ;
#8157 = CARTESIAN_POINT ( 'NONE',  ( 92.89999999999987779, 58.33205080756781058, 120.8038475772952012 ) ) ;
#8158 = CARTESIAN_POINT ( 'NONE',  ( 71.27796513499578168, 119.6813454765402156, -67.29800000000000182 ) ) ;
#8159 = EDGE_CURVE ( 'NONE', #9463, #3404, #2362, .T. ) ;
#8160 = CARTESIAN_POINT ( 'NONE',  ( 67.00008410885399712, 159.6700886616670516, 4.211152557518635930 ) ) ;
#8161 = CARTESIAN_POINT ( 'NONE',  ( -92.17174539372530262, 153.3300508075680000, 217.8035796281024830 ) ) ;
#8162 = ORIENTED_EDGE ( 'NONE', *, *, #5822, .F. ) ;
#8163 = CARTESIAN_POINT ( 'NONE',  ( 92.11799061394337684, -18.13651409970695738, -72.13336222320992874 ) ) ;
#8164 = LINE ( 'NONE', #2800, #5402 ) ;
#8165 = ORIENTED_EDGE ( 'NONE', *, *, #5303, .F. ) ;
#8166 = CARTESIAN_POINT ( 'NONE',  ( 67.12746537215200249, 156.4237452360825387, -67.29999999999999716 ) ) ;
#8167 = VECTOR ( 'NONE', #7349, 1000.000000000000000 ) ;
#8168 = CARTESIAN_POINT ( 'NONE',  ( -28.00000000000000000, -40.00066666711022378, -74.00000033300014479 ) ) ;
#8169 = ADVANCED_FACE ( 'NONE', ( #4821 ), #7764, .F. ) ;
#8170 = CARTESIAN_POINT ( 'NONE',  ( -89.59999999999999432, 154.9320508075680038, 217.8018475772949785 ) ) ;
#8171 = LINE ( 'NONE', #67, #414 ) ;
#8172 = ORIENTED_EDGE ( 'NONE', *, *, #7714, .T. ) ;
#8174 = ORIENTED_EDGE ( 'NONE', *, *, #3853, .F. ) ;
#8173 = CARTESIAN_POINT ( 'NONE',  ( -68.80921304580992626, 144.5304132372836534, 63.36711403806512521 ) ) ;
#8175 = LINE ( 'NONE', #2955, #8479 ) ;
#8176 = EDGE_CURVE ( 'NONE', #1481, #875, #7534, .T. ) ;
#8177 = LINE ( 'NONE', #2956, #4475 ) ;
#8178 = AXIS2_PLACEMENT_3D ( 'NONE', #1592, #2307, #3900 ) ;
#8179 = VERTEX_POINT ( 'NONE', #4635 ) ;
#8180 = CARTESIAN_POINT ( 'NONE',  ( 93.99326417214423657, -39.85549175884909090, -105.9763847525809979 ) ) ;
#8181 = CARTESIAN_POINT ( 'NONE',  ( 55.49410417915581917, -37.00000000000000711, -144.8879260225011762 ) ) ;
#8182 = DIRECTION ( 'NONE',  ( 0.1658845202397367935, -0.9861451850233983185, 0.000000000000000000 ) ) ;
#8183 = LINE ( 'NONE', #1480, #4715 ) ;
#8184 = DIRECTION ( 'NONE',  ( -2.558182173707144518E-17, 1.520780256872541994E-16, -1.000000000000000000 ) ) ;
#8185 = VECTOR ( 'NONE', #6217, 1000.000000000000227 ) ;
#8186 = CARTESIAN_POINT ( 'NONE',  ( -30.51461108497098706, 157.5000000000001137, -122.6880610619133449 ) ) ;
#8187 = LINE ( 'NONE', #1582, #1403 ) ;
#8188 = EDGE_CURVE ( 'NONE', #2284, #8814, #7037, .T. ) ;
#8189 = CARTESIAN_POINT ( 'NONE',  ( -68.39489049784532426, 151.9442264701403076, 71.33985679505026667 ) ) ;
#8190 = VECTOR ( 'NONE', #8799, 1000.000000000000114 ) ;
#8191 = ORIENTED_EDGE ( 'NONE', *, *, #6753, .T. ) ;
#8192 = LINE ( 'NONE', #6746, #1219 ) ;
#8193 = DIRECTION ( 'NONE',  ( 1.873065082678784805E-16, -4.855507225124589628E-17, 1.000000000000000000 ) ) ;
#8194 = LINE ( 'NONE', #8235, #2585 ) ;
#8195 = DIRECTION ( 'NONE',  ( -0.01744974916068288071, -0.9996954598818874604, -0.01744974916068225620 ) ) ;
#8196 = ORIENTED_EDGE ( 'NONE', *, *, #684, .T. ) ;
#8197 = DIRECTION ( 'NONE',  ( -1.000000000000000000, -2.022266248809774821E-21, 0.000000000000000000 ) ) ;
#8198 = CARTESIAN_POINT ( 'NONE',  ( 90.30346709707407626, 85.81746855984883382, -68.50320915700648072 ) ) ;
#8199 = EDGE_LOOP ( 'NONE', ( #8524, #2743, #7336, #289 ) ) ;
#8200 = B_SPLINE_CURVE_WITH_KNOTS ( 'NONE', 3,
 ( #8617, #4229, #577, #3492 ),
 .UNSPECIFIED., .F., .F.,
 ( 4, 4 ),
 ( 0.000000000000000000, 1.000000000000000000 ),
 .UNSPECIFIED. ) ;
#8201 = ORIENTED_EDGE ( 'NONE', *, *, #279, .F. ) ;
#8202 = CARTESIAN_POINT ( 'NONE',  ( 73.53957678632322370, 160.0000000000000284, -66.00000000000000000 ) ) ;
#8203 = CARTESIAN_POINT ( 'NONE',  ( 89.30785404515467008, 140.9411617123737415, -67.29999999999999716 ) ) ;
#8204 = CARTESIAN_POINT ( 'NONE',  ( -47.81287078130869617, 150.6519899700466567, 88.68801782854765747 ) ) ;
#8205 = CARTESIAN_POINT ( 'NONE',  ( 71.79649834968950017, 116.7264221947488068, -67.29999999999999716 ) ) ;
#8206 = DIRECTION ( 'NONE',  ( -5.390695917567118667E-33, -4.855507225124589012E-17, 1.000000000000000000 ) ) ;
#8207 = ORIENTED_EDGE ( 'NONE', *, *, #3868, .T. ) ;
#8208 = CARTESIAN_POINT ( 'NONE',  ( 121.8999999999999915, 153.3320508075674979, 120.8038475772951870 ) ) ;
#8209 = CARTESIAN_POINT ( 'NONE',  ( 66.99999999999998579, 156.9652534881812755, 5.826033268243156371 ) ) ;
#8210 = ORIENTED_EDGE ( 'NONE', *, *, #900, .T. ) ;
#8211 = ADVANCED_FACE ( 'NONE', ( #6517 ), #8565, .T. ) ;
#8212 = EDGE_CURVE ( 'NONE', #5596, #2123, #9429, .T. ) ;
#8213 = CARTESIAN_POINT ( 'NONE',  ( -75.80498271209060590, 54.72141679923198154, 53.45029952563202613 ) ) ;
#8214 = CARTESIAN_POINT ( 'NONE',  ( 66.69415641561936070, 148.7417856527231379, 24.83392380272410094 ) ) ;
#8215 = CARTESIAN_POINT ( 'NONE',  ( 10.40000000000000213, 58.33205080756781058, 95.40384757729519549 ) ) ;
#8216 = CARTESIAN_POINT ( 'NONE',  ( 91.11719093286301074, 145.4527327653062514, -66.42151943420776661 ) ) ;
#8217 = PLANE ( 'NONE',  #634 ) ;
#8218 = CARTESIAN_POINT ( 'NONE',  ( -79.23094488660632351, -36.99999999999998579, -104.3949514129846392 ) ) ;
#8219 = LINE ( 'NONE', #169, #6334 ) ;
#8220 = EDGE_LOOP ( 'NONE', ( #238, #6936, #5775, #3075 ) ) ;
#8221 = EDGE_LOOP ( 'NONE', ( #2242, #4057, #4089, #2975, #7437, #2734, #1594, #7292, #9214, #3302, #4075, #8043, #734, #3729 ) ) ;
#8222 = CARTESIAN_POINT ( 'NONE',  ( 77.63861295488742087, 140.4318592586539012, -124.2428625748744935 ) ) ;
#8223 = CARTESIAN_POINT ( 'NONE',  ( 54.80020527167776123, -37.00000000000000711, -145.0295460181387455 ) ) ;
#8224 = CARTESIAN_POINT ( 'NONE',  ( 65.53574815882134885, 156.2352481262193464, -68.52832253338981161 ) ) ;
#8225 = CARTESIAN_POINT ( 'NONE',  ( -104.5999999999999801, 56.73205080756780205, 95.40384757729519549 ) ) ;
#8226 = LINE ( 'NONE', #2382, #8743 ) ;
#8227 = CARTESIAN_POINT ( 'NONE',  ( -37.92989053607946914, 157.5000000000000000, -120.7379193030742073 ) ) ;
#8228 = CARTESIAN_POINT ( 'NONE',  ( 65.90338470848188024, 156.2838811860935664, -68.89893301848115925 ) ) ;
#8229 = DIRECTION ( 'NONE',  ( -0.000000000000000000, -0.000000000000000000, -1.000000000000000000 ) ) ;
#8230 = ORIENTED_EDGE ( 'NONE', *, *, #7928, .F. ) ;
#8231 = DIRECTION ( 'NONE',  ( -1.239088197126289584E-16, 1.000000000000000000, 9.714451465470124659E-17 ) ) ;
#8232 = FACE_OUTER_BOUND ( 'NONE', #4087, .T. ) ;
#8233 = EDGE_CURVE ( 'NONE', #1300, #1612, #5595, .T. ) ;
#8234 = B_SPLINE_CURVE_WITH_KNOTS ( 'NONE', 3,
 ( #4269, #8514, #617, #4814, #2674, #9421, #7801, #1911, #1144, #6509, #1191, #5631, #5000, #7127, #2722, #2010, #7169, #4127, #2815, #4076, #8610, #474, #5778, #7029, #6364, #8556, #4905, #7851, #4179, #525, #3435, #5686, #4954, #570, #3485, #6458, #9371, #2768, #5146, #5975, #2101, #3051, #8895, #764, #6554, #74, #2291, #7988, #5100, #2198, #3000, #9468, #1433, #5924, #8033, #2861, #7414, #1477, #5880, #665, #5241, #4372, #2243, #812, #8180, #3730, #3583, #3683, #6645, #7318, #4419, #29, #8753, #1575 ),
 .UNSPECIFIED., .F., .F.,
 ( 4, 2, 2, 2, 1, 1, 1, 1, 1, 2, 2, 2, 2, 1, 1, 2, 2, 2, 2, 2, 1, 1, 1, 1, 1, 2, 2, 2, 2, 2, 1, 1, 1, 1, 1, 2, 2, 2, 2, 1, 1, 1, 1, 1, 2, 2, 2, 4 ),
 ( 0.000000000000000000, 0.06249999999993398336, 0.09374999999990096811, 0.1093749999998843980, 0.1171874999998760158, 0.1210937499998716999, 0.1230468749998694517, 0.1240234374998682304, 0.1245117187498677030, 0.1247558593748675365, 0.1249999999998673561, 0.1874999999998565037, 0.2187499999998510913, 0.2343749999998480937, 0.2421874999998467615, 0.2460937499998465672, 0.2499999999998463451, 0.3749999999998503419, 0.4374999999998520628, 0.4687499999998528399, 0.4843749999998535061, 0.4921874999998537281, 0.4960937499998539502, 0.4980468749998541167, 0.4990234374998542277, 0.4995117187498540057, 0.4999999999998538946, 0.6249999999998991917, 0.6874999999999216183, 0.7187499999999324984, 0.7343749999999382716, 0.7421874999999410472, 0.7460937499999427125, 0.7480468749999432676, 0.7490234374999434896, 0.7495117187499438227, 0.7499999999999441558, 0.8124999999999874545, 0.8437500000000091038, 0.8593750000000198730, 0.8671875000000250910, 0.8710937500000275335, 0.8730468750000286438, 0.8740234375000291989, 0.8745117187500294209, 0.8750000000000296430, 0.9375000000000148770, 1.000000000000000000 ),
 .UNSPECIFIED. ) ;
#8235 = CARTESIAN_POINT ( 'NONE',  ( 76.21066335048271867, 120.5110998467795724, -69.29999999999999716 ) ) ;
#8236 = CARTESIAN_POINT ( 'NONE',  ( -52.11949948336355476, 62.00000000000002132, 86.36261118217045407 ) ) ;
#8237 = EDGE_LOOP ( 'NONE', ( #6591, #2697, #760, #8802, #1348, #4556 ) ) ;
#8238 = CARTESIAN_POINT ( 'NONE',  ( -4.768706341644588065, 140.1626628929270453, 90.85438026068496242 ) ) ;
#8239 = EDGE_LOOP ( 'NONE', ( #5998, #2146, #1498, #8569, #3446, #4013, #7676, #7375 ) ) ;
#8240 = AXIS2_PLACEMENT_3D ( 'NONE', #2549, #3221, #338 ) ;
#8241 = ORIENTED_EDGE ( 'NONE', *, *, #7799, .F. ) ;
#8242 = ORIENTED_EDGE ( 'NONE', *, *, #4785, .T. ) ;
#8243 = CARTESIAN_POINT ( 'NONE',  ( 2.399999999999930189, 153.3320508075674979, 95.40384757729519549 ) ) ;
#8244 = CARTESIAN_POINT ( 'NONE',  ( -49.01291343501352316, 140.4683554534984182, -137.7927208072884753 ) ) ;
#8245 = CARTESIAN_POINT ( 'NONE',  ( -51.61950938334554451, 154.1538291961597622, 78.97765988347120469 ) ) ;
#8246 = DIRECTION ( 'NONE',  ( 0.000000000000000000, 0.9998476951563911586, 0.01745240643728390370 ) ) ;
#8247 = CARTESIAN_POINT ( 'NONE',  ( -74.60690714079633779, 140.4368971316654040, -107.6879955878237354 ) ) ;
#8248 = CARTESIAN_POINT ( 'NONE',  ( -0.1721783756612558502, 140.1423300313112463, 88.35446294710469317 ) ) ;
#8249 = CARTESIAN_POINT ( 'NONE',  ( 65.69047114405950083, 120.0000000000000142, 35.30952885594052049 ) ) ;
#8250 = ORIENTED_EDGE ( 'NONE', *, *, #9424, .F. ) ;
#8251 = VECTOR ( 'NONE', #6338, 1000.000000000000000 ) ;
#8252 = LINE ( 'NONE', #6769, #8606 ) ;
#8253 = CARTESIAN_POINT ( 'NONE',  ( 66.71392141108448470, 149.3077810689981959, 24.41647624171990927 ) ) ;
#8254 = CARTESIAN_POINT ( 'NONE',  ( 91.44659971871611504, 20.32744452710649696, -26.00000000000000355 ) ) ;
#8255 = DIRECTION ( 'NONE',  ( 1.000000000000000000, -0.000000000000000000, 0.000000000000000000 ) ) ;
#8256 = CARTESIAN_POINT ( 'NONE',  ( -69.21449417391524150, 141.3609917878946192, 63.77250289927695093 ) ) ;
#8257 = CARTESIAN_POINT ( 'NONE',  ( -59.79153553960932044, -37.00000000000000711, -136.0862646190063288 ) ) ;
#8258 = AXIS2_PLACEMENT_3D ( 'NONE', #6814, #199, #4145 ) ;
#8259 = VECTOR ( 'NONE', #3782, 1000.000000000000000 ) ;
#8260 = CARTESIAN_POINT ( 'NONE',  ( -78.35817942464521479, 54.05983776666710128, 52.03692613787970345 ) ) ;
#8261 = ORIENTED_EDGE ( 'NONE', *, *, #7584, .F. ) ;
#8262 = ORIENTED_EDGE ( 'NONE', *, *, #1216, .T. ) ;
#8263 = ORIENTED_EDGE ( 'NONE', *, *, #2497, .T. ) ;
#8264 = DIRECTION ( 'NONE',  ( -0.000000000000000000, 1.156482317317874092E-15, 1.000000000000000000 ) ) ;
#8265 = LINE ( 'NONE', #175, #3204 ) ;
#8266 = CARTESIAN_POINT ( 'NONE',  ( 5.380459993022141951, 154.1116955922587692, 81.00420808670939721 ) ) ;
#8267 = AXIS2_PLACEMENT_3D ( 'NONE', #6440, #9354, #2752 ) ;
#8268 = DIRECTION ( 'NONE',  ( -6.938893903900288623E-12, 0.000000000000000000, -1.000000000000000000 ) ) ;
#8269 = CARTESIAN_POINT ( 'NONE',  ( 90.25110987776220384, 88.81701164531804693, -72.30200000000000671 ) ) ;
#8270 = CARTESIAN_POINT ( 'NONE',  ( 21.92314132705921637, 62.00005605992824798, 91.74050427515361150 ) ) ;
#8271 = CARTESIAN_POINT ( 'NONE',  ( 88.31287329792498042, 87.28295110790485012, -72.30200000000000671 ) ) ;
#8272 = DIRECTION ( 'NONE',  ( -1.913402524860850093E-16, -3.339856530526139354E-18, -1.000000000000000000 ) ) ;
#8273 = ORIENTED_EDGE ( 'NONE', *, *, #3839, .T. ) ;
#8274 = AXIS2_PLACEMENT_3D ( 'NONE', #6122, #8370, #7704 ) ;
#8275 = VERTEX_POINT ( 'NONE', #8618 ) ;
#8276 = LINE ( 'NONE', #9131, #8736 ) ;
#8277 = FACE_OUTER_BOUND ( 'NONE', #122, .T. ) ;
#8278 = LINE ( 'NONE', #5492, #3152 ) ;
#8279 = LINE ( 'NONE', #8328, #9349 ) ;
#8280 = CARTESIAN_POINT ( 'NONE',  ( 92.44725398510557568, -37.00000000000001421, -91.00000000000001421 ) ) ;
#8281 = EDGE_CURVE ( 'NONE', #3682, #5827, #9238, .T. ) ;
#8282 = CARTESIAN_POINT ( 'NONE',  ( 2.000000000000000000, -24.00000000000000000, -140.0000000000000000 ) ) ;
#8283 = VERTEX_POINT ( 'NONE', #4187 ) ;
#8284 = EDGE_LOOP ( 'NONE', ( #5787, #6527, #3094, #4537, #3602, #1765, #6348, #1723 ) ) ;
#8285 = ORIENTED_EDGE ( 'NONE', *, *, #223, .T. ) ;
#8286 = LINE ( 'NONE', #4628, #9466 ) ;
#8287 = CARTESIAN_POINT ( 'NONE',  ( -49.45826928476409989, 160.0000000000000000, -112.6820058868549097 ) ) ;
#8288 = CARTESIAN_POINT ( 'NONE',  ( -75.50000000000000000, -24.00000000000000355, -90.00000000000001421 ) ) ;
#8289 = FACE_OUTER_BOUND ( 'NONE', #4112, .T. ) ;
#8290 = CARTESIAN_POINT ( 'NONE',  ( -73.35756747036575121, 140.4527870922669308, -111.2174736210629931 ) ) ;
#8291 = VECTOR ( 'NONE', #1281, 1000.000000000000227 ) ;
#8292 = CARTESIAN_POINT ( 'NONE',  ( 13.00000000000000178, -24.00000000000000000, -140.0000000000000000 ) ) ;
#8293 = CARTESIAN_POINT ( 'NONE',  ( 76.70831691120200446, 117.5526642917094051, -69.29999999999999716 ) ) ;
#8294 = VERTEX_POINT ( 'NONE', #3443 ) ;
#8295 = EDGE_CURVE ( 'NONE', #4052, #6669, #2098, .T. ) ;
#8296 = CARTESIAN_POINT ( 'NONE',  ( 65.23931940056858991, 135.4168305784162669, 27.92360117551810106 ) ) ;
#8297 = LINE ( 'NONE', #3870, #2096 ) ;
#8298 = CARTESIAN_POINT ( 'NONE',  ( 59.42454008842230451, 140.3966730407388468, -136.9833238759400444 ) ) ;
#8299 = CARTESIAN_POINT ( 'NONE',  ( 90.31256868823771811, 87.31785592077940805, -72.30200000000000671 ) ) ;
#8300 = ORIENTED_EDGE ( 'NONE', *, *, #5263, .F. ) ;
#8302 = VERTEX_POINT ( 'NONE', #9379 ) ;
#8301 = FACE_OUTER_BOUND ( 'NONE', #7249, .T. ) ;
#8303 = CARTESIAN_POINT ( 'NONE',  ( -73.35073185565053677, -36.99999999999999289, -120.8039326588084492 ) ) ;
#8304 = DIRECTION ( 'NONE',  ( 0.9999999340962500982, 0.000000000000000000, 0.0003630530201410025353 ) ) ;
#8305 = VERTEX_POINT ( 'NONE', #5641 ) ;
#8306 = ORIENTED_EDGE ( 'NONE', *, *, #9345, .F. ) ;
#8307 = ORIENTED_EDGE ( 'NONE', *, *, #6671, .T. ) ;
#8308 = CARTESIAN_POINT ( 'NONE',  ( 62.72777415486993391, 157.5000000000000000, -135.1864864445952890 ) ) ;
#8309 = DIRECTION ( 'NONE',  ( 0.03489949670250139940, 0.9993908270190956511, 0.000000000000000000 ) ) ;
#8310 = DIRECTION ( 'NONE',  ( 2.453681692038064138E-17, -1.405713299909616376E-15, -1.000000000000000000 ) ) ;
#8311 = CARTESIAN_POINT ( 'NONE',  ( -74.33943455494775776, 140.3105965398369506, 52.08718400660001180 ) ) ;
#8312 = CARTESIAN_POINT ( 'NONE',  ( 4.297464528055000343, 151.9110841269659886, 79.92126435329058154 ) ) ;
#8313 = DIRECTION ( 'NONE',  ( 0.000000000000000000, 0.9998476951563911586, 0.01745240643728354982 ) ) ;
#8314 = CARTESIAN_POINT ( 'NONE',  ( 23.02054752992173903, 62.00004386454236993, 91.46640551361252847 ) ) ;
#8315 = VECTOR ( 'NONE', #1942, 1000.000000000000000 ) ;
#8316 = DIRECTION ( 'NONE',  ( 0.01745240643728365043, 0.9998476951563911586, -0.000000000000000000 ) ) ;
#8317 = VECTOR ( 'NONE', #4429, 1000.000000000000114 ) ;
#8318 = DIRECTION ( 'NONE',  ( 0.9998476951563912696, 0.01745240643728340410, -1.913693989724670103E-16 ) ) ;
#8319 = EDGE_CURVE ( 'NONE', #7465, #5707, #7858, .T. ) ;
#8320 = ORIENTED_EDGE ( 'NONE', *, *, #3867, .T. ) ;
#8321 = EDGE_CURVE ( 'NONE', #5812, #1153, #7948, .T. ) ;
#8322 = VERTEX_POINT ( 'NONE', #4279 ) ;
#8323 = LINE ( 'NONE', #7607, #9503 ) ;
#8324 = VECTOR ( 'NONE', #5354, 1000.000000000000227 ) ;
#8325 = CARTESIAN_POINT ( 'NONE',  ( 66.00000000000001421, 157.4999999999999716, -146.0000000000000000 ) ) ;
#8326 = DIRECTION ( 'NONE',  ( -0.9998476951563911586, -0.01745240643728300511, -0.000000000000000000 ) ) ;
#8327 = VECTOR ( 'NONE', #6639, 1000.000000000000000 ) ;
#8328 = CARTESIAN_POINT ( 'NONE',  ( -75.50000000000000000, -24.00000000000000000, -74.00000000000000000 ) ) ;
#8329 = CARTESIAN_POINT ( 'NONE',  ( 66.00000000000001421, 157.5000000000000000, 0.08633541039794311034 ) ) ;
#8330 = ORIENTED_EDGE ( 'NONE', *, *, #5346, .T. ) ;
#8331 = VECTOR ( 'NONE', #4231, 1000.000000000000000 ) ;
#8332 = APPROVAL ( #7814, 'UNSPECIFIED' ) ;
#8333 = VERTEX_POINT ( 'NONE', #1297 ) ;
#8334 = PERSON_AND_ORGANIZATION_ROLE ( 'design_owner' ) ;
#8335 = ORIENTED_EDGE ( 'NONE', *, *, #3924, .T. ) ;
#8336 = ORIENTED_EDGE ( 'NONE', *, *, #2661, .T. ) ;
#8337 = CARTESIAN_POINT ( 'NONE',  ( 88.28469499287872679, 88.78268774582790002, -67.29999999999999716 ) ) ;
#8338 = CARTESIAN_POINT ( 'NONE',  ( 88.74595397896636939, 88.79073905137879308, -67.34026656054697924 ) ) ;
#8339 = CARTESIAN_POINT ( 'NONE',  ( -41.20115780042814180, -39.84131555094294441, -144.7306493049421761 ) ) ;
#8340 = DIRECTION ( 'NONE',  ( -0.7071067811865463515, 0.000000000000000000, -0.7071067811865487940 ) ) ;
#8341 = LINE ( 'NONE', #3173, #1183 ) ;
#8342 = DIRECTION ( 'NONE',  ( 0.000000000000000000, 0.000000000000000000, 1.000000000000000000 ) ) ;
#8343 = LINE ( 'NONE', #8249, #6177 ) ;
#8344 = ORIENTED_EDGE ( 'NONE', *, *, #5216, .F. ) ;
#8345 = CARTESIAN_POINT ( 'NONE',  ( 26.99999999999999645, -40.00000000024951419, -74.00000062437550241 ) ) ;
#8346 = CARTESIAN_POINT ( 'NONE',  ( 66.75254251880829770, 150.4137448918442317, 23.51979718255245544 ) ) ;
#8347 = CARTESIAN_POINT ( 'NONE',  ( 86.99882101336518758, 140.3853079286137699, -107.6385039957282856 ) ) ;
#8348 = ADVANCED_FACE ( 'NONE', ( #7810 ), #9082, .F. ) ;
#8349 = B_SPLINE_CURVE_WITH_KNOTS ( 'NONE', 3,
 ( #31, #8133, #8897, #6735 ),
 .UNSPECIFIED., .F., .F.,
 ( 4, 4 ),
 ( 0.000000000000000000, 1.000000000000000000 ),
 .UNSPECIFIED. ) ;
#8350 = CARTESIAN_POINT ( 'NONE',  ( -80.00000000000000000, 157.5000000000000000, -122.8550417520426095 ) ) ;
#8351 = ADVANCED_FACE ( 'NONE', ( #2731 ), #3403, .T. ) ;
#8352 = EDGE_CURVE ( 'NONE', #6598, #2132, #8665, .T. ) ;
#8353 = DIRECTION ( 'NONE',  ( 1.000000000000000000, -1.110223024625155801E-16, 0.000000000000000000 ) ) ;
#8354 = CARTESIAN_POINT ( 'NONE',  ( -79.34123327857992081, -37.00000000000000000, -103.7361518159903966 ) ) ;
#8355 = CARTESIAN_POINT ( 'NONE',  ( -46.68200588686177355, 160.0000000000000000, -115.4582692847708643 ) ) ;
#8356 = ORIENTED_EDGE ( 'NONE', *, *, #8281, .T. ) ;
#8357 = ORIENTED_EDGE ( 'NONE', *, *, #4161, .T. ) ;
#8358 = ORIENTED_EDGE ( 'NONE', *, *, #4120, .F. ) ;
#8359 = CARTESIAN_POINT ( 'NONE',  ( 89.04559660066738047, 140.3434077208646613, -99.07625418901932335 ) ) ;
#8360 = CARTESIAN_POINT ( 'NONE',  ( 91.81347564184409293, 1.330954137331330056, -67.29999999999999716 ) ) ;
#8361 = CARTESIAN_POINT ( 'NONE',  ( -75.83018642846069213, 140.3777971006021232, 57.85618620143998214 ) ) ;
#8362 = CARTESIAN_POINT ( 'NONE',  ( -74.34899159691705961, 140.3079120596799214, 51.75667575168807844 ) ) ;
#8363 = CARTESIAN_POINT ( 'NONE',  ( 1.191605655347680814, 155.3362124516970368, 76.81535399630851657 ) ) ;
#8364 = CARTESIAN_POINT ( 'NONE',  ( -68.07383920592241111, 140.4180522842077607, -116.6598072201374805 ) ) ;
#8365 = CARTESIAN_POINT ( 'NONE',  ( 90.40000000000000568, 56.73005080756779961, 196.8038475772949880 ) ) ;
#8366 = CARTESIAN_POINT ( 'NONE',  ( 65.52233835707015430, 143.5214331006613406, 25.20920146234301740 ) ) ;
#8367 = DIRECTION ( 'NONE',  ( 0.000000000000000000, -1.000000000000000000, 0.000000000000000000 ) ) ;
#8368 = EDGE_LOOP ( 'NONE', ( #2, #5211, #6891, #7950 ) ) ;
#8369 = ORIENTED_EDGE ( 'NONE', *, *, #8646, .T. ) ;
#8370 = DIRECTION ( 'NONE',  ( 0.0003630530201410025353, 4.853491556017849128E-17, -0.9999999340962500982 ) ) ;
#8371 = LINE ( 'NONE', #1767, #2441 ) ;
#8372 = CARTESIAN_POINT ( 'NONE',  ( 91.96998799222423315, -9.667989537911386932, -74.00000000000000000 ) ) ;
#8373 = B_SPLINE_CURVE_WITH_KNOTS ( 'NONE', 3,
 ( #7621, #8967, #1067, #5508 ),
 .UNSPECIFIED., .F., .F.,
 ( 4, 4 ),
 ( 0.000000000000000000, 1.000000000000000000 ),
 .UNSPECIFIED. ) ;
#8374 = CARTESIAN_POINT ( 'NONE',  ( -40.11185460327495633, -37.00000000000000711, -142.3741938380815100 ) ) ;
#8375 = CARTESIAN_POINT ( 'NONE',  ( -57.99412530609603067, -39.99999999999999289, -137.4345856753469945 ) ) ;
#8376 = ORIENTED_EDGE ( 'NONE', *, *, #9401, .T. ) ;
#8377 = EDGE_CURVE ( 'NONE', #4584, #7014, #8085, .T. ) ;
#8378 = ORIENTED_EDGE ( 'NONE', *, *, #9444, .T. ) ;
#8379 = VERTEX_POINT ( 'NONE', #3738 ) ;
#8380 = ORIENTED_EDGE ( 'NONE', *, *, #990, .F. ) ;
#8381 = DIRECTION ( 'NONE',  ( -1.000000000000000000, 5.551115123125779621E-17, 1.922270984668059849E-16 ) ) ;
#8382 = CARTESIAN_POINT ( 'NONE',  ( 53.64472725975536349, -37.00000000000001421, -142.6456227567365431 ) ) ;
#8383 = DIRECTION ( 'NONE',  ( -1.936485539470473618E-16, 6.762356514795198734E-18, -1.000000000000000000 ) ) ;
#8384 = CYLINDRICAL_SURFACE ( 'NONE', #3329, 17.50000000000001776 ) ;
#8385 = CARTESIAN_POINT ( 'NONE',  ( -47.24686729934359875, 140.4610163013551016, -138.5061154269867245 ) ) ;
#8386 = VECTOR ( 'NONE', #2450, 1000.000000000000000 ) ;
#8387 = CARTESIAN_POINT ( 'NONE',  ( 67.00000000000000000, 158.1565733340344195, 5.880941197523545050 ) ) ;
#8388 = EDGE_LOOP ( 'NONE', ( #6851, #5145, #918, #2594, #1189 ) ) ;
#8389 = DIRECTION ( 'NONE',  ( -0.01745240643728311267, 0.9998476951563913806, 0.000000000000000000 ) ) ;
#8390 = FACE_OUTER_BOUND ( 'NONE', #7455, .T. ) ;
#8391 = DIRECTION ( 'NONE',  ( -0.8660254037844338226, 0.000000000000000000, -0.5000000000000084377 ) ) ;
#8392 = CIRCLE ( 'NONE', #7176, 1.000000000000003109 ) ;
#8393 = CARTESIAN_POINT ( 'NONE',  ( 69.15843733912849700, 144.3380290809302835, -67.29799999999994498 ) ) ;
#8394 = CARTESIAN_POINT ( 'NONE',  ( 64.97882609975239632, 119.9999862610802666, 33.12795173600475351 ) ) ;
#8395 = CARTESIAN_POINT ( 'NONE',  ( -78.81809525332164412, -36.99999999999999289, -106.6472233734872219 ) ) ;
#8396 = ORIENTED_EDGE ( 'NONE', *, *, #2364, .F. ) ;
#8397 = FACE_OUTER_BOUND ( 'NONE', #537, .T. ) ;
#8398 = VERTEX_POINT ( 'NONE', #1440 ) ;
#8399 = EDGE_CURVE ( 'NONE', #6170, #5786, #6027, .T. ) ;
#8400 = AXIS2_PLACEMENT_3D ( 'NONE', #837, #8827, #8779 ) ;
#8401 = EDGE_CURVE ( 'NONE', #1079, #4468, #6743, .T. ) ;
#8402 = ORIENTED_EDGE ( 'NONE', *, *, #7595, .F. ) ;
#8403 = VERTEX_POINT ( 'NONE', #5932 ) ;
#8404 = CARTESIAN_POINT ( 'NONE',  ( 91.45570130987979951, 21.82783188803704988, -72.30200000000000671 ) ) ;
#8405 = CARTESIAN_POINT ( 'NONE',  ( 67.07714025445224593, 144.6542797990864244, 25.91184032507925039 ) ) ;
#8406 = CARTESIAN_POINT ( 'NONE',  ( 91.78729703218822067, 2.830725680065889982, -72.30200000000000671 ) ) ;
#8407 = CARTESIAN_POINT ( 'NONE',  ( -74.34411780596049368, 140.3095671421285147, 51.94907886535236941 ) ) ;
#8408 = CARTESIAN_POINT ( 'NONE',  ( 1.868121872406268924, 154.7789849715622381, 77.49202362087481788 ) ) ;
#8409 = AXIS2_PLACEMENT_3D ( 'NONE', #4523, #7370, #3835 ) ;
#8410 = CARTESIAN_POINT ( 'NONE',  ( -47.90540449692291247, 140.4098110218080251, -135.5462215005699989 ) ) ;
#8411 = VECTOR ( 'NONE', #1324, 1000.000000000000000 ) ;
#8412 = DIRECTION ( 'NONE',  ( -0.000000000000000000, 1.000000000000000000, -0.000000000000000000 ) ) ;
#8413 = LINE ( 'NONE', #909, #4017 ) ;
#8414 = CARTESIAN_POINT ( 'NONE',  ( -102.9980000000000047, 153.3300508075680000, 97.00584757729509988 ) ) ;
#8415 = ADVANCED_FACE ( 'NONE', ( #8856 ), #4534, .T. ) ;
#8416 = VECTOR ( 'NONE', #917, 1000.000000000000114 ) ;
#8417 = ORIENTED_EDGE ( 'NONE', *, *, #1236, .F. ) ;
#8418 = CARTESIAN_POINT ( 'NONE',  ( -28.00000000000000000, -39.48206641583090004, -76.00000000000000000 ) ) ;
#8419 = VECTOR ( 'NONE', #4143, 1000.000000000000000 ) ;
#8420 = CARTESIAN_POINT ( 'NONE',  ( 66.54172368127152026, 144.3766832624327208, 23.60097545625760773 ) ) ;
#8421 = CARTESIAN_POINT ( 'NONE',  ( 41.85961089735094731, 160.0000000000000000, -122.8550417520427942 ) ) ;
#8422 = CARTESIAN_POINT ( 'NONE',  ( -68.07383920592241111, 140.4180522842077607, -116.6598072201374805 ) ) ;
#8423 = CARTESIAN_POINT ( 'NONE',  ( -48.50912611526730700, -40.00000000000001421, -142.4511666509129668 ) ) ;
#8424 = VECTOR ( 'NONE', #4055, 1000.000000000000000 ) ;
#8425 = VERTEX_POINT ( 'NONE', #6698 ) ;
#8426 = ORIENTED_EDGE ( 'NONE', *, *, #1336, .T. ) ;
#8427 = ORIENTED_EDGE ( 'NONE', *, *, #7980, .F. ) ;
#8428 = CARTESIAN_POINT ( 'NONE',  ( 94.66284902611587881, -20.68463364240707136, -72.93658812097564237 ) ) ;
#8429 = CARTESIAN_POINT ( 'NONE',  ( 72.37449297733731157, -37.00000000000000000, -72.94467997648639823 ) ) ;
#8430 = CIRCLE ( 'NONE', #2275, 0.002000000000002000178 ) ;
#8431 = CARTESIAN_POINT ( 'NONE',  ( 54.91831519588703259, -37.00000000000001421, -142.3934625520795692 ) ) ;
#8432 = FACE_OUTER_BOUND ( 'NONE', #3526, .T. ) ;
#8433 = CARTESIAN_POINT ( 'NONE',  ( 92.89999999999999147, 153.3300508075680000, 217.8018475772949785 ) ) ;
#8434 = EDGE_CURVE ( 'NONE', #5406, #6281, #2155, .T. ) ;
#8435 = CARTESIAN_POINT ( 'NONE',  ( 54.02813716503893460, -37.00000000000000711, -145.1176600531866541 ) ) ;
#8436 = DIRECTION ( 'NONE',  ( 0.01745195043442254387, 0.9998215707699756871, -0.007228834559800747378 ) ) ;
#8437 = ORIENTED_EDGE ( 'NONE', *, *, #8865, .T. ) ;
#8438 = CARTESIAN_POINT ( 'NONE',  ( 94.94763480521551458, -37.00000000000001421, -92.42429820423500075 ) ) ;
#8439 = CARTESIAN_POINT ( 'NONE',  ( 65.77262326672041581, 156.5705644166646096, 8.271897020013321722 ) ) ;
#8440 = AXIS2_PLACEMENT_3D ( 'NONE', #3894, #8231, #3157 ) ;
#8441 = CARTESIAN_POINT ( 'NONE',  ( 91.74964499220317293, 2.965992436651631259, -73.80203790309356293 ) ) ;
#8442 = CYLINDRICAL_SURFACE ( 'NONE', #4263, 50.00761872187187862 ) ;
#8444 = ORIENTED_EDGE ( 'NONE', *, *, #773, .F. ) ;
#8443 = CARTESIAN_POINT ( 'NONE',  ( 64.91062944645976529, 119.9999753253684105, 33.10847707554137997 ) ) ;
#8445 = CARTESIAN_POINT ( 'NONE',  ( -39.74945592378275450, -37.00000000000000000, -144.9798412887868437 ) ) ;
#8446 = LINE ( 'NONE', #6346, #8315 ) ;
#8447 = VECTOR ( 'NONE', #8067, 1000.000000000000000 ) ;
#8448 = ADVANCED_FACE ( 'NONE', ( #2299 ), #3008, .F. ) ;
#8449 = ORIENTED_EDGE ( 'NONE', *, *, #484, .F. ) ;
#8450 = EDGE_CURVE ( 'NONE', #6032, #8000, #1584, .T. ) ;
#8451 = VERTEX_POINT ( 'NONE', #1536 ) ;
#8452 = ORIENTED_EDGE ( 'NONE', *, *, #5973, .T. ) ;
#8453 = CARTESIAN_POINT ( 'NONE',  ( 44.99391070482715094, -40.08748790272630202, -95.99391070482720068 ) ) ;
#8454 = FACE_OUTER_BOUND ( 'NONE', #1805, .T. ) ;
#8455 = DIRECTION ( 'NONE',  ( 0.01745240643728311267, -0.9998476951563913806, 0.000000000000000000 ) ) ;
#8456 = CARTESIAN_POINT ( 'NONE',  ( -77.31777785883487297, 56.96222958302870154, 58.23799165588643234 ) ) ;
#8457 = CARTESIAN_POINT ( 'NONE',  ( 3.318048832046064156, 153.2571367228619863, 78.94179795906154595 ) ) ;
#8458 = LINE ( 'NONE', #1813, #5811 ) ;
#8459 = ADVANCED_FACE ( 'NONE', ( #5110 ), #4478, .F. ) ;
#8460 = DIRECTION ( 'NONE',  ( -0.9861451850233945438, -0.1658845202397584151, 0.000000000000000000 ) ) ;
#8461 = CARTESIAN_POINT ( 'NONE',  ( -48.35880431525566792, -36.99999999999999289, -142.5051694929622386 ) ) ;
#8462 = EDGE_CURVE ( 'NONE', #3604, #3807, #1486, .T. ) ;
#8463 = FACE_OUTER_BOUND ( 'NONE', #6721, .T. ) ;
#8464 = ADVANCED_FACE ( 'NONE', ( #83 ), #2967, .T. ) ;
#8465 = ORIENTED_EDGE ( 'NONE', *, *, #6053, .F. ) ;
#8466 = CARTESIAN_POINT ( 'NONE',  ( -89.59999999999999432, 58.33205080756781769, 217.8018475772952343 ) ) ;
#8467 = CARTESIAN_POINT ( 'NONE',  ( 65.20897502580928062, 150.5309554029073524, 20.75964456495869825 ) ) ;
#8468 = CARTESIAN_POINT ( 'NONE',  ( -46.67254860593602928, 155.1723027525494842, 80.11454596484165336 ) ) ;
#8469 = CARTESIAN_POINT ( 'NONE',  ( -26.85961089735085139, 160.0000000000000000, -142.5089870143564212 ) ) ;
#8470 = EDGE_LOOP ( 'NONE', ( #5060, #8481, #2311, #8962 ) ) ;
#8471 = CARTESIAN_POINT ( 'NONE',  ( -47.72777415484570440, 157.4999999999727436, -135.1864864445696242 ) ) ;
#8472 = VECTOR ( 'NONE', #4414, 1000.000000000000000 ) ;
#8473 = B_SPLINE_CURVE_WITH_KNOTS ( 'NONE', 3,
 ( #7929, #2758, #2804, #4362, #7263, #7839, #7307, #5766, #8689, #7159 ),
 .UNSPECIFIED., .F., .F.,
 ( 4, 2, 2, 2, 4 ),
 ( 0.000000000000000000, 0.2500000000000000000, 0.5000000000000000000, 0.7500000000000000000, 1.000000000000000000 ),
 .UNSPECIFIED. ) ;
#8474 = CARTESIAN_POINT ( 'NONE',  ( -79.39359847336457676, -40.00000000000000000, -103.7885170104410264 ) ) ;
#8475 = ADVANCED_FACE ( 'NONE', ( #864 ), #7326, .F. ) ;
#8476 = ADVANCED_FACE ( 'NONE', ( #6609 ), #2919, .F. ) ;
#8477 = EDGE_LOOP ( 'NONE', ( #6205, #6873, #899 ) ) ;
#8478 = APPROVAL_PERSON_ORGANIZATION ( #2496, #9447, #4769 ) ;
#8479 = VECTOR ( 'NONE', #2811, 1000.000000000000000 ) ;
#8480 = ORIENTED_EDGE ( 'NONE', *, *, #4120, .T. ) ;
#8481 = ORIENTED_EDGE ( 'NONE', *, *, #2846, .F. ) ;
#8482 = VERTEX_POINT ( 'NONE', #5439 ) ;
#8483 = FACE_OUTER_BOUND ( 'NONE', #5864, .T. ) ;
#8484 = CARTESIAN_POINT ( 'NONE',  ( 50.74126916815008315, -37.00000000000000711, -143.1829052336715904 ) ) ;
#8485 = CARTESIAN_POINT ( 'NONE',  ( 2.399999999999930189, 154.9340508075675018, 97.00384757729520402 ) ) ;
#8486 = PLANE ( 'NONE',  #4579 ) ;
#8487 = CARTESIAN_POINT ( 'NONE',  ( 75.20119729312730783, -37.00000000000001421, -135.9109303311895758 ) ) ;
#8488 = AXIS2_PLACEMENT_3D ( 'NONE', #2486, #8367, #8992 ) ;
#8489 = EDGE_CURVE ( 'NONE', #1503, #876, #1266, .T. ) ;
#8490 = EDGE_CURVE ( 'NONE', #3807, #69, #367, .T. ) ;
#8491 = CARTESIAN_POINT ( 'NONE',  ( 90.30099606116900191, 85.95903411204311340, -72.93817170497224822 ) ) ;
#8492 = EDGE_LOOP ( 'NONE', ( #68, #2507, #5646, #256 ) ) ;
#8493 = LINE ( 'NONE', #1311, #725 ) ;
#8494 = CARTESIAN_POINT ( 'NONE',  ( 91.75670941096616673, 2.561272156774605957, -73.78410151342001200 ) ) ;
#8495 = CARTESIAN_POINT ( 'NONE',  ( 27.00000000000000000, -40.00200000000000244, -76.00000000000000000 ) ) ;
#8497 = ORIENTED_EDGE ( 'NONE', *, *, #9194, .F. ) ;
#8496 = DIRECTION ( 'NONE',  ( -0.0003630530201378073373, 0.000000000000000000, 0.9999999340962500982 ) ) ;
#8498 = LINE ( 'NONE', #4109, #171 ) ;
#8499 = CARTESIAN_POINT ( 'NONE',  ( 90.33563879969267418, -40.00000000000002132, -117.1257595220955920 ) ) ;
#8500 = ORIENTED_EDGE ( 'NONE', *, *, #7125, .T. ) ;
#8501 = ORIENTED_EDGE ( 'NONE', *, *, #5452, .T. ) ;
#8502 = CARTESIAN_POINT ( 'NONE',  ( 67.11252825617143003, 156.5004863628855105, -142.0000000000000284 ) ) ;
#8503 = ADVANCED_FACE ( 'NONE', ( #8463 ), #3838, .F. ) ;
#8504 = EDGE_CURVE ( 'NONE', #6529, #4064, #4759, .T. ) ;
#8505 = DIRECTION ( 'NONE',  ( -0.000000000000000000, -0.000000000000000000, -1.000000000000000000 ) ) ;
#8506 = DIRECTION ( 'NONE',  ( 0.7071067811865474617, -4.918690617235595731E-18, -0.7071067811865474617 ) ) ;
#8507 = CARTESIAN_POINT ( 'NONE',  ( -89.59999999999999432, 58.33205080756781058, 217.8038475772949880 ) ) ;
#8508 = CYLINDRICAL_SURFACE ( 'NONE', #6277, 2.001999999999999780 ) ;
#8509 = LINE ( 'NONE', #9221, #8723 ) ;
#8510 = CARTESIAN_POINT ( 'NONE',  ( -5.000000000000000000, 160.0000000000000000, 94.00000000000000000 ) ) ;
#8511 = CARTESIAN_POINT ( 'NONE',  ( -42.00000000000000000, -55.00000000000000000, -74.00000000000000000 ) ) ;
#8512 = CARTESIAN_POINT ( 'NONE',  ( 47.12092031911889478, 157.4999999999999432, -122.3902274166518822 ) ) ;
#8513 = ORIENTED_EDGE ( 'NONE', *, *, #223, .F. ) ;
#8514 = CARTESIAN_POINT ( 'NONE',  ( 46.26251049235627733, -39.97810239367704099, -145.9996177758598890 ) ) ;
#8515 = CARTESIAN_POINT ( 'NONE',  ( 66.95951386069282307, 156.3406286603517970, 8.064569473094035601 ) ) ;
#8516 = CARTESIAN_POINT ( 'NONE',  ( 92.50038076210898907, -40.04363101609320807, -26.00000000000000355 ) ) ;
#8517 = CARTESIAN_POINT ( 'NONE',  ( -26.85961089735089047, 160.0000000000000000, -122.8550417520427516 ) ) ;
#8518 = CARTESIAN_POINT ( 'NONE',  ( -49.45826928476409989, 157.5000000000000284, -112.6820058868549097 ) ) ;
#8519 = CARTESIAN_POINT ( 'NONE',  ( -30.00761524218050269, -40.00000000000000000, -146.0000000000000284 ) ) ;
#8520 = CARTESIAN_POINT ( 'NONE',  ( 71.48632086965170629, 134.4964781248382053, -67.29999999999999716 ) ) ;
#8521 = ORIENTED_EDGE ( 'NONE', *, *, #7420, .F. ) ;
#8522 = ORIENTED_EDGE ( 'NONE', *, *, #8680, .F. ) ;
#8523 = EDGE_CURVE ( 'NONE', #2498, #9275, #1048, .T. ) ;
#8524 = ORIENTED_EDGE ( 'NONE', *, *, #3029, .T. ) ;
#8525 = FACE_OUTER_BOUND ( 'NONE', #7785, .T. ) ;
#8526 = LINE ( 'NONE', #2500, #5321 ) ;
#8527 = CARTESIAN_POINT ( 'NONE',  ( 88.28469499287874100, 88.78268774582755896, -67.29999999999999716 ) ) ;
#8528 = CARTESIAN_POINT ( 'NONE',  ( 13.00000000000000000, -40.00000000000000711, -76.00199999999999534 ) ) ;
#8529 = EDGE_CURVE ( 'NONE', #697, #6375, #6934, .T. ) ;
#8530 = CARTESIAN_POINT ( 'NONE',  ( 92.19105969042219328, -22.32263868756760061, -74.00000000000001421 ) ) ;
#8531 = CARTESIAN_POINT ( 'NONE',  ( 93.83838262183253676, -37.00000000000002842, -106.4434818431953147 ) ) ;
#8532 = CARTESIAN_POINT ( 'NONE',  ( 89.34984498869921765, 140.4264501268273762, -67.29999999999999716 ) ) ;
#8533 = ORIENTED_EDGE ( 'NONE', *, *, #968, .F. ) ;
#8534 = FACE_OUTER_BOUND ( 'NONE', #8368, .T. ) ;
#8535 = CARTESIAN_POINT ( 'NONE',  ( 91.74394582771604689, 3.292497351446308063, -73.73056866614001592 ) ) ;
#8536 = CARTESIAN_POINT ( 'NONE',  ( 90.39999999999999147, 47.51666049839860051, 196.8038475772949880 ) ) ;
#8537 = AXIS2_PLACEMENT_3D ( 'NONE', #7045, #4673, #7618 ) ;
#8538 = CARTESIAN_POINT ( 'NONE',  ( 90.04233278465784451, -37.00000000000000000, -110.9131822810258683 ) ) ;
#8539 = DIRECTION ( 'NONE',  ( 0.01745240643728350471, -0.9998476951563912696, -1.032755642038752228E-16 ) ) ;
#8540 = CARTESIAN_POINT ( 'NONE',  ( 89.04886243780052268, -40.00000000000002842, -119.7717957621717630 ) ) ;
#8541 = ORIENTED_EDGE ( 'NONE', *, *, #237, .F. ) ;
#8542 = EDGE_LOOP ( 'NONE', ( #2948, #8728, #8002, #8766 ) ) ;
#8543 = CARTESIAN_POINT ( 'NONE',  ( -39.70333289332936744, 140.3200030292238694, 88.23933445948004817 ) ) ;
#8544 = AXIS2_PLACEMENT_3D ( 'NONE', #7853, #6409, #1913 ) ;
#8545 = CARTESIAN_POINT ( 'NONE',  ( 89.75942333682914409, 4.295557505114192764, -67.29999999999999716 ) ) ;
#8546 = CARTESIAN_POINT ( 'NONE',  ( -92.97174539372531399, 58.33405080756781302, 219.1892202741580320 ) ) ;
#8547 = ADVANCED_FACE ( 'NONE', ( #7702 ), #2386, .T. ) ;
#8548 = CARTESIAN_POINT ( 'NONE',  ( -74.91950245706156863, 59.22747975881186022, 63.07689032124623196 ) ) ;
#8549 = DIRECTION ( 'NONE',  ( 0.8660254037844387076, 0.000000000000000000, 0.4999999999999998890 ) ) ;
#8550 = CARTESIAN_POINT ( 'NONE',  ( 13.00000000000000178, -40.00200000000000244, -76.00199999999999534 ) ) ;
#8551 = DIRECTION ( 'NONE',  ( 0.000000000000000000, 0.000000000000000000, -1.000000000000000000 ) ) ;
#8552 = CARTESIAN_POINT ( 'NONE',  ( -71.72773411647499131, -36.99999999999999289, -123.5409875884966482 ) ) ;
#8553 = AXIS2_PLACEMENT_3D ( 'NONE', #3624, #7355, #114 ) ;
#8554 = CARTESIAN_POINT ( 'NONE',  ( 52.70355534291923050, 157.4999999999999716, -120.8268239117475389 ) ) ;
#8555 = VERTEX_POINT ( 'NONE', #6119 ) ;
#8556 = CARTESIAN_POINT ( 'NONE',  ( 64.03966670880042500, -39.76472398287432242, -142.2306110688159890 ) ) ;
#8557 = FACE_OUTER_BOUND ( 'NONE', #3582, .T. ) ;
#8558 = CARTESIAN_POINT ( 'NONE',  ( 88.05795155977621391, 140.4558859576015095, -111.9609449598110018 ) ) ;
#8559 = VECTOR ( 'NONE', #99, 1000.000000000000000 ) ;
#8560 = ADVANCED_FACE ( 'NONE', ( #9128 ), #2434, .F. ) ;
#8561 = CARTESIAN_POINT ( 'NONE',  ( 87.72448738411338809, 146.4932258403829906, -67.29999999999998295 ) ) ;
#8562 = CARTESIAN_POINT ( 'NONE',  ( -42.00000000000000000, -40.00000000000001421, -74.00000099900121597 ) ) ;
#8563 = CARTESIAN_POINT ( 'NONE',  ( -79.17002524797069896, -39.99999999999998579, -105.0805023598213239 ) ) ;
#8564 = CARTESIAN_POINT ( 'NONE',  ( 67.70917253983624562, 152.9535738079505052, 16.58554247092571643 ) ) ;
#8565 = CYLINDRICAL_SURFACE ( 'NONE', #7728, 1.602000000000006086 ) ;
#8566 = VECTOR ( 'NONE', #8082, 1000.000000000000000 ) ;
#8567 = EDGE_CURVE ( 'NONE', #6170, #2076, #9038, .T. ) ;
#8568 = VECTOR ( 'NONE', #983, 1000.000000000000000 ) ;
#8569 = ORIENTED_EDGE ( 'NONE', *, *, #4994, .T. ) ;
#8570 = CALENDAR_DATE ( 2025, 12, 11 ) ;
#8571 = ORIENTED_EDGE ( 'NONE', *, *, #1466, .T. ) ;
#8572 = VERTEX_POINT ( 'NONE', #5388 ) ;
#8573 = VERTEX_POINT ( 'NONE', #6837 ) ;
#8574 = CARTESIAN_POINT ( 'NONE',  ( 66.85997993785186111, 153.4903500356363679, 18.21974826719252505 ) ) ;
#8575 = CARTESIAN_POINT ( 'NONE',  ( -73.58879189259864972, 140.3290434127534922, 56.52418566184827853 ) ) ;
#8576 = CARTESIAN_POINT ( 'NONE',  ( -94.78139602057069624, -0.2631397208144595212, 95.40384757729552234 ) ) ;
#8577 = VECTOR ( 'NONE', #2091, 1000.000000000000000 ) ;
#8578 = LINE ( 'NONE', #8626, #1345 ) ;
#8579 = CARTESIAN_POINT ( 'NONE',  ( 93.97984128876680643, -37.00000000000001421, -105.7494559238030689 ) ) ;
#8580 = ADVANCED_FACE ( 'NONE', ( #3295 ), #5339, .F. ) ;
#8581 = ORIENTED_EDGE ( 'NONE', *, *, #702, .F. ) ;
#8582 = CARTESIAN_POINT ( 'NONE',  ( 89.35068879822621568, 140.3861057887570496, -67.29999999999999716 ) ) ;
#8583 = ORIENTED_EDGE ( 'NONE', *, *, #2530, .F. ) ;
#8584 = VECTOR ( 'NONE', #9508, 1000.000000000000000 ) ;
#8585 = FACE_OUTER_BOUND ( 'NONE', #3631, .T. ) ;
#8586 = CARTESIAN_POINT ( 'NONE',  ( -89.59999999999999432, 153.3300508075680000, 219.4038475772950108 ) ) ;
#8587 = CARTESIAN_POINT ( 'NONE',  ( 27.00000000000000000, -40.00095280244880769, -76.00000000000000000 ) ) ;
#8588 = AXIS2_PLACEMENT_3D ( 'NONE', #585, #7954, #8767 ) ;
#8589 = ADVANCED_FACE ( 'NONE', ( #4615 ), #2534, .T. ) ;
#8590 = B_SPLINE_CURVE_WITH_KNOTS ( 'NONE', 3,
 ( #8611, #5779, #8704, #6459 ),
 .UNSPECIFIED., .F., .F.,
 ( 4, 4 ),
 ( 0.000000000000000000, 1.000000000000000000 ),
 .UNSPECIFIED. ) ;
#8592 = ORIENTED_EDGE ( 'NONE', *, *, #6369, .T. ) ;
#8591 = PLANE ( 'NONE',  #3381 ) ;
#8593 = PLANE ( 'NONE',  #4174 ) ;
#8594 = CARTESIAN_POINT ( 'NONE',  ( 72.18834095906385073, -40.00000000000001421, -137.9667571300002180 ) ) ;
#8595 = EDGE_CURVE ( 'NONE', #3754, #7065, #9087, .T. ) ;
#8596 = ORIENTED_EDGE ( 'NONE', *, *, #8212, .T. ) ;
#8597 = EDGE_LOOP ( 'NONE', ( #9527, #2573, #6918, #51, #2133, #9161, #5112, #5893, #7222, #9481, #8402, #7278, #8938, #4719, #4366 ) ) ;
#8598 = AXIS2_PLACEMENT_3D ( 'NONE', #765, #125, #9031 ) ;
#8599 = PLANE ( 'NONE',  #7680 ) ;
#8600 = CARTESIAN_POINT ( 'NONE',  ( 89.48073368634990743, 134.9736512620557960, -91.00000000000000000 ) ) ;
#8601 = CARTESIAN_POINT ( 'NONE',  ( -78.25797361458283774, 54.92075828504091106, 53.87629052656432549 ) ) ;
#8602 = CARTESIAN_POINT ( 'NONE',  ( 92.00000000000000000, 172.9320508075679754, 97.00384757729521823 ) ) ;
#8603 = CARTESIAN_POINT ( 'NONE',  ( -65.94603819863731076, 61.99999999999997868, 69.00000000000001421 ) ) ;
#8604 = CARTESIAN_POINT ( 'NONE',  ( -64.28931339770716136, 154.0022447244494401, 58.84756342883327562 ) ) ;
#8605 = CARTESIAN_POINT ( 'NONE',  ( -75.92483081148799329, -36.99999999999999289, -115.7736173241712407 ) ) ;
#8606 = VECTOR ( 'NONE', #7538, 1000.000000000000000 ) ;
#8607 = CARTESIAN_POINT ( 'NONE',  ( 42.77715795447736724, 157.4999999999999716, -122.8550097571510804 ) ) ;
#8608 = ORIENTED_EDGE ( 'NONE', *, *, #6649, .F. ) ;
#8609 = ORIENTED_EDGE ( 'NONE', *, *, #5398, .F. ) ;
#8610 = CARTESIAN_POINT ( 'NONE',  ( 62.22897796082892086, -39.77985374483431968, -142.9373391374343782 ) ) ;
#8611 = CARTESIAN_POINT ( 'NONE',  ( 89.76389566218431071, 4.153935534111423244, -72.93836670090708196 ) ) ;
#8612 = CARTESIAN_POINT ( 'NONE',  ( 72.20657199495926193, 140.4902644926985147, -132.7301385002272980 ) ) ;
#8613 = CARTESIAN_POINT ( 'NONE',  ( 89.03967974511432715, 142.5911589674255424, -67.29999999999999716 ) ) ;
#8614 = CARTESIAN_POINT ( 'NONE',  ( -77.44718999006957461, -36.99999999999999289, -98.86030039083135534 ) ) ;
#8615 = EDGE_CURVE ( 'NONE', #8294, #2194, #9451, .T. ) ;
#8616 = CARTESIAN_POINT ( 'NONE',  ( -43.32721200864484246, 157.5000000000000284, -117.9312783608333746 ) ) ;
#8617 = CARTESIAN_POINT ( 'NONE',  ( 30.86280292375126422, 67.00425695775759038, 86.03591998892132153 ) ) ;
#8618 = CARTESIAN_POINT ( 'NONE',  ( 71.27796513499581010, 119.6813454765402014, 29.70000000000002771 ) ) ;
#8619 = ORIENTED_EDGE ( 'NONE', *, *, #1217, .T. ) ;
#8620 = ORIENTED_EDGE ( 'NONE', *, *, #2525, .T. ) ;
#8621 = ORIENTED_EDGE ( 'NONE', *, *, #3272, .T. ) ;
#8622 = CARTESIAN_POINT ( 'NONE',  ( 76.18105266017748534, 156.9926691042352047, -66.01825404121272811 ) ) ;
#8623 = LINE ( 'NONE', #4140, #3451 ) ;
#8624 = EDGE_CURVE ( 'NONE', #6281, #9028, #6074, .T. ) ;
#8625 = CARTESIAN_POINT ( 'NONE',  ( -72.09220297288483437, 140.3284195799497240, 60.03309852074023212 ) ) ;
#8626 = CARTESIAN_POINT ( 'NONE',  ( 13.00000000000000178, -40.00200000000000244, -76.00000000000000000 ) ) ;
#8627 = CARTESIAN_POINT ( 'NONE',  ( 94.10870507515855365, -37.00000000000001421, -105.0765342723763354 ) ) ;
#8628 = ADVANCED_FACE ( 'NONE', ( #4660 ), #322, .T. ) ;
#8629 = ORIENTED_EDGE ( 'NONE', *, *, #6636, .T. ) ;
#8630 = VECTOR ( 'NONE', #6885, 1000.000000000000000 ) ;
#8631 = DIRECTION ( 'NONE',  ( 0.000000000000000000, -1.000000000000000000, 0.000000000000000000 ) ) ;
#8632 = ORIENTED_EDGE ( 'NONE', *, *, #6479, .T. ) ;
#8633 = VERTEX_POINT ( 'NONE', #2628 ) ;
#8634 = EDGE_CURVE ( 'NONE', #1207, #6252, #8699, .T. ) ;
#8635 = EDGE_CURVE ( 'NONE', #3560, #2475, #5682, .T. ) ;
#8636 = CARTESIAN_POINT ( 'NONE',  ( 90.39999999999999147, 38.23686027918554942, 196.8038475772949880 ) ) ;
#8637 = CARTESIAN_POINT ( 'NONE',  ( -67.57325801977678736, -39.69346248847192271, -128.9937611671806792 ) ) ;
#8638 = CARTESIAN_POINT ( 'NONE',  ( 91.76111842253219208, 4.330497222800480550, -67.29999999999999716 ) ) ;
#8639 = CARTESIAN_POINT ( 'NONE',  ( 80.85579257530413599, -37.00000000000002842, -127.2198015830478255 ) ) ;
#8640 = CARTESIAN_POINT ( 'NONE',  ( -33.01397211153644662, -36.99999999999999289, -145.9475708107658249 ) ) ;
#8641 = CARTESIAN_POINT ( 'NONE',  ( 63.36189836103385886, -40.00000000000002132, -142.5095380708558537 ) ) ;
#8642 = VECTOR ( 'NONE', #5759, 1000.000000000000000 ) ;
#8643 = ORIENTED_EDGE ( 'NONE', *, *, #9345, .T. ) ;
#8644 = ORIENTED_EDGE ( 'NONE', *, *, #8821, .T. ) ;
#8645 = EDGE_CURVE ( 'NONE', #6209, #2057, #7746, .T. ) ;
#8646 = EDGE_CURVE ( 'NONE', #7624, #9181, #1523, .T. ) ;
#8647 = CARTESIAN_POINT ( 'NONE',  ( 90.76751497490435838, 4.313153810111535869, -67.55267965051478996 ) ) ;
#8648 = CARTESIAN_POINT ( 'NONE',  ( 91.22923875335557398, 20.32365047734327845, -68.29375480129746734 ) ) ;
#8649 = CARTESIAN_POINT ( 'NONE',  ( -75.71943289348971007, 58.62827815136540721, 61.79705183141881975 ) ) ;
#8650 = PLANE ( 'NONE',  #6116 ) ;
#8651 = VERTEX_POINT ( 'NONE', #121 ) ;
#8652 = CARTESIAN_POINT ( 'NONE',  ( -67.12805461333496737, 149.7560633269241919, 61.68605720508279688 ) ) ;
#8653 = CARTESIAN_POINT ( 'NONE',  ( -48.21934321824330283, -37.00000000000000711, -142.5599966907068108 ) ) ;
#8654 = ORIENTED_EDGE ( 'NONE', *, *, #212, .T. ) ;
#8655 = CARTESIAN_POINT ( 'NONE',  ( 71.31494319335892840, 157.4999999999999432, -98.52740473453975767 ) ) ;
#8656 = VERTEX_POINT ( 'NONE', #7316 ) ;
#8657 = CARTESIAN_POINT ( 'NONE',  ( 66.99980502381571057, 157.4944166126043115, 8.498866196680740615 ) ) ;
#8658 = CARTESIAN_POINT ( 'NONE',  ( 84.95777033690673363, -37.00000000000002132, -126.2486086565088641 ) ) ;
#8659 = CARTESIAN_POINT ( 'NONE',  ( -80.00000000000000000, -36.99999999999999289, -73.00000000000000000 ) ) ;
#8660 = B_SPLINE_CURVE_WITH_KNOTS ( 'NONE', 3,
 ( #6522, #7286, #5116, #2875 ),
 .UNSPECIFIED., .F., .F.,
 ( 4, 4 ),
 ( 0.000000000000000000, 1.000000000000000000 ),
 .UNSPECIFIED. ) ;
#8661 = CARTESIAN_POINT ( 'NONE',  ( 88.86136499399526656, 143.3432477027054972, -67.30000000000001137 ) ) ;
#8662 = CARTESIAN_POINT ( 'NONE',  ( -77.44725398510558989, -36.99999999999999289, -95.95448846517697916 ) ) ;
#8663 = CARTESIAN_POINT ( 'NONE',  ( -42.42597042865832435, 157.5000000000000568, -118.5204910130019869 ) ) ;
#8664 = LINE ( 'NONE', #9378, #3851 ) ;
#8665 = LINE ( 'NONE', #1390, #4796 ) ;
#8666 = ORIENTED_EDGE ( 'NONE', *, *, #3334, .F. ) ;
#8667 = ORIENTED_EDGE ( 'NONE', *, *, #1992, .T. ) ;
#8668 = ORIENTED_EDGE ( 'NONE', *, *, #2019, .F. ) ;
#8669 = CARTESIAN_POINT ( 'NONE',  ( 84.16813259776128575, 152.4353555878763871, -66.17686143817306288 ) ) ;
#8670 = CARTESIAN_POINT ( 'NONE',  ( 91.44659971871620030, 20.32744452710650407, -70.79017119026288185 ) ) ;
#8671 = CARTESIAN_POINT ( 'NONE',  ( -73.01036281043943177, 140.3305723003030607, 58.13215259354627307 ) ) ;
#8672 = CARTESIAN_POINT ( 'NONE',  ( -56.69194309468728221, 140.2695385413053657, 68.91020838627373735 ) ) ;
#8673 = EDGE_CURVE ( 'NONE', #1367, #6598, #3680, .T. ) ;
#8674 = CARTESIAN_POINT ( 'NONE',  ( -44.13179856214400587, 154.6958083032450304, 77.57379597467169674 ) ) ;
#8675 = ORIENTED_EDGE ( 'NONE', *, *, #4972, .F. ) ;
#8676 = DIRECTION ( 'NONE',  ( 7.165827653609149284E-17, -4.855507225124589628E-17, 1.000000000000000000 ) ) ;
#8677 = ORIENTED_EDGE ( 'NONE', *, *, #5577, .F. ) ;
#8678 = ORIENTED_EDGE ( 'NONE', *, *, #3510, .F. ) ;
#8679 = DIRECTION ( 'NONE',  ( 1.000000000000000000, 0.000000000000000000, -3.521488656232920374E-16 ) ) ;
#8680 = EDGE_CURVE ( 'NONE', #2435, #5449, #5826, .T. ) ;
#8681 = CARTESIAN_POINT ( 'NONE',  ( -65.37367192303636898, -39.69159971916602103, -131.3325377066861108 ) ) ;
#8682 = DIRECTION ( 'NONE',  ( 7.358496897966930641E-17, 0.01745240643728345961, 0.9998476951563912696 ) ) ;
#8683 = DIRECTION ( 'NONE',  ( -1.000000000000000000, 0.000000000000000000, -0.000000000000000000 ) ) ;
#8684 = LINE ( 'NONE', #1511, #7425 ) ;
#8685 = LINE ( 'NONE', #8293, #937 ) ;
#8686 = ORIENTED_EDGE ( 'NONE', *, *, #4357, .F. ) ;
#8687 = VERTEX_POINT ( 'NONE', #8843 ) ;
#8688 = EDGE_CURVE ( 'NONE', #4020, #5874, #809, .T. ) ;
#8689 = CARTESIAN_POINT ( 'NONE',  ( -50.62748160892276417, 140.3585076899751698, 85.92033444114787244 ) ) ;
#8690 = CARTESIAN_POINT ( 'NONE',  ( 87.48103829603709869, 134.9387464491811954, -67.29999999999999716 ) ) ;
#8691 = CARTESIAN_POINT ( 'NONE',  ( 22.31240752044653064, 62.00008238555177797, 89.05806742516772090 ) ) ;
#8692 = CARTESIAN_POINT ( 'NONE',  ( 89.35237641727951541, 140.3054171126526057, -26.00000000000000355 ) ) ;
#8693 = ORIENTED_EDGE ( 'NONE', *, *, #6632, .T. ) ;
#8694 = CARTESIAN_POINT ( 'NONE',  ( -61.33039204801882249, 156.3154184976464194, 55.88839630451336404 ) ) ;
#8695 = CARTESIAN_POINT ( 'NONE',  ( -77.50000000000000000, -24.00000000000000000, -74.00000000000000000 ) ) ;
#8696 = EDGE_CURVE ( 'NONE', #5709, #4245, #8177, .T. ) ;
#8697 = ADVANCED_FACE ( 'NONE', ( #6687 ), #711, .F. ) ;
#8698 = ORIENTED_EDGE ( 'NONE', *, *, #7626, .T. ) ;
#8699 = LINE ( 'NONE', #1956, #7112 ) ;
#8700 = VERTEX_POINT ( 'NONE', #4370 ) ;
#8701 = CIRCLE ( 'NONE', #1770, 0.002000000000002000178 ) ;
#8702 = EDGE_LOOP ( 'NONE', ( #9090, #4637, #2420, #6782, #2852, #6993 ) ) ;
#8703 = DIRECTION ( 'NONE',  ( 0.7071067811865475727, -4.918690617235596502E-18, -0.7071067811865475727 ) ) ;
#8704 = CARTESIAN_POINT ( 'NONE',  ( 89.76143265428117957, 4.295041162382913669, -72.52451375210378615 ) ) ;
#8705 = CARTESIAN_POINT ( 'NONE',  ( 91.52866260695846279, 140.3920896056354479, -99.34154326800583590 ) ) ;
#8706 = DIRECTION ( 'NONE',  ( 2.908929859086129829E-16, 1.911069774905674756E-17, 1.000000000000000000 ) ) ;
#8707 = ORIENTED_EDGE ( 'NONE', *, *, #6467, .F. ) ;
#8708 = CARTESIAN_POINT ( 'NONE',  ( -74.09514255579412634, -36.99999999999999289, -113.4824343333518470 ) ) ;
#8709 = AXIS2_PLACEMENT_3D ( 'NONE', #5541, #326, #2491 ) ;
#8710 = LINE ( 'NONE', #2017, #2112 ) ;
#8711 = CARTESIAN_POINT ( 'NONE',  ( 49.63750096987528337, 160.0000000000000000, -121.8957655047414050 ) ) ;
#8712 = CARTESIAN_POINT ( 'NONE',  ( -46.51289248278725807, 155.7641425254212209, 79.90178861671103050 ) ) ;
#8713 = VERTEX_POINT ( 'NONE', #5875 ) ;
#8714 = ORIENTED_EDGE ( 'NONE', *, *, #7102, .T. ) ;
#8715 = VECTOR ( 'NONE', #250, 1000.000000000000114 ) ;
#8716 = ORIENTED_EDGE ( 'NONE', *, *, #9347, .F. ) ;
#8717 = B_SPLINE_CURVE_WITH_KNOTS ( 'NONE', 3,
 ( #7977, #6589, #3625, #4457 ),
 .UNSPECIFIED., .F., .F.,
 ( 4, 4 ),
 ( 0.000000000000000000, 1.000000000000000000 ),
 .UNSPECIFIED. ) ;
#8718 = CARTESIAN_POINT ( 'NONE',  ( 84.28583386025427160, 152.3180020276172684, -66.18096110320148284 ) ) ;
#8719 = CARTESIAN_POINT ( 'NONE',  ( 92.00000000000000000, 56.73005080756779961, 196.8038475772949880 ) ) ;
#8720 = CARTESIAN_POINT ( 'NONE',  ( -71.37618773148230389, 140.3240423610593268, 61.17426001352245635 ) ) ;
#8721 = CARTESIAN_POINT ( 'NONE',  ( -56.85504175204269472, -37.00000000000000000, -92.85961089735100416 ) ) ;
#8722 = CARTESIAN_POINT ( 'NONE',  ( -47.72312996673561258, 149.6775317108463526, 81.16512766980385152 ) ) ;
#8723 = VECTOR ( 'NONE', #7749, 1000.000000000000114 ) ;
#8724 = VECTOR ( 'NONE', #8850, 1000.000000000000000 ) ;
#8725 = ORIENTED_EDGE ( 'NONE', *, *, #6452, .T. ) ;
#8726 = CARTESIAN_POINT ( 'NONE',  ( 45.78633074168170225, 160.0000000000000000, -122.6617048964083949 ) ) ;
#8727 = ORIENTED_EDGE ( 'NONE', *, *, #6247, .T. ) ;
#8728 = ORIENTED_EDGE ( 'NONE', *, *, #4146, .F. ) ;
#8729 = CARTESIAN_POINT ( 'NONE',  ( 94.66284902611589303, -20.68463364240709623, -72.93658812097559974 ) ) ;
#8730 = AXIS2_PLACEMENT_3D ( 'NONE', #494, #6381, #5553 ) ;
#8731 = CYLINDRICAL_SURFACE ( 'NONE', #6884, 1.000000000000003997 ) ;
#8732 = CARTESIAN_POINT ( 'NONE',  ( -79.26596697445883422, -39.87318734433976175, -104.5324878627363034 ) ) ;
#8733 = FACE_OUTER_BOUND ( 'NONE', #1830, .T. ) ;
#8734 = ADVANCED_FACE ( 'NONE', ( #852 ), #6552, .T. ) ;
#8735 = CARTESIAN_POINT ( 'NONE',  ( 13.00000000000000355, -40.00200000000000244, -76.00000000000000000 ) ) ;
#8736 = VECTOR ( 'NONE', #6937, 1000.000000000000227 ) ;
#8737 = CARTESIAN_POINT ( 'NONE',  ( -70.48943234446832662, 145.4664790949067026, 65.04743498556281622 ) ) ;
#8738 = ORIENTED_EDGE ( 'NONE', *, *, #6011, .T. ) ;
#8739 = VERTEX_POINT ( 'NONE', #8939 ) ;
#8740 = LINE ( 'NONE', #2135, #5690 ) ;
#8741 = CARTESIAN_POINT ( 'NONE',  ( 92.90000000000001990, 58.33205080756781058, 217.8018475772949785 ) ) ;
#8742 = CARTESIAN_POINT ( 'NONE',  ( 26.40722343129057847, 62.00054266880396625, 87.40209510717038199 ) ) ;
#8743 = VECTOR ( 'NONE', #6695, 1000.000000000000000 ) ;
#8744 = FACE_OUTER_BOUND ( 'NONE', #7616, .T. ) ;
#8745 = ORIENTED_EDGE ( 'NONE', *, *, #9402, .F. ) ;
#8746 = CARTESIAN_POINT ( 'NONE',  ( -67.96898145968434335, 147.7000857324821936, 62.52703346059924883 ) ) ;
#8747 = CARTESIAN_POINT ( 'NONE',  ( -79.15856914092100283, -36.99999999999999289, -105.1274082038132178 ) ) ;
#8748 = EDGE_CURVE ( 'NONE', #4997, #7766, #3690, .T. ) ;
#8749 = DIRECTION ( 'NONE',  ( -0.000000000000000000, 1.000000000000000000, -1.460881280034365741E-16 ) ) ;
#8750 = VERTEX_POINT ( 'NONE', #5046 ) ;
#8751 = VECTOR ( 'NONE', #1112, 1000.000000000000114 ) ;
#8752 = ORIENTED_EDGE ( 'NONE', *, *, #8874, .T. ) ;
#8753 = CARTESIAN_POINT ( 'NONE',  ( 94.99955737001850764, -39.97464174534321302, -97.46083266526687794 ) ) ;
#8754 = DIRECTION ( 'NONE',  ( 2.897702010609360918E-32, -1.000000000000000000, 3.140483835678147695E-47 ) ) ;
#8755 = DIRECTION ( 'NONE',  ( -0.9998932383127906443, 5.621471386266258236E-17, -0.01461204901308623370 ) ) ;
#8756 = EDGE_CURVE ( 'NONE', #2132, #4321, #3632, .T. ) ;
#8757 = CARTESIAN_POINT ( 'NONE',  ( 87.76739267854658522, 146.4019240072042862, -67.29999999999998295 ) ) ;
#8758 = VECTOR ( 'NONE', #7030, 1000.000000000000000 ) ;
#8759 = CARTESIAN_POINT ( 'NONE',  ( -69.48061749214261340, -36.99999999999997868, -122.2862612810468477 ) ) ;
#8760 = DIRECTION ( 'NONE',  ( 0.01745240643728340063, -0.9998476951563911586, -0.000000000000000000 ) ) ;
#8761 = CARTESIAN_POINT ( 'NONE',  ( 71.85504175204270894, 160.0000000000000000, -92.85961089735098994 ) ) ;
#8762 = CARTESIAN_POINT ( 'NONE',  ( 89.35237641727920277, 140.3054171126688061, -69.29999999999999716 ) ) ;
#8763 = ORIENTED_EDGE ( 'NONE', *, *, #108, .T. ) ;
#8764 = VECTOR ( 'NONE', #205, 1000.000000000000000 ) ;
#8765 = ORIENTED_EDGE ( 'NONE', *, *, #7949, .T. ) ;
#8766 = ORIENTED_EDGE ( 'NONE', *, *, #583, .F. ) ;
#8767 = DIRECTION ( 'NONE',  ( -0.01770703633741145533, -0.9998432181417972187, 0.000000000000000000 ) ) ;
#8768 = LINE ( 'NONE', #7818, #5487 ) ;
#8769 = CARTESIAN_POINT ( 'NONE',  ( -73.01806550027784226, 140.3305724599056816, 58.11359750618355946 ) ) ;
#8770 = CARTESIAN_POINT ( 'NONE',  ( 89.66834353122061430, 9.628113450759906655, -69.30200000000000671 ) ) ;
#8771 = CARTESIAN_POINT ( 'NONE',  ( -46.12564814735886642, 152.4270444303296870, 79.56764658975647819 ) ) ;
#8772 = ORIENTED_EDGE ( 'NONE', *, *, #6036, .T. ) ;
#8773 = CARTESIAN_POINT ( 'NONE',  ( 41.85961089735094021, 160.0000000000000000, -122.8550417520427800 ) ) ;
#8774 = VERTEX_POINT ( 'NONE', #1379 ) ;
#8775 = B_SPLINE_CURVE_WITH_KNOTS ( 'NONE', 3,
 ( #5838, #3737, #5109, #671 ),
 .UNSPECIFIED., .F., .F.,
 ( 4, 4 ),
 ( 0.000000000000000000, 1.000000000000000000 ),
 .UNSPECIFIED. ) ;
#8776 = ORIENTED_EDGE ( 'NONE', *, *, #2383, .T. ) ;
#8777 = LINE ( 'NONE', #8502, #2540 ) ;
#8778 = EDGE_CURVE ( 'NONE', #8794, #5812, #2288, .T. ) ;
#8779 = DIRECTION ( 'NONE',  ( -3.469446951953616161E-16, 0.000000000000000000, -1.000000000000000000 ) ) ;
#8780 = CARTESIAN_POINT ( 'NONE',  ( -66.34852582409139643, -39.69192993032089589, -130.3329776534465623 ) ) ;
#8781 = CARTESIAN_POINT ( 'NONE',  ( 67.00000040141209467, 159.8353762061736631, 2.707999078828059236 ) ) ;
#8782 = DIRECTION ( 'NONE',  ( 5.390695917567118667E-33, 4.855507225124589012E-17, -1.000000000000000000 ) ) ;
#8783 = VECTOR ( 'NONE', #624, 1000.000000000000114 ) ;
#8784 = ADVANCED_FACE ( 'NONE', ( #6597 ), #4317, .F. ) ;
#8785 = DIRECTION ( 'NONE',  ( -1.000000000000000000, -0.000000000000000000, 0.000000000000000000 ) ) ;
#8786 = CYLINDRICAL_SURFACE ( 'NONE', #5715, 2.002000000000000224 ) ;
#8787 = ORIENTED_EDGE ( 'NONE', *, *, #7535, .F. ) ;
#8788 = ORIENTED_EDGE ( 'NONE', *, *, #9444, .F. ) ;
#8789 = VECTOR ( 'NONE', #4704, 1000.000000000000000 ) ;
#8790 = CARTESIAN_POINT ( 'NONE',  ( 67.11782887233680128, 156.4749600814794803, -67.29974757282870712 ) ) ;
#8791 = CARTESIAN_POINT ( 'NONE',  ( -28.00000000000000000, -40.00133333355511667, -74.00000000000001421 ) ) ;
#8792 = CARTESIAN_POINT ( 'NONE',  ( 24.90615649410401744, 62.00009377576076020, 88.13663642497498074 ) ) ;
#8793 = DIRECTION ( 'NONE',  ( -0.01745240643728340063, 0.9998476951563911586, 0.000000000000000000 ) ) ;
#8794 = VERTEX_POINT ( 'NONE', #2907 ) ;
#8795 = CARTESIAN_POINT ( 'NONE',  ( -61.35575184362887313, 156.3014501056659924, 55.91375459246168589 ) ) ;
#8796 = DIRECTION ( 'NONE',  ( 0.01744974916068949347, -0.9996954598818873494, -0.01744974916068255458 ) ) ;
#8797 = VECTOR ( 'NONE', #6416, 1000.000000000000114 ) ;
#8798 = VERTEX_POINT ( 'NONE', #2195 ) ;
#8799 = DIRECTION ( 'NONE',  ( -0.7071067811865474617, 0.000000000000000000, 0.7071067811865474617 ) ) ;
#8800 = ADVANCED_FACE ( 'NONE', ( #663 ), #5143, .F. ) ;
#8801 = ORIENTED_EDGE ( 'NONE', *, *, #1056, .T. ) ;
#8802 = ORIENTED_EDGE ( 'NONE', *, *, #8462, .F. ) ;
#8803 = CARTESIAN_POINT ( 'NONE',  ( 88.28669468826907973, 88.78272265063951352, -74.00000000000000000 ) ) ;
#8804 = CARTESIAN_POINT ( 'NONE',  ( 64.77361732381669412, -37.00000000000002132, -141.9248308116222006 ) ) ;
#8805 = CARTESIAN_POINT ( 'NONE',  ( 65.19162265872898843, 156.1773610175541194, -67.82201926448730944 ) ) ;
#8806 = DIRECTION ( 'NONE',  ( 0.000000000000000000, 1.000000000000000000, 6.123233995736769734E-17 ) ) ;
#8807 = CARTESIAN_POINT ( 'NONE',  ( 89.34984498869921765, 140.4264501268273762, -69.29999999999999716 ) ) ;
#8808 = FACE_OUTER_BOUND ( 'NONE', #7703, .T. ) ;
#8809 = PLANE ( 'NONE',  #4625 ) ;
#8810 = DIRECTION ( 'NONE',  ( 0.000000000000000000, 1.000000000000000000, -1.955056683769164554E-16 ) ) ;
#8811 = EDGE_CURVE ( 'NONE', #9479, #7964, #8075, .T. ) ;
#8812 = ORIENTED_EDGE ( 'NONE', *, *, #1216, .F. ) ;
#8813 = ORIENTED_EDGE ( 'NONE', *, *, #4420, .F. ) ;
#8814 = VERTEX_POINT ( 'NONE', #4417 ) ;
#8815 = DIRECTION ( 'NONE',  ( 0.000000000000000000, -0.000000000000000000, -1.000000000000000000 ) ) ;
#8816 = CARTESIAN_POINT ( 'NONE',  ( 72.37558213639782423, 140.0002256753835752, -75.94467977877509668 ) ) ;
#8817 = CARTESIAN_POINT ( 'NONE',  ( -74.28525818317474716, 140.3153425320369649, 52.94377186380261691 ) ) ;
#8818 = CARTESIAN_POINT ( 'NONE',  ( -74.27100946596313236, 150.4029026120746835, 51.41304439313567087 ) ) ;
#8819 = CARTESIAN_POINT ( 'NONE',  ( -49.75584207485393051, 141.3582014947252219, 83.19759587549640401 ) ) ;
#8820 = ORIENTED_EDGE ( 'NONE', *, *, #5765, .T. ) ;
#8821 = EDGE_CURVE ( 'NONE', #1612, #2959, #72, .T. ) ;
#8822 = CARTESIAN_POINT ( 'NONE',  ( 5.354636517952691577, 158.1286606887103403, 81.25874141295047082 ) ) ;
#8823 = CARTESIAN_POINT ( 'NONE',  ( 66.67841016189700554, 160.0000000000000000, -135.8380453359741011 ) ) ;
#8824 = ORIENTED_EDGE ( 'NONE', *, *, #6301, .T. ) ;
#8825 = ORIENTED_EDGE ( 'NONE', *, *, #7637, .T. ) ;
#8826 = CARTESIAN_POINT ( 'NONE',  ( -28.00000000000000000, -55.00000000000000000, -76.00000000000000000 ) ) ;
#8827 = DIRECTION ( 'NONE',  ( 1.000000000000000000, -5.551115123125779621E-17, -3.508303876989709866E-16 ) ) ;
#8828 = CARTESIAN_POINT ( 'NONE',  ( -79.04096464507688324, -39.85830541380567382, -105.7391096340322036 ) ) ;
#8829 = CARTESIAN_POINT ( 'NONE',  ( 67.00000028457928636, 159.3576242560332048, 6.197233245324733630 ) ) ;
#8830 = CARTESIAN_POINT ( 'NONE',  ( -59.99311537684509688, -39.78011755942815597, 52.71287704825549270 ) ) ;
#8831 = CARTESIAN_POINT ( 'NONE',  ( 97.37748030336528871, 159.1151392947464842, 152.6030191501704962 ) ) ;
#8832 = DIRECTION ( 'NONE',  ( -0.9861451850233948768, -0.1658845202397574992, 0.000000000000000000 ) ) ;
#8833 = ORIENTED_EDGE ( 'NONE', *, *, #92, .T. ) ;
#8834 = EDGE_LOOP ( 'NONE', ( #6075, #4743, #9460, #5429 ) ) ;
#8835 = EDGE_CURVE ( 'NONE', #1706, #406, #6731, .T. ) ;
#8836 = DIRECTION ( 'NONE',  ( 0.000000000000000000, -1.000000000000000000, 0.000000000000000000 ) ) ;
#8837 = CARTESIAN_POINT ( 'NONE',  ( 90.27728848741813295, 87.31724010258341195, -72.30200000000000671 ) ) ;
#8838 = CARTESIAN_POINT ( 'NONE',  ( 2.000000000000000000, -24.00000000000000000, -142.0000000000000284 ) ) ;
#8839 = LINE ( 'NONE', #8070, #7343 ) ;
#8840 = ORIENTED_EDGE ( 'NONE', *, *, #1966, .T. ) ;
#8841 = DIRECTION ( 'NONE',  ( 0.9998476951563912696, 0.01745240643728350471, -3.503998260924795306E-16 ) ) ;
#8842 = CARTESIAN_POINT ( 'NONE',  ( -79.13035031804361097, -36.99999999999999289, -105.2782176394944571 ) ) ;
#8843 = CARTESIAN_POINT ( 'NONE',  ( -92.17174539372527420, 153.3300508075680000, 217.8035796281025966 ) ) ;
#8844 = ORIENTED_EDGE ( 'NONE', *, *, #2333, .F. ) ;
#8845 = VERTEX_POINT ( 'NONE', #4016 ) ;
#8846 = DIRECTION ( 'NONE',  ( -1.000000000000000000, -0.000000000000000000, 3.772267007903640016E-16 ) ) ;
#8847 = EDGE_CURVE ( 'NONE', #1639, #2046, #3968, .T. ) ;
#8848 = CARTESIAN_POINT ( 'NONE',  ( 73.76385990971724027, 4.016353906930156370, -69.29999999999999716 ) ) ;
#8849 = CARTESIAN_POINT ( 'NONE',  ( 65.71848603151738644, 156.2659873974766356, -68.71362777593549254 ) ) ;
#8850 = DIRECTION ( 'NONE',  ( 0.01745240643728114202, 0.9998476951563912696, 5.412400174404810283E-16 ) ) ;
#8851 = EDGE_CURVE ( 'NONE', #2673, #4672, #4603, .T. ) ;
#8852 = CARTESIAN_POINT ( 'NONE',  ( 66.99999999999998579, 158.5000000000000000, 0.08633541039797133776 ) ) ;
#8853 = CARTESIAN_POINT ( 'NONE',  ( -38.31273941768203173, 157.4999999999999716, -120.5833654077504207 ) ) ;
#8854 = CARTESIAN_POINT ( 'NONE',  ( 91.72583822171267798, 4.329881404604495998, -72.30200000000000671 ) ) ;
#8855 = VECTOR ( 'NONE', #9483, 1000.000000000000114 ) ;
#8856 = FACE_OUTER_BOUND ( 'NONE', #934, .T. ) ;
#8857 = ORIENTED_EDGE ( 'NONE', *, *, #530, .T. ) ;
#8858 = ORIENTED_EDGE ( 'NONE', *, *, #6452, .F. ) ;
#8859 = FACE_OUTER_BOUND ( 'NONE', #4018, .T. ) ;
#8860 = CARTESIAN_POINT ( 'NONE',  ( 92.90000000000001990, 153.3320508075680095, 217.8018475772950922 ) ) ;
#8861 = VECTOR ( 'NONE', #4921, 1000.000000000000000 ) ;
#8862 = CARTESIAN_POINT ( 'NONE',  ( -74.16542806531570875, 140.3205841652042238, 53.96211605940521139 ) ) ;
#8863 = CARTESIAN_POINT ( 'NONE',  ( -74.35446294710473580, 140.0021922911585648, 51.55535753965740042 ) ) ;
#8864 = LINE ( 'NONE', #8236, #8416 ) ;
#8865 = EDGE_CURVE ( 'NONE', #4580, #3807, #6206, .T. ) ;
#8866 = VECTOR ( 'NONE', #2231, 1000.000000000000000 ) ;
#8867 = DIRECTION ( 'NONE',  ( -1.000000000000000000, -1.145251006897963878E-32, 7.231268945543358372E-17 ) ) ;
#8868 = CARTESIAN_POINT ( 'NONE',  ( 51.52526982319329107, 160.0000000000000000, -121.3231818929580612 ) ) ;
#8869 = ORIENTED_EDGE ( 'NONE', *, *, #211, .F. ) ;
#8870 = ORIENTED_EDGE ( 'NONE', *, *, #8645, .T. ) ;
#8871 = DIRECTION ( 'NONE',  ( -1.189524669241239066E-15, 0.000000000000000000, -1.000000000000000000 ) ) ;
#8872 = CARTESIAN_POINT ( 'NONE',  ( 67.00000000000000000, 160.0000000000000000, -66.00000000000001421 ) ) ;
#8873 = CARTESIAN_POINT ( 'NONE',  ( -51.61950938334554451, 148.3683993971195605, 84.86495601849568970 ) ) ;
#8874 = EDGE_CURVE ( 'NONE', #8700, #8333, #6920, .T. ) ;
#8875 = AXIS2_PLACEMENT_3D ( 'NONE', #7162, #4260, #8549 ) ;
#8876 = B_SPLINE_CURVE_WITH_KNOTS ( 'NONE', 3,
 ( #6776, #1705, #897, #5281 ),
 .UNSPECIFIED., .F., .F.,
 ( 4, 4 ),
 ( 0.000000000000000000, 1.000000000000000000 ),
 .UNSPECIFIED. ) ;
#8877 = CARTESIAN_POINT ( 'NONE',  ( 67.00006937932697326, 159.7084188115345285, 3.908712291203975120 ) ) ;
#8878 = DIRECTION ( 'NONE',  ( 0.1658845202397584151, -0.9861451850233945438, 0.000000000000000000 ) ) ;
#8879 = DIRECTION ( 'NONE',  ( 0.000000000000000000, -1.000000000000000000, 1.460881280034365741E-16 ) ) ;
#8880 = CARTESIAN_POINT ( 'NONE',  ( -51.19402339399017876, 62.00000005405644998, 87.28808727020940239 ) ) ;
#8881 = VECTOR ( 'NONE', #8760, 1000.000000000000114 ) ;
#8882 = ORIENTED_EDGE ( 'NONE', *, *, #4227, .T. ) ;
#8883 = VECTOR ( 'NONE', #3371, 1000.000000000000114 ) ;
#8884 = CARTESIAN_POINT ( 'NONE',  ( -75.26703841723646349, 56.16801501286803244, 56.54075934567262607 ) ) ;
#8885 = FACE_OUTER_BOUND ( 'NONE', #8834, .T. ) ;
#8886 = CARTESIAN_POINT ( 'NONE',  ( 23.68810573457319180, 62.00000016618916732, 88.63011309905557766 ) ) ;
#8887 = EDGE_CURVE ( 'NONE', #4694, #8379, #4629, .T. ) ;
#8888 = CARTESIAN_POINT ( 'NONE',  ( 92.50038076210897486, -40.04363101609320807, -91.00000000000000000 ) ) ;
#8889 = ORIENTED_EDGE ( 'NONE', *, *, #4305, .F. ) ;
#8890 = VECTOR ( 'NONE', #4804, 1000.000000000000227 ) ;
#8891 = DIRECTION ( 'NONE',  ( 0.007228834559801035342, 0.9998215707699756871, -0.01745195043442209978 ) ) ;
#8892 = DIRECTION ( 'NONE',  ( -1.000000000000000000, -0.000000000000000000, 0.000000000000000000 ) ) ;
#8893 = DIRECTION ( 'NONE',  ( 1.000000000000000000, -1.110223024625155801E-16, 0.000000000000000000 ) ) ;
#8894 = ORIENTED_EDGE ( 'NONE', *, *, #7520, .T. ) ;
#8895 = CARTESIAN_POINT ( 'NONE',  ( 84.36990588655761769, -39.69586770352352545, -126.9899364111419260 ) ) ;
#8896 = CIRCLE ( 'NONE', #5030, 0.002000000000002000178 ) ;
#8897 = CARTESIAN_POINT ( 'NONE',  ( 89.31921001919671710, 141.2063380813552556, -72.93852814538340112 ) ) ;
#8898 = CARTESIAN_POINT ( 'NONE',  ( 76.21066335048278972, 120.5110998467795866, -67.29999999999999716 ) ) ;
#8899 = DIRECTION ( 'NONE',  ( -0.000000000000000000, -1.000000000000000000, 0.000000000000000000 ) ) ;
#8900 = ORIENTED_EDGE ( 'NONE', *, *, #2283, .T. ) ;
#8901 = DIRECTION ( 'NONE',  ( -0.000000000000000000, 1.000000000000000000, 0.000000000000000000 ) ) ;
#8902 = CARTESIAN_POINT ( 'NONE',  ( 20.32236720785951078, 62.00002393040369242, 92.01695652193774322 ) ) ;
#8903 = LINE ( 'NONE', #4331, #6489 ) ;
#8904 = B_SPLINE_CURVE_WITH_KNOTS ( 'NONE', 3,
 ( #4591, #9106, #3032, #104, #5456, #8247, #1021, #3907, #3957, #1599, #6193, #1690, #6908, #8290, #1646, #6857, #5268, #6717, #8923, #154, #4544, #7482, #6142, #7576, #7442, #9058, #8385, #1783, #2407, #3082, #294, #840, #3225, #883, #6049, #3126, #3813, #7530, #6763, #8968 ),
 .UNSPECIFIED., .F., .F.,
 ( 4, 2, 2, 2, 1, 1, 1, 1, 1, 2, 2, 2, 2, 2, 2, 2, 1, 1, 1, 1, 1, 2, 2, 2, 4 ),
 ( 0.000000000000000000, 0.1250000000001567357, 0.1875000000002353950, 0.2187500000002746969, 0.2343750000002944589, 0.2421875000003040623, 0.2460937500003087253, 0.2480468750003108624, 0.2490234375003115563, 0.2495117187503118061, 0.2500000000003120282, 0.3750000000003280154, 0.5000000000003440581, 0.6250000000003599343, 0.6875000000003678169, 0.7187500000003721468, 0.7343750000003742562, 0.7421875000003751444, 0.7460937500003754774, 0.7480468750003753664, 0.7490234375003751444, 0.7495117187503748113, 0.7500000000003743672, 0.8750000000001871836, 1.000000000000000000 ),
 .UNSPECIFIED. ) ;
#8905 = DIRECTION ( 'NONE',  ( -0.7660444431189911141, -0.6427876096865237088, 0.000000000000000000 ) ) ;
#8906 = VERTEX_POINT ( 'NONE', #2517 ) ;
#8907 = ORIENTED_EDGE ( 'NONE', *, *, #9347, .T. ) ;
#8908 = LINE ( 'NONE', #8955, #136 ) ;
#8909 = DIRECTION ( 'NONE',  ( -1.541976423090495042E-15, 0.000000000000000000, -1.000000000000000000 ) ) ;
#8910 = VECTOR ( 'NONE', #6555, 1000.000000000000000 ) ;
#8911 = CARTESIAN_POINT ( 'NONE',  ( -74.26579124246319452, 140.3164697625200006, 53.14971582448749388 ) ) ;
#8912 = CARTESIAN_POINT ( 'NONE',  ( -74.35446294710473580, 140.0845427837009254, 51.55408895512310608 ) ) ;
#8913 = DIRECTION ( 'NONE',  ( 0.9998476951563912696, 0.01745240643728350471, -3.503998260924795306E-16 ) ) ;
#8914 = CYLINDRICAL_SURFACE ( 'NONE', #1377, 1.601999999999992319 ) ;
#8915 = EDGE_CURVE ( 'NONE', #1612, #8739, #8219, .T. ) ;
#8916 = VERTEX_POINT ( 'NONE', #4691 ) ;
#8917 = EDGE_LOOP ( 'NONE', ( #6530, #2410, #9431, #3356 ) ) ;
#8918 = ORIENTED_EDGE ( 'NONE', *, *, #1816, .T. ) ;
#8919 = LINE ( 'NONE', #2312, #6566 ) ;
#8920 = CARTESIAN_POINT ( 'NONE',  ( -55.32318189294436905, 160.0000000000000284, -102.5252698231933408 ) ) ;
#8921 = CARTESIAN_POINT ( 'NONE',  ( 72.99379741748666106, 119.9699743917502275, -69.29999999999998295 ) ) ;
#8922 = CARTESIAN_POINT ( 'NONE',  ( -104.5999999999999943, 153.3300508075680000, 97.00584757729509988 ) ) ;
#8923 = CARTESIAN_POINT ( 'NONE',  ( -66.73013942898306539, 140.4902644950185788, -123.2065707746095455 ) ) ;
#8924 = DIRECTION ( 'NONE',  ( 0.9997836989601803781, 0.02079479605575832238, 0.0003629745153154052676 ) ) ;
#8925 = DIRECTION ( 'NONE',  ( -0.01745240643728311267, 0.9998476951563913806, 0.000000000000000000 ) ) ;
#8926 = ADVANCED_FACE ( 'NONE', ( #8397 ), #944, .F. ) ;
#8927 = ORIENTED_EDGE ( 'NONE', *, *, #4312, .F. ) ;
#8928 = ADVANCED_FACE ( 'NONE', ( #1080 ), #354, .T. ) ;
#8929 = PLANE ( 'NONE',  #1828 ) ;
#8930 = VECTOR ( 'NONE', #2947, 1000.000000000000114 ) ;
#8931 = CYLINDRICAL_SURFACE ( 'NONE', #566, 20.00000000000000355 ) ;
#8932 = VECTOR ( 'NONE', #5741, 1000.000000000000000 ) ;
#8933 = CARTESIAN_POINT ( 'NONE',  ( 86.02110746501065819, 140.3963037614741154, -110.3293133374727688 ) ) ;
#8934 = EDGE_CURVE ( 'NONE', #8798, #1024, #6779, .T. ) ;
#8935 = DIRECTION ( 'NONE',  ( 0.01743327344408206886, -0.9998480289208780958, 6.329202993985253114E-06 ) ) ;
#8936 = CARTESIAN_POINT ( 'NONE',  ( -4.768706341644583624, 140.3490481287456078, 90.85199565517044107 ) ) ;
#8937 = LINE ( 'NONE', #6018, #7419 ) ;
#8938 = ORIENTED_EDGE ( 'NONE', *, *, #3030, .F. ) ;
#8939 = CARTESIAN_POINT ( 'NONE',  ( -75.50000000000000000, -24.00000000000000355, -75.99836645901302745 ) ) ;
#8940 = APPROVAL_PERSON_ORGANIZATION ( #7473, #5634, #6848 ) ;
#8941 = VECTOR ( 'NONE', #3837, 1000.000000000000227 ) ;
#8942 = ORIENTED_EDGE ( 'NONE', *, *, #8811, .F. ) ;
#8943 = EDGE_CURVE ( 'NONE', #4695, #4189, #309, .T. ) ;
#8944 = ORIENTED_EDGE ( 'NONE', *, *, #3620, .F. ) ;
#8945 = CARTESIAN_POINT ( 'NONE',  ( 87.47724757379219795, 157.5000000000000284, -105.0779186066841220 ) ) ;
#8946 = CARTESIAN_POINT ( 'NONE',  ( 90.33874729789363300, 85.81808437804481571, -72.30200000000000671 ) ) ;
#8947 = CARTESIAN_POINT ( 'NONE',  ( 72.32232527496717012, 156.9830919519844485, -74.94469904793706405 ) ) ;
#8948 = LINE ( 'NONE', #858, #8724 ) ;
#8949 = PLANE ( 'NONE',  #6729 ) ;
#8950 = VECTOR ( 'NONE', #4914, 1000.000000000000000 ) ;
#8951 = CARTESIAN_POINT ( 'NONE',  ( 76.70831691120203288, 117.5526642917092772, -69.29999999999999716 ) ) ;
#8952 = PLANE ( 'NONE',  #9094 ) ;
#8953 = DIRECTION ( 'NONE',  ( -0.01745240643728350124, 0.9998476951563911586, 0.000000000000000000 ) ) ;
#8954 = VERTEX_POINT ( 'NONE', #8260 ) ;
#8955 = CARTESIAN_POINT ( 'NONE',  ( 73.76385990971725448, 4.016353906929388096, -67.29999999999999716 ) ) ;
#8956 = CARTESIAN_POINT ( 'NONE',  ( 71.85504175204270894, 160.0000000000000000, -92.85961089735098994 ) ) ;
#8957 = CARTESIAN_POINT ( 'NONE',  ( 357.3840944635300048, -25.00000000000000000, -75.73817402607681970 ) ) ;
#8958 = CARTESIAN_POINT ( 'NONE',  ( -41.60038532323389404, 156.4749416951172520, 75.04238313577590702 ) ) ;
#8959 = ORIENTED_EDGE ( 'NONE', *, *, #7710, .F. ) ;
#8960 = CARTESIAN_POINT ( 'NONE',  ( 9.131633956022293219, 154.3792412334876758, 70.72102250631138531 ) ) ;
#8961 = CARTESIAN_POINT ( 'NONE',  ( -94.78139602057051150, 56.73205080756776653, 215.9038475772950676 ) ) ;
#8962 = ORIENTED_EDGE ( 'NONE', *, *, #2383, .F. ) ;
#8963 = ORIENTED_EDGE ( 'NONE', *, *, #3675, .T. ) ;
#8964 = LINE ( 'NONE', #878, #9147 ) ;
#8965 = CARTESIAN_POINT ( 'NONE',  ( -71.38156262412057629, 160.0000000000001137, -114.8099855690248745 ) ) ;
#8966 = DIRECTION ( 'NONE',  ( -0.000000000000000000, -0.000000000000000000, -1.000000000000000000 ) ) ;
#8967 = CARTESIAN_POINT ( 'NONE',  ( 87.48293133482164308, 134.7756999991378279, -69.30000000000001137 ) ) ;
#8968 = CARTESIAN_POINT ( 'NONE',  ( -26.85961089735093310, 140.3490481287456646, -142.8519956551705263 ) ) ;
#8969 = CARTESIAN_POINT ( 'NONE',  ( 91.99999875156009921, 50.73205080756779495, 184.8038475772950164 ) ) ;
#8970 = DIRECTION ( 'NONE',  ( 0.9998476951563912696, 0.01745240643728360533, -3.503998260924795799E-16 ) ) ;
#8971 = ORIENTED_EDGE ( 'NONE', *, *, #2870, .T. ) ;
#8972 = LINE ( 'NONE', #936, #142 ) ;
#8973 = CARTESIAN_POINT ( 'NONE',  ( 66.91638719409179714, 155.1056425123195481, 17.70756291830613804 ) ) ;
#8974 = CARTESIAN_POINT ( 'NONE',  ( -94.78139602057051150, 153.3320508075680095, 217.8018475772954901 ) ) ;
#8975 = CARTESIAN_POINT ( 'NONE',  ( 67.00000000000000000, 158.1606570596010215, 5.846398749016635144 ) ) ;
#8976 = CARTESIAN_POINT ( 'NONE',  ( -103.7989999999999498, 153.3300508075680000, 212.9381019126404340 ) ) ;
#8977 = CARTESIAN_POINT ( 'NONE',  ( -78.26246471903860424, -37.00000000000000000, -109.0060524104160038 ) ) ;
#8978 = CARTESIAN_POINT ( 'NONE',  ( -50.70963606671106305, 160.0000000000000000, -111.1571778647915352 ) ) ;
#8979 = ADVANCED_FACE ( 'NONE', ( #1660 ), #6826, .F. ) ;
#8980 = ORIENTED_EDGE ( 'NONE', *, *, #8835, .F. ) ;
#8981 = EDGE_CURVE ( 'NONE', #6485, #5406, #39, .T. ) ;
#8982 = ORIENTED_EDGE ( 'NONE', *, *, #6469, .F. ) ;
#8983 = CARTESIAN_POINT ( 'NONE',  ( 89.35237641727955804, 140.3054171126525773, -92.85961089735091889 ) ) ;
#8984 = DIRECTION ( 'NONE',  ( 0.9998476951563912696, 0.01745240643728350471, -3.503998260924795306E-16 ) ) ;
#8985 = CARTESIAN_POINT ( 'NONE',  ( -3.163853222813789667, 159.9999999999999716, 72.45989487087348380 ) ) ;
#8986 = DIRECTION ( 'NONE',  ( -0.7123441120854278052, -0.7018303207283027589, -0.0002586186983145988098 ) ) ;
#8987 = EDGE_CURVE ( 'NONE', #6457, #5895, #8446, .T. ) ;
#8988 = DIRECTION ( 'NONE',  ( 0.000000000000000000, 0.000000000000000000, 1.000000000000000000 ) ) ;
#8989 = ADVANCED_FACE ( 'NONE', ( #1227 ), #1127, .F. ) ;
#8990 = LINE ( 'NONE', #8951, #8112 ) ;
#8991 = LINE ( 'NONE', #1815, #1095 ) ;
#8992 = DIRECTION ( 'NONE',  ( 0.000000000000000000, 0.000000000000000000, -1.000000000000000000 ) ) ;
#8993 = ORIENTED_EDGE ( 'NONE', *, *, #4336, .F. ) ;
#8994 = CARTESIAN_POINT ( 'NONE',  ( 72.20138029036056082, 157.4974003228095967, -72.94474282557428069 ) ) ;
#8995 = LINE ( 'NONE', #4618, #9521 ) ;
#8996 = DIRECTION ( 'NONE',  ( -1.110223024625155801E-16, -1.000000000000000000, -4.855507225124589012E-17 ) ) ;
#8997 = DIRECTION ( 'NONE',  ( -0.000000000000000000, -1.000000000000000000, 0.000000000000000000 ) ) ;
#8998 = VECTOR ( 'NONE', #3904, 1000.000000000000000 ) ;
#8999 = CARTESIAN_POINT ( 'NONE',  ( 89.88882559921162851, -3.003295764713427740, -67.29999999999999716 ) ) ;
#9000 = EDGE_CURVE ( 'NONE', #6745, #1896, #1698, .T. ) ;
#9001 = FACE_OUTER_BOUND ( 'NONE', #8477, .T. ) ;
#9002 =( LENGTH_UNIT ( ) NAMED_UNIT ( * ) SI_UNIT ( .MILLI., .METRE. ) );
#9003 = ORIENTED_EDGE ( 'NONE', *, *, #2671, .F. ) ;
#9004 = AXIS2_PLACEMENT_3D ( 'NONE', #3794, #6614, #4435 ) ;
#9005 = ORIENTED_EDGE ( 'NONE', *, *, #41, .F. ) ;
#9006 = ORIENTED_EDGE ( 'NONE', *, *, #237, .T. ) ;
#9007 = CARTESIAN_POINT ( 'NONE',  ( 76.70831691120200446, 117.5526642917094051, -67.29999999999999716 ) ) ;
#9008 = CARTESIAN_POINT ( 'NONE',  ( 89.44545348553042174, 134.9730354438597999, -75.93848251001995209 ) ) ;
#9009 = EDGE_CURVE ( 'NONE', #4043, #4190, #7709, .T. ) ;
#9010 = CARTESIAN_POINT ( 'NONE',  ( -28.00000000000000000, -39.48206641583090004, -74.00000000000000000 ) ) ;
#9011 = PLANE ( 'NONE',  #3018 ) ;
#9012 = CARTESIAN_POINT ( 'NONE',  ( 24.40000000000000568, -0.2631397208144559685, 97.00384757729520402 ) ) ;
#9013 = VECTOR ( 'NONE', #8182, 999.9999999999998863 ) ;
#9014 = LINE ( 'NONE', #2455, #7567 ) ;
#9015 = CARTESIAN_POINT ( 'NONE',  ( 91.77713542210280195, 1.391066762486722785, -72.72824106284373613 ) ) ;
#9016 = EDGE_LOOP ( 'NONE', ( #4718, #9070, #1751, #6232 ) ) ;
#9017 = EDGE_CURVE ( 'NONE', #7636, #8425, #3617, .T. ) ;
#9018 = VECTOR ( 'NONE', #7732, 1000.000000000000000 ) ;
#9019 = DIRECTION ( 'NONE',  ( 1.000000000000000000, 0.000000000000000000, 0.000000000000000000 ) ) ;
#9020 = DIRECTION ( 'NONE',  ( 1.541976423090495042E-15, -0.000000000000000000, 1.000000000000000000 ) ) ;
#9021 = DIRECTION ( 'NONE',  ( 0.000000000000000000, 0.5000000000000004441, -0.8660254037844384856 ) ) ;
#9022 = DIRECTION ( 'NONE',  ( -5.390695917567118667E-33, -4.855507225124589012E-17, 1.000000000000000000 ) ) ;
#9024 = EDGE_LOOP ( 'NONE', ( #7591, #8273, #1280, #6269, #1469, #7246 ) ) ;
#9023 = PLANE ( 'NONE',  #4003 ) ;
#9025 = DIRECTION ( 'NONE',  ( -7.165827653609149284E-17, -0.000000000000000000, -1.000000000000000000 ) ) ;
#9026 = VECTOR ( 'NONE', #1401, 1000.000000000000000 ) ;
#9027 = CARTESIAN_POINT ( 'NONE',  ( 89.89927205953139833, 154.9340508075680418, 134.6030191501703825 ) ) ;
#9028 = VERTEX_POINT ( 'NONE', #5180 ) ;
#9029 = ORIENTED_EDGE ( 'NONE', *, *, #4200, .F. ) ;
#9030 = CARTESIAN_POINT ( 'NONE',  ( 48.03181947664027263, 157.5000000000000284, -139.7110979850530725 ) ) ;
#9031 = DIRECTION ( 'NONE',  ( 1.000000000000000000, 2.022266248809774821E-21, 0.000000000000000000 ) ) ;
#9032 = CARTESIAN_POINT ( 'NONE',  ( 6.453580607806040703, 152.3802931433152992, 82.07732870149330040 ) ) ;
#9033 = CIRCLE ( 'NONE', #9183, 1.601999999999992319 ) ;
#9034 = CARTESIAN_POINT ( 'NONE',  ( 1.204430717775490045, 155.3262304720983593, 76.82817879971551633 ) ) ;
#9035 = DIRECTION ( 'NONE',  ( -2.282888894703145239E-16, 0.01745240643728355329, -0.9998476951563912696 ) ) ;
#9036 = CARTESIAN_POINT ( 'NONE',  ( 66.41579597908189214, 156.3832854666320031, -68.00652099474895351 ) ) ;
#9037 = DIRECTION ( 'NONE',  ( 0.9998476951563913806, 0.01745240643727243718, 0.000000000000000000 ) ) ;
#9038 = LINE ( 'NONE', #3205, #5570 ) ;
#9039 = VECTOR ( 'NONE', #3208, 1000.000000000000000 ) ;
#9040 = ORIENTED_EDGE ( 'NONE', *, *, #7314, .F. ) ;
#9041 = CARTESIAN_POINT ( 'NONE',  ( -80.00000000000000000, 157.5000000000000000, -72.99999999999998579 ) ) ;
#9042 = LINE ( 'NONE', #5253, #7992 ) ;
#9043 = CARTESIAN_POINT ( 'NONE',  ( -47.97824793165408153, 153.3577152136178654, 81.42024529055973403 ) ) ;
#9044 = VECTOR ( 'NONE', #2923, 1000.000000000000114 ) ;
#9045 = CARTESIAN_POINT ( 'NONE',  ( -74.04559660066681204, 140.3434077208648887, -99.07625418902226500 ) ) ;
#9046 = CARTESIAN_POINT ( 'NONE',  ( 65.77262326672041581, 156.5705644166646096, 8.271897020013321722 ) ) ;
#9047 = ORIENTED_EDGE ( 'NONE', *, *, #1957, .T. ) ;
#9048 = DATE_AND_TIME ( #234, #4787 ) ;
#9049 = ORIENTED_EDGE ( 'NONE', *, *, #6773, .F. ) ;
#9050 = EDGE_CURVE ( 'NONE', #7719, #835, #3469, .T. ) ;
#9051 = ORIENTED_EDGE ( 'NONE', *, *, #6706, .F. ) ;
#9052 = ORIENTED_EDGE ( 'NONE', *, *, #7344, .T. ) ;
#9053 = DIRECTION ( 'NONE',  ( -8.673617379884039170E-17, 1.000000000000000000, 0.000000000000000000 ) ) ;
#9054 = B_SPLINE_CURVE_WITH_KNOTS ( 'NONE', 3,
 ( #716, #8947, #905, #814 ),
 .UNSPECIFIED., .F., .F.,
 ( 4, 4 ),
 ( 0.000000000000000000, 1.000000000000000000 ),
 .UNSPECIFIED. ) ;
#9055 = EDGE_CURVE ( 'NONE', #3903, #6840, #2131, .T. ) ;
#9056 = CARTESIAN_POINT ( 'NONE',  ( -47.81287078130869617, 140.1457379851084113, 88.77346952191001606 ) ) ;
#9057 = CARTESIAN_POINT ( 'NONE',  ( -375.8093363810669985, -30.00000000000000000, -72.82544935071780401 ) ) ;
#9058 = CARTESIAN_POINT ( 'NONE',  ( -48.41980738026353492, 140.4654704850582903, -137.9700243717798571 ) ) ;
#9059 = VECTOR ( 'NONE', #5734, 1000.000000000000000 ) ;
#9060 = FACE_OUTER_BOUND ( 'NONE', #4950, .T. ) ;
#9061 = CARTESIAN_POINT ( 'NONE',  ( -42.00000000000000000, -40.00200000000000244, -76.00000000000000000 ) ) ;
#9062 = VERTEX_POINT ( 'NONE', #1417 ) ;
#9063 = DIRECTION ( 'NONE',  ( -0.01745240643728311267, 0.9998476951563913806, 0.000000000000000000 ) ) ;
#9064 = LINE ( 'NONE', #7629, #1022 ) ;
#9065 = CARTESIAN_POINT ( 'NONE',  ( 86.24343564138675333, 140.3940627530796519, -109.7582263886307175 ) ) ;
#9066 = LINE ( 'NONE', #1123, #1025 ) ;
#9067 = B_SPLINE_CURVE_WITH_KNOTS ( 'NONE', 3,
 ( #9182, #2489, #1052, #324 ),
 .UNSPECIFIED., .F., .F.,
 ( 4, 4 ),
 ( 0.000000000000000000, 1.000000000000000000 ),
 .UNSPECIFIED. ) ;
#9068 = CARTESIAN_POINT ( 'NONE',  ( 64.70794705376216882, 119.9999999864547817, 33.08701785684375096 ) ) ;
#9069 = CARTESIAN_POINT ( 'NONE',  ( 92.00000000000000000, 38.23686027918554942, 196.8038475772949880 ) ) ;
#9070 = ORIENTED_EDGE ( 'NONE', *, *, #9151, .F. ) ;
#9071 = DIRECTION ( 'NONE',  ( -1.000000000000000000, 3.420933063717830968E-32, 3.323248821410888016E-48 ) ) ;
#9072 = ORIENTED_EDGE ( 'NONE', *, *, #1905, .F. ) ;
#9073 = AXIS2_PLACEMENT_3D ( 'NONE', #898, #2374, #4740 ) ;
#9074 = EDGE_LOOP ( 'NONE', ( #1921, #285, #3305, #3951 ) ) ;
#9075 = ORIENTED_EDGE ( 'NONE', *, *, #8188, .F. ) ;
#9076 = CARTESIAN_POINT ( 'NONE',  ( 41.85961089735091889, 140.3054171126525773, -140.3523764172796007 ) ) ;
#9077 = CARTESIAN_POINT ( 'NONE',  ( 65.89849358961049575, 151.6610621781633483, 18.06944303376847927 ) ) ;
#9078 = CARTESIAN_POINT ( 'NONE',  ( 72.37558213639782423, 140.0002256753835752, -75.94467977877417297 ) ) ;
#9079 = CARTESIAN_POINT ( 'NONE',  ( -74.34607600707653319, 140.3088043768796922, 51.88071393991602775 ) ) ;
#9080 = CARTESIAN_POINT ( 'NONE',  ( 3.011396744853513496, 153.6084634868748822, 78.63514480624915848 ) ) ;
#9081 = CARTESIAN_POINT ( 'NONE',  ( 41.85961089735094021, 140.3490481287456930, -142.8519956551705263 ) ) ;
#9082 =( BOUNDED_SURFACE ( )  B_SPLINE_SURFACE ( 3, 3, ( 
 ( #3494, #2776, #4134, #1918 ),
 ( #3546, #578, #5742, #1253 ),
 ( #5785, #8712, #7086, #483 ),
 ( #2020, #6372, #7136, #2111 ) ),
 .UNSPECIFIED., .F., .F., .F. ) 
 B_SPLINE_SURFACE_WITH_KNOTS ( ( 4, 4 ),
 ( 4, 4 ),
 ( 0.000000000000000000, 1.000000000000000000 ),
 ( 0.000000000000000000, 1.000000000000000000 ),
 .UNSPECIFIED. ) 
 GEOMETRIC_REPRESENTATION_ITEM ( )  RATIONAL_B_SPLINE_SURFACE ( (
 ( 1.000000000000000000, 0.8044580340672394803, 0.8044580340672394803, 1.000000000000000000),
 ( 0.9486698473856747249, 0.7631650804067480198, 0.7631650804067480198, 0.9486698473856747249),
 ( 0.9486698473856747249, 0.7631650804067480198, 0.7631650804067480198, 0.9486698473856747249),
 ( 1.000000000000000000, 0.8044580340672394803, 0.8044580340672394803, 1.000000000000000000) ) ) 
 REPRESENTATION_ITEM ( '' )  SURFACE ( )  );
#9083 = EDGE_CURVE ( 'NONE', #7777, #311, #4166, .T. ) ;
#9084 = CARTESIAN_POINT ( 'NONE',  ( 71.90770888826210694, 139.0045189562606254, -69.29999999999999716 ) ) ;
#9085 = CARTESIAN_POINT ( 'NONE',  ( 91.85199565517052633, 140.3490481287456646, -92.85961089735098994 ) ) ;
#9086 = AXIS2_PLACEMENT_3D ( 'NONE', #7543, #6017, #5280 ) ;
#9087 = LINE ( 'NONE', #7653, #6347 ) ;
#9088 = ORIENTED_EDGE ( 'NONE', *, *, #396, .T. ) ;
#9089 = EDGE_CURVE ( 'NONE', #2572, #8916, #7304, .T. ) ;
#9090 = ORIENTED_EDGE ( 'NONE', *, *, #6867, .F. ) ;
#9091 = DIRECTION ( 'NONE',  ( 0.9999999340962500982, -0.000000000000000000, 0.0003630530201410025353 ) ) ;
#9092 = CARTESIAN_POINT ( 'NONE',  ( 65.70232579623205993, 156.1271579998076788, 10.22969376277255549 ) ) ;
#9093 = CARTESIAN_POINT ( 'NONE',  ( -98.53782217350889994, 154.9320508075678049, 215.9038475772950392 ) ) ;
#9094 = AXIS2_PLACEMENT_3D ( 'NONE', #1670, #7603, #6029 ) ;
#9095 = CARTESIAN_POINT ( 'NONE',  ( -55.82860011248637022, 140.4290765388368527, -130.6199922655215744 ) ) ;
#9096 = CARTESIAN_POINT ( 'NONE',  ( -79.17409216071828837, -40.00000000000000000, -105.0584282081650400 ) ) ;
#9097 = VERTEX_POINT ( 'NONE', #9407 ) ;
#9098 = VERTEX_POINT ( 'NONE', #5227 ) ;
#9099 = CARTESIAN_POINT ( 'NONE',  ( 97.37619472814590438, 159.1166713836329905, 134.6030191501703825 ) ) ;
#9100 = ORIENTED_EDGE ( 'NONE', *, *, #9009, .T. ) ;
#9101 = EDGE_LOOP ( 'NONE', ( #6110, #7271, #3206, #3511, #1418, #6326 ) ) ;
#9102 = CARTESIAN_POINT ( 'NONE',  ( -94.78139602057051150, -0.2631397208144595212, 217.8018475772954901 ) ) ;
#9103 = CARTESIAN_POINT ( 'NONE',  ( 65.01673581772371335, -37.00000000000001421, -139.0161054788142678 ) ) ;
#9104 = DIRECTION ( 'NONE',  ( -1.000000000000000000, 0.000000000000000000, 3.000491698228080021E-16 ) ) ;
#9105 = CARTESIAN_POINT ( 'NONE',  ( -37.41304439313704222, 157.5000000000000000, 70.85504175204262367 ) ) ;
#9106 = CARTESIAN_POINT ( 'NONE',  ( -76.85159669092639945, 140.3719047749830509, -96.13484357676220782 ) ) ;
#9107 = ADVANCED_FACE ( 'NONE', ( #2892 ), #8786, .T. ) ;
#9108 = CARTESIAN_POINT ( 'NONE',  ( 91.77789074389788482, 1.347794405826165720, -72.57242192602514308 ) ) ;
#9109 = ORIENTED_EDGE ( 'NONE', *, *, #7631, .F. ) ;
#9110 = CARTESIAN_POINT ( 'NONE',  ( 92.89999999999999147, 58.33405080756781302, 217.8018475772949785 ) ) ;
#9111 = LINE ( 'NONE', #4685, #5803 ) ;
#9112 = PLANE ( 'NONE',  #2416 ) ;
#9113 = CARTESIAN_POINT ( 'NONE',  ( -92.17074539372529784, 58.33405080756782013, 219.4038475772950108 ) ) ;
#9114 = CARTESIAN_POINT ( 'NONE',  ( 89.88882559921160009, -3.003295764713429961, -67.29999999999999716 ) ) ;
#9115 = CARTESIAN_POINT ( 'NONE',  ( -57.94176011124820747, -36.99999999999999289, -137.3822204805875629 ) ) ;
#9116 = CARTESIAN_POINT ( 'NONE',  ( -28.82304684453383103, 160.0000000000000000, -122.8550417520972502 ) ) ;
#9117 = EDGE_LOOP ( 'NONE', ( #96, #1062 ) ) ;
#9118 = ORIENTED_EDGE ( 'NONE', *, *, #8122, .F. ) ;
#9119 = ORIENTED_EDGE ( 'NONE', *, *, #6240, .F. ) ;
#9120 = CARTESIAN_POINT ( 'NONE',  ( 54.07791860669161110, 157.4999999999999432, -138.4772475737921411 ) ) ;
#9121 = CYLINDRICAL_SURFACE ( 'NONE', #2289, 20.00000000000000355 ) ;
#9122 = CARTESIAN_POINT ( 'NONE',  ( 9.065582935676891552, 144.1502867831963499, 84.68933102936411217 ) ) ;
#9123 = CARTESIAN_POINT ( 'NONE',  ( -74.15148250219860415, 140.3210221118476397, 54.05536551812491552 ) ) ;
#9124 = CARTESIAN_POINT ( 'NONE',  ( 4.539399413845094600, 151.5312597231192626, 80.16314930919409676 ) ) ;
#9125 = CARTESIAN_POINT ( 'NONE',  ( -26.85961089735091534, 140.3054171129349186, -140.3523764172746269 ) ) ;
#9126 = CARTESIAN_POINT ( 'NONE',  ( -56.85504175204258814, 157.5000000000000284, 51.41304439313702090 ) ) ;
#9127 = CARTESIAN_POINT ( 'NONE',  ( -92.97174539372531399, 153.3300508075680000, 219.1892202741578330 ) ) ;
#9128 = FACE_OUTER_BOUND ( 'NONE', #173, .T. ) ;
#9129 = ORIENTED_EDGE ( 'NONE', *, *, #6990, .F. ) ;
#9130 = VERTEX_POINT ( 'NONE', #2183 ) ;
#9131 = CARTESIAN_POINT ( 'NONE',  ( 71.79649834968950017, 116.7264221947488068, -69.29999999999999716 ) ) ;
#9132 = FACE_BOUND ( 'NONE', #141, .T. ) ;
#9133 = CARTESIAN_POINT ( 'NONE',  ( -38.32836055400763797, 160.0000000000000568, 71.77035791291328337 ) ) ;
#9134 = CARTESIAN_POINT ( 'NONE',  ( -48.92977573439184624, -37.00000000000000000, -139.5222162484473927 ) ) ;
#9135 = CARTESIAN_POINT ( 'NONE',  ( -57.68045978013771702, -40.00000000000000711, -137.6439819849123865 ) ) ;
#9136 = EDGE_CURVE ( 'NONE', #5358, #1470, #8064, .T. ) ;
#9137 = ORIENTED_EDGE ( 'NONE', *, *, #5841, .T. ) ;
#9138 = APPROVAL_ROLE ( '' ) ;
#9139 = ORIENTED_EDGE ( 'NONE', *, *, #3201, .T. ) ;
#9140 = EDGE_LOOP ( 'NONE', ( #8356, #8130, #147, #5084, #1730 ) ) ;
#9141 = ORIENTED_EDGE ( 'NONE', *, *, #4807, .F. ) ;
#9142 = DIRECTION ( 'NONE',  ( -0.01745240643728316818, 0.9998476951563911586, 0.000000000000000000 ) ) ;
#9143 = CARTESIAN_POINT ( 'NONE',  ( 47.86030039167614092, -37.00000000000000711, -143.4471899900695462 ) ) ;
#9144 = PLANE ( 'NONE',  #2124 ) ;
#9145 = CARTESIAN_POINT ( 'NONE',  ( 88.28917169812959287, 88.64081485076528111, -72.93890210393136897 ) ) ;
#9146 = CARTESIAN_POINT ( 'NONE',  ( 63.02851486842088491, -37.00000000000001421, -142.5672648798504838 ) ) ;
#9147 = VECTOR ( 'NONE', #3659, 1000.000000000000114 ) ;
#9148 = PLANE ( 'NONE',  #4007 ) ;
#9149 = ORIENTED_EDGE ( 'NONE', *, *, #8634, .T. ) ;
#9150 = EDGE_CURVE ( 'NONE', #5599, #6197, #2228, .T. ) ;
#9151 = EDGE_CURVE ( 'NONE', #8275, #7157, #8164, .T. ) ;
#9152 = CARTESIAN_POINT ( 'NONE',  ( 91.42042110906022856, 21.82721606984106444, -72.30200000000000671 ) ) ;
#9153 = CARTESIAN_POINT ( 'NONE',  ( 67.00000000000000000, 332.6043478007205181, 99.00000000000000000 ) ) ;
#9154 = EDGE_CURVE ( 'NONE', #7499, #6506, #8685, .T. ) ;
#9155 = CARTESIAN_POINT ( 'NONE',  ( 91.74733151760877092, 3.098531307396849233, -73.78418479381268469 ) ) ;
#9156 = AXIS2_PLACEMENT_3D ( 'NONE', #8406, #265, #8455 ) ;
#9157 = EDGE_CURVE ( 'NONE', #876, #8000, #4636, .T. ) ;
#9158 = DIRECTION ( 'NONE',  ( -1.913402524860850093E-16, -3.339856530526139354E-18, -1.000000000000000000 ) ) ;
#9159 = CARTESIAN_POINT ( 'NONE',  ( -80.00000000000000000, -40.00000000000000711, -74.00000099900120176 ) ) ;
#9160 = CARTESIAN_POINT ( 'NONE',  ( 89.34984498869926028, 140.4264501268273762, -146.0000000000000000 ) ) ;
#9161 = ORIENTED_EDGE ( 'NONE', *, *, #8567, .F. ) ;
#9162 = CARTESIAN_POINT ( 'NONE',  ( 93.89074781654861113, -40.00000000000002132, -106.4958470381538973 ) ) ;
#9163 = ORIENTED_EDGE ( 'NONE', *, *, #5577, .T. ) ;
#9164 = AXIS2_PLACEMENT_3D ( 'NONE', #2794, #2982, #740 ) ;
#9165 = ORIENTED_EDGE ( 'NONE', *, *, #8523, .T. ) ;
#9166 = EDGE_LOOP ( 'NONE', ( #7305, #3681, #776, #8980 ) ) ;
#9167 = DIRECTION ( 'NONE',  ( 0.01463879097863050177, -0.8386557734865141001, -0.5444650580123765460 ) ) ;
#9168 = EDGE_CURVE ( 'NONE', #3658, #7736, #5366, .T. ) ;
#9169 = CARTESIAN_POINT ( 'NONE',  ( -94.78139602057051150, 154.9320508075678902, 217.8018475772953764 ) ) ;
#9170 = PLANE ( 'NONE',  #5638 ) ;
#9171 = CARTESIAN_POINT ( 'NONE',  ( -78.17308118211226997, 55.26245247707402086, 54.60565033828402903 ) ) ;
#9172 = CARTESIAN_POINT ( 'NONE',  ( 5.619849645284485717, 149.5089716958752319, 81.24363230592004470 ) ) ;
#9173 = VECTOR ( 'NONE', #1066, 1000.000000000000000 ) ;
#9174 = DIRECTION ( 'NONE',  ( 1.802407121525788323E-18, -1.032598348352205950E-16, 1.000000000000000000 ) ) ;
#9175 = VECTOR ( 'NONE', #2666, 1000.000000000000000 ) ;
#9176 = CYLINDRICAL_SURFACE ( 'NONE', #6184, 17.50000000000000000 ) ;
#9177 = DIRECTION ( 'NONE',  ( 0.7071067811865475727, 0.000000000000000000, 0.7071067811865475727 ) ) ;
#9178 = VERTEX_POINT ( 'NONE', #246 ) ;
#9179 = DIRECTION ( 'NONE',  ( 1.000000000000000000, 0.000000000000000000, 0.000000000000000000 ) ) ;
#9180 = AXIS2_PLACEMENT_3D ( 'NONE', #6627, #1237, #4353 ) ;
#9181 = VERTEX_POINT ( 'NONE', #2506 ) ;
#9182 = CARTESIAN_POINT ( 'NONE',  ( 67.11310592664639785, 156.5005835357875696, -67.29941421356240028 ) ) ;
#9183 = AXIS2_PLACEMENT_3D ( 'NONE', #8433, #9342, #7821 ) ;
#9184 = CARTESIAN_POINT ( 'NONE',  ( 88.28469499287874100, 88.78268774582740264, -69.29999999999999716 ) ) ;
#9185 = CARTESIAN_POINT ( 'NONE',  ( -44.42849584499816018, 157.4138591128406404, 77.87049320390377716 ) ) ;
#9186 = FACE_OUTER_BOUND ( 'NONE', #5061, .T. ) ;
#9187 = CARTESIAN_POINT ( 'NONE',  ( -51.11216411099770340, -37.00000000000000000, -138.5283997509583287 ) ) ;
#9188 = CARTESIAN_POINT ( 'NONE',  ( -78.87046044817981283, -39.99999999999998579, -106.6995885683373331 ) ) ;
#9189 = VECTOR ( 'NONE', #493, 1000.000000000000000 ) ;
#9190 = ORIENTED_EDGE ( 'NONE', *, *, #8434, .F. ) ;
#9191 = DATE_AND_TIME ( #8570, #6650 ) ;
#9192 = VERTEX_POINT ( 'NONE', #3227 ) ;
#9193 = VERTEX_POINT ( 'NONE', #5271 ) ;
#9194 = EDGE_CURVE ( 'NONE', #7113, #7486, #6196, .T. ) ;
#9195 = VERTEX_POINT ( 'NONE', #4728 ) ;
#9196 = CARTESIAN_POINT ( 'NONE',  ( 89.35237641727952962, 140.3054171126526057, -75.93851630193296387 ) ) ;
#9197 = VECTOR ( 'NONE', #280, 1000.000000000000114 ) ;
#9198 = CARTESIAN_POINT ( 'NONE',  ( 88.33657503857691040, 85.92507929536910183, -72.93888489400433173 ) ) ;
#9199 = LINE ( 'NONE', #6237, #903 ) ;
#9200 = DIRECTION ( 'NONE',  ( 0.9999999340962500982, 0.000000000000000000, 0.0003630530201410025353 ) ) ;
#9201 = CARTESIAN_POINT ( 'NONE',  ( 72.13597576427970637, -37.00000000000000711, -137.9143919352116257 ) ) ;
#9202 = DIRECTION ( 'NONE',  ( -0.000000000000000000, -0.000000000000000000, -1.000000000000000000 ) ) ;
#9203 = ORIENTED_EDGE ( 'NONE', *, *, #6183, .T. ) ;
#9204 = CARTESIAN_POINT ( 'NONE',  ( 65.99999999999998579, 158.5000000000000000, 0.08633541039793080074 ) ) ;
#9205 = AXIS2_PLACEMENT_3D ( 'NONE', #4034, #4906, #6984 ) ;
#9206 = CARTESIAN_POINT ( 'NONE',  ( -98.53782217350901362, 58.33205080756781058, 215.9038475772950392 ) ) ;
#9207 = DIRECTION ( 'NONE',  ( -0.03309480886939043798, -0.9477113291335365064, 0.3174082076094508209 ) ) ;
#9209 = ORIENTED_EDGE ( 'NONE', *, *, #3817, .T. ) ;
#9208 = LINE ( 'NONE', #4108, #939 ) ;
#9210 = CARTESIAN_POINT ( 'NONE',  ( -39.22737210186562606, -37.00000000000000000, -145.0805221506417126 ) ) ;
#9211 = EDGE_CURVE ( 'NONE', #4126, #4995, #296, .T. ) ;
#9212 = CARTESIAN_POINT ( 'NONE',  ( 92.08682494181562106, -40.00000000000002132, -112.9036422079295221 ) ) ;
#9213 = CIRCLE ( 'NONE', #769, 1.499999999999999778 ) ;
#9214 = ORIENTED_EDGE ( 'NONE', *, *, #1691, .T. ) ;
#9215 = ORIENTED_EDGE ( 'NONE', *, *, #4200, .T. ) ;
#9216 = FACE_OUTER_BOUND ( 'NONE', #4952, .T. ) ;
#9217 = CARTESIAN_POINT ( 'NONE',  ( 65.14023788612480814, 156.1687173224059677, 7.700000000000033928 ) ) ;
#9218 = DIRECTION ( 'NONE',  ( 0.03309480886939001471, 0.9477113291335369505, -0.3174082076094490446 ) ) ;
#9219 = CARTESIAN_POINT ( 'NONE',  ( 91.44413207354038775, 20.46881582454645354, -72.93775668596317985 ) ) ;
#9220 = CARTESIAN_POINT ( 'NONE',  ( 0.6072034990768355733, 155.7641036412237270, 76.23110141818038699 ) ) ;
#9221 = CARTESIAN_POINT ( 'NONE',  ( 91.81347564184422083, 1.330954137331307630, -71.45354325231639336 ) ) ;
#9222 = DIRECTION ( 'NONE',  ( -0.1658845202397584428, 0.9861451850233946548, 1.542146410050629762E-16 ) ) ;
#9223 = CARTESIAN_POINT ( 'NONE',  ( -56.11498500080188734, -37.00000000000000711, -138.6385624198383084 ) ) ;
#9224 = EDGE_CURVE ( 'NONE', #876, #3191, #202, .T. ) ;
#9225 = ADVANCED_FACE ( 'NONE', ( #933 ), #168, .T. ) ;
#9226 = CARTESIAN_POINT ( 'NONE',  ( 69.73791930307358200, 157.4999999999999716, -103.9298905360820555 ) ) ;
#9227 = ORIENTED_EDGE ( 'NONE', *, *, #1626, .F. ) ;
#9228 = LINE ( 'NONE', #2631, #2142 ) ;
#9229 = CARTESIAN_POINT ( 'NONE',  ( 66.72669186453362045, 149.6734790082144286, 20.15368944231608239 ) ) ;
#9230 = FACE_OUTER_BOUND ( 'NONE', #4491, .T. ) ;
#9231 = CARTESIAN_POINT ( 'NONE',  ( -104.5999999999999943, 153.3320508075674979, 212.4038475772949823 ) ) ;
#9232 = EDGE_CURVE ( 'NONE', #9301, #1470, #2436, .T. ) ;
#9233 = AXIS2_PLACEMENT_3D ( 'NONE', #7873, #5557, #344 ) ;
#9234 = CARTESIAN_POINT ( 'NONE',  ( -47.12408823930229573, -37.00000000000000000, -140.2359030703749738 ) ) ;
#9235 = CIRCLE ( 'NONE', #1852, 0.002000000000002000178 ) ;
#9236 = CARTESIAN_POINT ( 'NONE',  ( -36.09893601882303926, -40.00000000000000711, -145.7217415251314776 ) ) ;
#9237 = DIRECTION ( 'NONE',  ( 0.000000000000000000, 1.000000000000000000, -1.156482317317874092E-15 ) ) ;
#9238 = LINE ( 'NONE', #5007, #3866 ) ;
#9239 = VERTEX_POINT ( 'NONE', #3128 ) ;
#9240 = PERSON_AND_ORGANIZATION_ROLE ( 'creator' ) ;
#9241 = AXIS2_PLACEMENT_3D ( 'NONE', #4935, #352, #6251 ) ;
#9242 = ORIENTED_EDGE ( 'NONE', *, *, #5536, .T. ) ;
#9243 = ORIENTED_EDGE ( 'NONE', *, *, #2497, .F. ) ;
#9244 = CARTESIAN_POINT ( 'NONE',  ( 2.399999999999930189, 154.9340508075675018, 97.00384757729521823 ) ) ;
#9245 = FACE_OUTER_BOUND ( 'NONE', #6278, .T. ) ;
#9246 = CARTESIAN_POINT ( 'NONE',  ( -27.99999999999999645, -40.00000000000000711, -76.00199999999999534 ) ) ;
#9247 = FACE_OUTER_BOUND ( 'NONE', #2499, .T. ) ;
#9248 = CARTESIAN_POINT ( 'NONE',  ( 89.89999999999999147, -128.4334684294335887, 134.6030191501703825 ) ) ;
#9249 = B_SPLINE_CURVE_WITH_KNOTS ( 'NONE', 3,
 ( #4275, #7229, #622, #3057, #2342, #3687, #5980, #5291, #2247, #7506 ),
 .UNSPECIFIED., .F., .F.,
 ( 4, 2, 2, 2, 4 ),
 ( 0.000000000000000000, 0.2500000000000000000, 0.5000000000000000000, 0.7500000000000000000, 1.000000000000000000 ),
 .UNSPECIFIED. ) ;
#9250 = CARTESIAN_POINT ( 'NONE',  ( 71.69207324140728588, -37.00000000000001421, -138.1994464106455212 ) ) ;
#9251 = AXIS2_PLACEMENT_3D ( 'NONE', #1672, #957, #5488 ) ;
#9252 = DIRECTION ( 'NONE',  ( 1.000000000000000000, -1.387567350986932112E-16, 0.000000000000000000 ) ) ;
#9253 = VERTEX_POINT ( 'NONE', #7675 ) ;
#9254 = EDGE_CURVE ( 'NONE', #5377, #8283, #8343, .T. ) ;
#9255 = UNCERTAINTY_MEASURE_WITH_UNIT (LENGTH_MEASURE( 1.000000000000000082E-05 ), #9002, 'distance_accuracy_value', 'NONE');
#9256 = EDGE_CURVE ( 'NONE', #4548, #1419, #4747, .T. ) ;
#9257 = CARTESIAN_POINT ( 'NONE',  ( 67.12746537215200249, 156.4237452360824818, -69.29999999999999716 ) ) ;
#9258 = LINE ( 'NONE', #3322, #3183 ) ;
#9259 = DIRECTION ( 'NONE',  ( -0.9998476951563912696, -0.01745240643728360533, 3.503998260924795799E-16 ) ) ;
#9260 = CARTESIAN_POINT ( 'NONE',  ( 97.08334710676260215, -21.66911413992935209, -142.0000000000000284 ) ) ;
#9261 = CYLINDRICAL_SURFACE ( 'NONE', #3238, 2.001999999999999780 ) ;
#9262 = CARTESIAN_POINT ( 'NONE',  ( 91.41200285876855958, -40.00000000000001421, -114.6071566130906945 ) ) ;
#9263 = ORIENTED_EDGE ( 'NONE', *, *, #1637, .T. ) ;
#9264 = ADVANCED_FACE ( 'NONE', ( #1787 ), #2456, .F. ) ;
#9265 = ORIENTED_EDGE ( 'NONE', *, *, #2846, .T. ) ;
#9266 = CARTESIAN_POINT ( 'NONE',  ( 89.89999999999999147, 154.9320508075674923, 152.6030191501704962 ) ) ;
#9267 = DIRECTION ( 'NONE',  ( -0.01745240643728340063, 0.9998476951563911586, 0.000000000000000000 ) ) ;
#9268 = CARTESIAN_POINT ( 'NONE',  ( 44.99391070482715094, -40.08748790272630202, -95.99391070482720068 ) ) ;
#9269 = CARTESIAN_POINT ( 'NONE',  ( -77.96411978217184924, 55.82971992980787235, 55.81803476454746260 ) ) ;
#9270 = DIRECTION ( 'NONE',  ( -1.541976423090495042E-15, 0.000000000000000000, -1.000000000000000000 ) ) ;
#9271 = DIRECTION ( 'NONE',  ( 1.000000000000000000, 0.000000000000000000, -3.521488656232920374E-16 ) ) ;
#9272 = CYLINDRICAL_SURFACE ( 'NONE', #5820, 0.002000000000002000178 ) ;
#9273 = DIRECTION ( 'NONE',  ( -0.01745240643728347349, 0.9998476951563911586, 0.000000000000000000 ) ) ;
#9274 = CARTESIAN_POINT ( 'NONE',  ( 49.68997301042907822, 157.4999999999999716, -121.8439736816820300 ) ) ;
#9275 = VERTEX_POINT ( 'NONE', #1648 ) ;
#9276 = CARTESIAN_POINT ( 'NONE',  ( -69.48211066553410831, 61.99999999999996447, 69.00000000000000000 ) ) ;
#9277 = CARTESIAN_POINT ( 'NONE',  ( 66.72977486206296760, 149.7617645066242460, 22.66513346359382552 ) ) ;
#9278 = DIRECTION ( 'NONE',  ( -0.000000000000000000, 0.000000000000000000, 1.000000000000000000 ) ) ;
#9279 = ADVANCED_FACE ( 'NONE', ( #4594 ), #157, .T. ) ;
#9280 = CARTESIAN_POINT ( 'NONE',  ( 74.71235978938517519, 156.2783413824274703, -67.29999999999999716 ) ) ;
#9281 = CARTESIAN_POINT ( 'NONE',  ( -64.61999226552235598, 140.4290765388364832, -121.8286001124851339 ) ) ;
#9282 = CARTESIAN_POINT ( 'NONE',  ( -79.99996800640359140, -40.00000000000000711, -97.53680285103396841 ) ) ;
#9283 = LINE ( 'NONE', #6466, #6335 ) ;
#9284 = DIRECTION ( 'NONE',  ( 0.000000000000000000, -0.9998476951563911586, -0.01745240643728390370 ) ) ;
#9285 = VERTEX_POINT ( 'NONE', #7729 ) ;
#9286 = ORIENTED_EDGE ( 'NONE', *, *, #1514, .T. ) ;
#9287 = VERTEX_POINT ( 'NONE', #2034 ) ;
#9288 = DIRECTION ( 'NONE',  ( 0.000000000000000000, -1.000000000000000000, 0.000000000000000000 ) ) ;
#9289 = CARTESIAN_POINT ( 'NONE',  ( 66.95765567536064111, 156.2874171945324520, 12.64085965149723201 ) ) ;
#9290 = CARTESIAN_POINT ( 'NONE',  ( 89.89065145830626591, 88.81071982020382904, -68.08489655444020627 ) ) ;
#9291 = CARTESIAN_POINT ( 'NONE',  ( 87.48388399215403410, 134.7757166278334182, -69.30200000000000671 ) ) ;
#9292 = CARTESIAN_POINT ( 'NONE',  ( 90.40000000000000568, 56.73005080756779961, 184.8038475772950164 ) ) ;
#9293 = CARTESIAN_POINT ( 'NONE',  ( 63.26436427250836658, -37.00000000000002132, -142.4749708762678040 ) ) ;
#9294 = CARTESIAN_POINT ( 'NONE',  ( -42.00000000000000000, -40.00200000000000244, -76.00000000000000000 ) ) ;
#9295 = VERTEX_POINT ( 'NONE', #8532 ) ;
#9296 = CARTESIAN_POINT ( 'NONE',  ( 67.11782887233680128, 156.4749600814794803, -67.29974757282870712 ) ) ;
#9297 = FACE_OUTER_BOUND ( 'NONE', #6807, .T. ) ;
#9298 = DIRECTION ( 'NONE',  ( 0.000000000000000000, -0.3175821737953208879, -0.9482307540295447090 ) ) ;
#9299 = VECTOR ( 'NONE', #3267, 1000.000000000000114 ) ;
#9301 = VERTEX_POINT ( 'NONE', #9294 ) ;
#9300 = CARTESIAN_POINT ( 'NONE',  ( 92.44722199140690577, -37.00000000000000711, -97.40722100467274913 ) ) ;
#9302 = LINE ( 'NONE', #6966, #9399 ) ;
#9303 = CARTESIAN_POINT ( 'NONE',  ( 72.01096334749870209, -40.00000000000001421, -138.0811336950915518 ) ) ;
#9304 = ORIENTED_EDGE ( 'NONE', *, *, #2637, .T. ) ;
#9305 = ORIENTED_EDGE ( 'NONE', *, *, #3182, .F. ) ;
#9306 = FACE_OUTER_BOUND ( 'NONE', #6944, .T. ) ;
#9307 = VECTOR ( 'NONE', #4339, 1000.000000000000000 ) ;
#9308 = EDGE_CURVE ( 'NONE', #5500, #5685, #1071, .T. ) ;
#9309 = DIRECTION ( 'NONE',  ( -1.000000000000000000, -2.022266248809774821E-21, -0.000000000000000000 ) ) ;
#9310 = CARTESIAN_POINT ( 'NONE',  ( 92.89999999999992042, 154.9320508075677481, 110.8038475772950022 ) ) ;
#9311 = CARTESIAN_POINT ( 'NONE',  ( -75.30449569828145684, 58.95097266278051507, 62.48628733279942082 ) ) ;
#9312 = LINE ( 'NONE', #3477, #8411 ) ;
#9313 = DIRECTION ( 'NONE',  ( 0.000000000000000000, -0.8660254037844383745, -0.5000000000000003331 ) ) ;
#9314 = CARTESIAN_POINT ( 'NONE',  ( -63.54215296051249595, 154.7246443802445128, 58.10015599910797590 ) ) ;
#9315 = CARTESIAN_POINT ( 'NONE',  ( -68.29962339625741663, -37.00000000000000000, -128.2192218059302604 ) ) ;
#9316 = VECTOR ( 'NONE', #5965, 1000.000000000000000 ) ;
#9317 = CARTESIAN_POINT ( 'NONE',  ( 46.92344586363012837, 157.4999999999999432, -122.4250225513966797 ) ) ;
#9318 = EDGE_CURVE ( 'NONE', #6197, #2057, #6789, .T. ) ;
#9319 = VERTEX_POINT ( 'NONE', #8491 ) ;
#9320 = DIRECTION ( 'NONE',  ( 0.000000000000000000, 1.000000000000000000, -1.955056683769164554E-16 ) ) ;
#9321 = ADVANCED_FACE ( 'NONE', ( #1887 ), #4051, .T. ) ;
#9322 = CARTESIAN_POINT ( 'NONE',  ( 63.60401847898132388, -37.00000000000001421, -142.4075962590077893 ) ) ;
#9323 = CARTESIAN_POINT ( 'NONE',  ( 86.97002461029536846, 140.4654704845921742, -114.4198068762644738 ) ) ;
#9324 = VECTOR ( 'NONE', #8899, 1000.000000000000000 ) ;
#9325 = EDGE_CURVE ( 'NONE', #6875, #2645, #4834, .T. ) ;
#9326 = DIRECTION ( 'NONE',  ( 1.000000000000000000, 0.000000000000000000, -2.908929859086129829E-16 ) ) ;
#9327 = CARTESIAN_POINT ( 'NONE',  ( -76.62349670187985851, -36.99999999999998579, -104.7630053344058751 ) ) ;
#9328 = CARTESIAN_POINT ( 'NONE',  ( 96.79439998807079348, 160.7171392947464881, 152.6030191501704962 ) ) ;
#9329 = DIRECTION ( 'NONE',  ( 7.231268945543359605E-17, 0.000000000000000000, 1.000000000000000000 ) ) ;
#9330 = ADVANCED_BREP_SHAPE_REPRESENTATION ( 'M-20iA35M cover J4-M-20iA35M_D\X2\00e9\X0\faut_sldprt', ( #4887, #1694, #8178 ), #5412 ) ;
#9331 = CARTESIAN_POINT ( 'NONE',  ( 1.560188567409561022, 142.1181143696677225, 89.75598367748227702 ) ) ;
#9332 = AXIS2_PLACEMENT_3D ( 'NONE', #269, #6882, #3340 ) ;
#9333 = VECTOR ( 'NONE', #7920, 999.9999999999998863 ) ;
#9334 = EDGE_LOOP ( 'NONE', ( #5367, #7834, #7860, #3657 ) ) ;
#9335 = ORIENTED_EDGE ( 'NONE', *, *, #8696, .T. ) ;
#9336 = ORIENTED_EDGE ( 'NONE', *, *, #3614, .F. ) ;
#9337 = DIRECTION ( 'NONE',  ( -0.9861451850233945438, -0.1658845202397584151, -0.000000000000000000 ) ) ;
#9338 = LINE ( 'NONE', #2688, #3143 ) ;
#9339 = CARTESIAN_POINT ( 'NONE',  ( -73.70480073595993531, 140.3282933564110522, 56.14039618253633535 ) ) ;
#9340 = LINE ( 'NONE', #2118, #6750 ) ;
#9341 = VECTOR ( 'NONE', #3476, 1000.000000000000227 ) ;
#9342 = DIRECTION ( 'NONE',  ( 1.000000000000000000, 0.000000000000000000, 0.000000000000000000 ) ) ;
#9343 = CARTESIAN_POINT ( 'NONE',  ( 53.72408690157698885, -37.00000000000000711, -145.1729487666167415 ) ) ;
#9344 = ORIENTED_EDGE ( 'NONE', *, *, #5514, .T. ) ;
#9345 = EDGE_CURVE ( 'NONE', #2241, #5188, #7823, .T. ) ;
#9346 = DIRECTION ( 'NONE',  ( -0.9998505854934461867, -0.01728221398678696577, -0.0003629987986769414327 ) ) ;
#9347 = EDGE_CURVE ( 'NONE', #901, #1476, #1933, .T. ) ;
#9348 = ORIENTED_EDGE ( 'NONE', *, *, #4211, .T. ) ;
#9349 = VECTOR ( 'NONE', #5256, 1000.000000000000000 ) ;
#9350 = B_SPLINE_CURVE_WITH_KNOTS ( 'NONE', 3,
 ( #2175, #6258, #9495, #7017, #4894, #1453 ),
 .UNSPECIFIED., .F., .F.,
 ( 4, 2, 4 ),
 ( 0.000000000000000000, 0.5000000000000000000, 1.000000000000000000 ),
 .UNSPECIFIED. ) ;
#9351 = ORIENTED_EDGE ( 'NONE', *, *, #5499, .F. ) ;
#9352 = CARTESIAN_POINT ( 'NONE',  ( -74.30720863314348890, 140.3054171126524068, -72.99793321476499841 ) ) ;
#9353 = CARTESIAN_POINT ( 'NONE',  ( 91.77465439484203102, 1.533204719061535881, -73.07001751734593142 ) ) ;
#9354 = DIRECTION ( 'NONE',  ( 0.9998476951563912696, 0.01745240643728350471, -3.503998260924795306E-16 ) ) ;
#9355 = CARTESIAN_POINT ( 'NONE',  ( -50.35168631218259350, 62.00000000000000000, 84.59435188645456094 ) ) ;
#9356 = CARTESIAN_POINT ( 'NONE',  ( -39.07653427237934096, -37.00000000000000000, -145.1087050751586105 ) ) ;
#9357 = CARTESIAN_POINT ( 'NONE',  ( 52.78851701047825884, -40.00000000000000711, -145.3935984733663531 ) ) ;
#9358 = EDGE_LOOP ( 'NONE', ( #1673, #2159, #5512, #3970 ) ) ;
#9359 = ORIENTED_EDGE ( 'NONE', *, *, #8887, .F. ) ;
#9360 = AXIS2_PLACEMENT_3D ( 'NONE', #3928, #1808, #8309 ) ;
#9361 = CARTESIAN_POINT ( 'NONE',  ( 91.76111842253222051, 4.330497222802783597, -69.03993881281307665 ) ) ;
#9362 = DIRECTION ( 'NONE',  ( 6.748406429715320601E-16, -0.000000000000000000, 1.000000000000000000 ) ) ;
#9363 = CARTESIAN_POINT ( 'NONE',  ( -77.05120230426823014, 57.30742462380932523, 58.97516437005487688 ) ) ;
#9364 = CARTESIAN_POINT ( 'NONE',  ( 81.53750011756127947, 157.5000000000000000, -66.00000000000000000 ) ) ;
#9365 = EDGE_LOOP ( 'NONE', ( #4871, #9336, #2934, #3166 ) ) ;
#9366 = CARTESIAN_POINT ( 'NONE',  ( -66.13425803398025948, 151.5927495396144025, 60.69245116422416686 ) ) ;
#9367 = CARTESIAN_POINT ( 'NONE',  ( 90.30099606116900191, 85.95903411204308497, -72.93817170497226243 ) ) ;
#9368 = VECTOR ( 'NONE', #7756, 1000.000000000000000 ) ;
#9369 = CARTESIAN_POINT ( 'NONE',  ( 71.00486708544063674, 157.5000000000000000, -99.98117967788439842 ) ) ;
#9370 = ORIENTED_EDGE ( 'NONE', *, *, #9211, .T. ) ;
#9371 = CARTESIAN_POINT ( 'NONE',  ( 80.21595290904127751, -39.69160581202714866, -131.4897991362682603 ) ) ;
#9372 = CARTESIAN_POINT ( 'NONE',  ( 94.22289887833582611, -37.00000000000001421, -104.7750176150112793 ) ) ;
#9373 = CARTESIAN_POINT ( 'NONE',  ( 74.83573488340913116, 140.4935534828924233, -130.5801978388210216 ) ) ;
#9374 = CARTESIAN_POINT ( 'NONE',  ( 87.06635594540314571, 147.7811877121716009, -67.29999999999999716 ) ) ;
#9375 = EDGE_CURVE ( 'NONE', #5842, #2125, #7147, .T. ) ;
#9376 = CARTESIAN_POINT ( 'NONE',  ( -74.67973525226274489, -37.00000000000000000, -112.0057226039371869 ) ) ;
#9377 = CARTESIAN_POINT ( 'NONE',  ( -49.53401986856753325, 157.5000000000000284, -112.6062046872853557 ) ) ;
#9378 = CARTESIAN_POINT ( 'NONE',  ( -94.78139602057069624, -0.2631397208144595212, 97.00384757729510454 ) ) ;
#9379 = CARTESIAN_POINT ( 'NONE',  ( 91.44659971871610082, 20.32744452710650052, -70.79017119026286764 ) ) ;
#9380 = EDGE_CURVE ( 'NONE', #1432, #5376, #1984, .T. ) ;
#9381 = EDGE_LOOP ( 'NONE', ( #758, #8330, #261, #2860 ) ) ;
#9382 = VERTEX_POINT ( 'NONE', #3367 ) ;
#9383 = EDGE_LOOP ( 'NONE', ( #4827, #8071, #662, #6658 ) ) ;
#9384 = VECTOR ( 'NONE', #1023, 1000.000000000000000 ) ;
#9385 = CARTESIAN_POINT ( 'NONE',  ( 88.04500148315169383, 146.6434378187566949, -66.37911956212847997 ) ) ;
#9386 = DIRECTION ( 'NONE',  ( -1.913402524860850093E-16, -3.339856530526139354E-18, -1.000000000000000000 ) ) ;
#9387 = VECTOR ( 'NONE', #4092, 1000.000000000000114 ) ;
#9388 = CARTESIAN_POINT ( 'NONE',  ( -43.61713093200065572, 62.00032416480862452, 88.82555291397852670 ) ) ;
#9389 = CARTESIAN_POINT ( 'NONE',  ( 85.28471340256743360, 150.4995211024742900, -69.29999999999999716 ) ) ;
#9390 = ADVANCED_FACE ( 'NONE', ( #6336 ), #2652, .F. ) ;
#9391 = CARTESIAN_POINT ( 'NONE',  ( -42.01428627789017156, 156.2453004969967481, 75.45628886043176919 ) ) ;
#9392 = VECTOR ( 'NONE', #3750, 1000.000000000000000 ) ;
#9393 = ORIENTED_EDGE ( 'NONE', *, *, #7243, .F. ) ;
#9394 = CIRCLE ( 'NONE', #5249, 17.50000000000000000 ) ;
#9395 = CARTESIAN_POINT ( 'NONE',  ( 81.22678550752542037, 159.9999999999727720, -123.0611297166087184 ) ) ;
#9396 = ORIENTED_EDGE ( 'NONE', *, *, #332, .T. ) ;
#9397 = EDGE_LOOP ( 'NONE', ( #4872, #8191, #991, #8522, #448, #7195 ) ) ;
#9398 = CARTESIAN_POINT ( 'NONE',  ( -80.00000000000000000, -37.00000000000000000, -73.00000000000000000 ) ) ;
#9399 = VECTOR ( 'NONE', #1078, 1000.000000000000000 ) ;
#9400 = CARTESIAN_POINT ( 'NONE',  ( -78.72024159053511028, -39.83886751891397893, -107.3520089885401347 ) ) ;
#9401 = EDGE_CURVE ( 'NONE', #8573, #4760, #2605, .T. ) ;
#9402 = EDGE_CURVE ( 'NONE', #4234, #48, #6433, .T. ) ;
#9403 = CYLINDRICAL_SURFACE ( 'NONE', #3479, 19.99999999999999645 ) ;
#9404 = ADVANCED_FACE ( 'NONE', ( #6383 ), #9148, .F. ) ;
#9405 = PLANE ( 'NONE',  #2617 ) ;
#9406 = DIRECTION ( 'NONE',  ( 0.000000000000000000, 0.000000000000000000, -1.000000000000000000 ) ) ;
#9407 = CARTESIAN_POINT ( 'NONE',  ( 73.48462140672064891, 20.01391702943139705, -69.29999999999999716 ) ) ;
#9408 = ORIENTED_EDGE ( 'NONE', *, *, #2148, .T. ) ;
#9409 = EDGE_LOOP ( 'NONE', ( #1526, #6145, #8165, #6935 ) ) ;
#9410 = CARTESIAN_POINT ( 'NONE',  ( 92.38915812297659613, 154.9320508075674923, 152.6030191501704962 ) ) ;
#9411 = B_SPLINE_CURVE_WITH_KNOTS ( 'NONE', 3,
 ( #3553, #3501, #2117, #539, #4922, #3452, #7189, #9484, #7956, #7242, #9435, #8720, #6426, #5748, #5066, #8625, #4340, #7333, #6476, #7142, #1303, #4238, #1352, #7865, #8671, #587, #4193, #8769, #4286, #2877, #2690, #635, #1262, #6524, #2164, #8575, #2828, #5792, #8005, #5118, #9339, #8047, #2738, #5702, #1399, #680, #2028, #4969, #7288, #7910, #3597, #1445, #4386, #729, #779, #7380, #9123, #2928, #4700, #8862, #1041, #8091, #7646, #3976, #1492, #2526, #6928, #5898, #8911, #3246, #6702, #1089, #89, #4024, #8817, #2303, #5939, #3013, #1810, #5159, #2212, #4436, #5989, #6164, #3699, #3745, #315, #4655, #2479, #2258, #4485, #6213, #5382, #8311, #5482, #8407, #1715, #9079, #7598, #5434, #6880, #6662, #997, #8362, #5207, #1758, #4748, #3930, #46, #8145, #7696, #266, #3198 ),
 .UNSPECIFIED., .F., .F.,
 ( 4, 2, 2, 1, 1, 1, 1, 1, 2, 2, 2, 2, 2, 1, 1, 1, 1, 2, 2, 2, 2, 1, 1, 1, 1, 2, 2, 2, 2, 1, 1, 1, 1, 2, 2, 2, 1, 1, 1, 1, 2, 2, 2, 2, 1, 1, 1, 2, 2, 2, 1, 1, 1, 2, 2, 2, 2, 1, 1, 2, 2, 2, 2, 1, 1, 2, 2, 2, 2, 2, 2, 4 ),
 ( 0.000000000000000000, 0.1249999999996656841, 0.1874999999994988453, 0.2187499999994164390, 0.2343749999993769428, 0.2421874999993581801, 0.2460937499993497701, 0.2480468749993455790, 0.2490234374993442190, 0.2499999999993428590, 0.3749999999993466338, 0.4374999999993479105, 0.4687499999993477995, 0.4843749999993477995, 0.4921874999993477995, 0.4960937499993486877, 0.4980468749993491318, 0.4990234374993484656, 0.4999999999993478550, 0.5624999999994131361, 0.5937499999994461097, 0.6093749999994627631, 0.6171874999994710898, 0.6210937499994749755, 0.6230468749994774180, 0.6240234374994786393, 0.6249999999994799715, 0.6874999999995662359, 0.7187499999996094235, 0.7343749999996301847, 0.7421874999996406208, 0.7460937499996458389, 0.7480468749996483924, 0.7490234374996483924, 0.7499999999996483924, 0.7812499999996846967, 0.7968749999997026823, 0.8046874999997114530, 0.8085937499997158939, 0.8105468749997178923, 0.8115234374997196687, 0.8124999999997215561, 0.8437499999997676303, 0.8593749999997915001, 0.8671874999998022693, 0.8710937499998079314, 0.8730468749998107070, 0.8740234374998119282, 0.8749999999998130384, 0.8906249999998466782, 0.8984374999998626654, 0.9023437499998715472, 0.9042968749998756550, 0.9052734374998787636, 0.9062499999998817612, 0.9218749999999290567, 0.9296874999999534817, 0.9335937499999656941, 0.9355468749999710232, 0.9365234374999726885, 0.9374999999999744649, 0.9531249999999845679, 0.9609374999999888978, 0.9648437499999911182, 0.9667968749999912292, 0.9677734374999913403, 0.9687499999999915623, 0.9765624999999930056, 0.9804687499999945599, 0.9824218749999960032, 0.9843749999999975575, 1.000000000000000000 ),
 .UNSPECIFIED. ) ;
#9412 = CARTESIAN_POINT ( 'NONE',  ( -89.59999999999999432, 58.33405080756781302, 219.4038475772949823 ) ) ;
#9413 = CARTESIAN_POINT ( 'NONE',  ( 89.35237641727954383, 140.3054171126524921, -92.85961089735098994 ) ) ;
#9414 = ADVANCED_FACE ( 'NONE', ( #6289 ), #6957, .T. ) ;
#9415 = LINE ( 'NONE', #2761, #4572 ) ;
#9416 = CARTESIAN_POINT ( 'NONE',  ( -60.94749245495988532, 156.5157369714893321, 55.50566359371014613 ) ) ;
#9417 = CARTESIAN_POINT ( 'NONE',  ( 90.39999999999999147, 56.73205080756771679, 196.8038475772949880 ) ) ;
#9418 = ORIENTED_EDGE ( 'NONE', *, *, #7533, .T. ) ;
#9419 = CARTESIAN_POINT ( 'NONE',  ( 60.00707187574718660, 157.5000000000000284, -116.8331061815027141 ) ) ;
#9420 = EDGE_LOOP ( 'NONE', ( #3241, #7691, #9141, #553, #405, #9119, #3406, #8609, #1964, #6872, #5089, #1310, #7413, #8788, #3495, #9072, #6969, #1425 ) ) ;
#9421 = CARTESIAN_POINT ( 'NONE',  ( 52.36128964393062546, -39.88828410917304979, -145.4561975063596151 ) ) ;
#9422 = DIRECTION ( 'NONE',  ( -0.000000000000000000, 1.000000000000000000, -0.000000000000000000 ) ) ;
#9423 = CARTESIAN_POINT ( 'NONE',  ( 84.53877787643263275, 140.4801199527652216, -118.9443754619051106 ) ) ;
#9424 = EDGE_CURVE ( 'NONE', #9098, #9295, #4413, .T. ) ;
#9425 = CARTESIAN_POINT ( 'NONE',  ( 88.33657503857695303, 85.92507929536910183, -72.93888489400437436 ) ) ;
#9426 = CARTESIAN_POINT ( 'NONE',  ( -55.85850499953468784, -37.00000000000000000, -135.7622284721865924 ) ) ;
#9427 = CARTESIAN_POINT ( 'NONE',  ( -55.33616762564385283, 157.5000000000000000, -102.3071245770558022 ) ) ;
#9428 = LINE ( 'NONE', #7231, #8783 ) ;
#9429 = LINE ( 'NONE', #533, #8797 ) ;
#9430 = ORIENTED_EDGE ( 'NONE', *, *, #9501, .T. ) ;
#9431 = ORIENTED_EDGE ( 'NONE', *, *, #2793, .T. ) ;
#9432 = ORIENTED_EDGE ( 'NONE', *, *, #6595, .F. ) ;
#9433 = PLANE ( 'NONE',  #8588 ) ;
#9434 = LINE ( 'NONE', #1976, #8861 ) ;
#9435 = CARTESIAN_POINT ( 'NONE',  ( -71.36983317514318514, 140.3239998058367632, 61.18371249040239235 ) ) ;
#9436 = LINE ( 'NONE', #3502, #1664 ) ;
#9437 = CARTESIAN_POINT ( 'NONE',  ( -49.69568458783580667, 142.1445099029795642, 83.13744091402264758 ) ) ;
#9438 = EDGE_LOOP ( 'NONE', ( #2051, #3519, #3509, #8262, #5753 ) ) ;
#9439 = CARTESIAN_POINT ( 'NONE',  ( 74.57621448091678928, 160.0000000000272564, -130.1587456603634791 ) ) ;
#9440 = EDGE_CURVE ( 'NONE', #5584, #1476, #2556, .T. ) ;
#9441 = ORIENTED_EDGE ( 'NONE', *, *, #773, .T. ) ;
#9442 = ADVANCED_FACE ( 'NONE', ( #4781 ), #7005, .F. ) ;
#9443 = ORIENTED_EDGE ( 'NONE', *, *, #7166, .F. ) ;
#9444 = EDGE_CURVE ( 'NONE', #9253, #9491, #2936, .T. ) ;
#9445 = FACE_OUTER_BOUND ( 'NONE', #3679, .T. ) ;
#9446 = CARTESIAN_POINT ( 'NONE',  ( -73.34949797287468698, -39.72158385626812560, -121.1242259022598375 ) ) ;
#9447 = APPROVAL ( #3992, 'UNSPECIFIED' ) ;
#9448 = DIRECTION ( 'NONE',  ( 1.000000000000000000, 0.000000000000000000, -0.000000000000000000 ) ) ;
#9449 = CARTESIAN_POINT ( 'NONE',  ( 87.52839975094678948, -37.00000000000001421, -117.1121641109181581 ) ) ;
#9450 = CARTESIAN_POINT ( 'NONE',  ( 90.33874729789368985, 85.81808437804480150, -67.29999999999999716 ) ) ;
#9451 = B_SPLINE_CURVE_WITH_KNOTS ( 'NONE', 3,
 ( #3253, #1865, #7557, #3108 ),
 .UNSPECIFIED., .F., .F.,
 ( 4, 4 ),
 ( 0.000000000000000000, 1.000000000000000000 ),
 .UNSPECIFIED. ) ;
#9452 = CARTESIAN_POINT ( 'NONE',  ( -70.97904899036105064, 141.6433035059181975, 65.53705163145549761 ) ) ;
#9453 = ORIENTED_EDGE ( 'NONE', *, *, #4878, .F. ) ;
#9454 = ADVANCED_FACE ( 'NONE', ( #5124 ), #1406, .T. ) ;
#9455 = VERTEX_POINT ( 'NONE', #5752 ) ;
#9456 = CARTESIAN_POINT ( 'NONE',  ( 12.99999999999999822, -40.00000000000000711, -146.0000000000000000 ) ) ;
#9457 = FACE_OUTER_BOUND ( 'NONE', #7524, .T. ) ;
#9458 = CARTESIAN_POINT ( 'NONE',  ( 18.68415924652629201, 62.00017732417698824, 89.68132225123530077 ) ) ;
#9459 = CARTESIAN_POINT ( 'NONE',  ( 90.39800000000001035, 56.73205080756780205, 184.8038475772950164 ) ) ;
#9460 = ORIENTED_EDGE ( 'NONE', *, *, #5095, .F. ) ;
#9461 = CARTESIAN_POINT ( 'NONE',  ( -65.51849728984613819, 152.4955775676477288, 60.07649989010398883 ) ) ;
#9462 = CARTESIAN_POINT ( 'NONE',  ( -79.99900362177538682, -36.99999999999998579, -99.06583807562607547 ) ) ;
#9463 = VERTEX_POINT ( 'NONE', #2122 ) ;
#9464 = DIRECTION ( 'NONE',  ( -1.000000000000000000, 1.110223024625155801E-16, 0.000000000000000000 ) ) ;
#9465 = ADVANCED_FACE ( 'NONE', ( #5020 ), #5463, .T. ) ;
#9466 = VECTOR ( 'NONE', #2939, 1000.000000000000000 ) ;
#9467 = ORIENTED_EDGE ( 'NONE', *, *, #3935, .T. ) ;
#9468 = CARTESIAN_POINT ( 'NONE',  ( 91.09664896881982088, -39.76214491994062428, -115.3615436633401572 ) ) ;
#9469 = CARTESIAN_POINT ( 'NONE',  ( 94.18024430406990177, -37.00000000000002132, -105.0099680176587214 ) ) ;
#9470 = CARTESIAN_POINT ( 'NONE',  ( 71.85504175204269472, 157.5000000000000284, -92.85961089735097573 ) ) ;
#9471 = CARTESIAN_POINT ( 'NONE',  ( 77.89960037862370257, 155.4467952658871468, -67.29999999999999716 ) ) ;
#9472 = ORIENTED_EDGE ( 'NONE', *, *, #8490, .T. ) ;
#9473 = DIRECTION ( 'NONE',  ( -0.1658845202397584151, 0.9861451850233945438, -0.000000000000000000 ) ) ;
#9474 = VECTOR ( 'NONE', #3437, 1000.000000000000000 ) ;
#9475 = CARTESIAN_POINT ( 'NONE',  ( -56.60984087287810240, 157.5000000000000284, -96.73636902478807542 ) ) ;
#9476 = CARTESIAN_POINT ( 'NONE',  ( 70.89576550474139083, 160.0000000000000000, -100.6375009698751768 ) ) ;
#9477 = CARTESIAN_POINT ( 'NONE',  ( -68.39489049784531005, 140.3097274650749000, 71.51908274800300092 ) ) ;
#9478 = ORIENTED_EDGE ( 'NONE', *, *, #9523, .F. ) ;
#9479 = VERTEX_POINT ( 'NONE', #6803 ) ;
#9480 = AXIS2_PLACEMENT_3D ( 'NONE', #9153, #7679, #3091 ) ;
#9481 = ORIENTED_EDGE ( 'NONE', *, *, #1919, .F. ) ;
#9482 = CARTESIAN_POINT ( 'NONE',  ( 88.06880122966177282, 146.5852119639560840, -66.38115369852235403 ) ) ;
#9483 = DIRECTION ( 'NONE',  ( -0.9998505807293451841, -0.01728248960839876350, -0.0003629987969490738550 ) ) ;
#9484 = CARTESIAN_POINT ( 'NONE',  ( -71.26425185177525634, 140.3232825561571246, 61.33911307317462303 ) ) ;
#9485 = CARTESIAN_POINT ( 'NONE',  ( 89.57526403022187367, 14.96063449158891956, -69.30200000000000671 ) ) ;
#9486 = EDGE_CURVE ( 'NONE', #1896, #5895, #3117, .T. ) ;
#9487 = CARTESIAN_POINT ( 'NONE',  ( -49.62848546261637495, 142.7993057869196889, 83.07037827040514344 ) ) ;
#9488 = AXIS2_PLACEMENT_3D ( 'NONE', #4401, #6356, #3613 ) ;
#9489 = VECTOR ( 'NONE', #4472, 1000.000000000000000 ) ;
#9490 = B_SPLINE_CURVE_WITH_KNOTS ( 'NONE', 3,
 ( #6340, #1794, #6246, #4733, #2655, #4837, #1272, #6387, #8535, #9155, #8441, #1936, #8494, #1168, #395, #3462, #1221, #7105, #3417, #7681, #9353, #4204 ),
 .UNSPECIFIED., .F., .F.,
 ( 4, 2, 2, 2, 2, 2, 2, 2, 2, 2, 4 ),
 ( 0.1433747957398333883, 0.2325247750895092502, 0.3216747544391851399, 0.3662497441140230015, 0.4108247337888608630, 0.4999747131385361421, 0.5891246924882115321, 0.6336996821630490606, 0.6782746718378868112, 0.7674246511875668642, 0.8565746305372469172 ),
 .UNSPECIFIED. ) ;
#9491 = VERTEX_POINT ( 'NONE', #8198 ) ;
#9492 = CARTESIAN_POINT ( 'NONE',  ( 81.60718600820545987, 140.4903731872458081, -123.3530890050193136 ) ) ;
#9493 = ORIENTED_EDGE ( 'NONE', *, *, #3137, .F. ) ;
#9494 = ORIENTED_EDGE ( 'NONE', *, *, #6480, .F. ) ;
#9495 = CARTESIAN_POINT ( 'NONE',  ( 94.63402265319896856, -19.03317184404176388, -72.22548934861778491 ) ) ;
#9496 = VECTOR ( 'NONE', #839, 1000.000000000000114 ) ;
#9497 = DIRECTION ( 'NONE',  ( 0.000000000000000000, 0.000000000000000000, -1.000000000000000000 ) ) ;
#9498 = CARTESIAN_POINT ( 'NONE',  ( 92.89999999999999147, 58.33405080756781302, 219.4038475772949823 ) ) ;
#9499 = CARTESIAN_POINT ( 'NONE',  ( 67.00062395392865255, 158.2137859800442072, 10.83027742065664434 ) ) ;
#9500 = CARTESIAN_POINT ( 'NONE',  ( -56.85504175204259525, 160.0000000000000000, -146.0000000000000000 ) ) ;
#9501 = EDGE_CURVE ( 'NONE', #6094, #4444, #144, .T. ) ;
#9502 = LINE ( 'NONE', #7258, #2634 ) ;
#9503 = VECTOR ( 'NONE', #5391, 1000.000000000000000 ) ;
#9504 = CARTESIAN_POINT ( 'NONE',  ( -69.04418770800607774, 150.2237492671301595, 63.60219034910054603 ) ) ;
#9505 = VERTEX_POINT ( 'NONE', #3948 ) ;
#9506 = LINE ( 'NONE', #2847, #7075 ) ;
#9507 = LINE ( 'NONE', #8741, #5336 ) ;
#9508 = DIRECTION ( 'NONE',  ( -1.000000000000000000, -0.000000000000000000, -0.000000000000000000 ) ) ;
#9509 = PLANE ( 'NONE',  #5813 ) ;
#9510 = VERTEX_POINT ( 'NONE', #8961 ) ;
#9511 = CARTESIAN_POINT ( 'NONE',  ( -65.51077655163386737, 152.5062708368769506, 60.06877942288080163 ) ) ;
#9512 = ADVANCED_FACE ( 'NONE', ( #5213 ), #967, .T. ) ;
#9513 = DIRECTION ( 'NONE',  ( -0.000000000000000000, -1.000000000000000000, -0.000000000000000000 ) ) ;
#9514 = ORIENTED_EDGE ( 'NONE', *, *, #6804, .F. ) ;
#9515 = CARTESIAN_POINT ( 'NONE',  ( -38.71496729021924921, -40.06921934840480048, 73.99816166734250089 ) ) ;
#9516 = ORIENTED_EDGE ( 'NONE', *, *, #3741, .T. ) ;
#9517 = CARTESIAN_POINT ( 'NONE',  ( 27.00000000000000000, -38.00000000000000000, -74.00000000000000000 ) ) ;
#9518 = CARTESIAN_POINT ( 'NONE',  ( 86.96139502861487358, -37.00000000000002132, -123.1838394138902117 ) ) ;
#9519 = DIRECTION ( 'NONE',  ( 1.110223024625155801E-16, 1.000000000000000000, 4.855507225124589012E-17 ) ) ;
#9520 = CARTESIAN_POINT ( 'NONE',  ( 13.00000000000000178, -40.00000000000000000, -142.0000000000000284 ) ) ;
#9521 = VECTOR ( 'NONE', #1725, 1000.000000000000114 ) ;
#9522 = DIRECTION ( 'NONE',  ( -1.000000000000000000, 0.000000000000000000, -0.000000000000000000 ) ) ;
#9523 = EDGE_CURVE ( 'NONE', #5449, #1275, #8152, .T. ) ;
#9524 = CARTESIAN_POINT ( 'NONE',  ( -55.84397368173606679, 157.4999999999999716, -100.6899730102214079 ) ) ;
#9525 = DIRECTION ( 'NONE',  ( -0.9861451850233945438, -0.1658845202397589147, 3.318029182253223550E-16 ) ) ;
#9526 = CARTESIAN_POINT ( 'NONE',  ( -76.85438026068501927, 140.0966203242295762, 51.57423817826393986 ) ) ;
#9527 = ORIENTED_EDGE ( 'NONE', *, *, #3936, .F. ) ;
#9528 = EDGE_CURVE ( 'NONE', #5567, #7014, #3849, .T. ) ;
#9529 = EDGE_LOOP ( 'NONE', ( #420, #2535, #652, #6133, #8172, #4826 ) ) ;
#9530 = CARTESIAN_POINT ( 'NONE',  ( 84.86729012437419328, 151.7049326403213172, -66.20239946907989292 ) ) ;
#9531 = CARTESIAN_POINT ( 'NONE',  ( -79.82544935071778980, -30.00000000000001066, -72.82544935071781822 ) ) ;
#9532 = CARTESIAN_POINT ( 'NONE',  ( 92.89999999999992042, 153.3320508075677537, 110.8038475772950022 ) ) ;
#9533 = CARTESIAN_POINT ( 'NONE',  ( -66.95240940461997070, 157.5948708621949379, 51.41304439313475427 ) ) ;
ENDSEC;
END-ISO-10303-21;
