ISO-10303-21;
HEADER;
FILE_DESCRIPTION (( 'STEP AP203' ),
    '1' );
FILE_NAME ('M-20iA35M cover J2-M-20iA35M_Défaut_sldprt.STEP',
    '2025-11-12T15:55:35',
    ( '' ),
    ( '' ),
    'SwSTEP 2.0',
    'SolidWorks 2023',
    '' );
FILE_SCHEMA (( 'CONFIG_CONTROL_DESIGN' ));
ENDSEC;

DATA;
#1 = EDGE_CURVE ( 'NONE', #2524, #793, #2446, .T. ) ;
#2 = CARTESIAN_POINT ( 'NONE',  ( -82.22927508189147261, 201.7347242478290923, 64.44614739728329766 ) ) ;
#3 = CARTESIAN_POINT ( 'NONE',  ( -78.19894892863820246, 196.3330899846473301, 89.64135040234262419 ) ) ;
#4 = ORIENTED_EDGE ( 'NONE', *, *, #819, .T. ) ;
#5 =( BOUNDED_SURFACE ( )  B_SPLINE_SURFACE ( 3, 2, ( 
 ( #3146, #1174, #3572 ),
 ( #412, #4321, #5075 ),
 ( #3168, #1219, #2733 ),
 ( #2349, #4650, #4341 ),
 ( #2402, #806, #1119 ),
 ( #1629, #382, #3982 ),
 ( #4721, #2681, #1604 ),
 ( #4742, #436, #3090 ),
 ( #3594, #4674, #1970 ),
 ( #4272, #3548, #732 ) ),
 .UNSPECIFIED., .F., .F., .F. ) 
 B_SPLINE_SURFACE_WITH_KNOTS ( ( 4, 2, 2, 2, 4 ),
 ( 3, 3 ),
 ( 5.627432481421808852, 5.905751125490894538, 6.184069769559981111, 6.462388413629066797, 6.740707057698152482 ),
 ( 0.000000000000000000, 1.000000000000000000 ),
 .UNSPECIFIED. ) 
 GEOMETRIC_REPRESENTATION_ITEM ( )  RATIONAL_B_SPLINE_SURFACE ( (
 ( 1.000000000000000000, 0.9013032363068552710, 1.000000000000000000),
 ( 1.000000000000000000, 0.9136726255635345684, 1.000000000000000000),
 ( 1.000000000000000000, 0.9235395227826518338, 1.000000000000000000),
 ( 1.000000000000000000, 0.9380154240868217030, 1.000000000000000000),
 ( 1.000000000000000000, 0.9426223041670233060, 1.000000000000000000),
 ( 1.000000000000000000, 0.9464525114588723254, 1.000000000000000000),
 ( 1.000000000000000000, 0.9456758864913490381, 1.000000000000000000),
 ( 1.000000000000000000, 0.9387595148588721017, 1.000000000000000000),
 ( 1.000000000000000000, 0.9326219337376310259, 1.000000000000000000),
 ( 1.000000000000000000, 0.9238795325112869605, 1.000000000000000000) ) ) 
 REPRESENTATION_ITEM ( '' )  SURFACE ( )  );
#6 = CYLINDRICAL_SURFACE ( 'NONE', #656, 29.99999999999999645 ) ;
#7 = ORIENTED_EDGE ( 'NONE', *, *, #4980, .T. ) ;
#8 = DIRECTION ( 'NONE',  ( 0.7848796859600677411, 0.6196481893520107143, 0.000000000000000000 ) ) ;
#9 = DIRECTION ( 'NONE',  ( -0.3826811526781472850, 1.605081169225042548E-06, -0.9238804767838467713 ) ) ;
#10 = CARTESIAN_POINT ( 'NONE',  ( 237.3969043075350100, 66.08139315730161911, -63.39728061235457091 ) ) ;
#11 = CARTESIAN_POINT ( 'NONE',  ( 232.6655357668367117, 220.3344642331637431, -44.46979650896174263 ) ) ;
#12 = ADVANCED_FACE ( 'NONE', ( #455 ), #1294, .F. ) ;
#13 = ORIENTED_EDGE ( 'NONE', *, *, #1371, .F. ) ;
#14 = CARTESIAN_POINT ( 'NONE',  ( 71.38757691997848553, 45.19999999999999574, 44.99473366204799163 ) ) ;
#15 = ORIENTED_EDGE ( 'NONE', *, *, #309, .T. ) ;
#16 = CARTESIAN_POINT ( 'NONE',  ( 63.02436494061883110, 45.19999999999998863, 108.6496908822215630 ) ) ;
#17 = DIRECTION ( 'NONE',  ( 0.000000000000000000, 0.9998476951563911586, 0.01745240643728350124 ) ) ;
#18 = CARTESIAN_POINT ( 'NONE',  ( 198.3204594892804664, 224.2191858192946938, -136.0201396844441319 ) ) ;
#19 = CARTESIAN_POINT ( 'NONE',  ( 237.9980262805249822, 203.9948371377432466, -55.76626151809085741 ) ) ;
#20 = EDGE_CURVE ( 'NONE', #1817, #4329, #1739, .T. ) ;
#21 = ADVANCED_FACE ( 'NONE', ( #1625 ), #2576, .T. ) ;
#22 = VERTEX_POINT ( 'NONE', #598 ) ;
#23 = CARTESIAN_POINT ( 'NONE',  ( -38.61449668278009995, 199.8897442852552047, 109.5230763269240271 ) ) ;
#24 = FACE_OUTER_BOUND ( 'NONE', #2098, .T. ) ;
#25 = CARTESIAN_POINT ( 'NONE',  ( -82.26856339399756735, 199.4838983547321050, 70.49576402880849457 ) ) ;
#26 = CARTESIAN_POINT ( 'NONE',  ( -91.39999999999999147, -14.80000000000000071, -115.4000000000000057 ) ) ;
#27 = ORIENTED_EDGE ( 'NONE', *, *, #4547, .T. ) ;
#28 = CARTESIAN_POINT ( 'NONE',  ( 175.8263711152097528, 260.0000000000000000, 43.26674735133418181 ) ) ;
#29 = B_SPLINE_CURVE_WITH_KNOTS ( 'NONE', 3,
 ( #4289, #2725, #1571, #3541, #5044, #2698, #1911, #797, #4642, #3948 ),
 .UNSPECIFIED., .F., .F.,
 ( 4, 2, 2, 2, 4 ),
 ( 0.000000000000000000, 0.2500000000000001110, 0.5000000000000002220, 0.7499999999999998890, 1.000000000000000000 ),
 .UNSPECIFIED. ) ;
#30 = VERTEX_POINT ( 'NONE', #3342 ) ;
#31 = CARTESIAN_POINT ( 'NONE',  ( 167.4761708208160371, 216.0449224019525332, -163.1640620784724263 ) ) ;
#32 = CARTESIAN_POINT ( 'NONE',  ( -10.58882345806345882, 260.0000000000000000, -115.5684029200955507 ) ) ;
#33 = CARTESIAN_POINT ( 'NONE',  ( 180.6542219651703647, 254.2826088077572706, 58.66434279150373499 ) ) ;
#34 = APPROVAL ( #4364, 'UNSPECIFIED' ) ;
#35 = CARTESIAN_POINT ( 'NONE',  ( 232.8909766968557733, 220.1090233031443972, -40.63669162919148192 ) ) ;
#36 = VERTEX_POINT ( 'NONE', #4544 ) ;
#37 = DIRECTION ( 'NONE',  ( -1.000000000000000000, -0.000000000000000000, -0.000000000000000000 ) ) ;
#38 = FACE_OUTER_BOUND ( 'NONE', #2827, .T. ) ;
#39 = VECTOR ( 'NONE', #3986, 1000.000000000000227 ) ;
#40 = DIRECTION ( 'NONE',  ( 0.000000000000000000, -1.000000000000000000, 0.000000000000000000 ) ) ;
#41 = CARTESIAN_POINT ( 'NONE',  ( 200.6757455103374639, 228.6799804088175847, -131.0929159724958311 ) ) ;
#42 = CARTESIAN_POINT ( 'NONE',  ( 94.89920439799527685, 213.4833460125673241, 90.22493939040728606 ) ) ;
#43 = EDGE_LOOP ( 'NONE', ( #1117, #1930, #4252, #3497 ) ) ;
#44 = AXIS2_PLACEMENT_3D ( 'NONE', #1601, #1170, #3472 ) ;
#45 = LINE ( 'NONE', #3199, #2763 ) ;
#46 = CARTESIAN_POINT ( 'NONE',  ( 150.0001310869255065, 45.19999999999999574, 87.99800000000000466 ) ) ;
#47 = EDGE_CURVE ( 'NONE', #1757, #3290, #573, .T. ) ;
#48 = AXIS2_PLACEMENT_3D ( 'NONE', #389, #465, #4376 ) ;
#49 = EDGE_CURVE ( 'NONE', #3769, #3092, #3394, .T. ) ;
#50 = CARTESIAN_POINT ( 'NONE',  ( 87.77602967233920594, 45.19999999999999574, 62.22397032766070168 ) ) ;
#51 = DIRECTION ( 'NONE',  ( 6.123031769111878895E-17, -1.000000000000000000, 2.220446049250309876E-16 ) ) ;
#52 = LOCAL_TIME ( 22, 55, 35.00000000000000000, #3648 ) ;
#53 = EDGE_LOOP ( 'NONE', ( #3614, #4512, #302, #3815 ) ) ;
#54 = AXIS2_PLACEMENT_3D ( 'NONE', #3652, #965, #911 ) ;
#55 = AXIS2_PLACEMENT_3D ( 'NONE', #2824, #482, #2064 ) ;
#56 = CARTESIAN_POINT ( 'NONE',  ( -22.37736064199707542, 253.9007417002654847, -128.6051643749597702 ) ) ;
#57 = CARTESIAN_POINT ( 'NONE',  ( 71.10080430793969697, 197.1946509935910399, 99.62043033025940986 ) ) ;
#58 = CARTESIAN_POINT ( 'NONE',  ( -91.39799999999999613, 45.19800000000000040, -135.4000000000000341 ) ) ;
#59 = DIRECTION ( 'NONE',  ( 0.000000000000000000, 0.000000000000000000, 1.000000000000000000 ) ) ;
#60 = VERTEX_POINT ( 'NONE', #4140 ) ;
#61 = DIRECTION ( 'NONE',  ( 0.005592798889284487582, -0.9998320577164019340, 0.01745213348475289222 ) ) ;
#62 = CARTESIAN_POINT ( 'NONE',  ( -91.39799999999999613, 45.19800000000000040, -73.00000000000000000 ) ) ;
#63 = AXIS2_PLACEMENT_3D ( 'NONE', #1282, #2005, #3665 ) ;
#64 = EDGE_CURVE ( 'NONE', #726, #3257, #2872, .T. ) ;
#65 = CARTESIAN_POINT ( 'NONE',  ( 176.6270870920171205, 253.7380594292980049, 60.99169049670307174 ) ) ;
#66 = ORIENTED_EDGE ( 'NONE', *, *, #2147, .F. ) ;
#67 = CARTESIAN_POINT ( 'NONE',  ( 224.5959811697015596, 211.3435291717869688, 71.85283293269738181 ) ) ;
#68 = EDGE_LOOP ( 'NONE', ( #4401, #5009, #4182, #3252 ) ) ;
#69 = CARTESIAN_POINT ( 'NONE',  ( 229.4983957784033066, 209.1382683165005574, 65.87688878627373867 ) ) ;
#70 = ADVANCED_FACE ( 'NONE', ( #4921 ), #3417, .T. ) ;
#71 = DIRECTION ( 'NONE',  ( 0.000000000000000000, 0.000000000000000000, -1.000000000000000000 ) ) ;
#72 = CYLINDRICAL_SURFACE ( 'NONE', #4125, 5.000000000000004441 ) ;
#73 = CARTESIAN_POINT ( 'NONE',  ( -80.85245359333036674, 210.4972824756536909, 85.27200065516959171 ) ) ;
#74 = CIRCLE ( 'NONE', #2960, 24.99999999999988276 ) ;
#75 = ORIENTED_EDGE ( 'NONE', *, *, #3856, .F. ) ;
#76 = CARTESIAN_POINT ( 'NONE',  ( -91.39799999999999613, 45.19800000000000040, -73.00000000000000000 ) ) ;
#77 = CARTESIAN_POINT ( 'NONE',  ( -44.45776627292989502, 184.1897998368849017, 114.9728005846723136 ) ) ;
#78 = ADVANCED_FACE ( 'NONE', ( #2172 ), #2958, .F. ) ;
#79 = AXIS2_PLACEMENT_3D ( 'NONE', #385, #2786, #1149 ) ;
#80 = DIRECTION ( 'NONE',  ( -0.9238795325112834078, 0.000000000000000000, 0.3826834323650978864 ) ) ;
#81 = VERTEX_POINT ( 'NONE', #1425 ) ;
#82 = CARTESIAN_POINT ( 'NONE',  ( 77.50000000000000000, 43.00000000000000000, 93.00000000000000000 ) ) ;
#84 = ADVANCED_FACE ( 'NONE', ( #3804 ), #1763, .F. ) ;
#83 = ORIENTED_EDGE ( 'NONE', *, *, #772, .T. ) ;
#85 = EDGE_CURVE ( 'NONE', #1697, #740, #1954, .T. ) ;
#86 = DIRECTION ( 'NONE',  ( 0.2828516814194946272, 0.7482669889207897995, 0.6000761948366052367 ) ) ;
#87 = CARTESIAN_POINT ( 'NONE',  ( -57.25378889055515685, 200.1121573953082020, -135.2545504147730071 ) ) ;
#88 = CARTESIAN_POINT ( 'NONE',  ( -68.72209230685922421, 195.1334858003898489, 99.62162703541730480 ) ) ;
#89 = DIRECTION ( 'NONE',  ( -2.220446049250315053E-16, 2.220446049250315053E-16, 1.000000000000000000 ) ) ;
#90 = ORIENTED_EDGE ( 'NONE', *, *, #630, .F. ) ;
#91 = CARTESIAN_POINT ( 'NONE',  ( 64.99852728656189527, 45.19999999999999574, 22.77607596902185705 ) ) ;
#92 = FACE_OUTER_BOUND ( 'NONE', #1927, .T. ) ;
#93 = EDGE_CURVE ( 'NONE', #628, #2606, #3389, .T. ) ;
#94 = CYLINDRICAL_SURFACE ( 'NONE', #812, 24.99999999999999289 ) ;
#95 = CARTESIAN_POINT ( 'NONE',  ( -35.14194650060854741, 205.2010617305294886, -165.1687699360678891 ) ) ;
#96 = ORIENTED_EDGE ( 'NONE', *, *, #2465, .T. ) ;
#97 = CARTESIAN_POINT ( 'NONE',  ( 213.3959499009824867, 213.7022353041565736, 81.07980831843819658 ) ) ;
#98 = CARTESIAN_POINT ( 'NONE',  ( 199.4879881341376233, 253.5120118658624051, 33.33571876003927059 ) ) ;
#99 = CARTESIAN_POINT ( 'NONE',  ( -52.25078064019437107, 200.7644377972082737, -165.2462114948860972 ) ) ;
#100 = FACE_OUTER_BOUND ( 'NONE', #962, .T. ) ;
#101 = CARTESIAN_POINT ( 'NONE',  ( 191.9231678055625139, 234.3371839416400633, -148.5182470488809656 ) ) ;
#102 = CARTESIAN_POINT ( 'NONE',  ( -65.01531253140072408, 215.4109815469931277, 89.97557082574245158 ) ) ;
#103 = VERTEX_POINT ( 'NONE', #2842 ) ;
#104 = CARTESIAN_POINT ( 'NONE',  ( 153.2258954685100036, 220.3821277584581537, -159.6942977932336873 ) ) ;
#105 = DIRECTION ( 'NONE',  ( -1.000000000000000000, 0.000000000000000000, 0.000000000000000000 ) ) ;
#106 = ORIENTED_EDGE ( 'NONE', *, *, #2360, .T. ) ;
#107 = DIRECTION ( 'NONE',  ( 0.000000000000000000, -0.8490566037735849392, 0.5283018867924530459 ) ) ;
#108 = ORIENTED_EDGE ( 'NONE', *, *, #951, .T. ) ;
#109 = ADVANCED_FACE ( 'NONE', ( #2081 ), #2492, .T. ) ;
#110 = CARTESIAN_POINT ( 'NONE',  ( -35.70268531703467119, 254.6469304330621242, -115.3433882199148997 ) ) ;
#111 = DIRECTION ( 'NONE',  ( -1.000000000000000000, -0.000000000000000000, 0.000000000000000000 ) ) ;
#112 = CARTESIAN_POINT ( 'NONE',  ( -60.24515977603345362, 203.4536569489492592, 106.2171890307556055 ) ) ;
#113 = CARTESIAN_POINT ( 'NONE',  ( -65.66910495374195023, 219.0717589482442804, -150.6935937478639573 ) ) ;
#114 = VERTEX_POINT ( 'NONE', #2923 ) ;
#115 = CARTESIAN_POINT ( 'NONE',  ( 180.6973414161193432, 223.1781688203427905, -157.4574649437868459 ) ) ;
#116 = CARTESIAN_POINT ( 'NONE',  ( 182.5269220392569594, 213.3929306074667522, 65.02197213183968927 ) ) ;
#117 = ADVANCED_FACE ( 'NONE', ( #3717 ), #528, .T. ) ;
#118 = EDGE_CURVE ( 'NONE', #778, #3014, #2817, .T. ) ;
#119 = CARTESIAN_POINT ( 'NONE',  ( 106.0000171840989793, 0.1999999999999953204, 76.21020576929764445 ) ) ;
#120 = CARTESIAN_POINT ( 'NONE',  ( -22.68491652662440217, 254.2986303369108612, 58.69795396661795195 ) ) ;
#121 = PERSON_AND_ORGANIZATION ( #4154, #3100 ) ;
#122 = VERTEX_POINT ( 'NONE', #866 ) ;
#123 = CARTESIAN_POINT ( 'NONE',  ( 231.8477188160175615, 220.9349641999952780, 62.43116811689698409 ) ) ;
#124 = ORIENTED_EDGE ( 'NONE', *, *, #366, .F. ) ;
#125 = LINE ( 'NONE', #854, #3287 ) ;
#126 = CARTESIAN_POINT ( 'NONE',  ( -61.17498927979454493, 219.6935053918008123, -153.3014805108820156 ) ) ;
#127 = EDGE_CURVE ( 'NONE', #136, #4065, #3267, .T. ) ;
#128 = CARTESIAN_POINT ( 'NONE',  ( -63.97837286214631547, 200.1920193937555723, -162.8735416045960562 ) ) ;
#129 = CARTESIAN_POINT ( 'NONE',  ( 82.37957366086867239, 208.1821774292216958, 93.29014560921547172 ) ) ;
#130 = ORIENTED_EDGE ( 'NONE', *, *, #951, .F. ) ;
#131 = DIRECTION ( 'NONE',  ( 0.000000000000000000, -1.000000000000000000, 0.000000000000000000 ) ) ;
#132 = CARTESIAN_POINT ( 'NONE',  ( -94.00000000000000000, 47.80000000000000426, -135.4000000000000341 ) ) ;
#133 = VECTOR ( 'NONE', #4483, 1000.000000000000000 ) ;
#134 = AXIS2_PLACEMENT_3D ( 'NONE', #4791, #1652, #4412 ) ;
#135 = LINE ( 'NONE', #4096, #1165 ) ;
#136 = VERTEX_POINT ( 'NONE', #2902 ) ;
#137 = CARTESIAN_POINT ( 'NONE',  ( 149.6605019347874190, 45.19999999999999574, 90.57773952929711925 ) ) ;
#138 = VECTOR ( 'NONE', #4804, 1000.000000000000000 ) ;
#139 = CARTESIAN_POINT ( 'NONE',  ( 73.78979423070224186, 0.2000000000000039801, 43.99998281590070093 ) ) ;
#140 = DIRECTION ( 'NONE',  ( -0.000000000000000000, 0.000000000000000000, -1.000000000000000000 ) ) ;
#141 = CARTESIAN_POINT ( 'NONE',  ( -8.417698140286541175, 260.0000000000000000, 46.50162693823956062 ) ) ;
#142 = CARTESIAN_POINT ( 'NONE',  ( -69.42281201955944425, 219.2517430502377920, -146.0707878211229342 ) ) ;
#143 = ORIENTED_EDGE ( 'NONE', *, *, #1579, .T. ) ;
#144 = CARTESIAN_POINT ( 'NONE',  ( 170.9329896189877331, 217.4229968635165449, -162.0616025092404016 ) ) ;
#145 = CARTESIAN_POINT ( 'NONE',  ( -35.14194650060857583, 204.7647515695973937, -140.1725775571580925 ) ) ;
#146 = AXIS2_PLACEMENT_3D ( 'NONE', #3891, #4285, #1518 ) ;
#147 = CARTESIAN_POINT ( 'NONE',  ( 197.8175103199369289, 222.9471938161469780, -137.0848571477180258 ) ) ;
#148 = DIRECTION ( 'NONE',  ( 1.000000000000000000, 0.000000000000000000, 0.000000000000000000 ) ) ;
#149 = CALENDAR_DATE ( 2025, 12, 11 ) ;
#150 = VERTEX_POINT ( 'NONE', #139 ) ;
#151 = AXIS2_PLACEMENT_3D ( 'NONE', #3639, #867, #529 ) ;
#152 = CARTESIAN_POINT ( 'NONE',  ( 208.2548638813888715, 214.1421135831436402, 83.93587554579160326 ) ) ;
#153 = DIRECTION ( 'NONE',  ( 0.000000000000000000, -0.8490566037735829408, 0.5283018867924559325 ) ) ;
#154 = EDGE_CURVE ( 'NONE', #3392, #2598, #4864, .T. ) ;
#155 = CARTESIAN_POINT ( 'NONE',  ( 221.3250274860077695, 212.2742385182441467, 75.00671064389825915 ) ) ;
#156 = EDGE_CURVE ( 'NONE', #3027, #1086, #2202, .T. ) ;
#157 = CC_DESIGN_APPROVAL ( #4505, ( #3816 ) ) ;
#158 = DIRECTION ( 'NONE',  ( 0.000000000000000000, 0.000000000000000000, 1.000000000000000000 ) ) ;
#159 = CARTESIAN_POINT ( 'NONE',  ( 191.9372514407787662, 234.3521090488396510, -148.5002688594508982 ) ) ;
#160 = CARTESIAN_POINT ( 'NONE',  ( 63.02671689457789483, 218.1022863273084624, 93.91232600516404716 ) ) ;
#161 = ORIENTED_EDGE ( 'NONE', *, *, #1645, .F. ) ;
#162 = CARTESIAN_POINT ( 'NONE',  ( 230.8993464005749843, 43.00000000000000000, 61.50000000000000000 ) ) ;
#163 = CARTESIAN_POINT ( 'NONE',  ( 222.4768693443251664, 34.69999667389483022, 72.47649781506044064 ) ) ;
#164 = AXIS2_PLACEMENT_3D ( 'NONE', #58, #1283, #3269 ) ;
#165 = CARTESIAN_POINT ( 'NONE',  ( 197.8257675369435447, 222.9578580644259773, -137.0677786935689539 ) ) ;
#166 = ORIENTED_EDGE ( 'NONE', *, *, #2358, .T. ) ;
#167 = FACE_OUTER_BOUND ( 'NONE', #2037, .T. ) ;
#168 = EDGE_CURVE ( 'NONE', #975, #2226, #2852, .T. ) ;
#169 = VECTOR ( 'NONE', #1650, 1000.000000000000000 ) ;
#170 = CARTESIAN_POINT ( 'NONE',  ( -31.73920317086509968, 254.6899460564879689, -120.4946970143336671 ) ) ;
#171 = CARTESIAN_POINT ( 'NONE',  ( 232.7595534130048804, 220.2404465869956027, 36.05818505871307877 ) ) ;
#172 = CARTESIAN_POINT ( 'NONE',  ( -64.44495952378744619, 192.1654544417119439, 103.1096788239565996 ) ) ;
#173 = CARTESIAN_POINT ( 'NONE',  ( -66.99324488217617102, 200.0957846821021064, -161.4693246221910385 ) ) ;
#174 = ORIENTED_EDGE ( 'NONE', *, *, #4159, .T. ) ;
#175 = CARTESIAN_POINT ( 'NONE',  ( 34.48216536436670054, 199.8897442852759525, 109.5230763269064056 ) ) ;
#176 = EDGE_CURVE ( 'NONE', #315, #1973, #1735, .T. ) ;
#177 = EDGE_CURVE ( 'NONE', #1075, #2233, #2474, .T. ) ;
#178 = CARTESIAN_POINT ( 'NONE',  ( 199.7123863145830285, 45.19999999999999574, 88.59615557784999851 ) ) ;
#179 = CARTESIAN_POINT ( 'NONE',  ( -26.42487416963028579, 254.6615486717801389, 55.91636050863291985 ) ) ;
#180 = ORIENTED_EDGE ( 'NONE', *, *, #4383, .F. ) ;
#181 = CYLINDRICAL_SURFACE ( 'NONE', #3858, 24.99999999999999289 ) ;
#182 = CARTESIAN_POINT ( 'NONE',  ( -38.45213162701328713, 254.2949814170860634, -110.3072738172212723 ) ) ;
#183 = CARTESIAN_POINT ( 'NONE',  ( -46.10107979659198918, 203.3301607688498507, -165.2014266338282482 ) ) ;
#184 = CARTESIAN_POINT ( 'NONE',  ( 62.59654126449211731, 45.19999999999999574, 23.77129615526744288 ) ) ;
#185 = EDGE_CURVE ( 'NONE', #3446, #4739, #787, .T. ) ;
#186 = EDGE_CURVE ( 'NONE', #4648, #1498, #2522, .T. ) ;
#187 = CARTESIAN_POINT ( 'NONE',  ( -67.25897958053226944, 200.0917650068539047, -161.2591134488191926 ) ) ;
#188 = CARTESIAN_POINT ( 'NONE',  ( 179.4422834419588924, 210.0431194655232900, -157.6267051555159071 ) ) ;
#189 = ORIENTED_EDGE ( 'NONE', *, *, #3705, .T. ) ;
#190 = DIRECTION ( 'NONE',  ( -0.6087614290087081104, 0.000000000000000000, 0.7933533402912448240 ) ) ;
#191 = CARTESIAN_POINT ( 'NONE',  ( -46.51512306943483566, 184.2910013468120951, 114.4772889351550305 ) ) ;
#192 = ADVANCED_FACE ( 'NONE', ( #569 ), #3249, .F. ) ;
#193 = EDGE_CURVE ( 'NONE', #740, #4152, #4587, .T. ) ;
#194 = ADVANCED_FACE ( 'NONE', ( #3824 ), #205, .T. ) ;
#195 = ADVANCED_FACE ( 'NONE', ( #3414 ), #1471, .F. ) ;
#196 = CARTESIAN_POINT ( 'NONE',  ( 202.4659280215842898, 230.9580705745495095, -127.3916042469129479 ) ) ;
#197 = ORIENTED_EDGE ( 'NONE', *, *, #49, .F. ) ;
#198 = DIRECTION ( 'NONE',  ( 0.6087614290087186575, 0.000000000000000000, 0.7933533402912366084 ) ) ;
#199 = CARTESIAN_POINT ( 'NONE',  ( -24.64466094067281077, 235.0000000000001990, 28.72697061619092196 ) ) ;
#200 = CARTESIAN_POINT ( 'NONE',  ( -4.906698070205751883, 260.0000000000000000, -115.9843788128359563 ) ) ;
#201 = CARTESIAN_POINT ( 'NONE',  ( -64.55312319781772601, 219.1367554909552666, -151.5913173628985362 ) ) ;
#202 = ORIENTED_EDGE ( 'NONE', *, *, #2368, .T. ) ;
#203 = LINE ( 'NONE', #294, #4913 ) ;
#204 = DIRECTION ( 'NONE',  ( 0.3826834323650903369, 2.285742939336334087E-16, 0.9238795325112866275 ) ) ;
#205 = PLANE ( 'NONE',  #4463 ) ;
#206 = VERTEX_POINT ( 'NONE', #4616 ) ;
#207 = FACE_OUTER_BOUND ( 'NONE', #1083, .T. ) ;
#208 = CARTESIAN_POINT ( 'NONE',  ( -38.12615452024863316, 254.3511890288493476, -110.9706172064275194 ) ) ;
#209 = CARTESIAN_POINT ( 'NONE',  ( 212.9983452759200588, 213.7299709703954989, 81.28604292610756943 ) ) ;
#210 = DIRECTION ( 'NONE',  ( -0.8128486337516446225, -0.5824749768085188961, 0.000000000000000000 ) ) ;
#211 = FACE_OUTER_BOUND ( 'NONE', #1177, .T. ) ;
#212 = CARTESIAN_POINT ( 'NONE',  ( -39.46470059531844754, 45.19999999999998863, 117.9615988571578953 ) ) ;
#213 = CARTESIAN_POINT ( 'NONE',  ( 178.6117873321116178, 209.7199403727987601, -158.1380580937806428 ) ) ;
#214 = ORIENTED_EDGE ( 'NONE', *, *, #127, .F. ) ;
#215 = CARTESIAN_POINT ( 'NONE',  ( 227.7763140935532533, 225.2236859064471730, 50.06987360560252398 ) ) ;
#216 = VERTEX_POINT ( 'NONE', #693 ) ;
#217 = CARTESIAN_POINT ( 'NONE',  ( -62.69204258379026840, 214.7167947106321435, 92.31669403112908867 ) ) ;
#218 = CARTESIAN_POINT ( 'NONE',  ( -41.98742647342847079, 184.0997038243617112, 115.3945091123012503 ) ) ;
#219 = ORIENTED_EDGE ( 'NONE', *, *, #283, .T. ) ;
#220 = CARTESIAN_POINT ( 'NONE',  ( -62.32933289847871094, 219.4359284068848410, -152.8734795855464768 ) ) ;
#221 = EDGE_CURVE ( 'NONE', #964, #1617, #1013, .T. ) ;
#222 = EDGE_CURVE ( 'NONE', #1973, #778, #403, .T. ) ;
#223 = EDGE_CURVE ( 'NONE', #1905, #4358, #4258, .T. ) ;
#224 = AXIS2_PLACEMENT_3D ( 'NONE', #2156, #1720, #2534 ) ;
#225 = CARTESIAN_POINT ( 'NONE',  ( 162.9066980702054934, 235.0000000000000284, -115.9843788128359989 ) ) ;
#226 = CARTESIAN_POINT ( 'NONE',  ( -69.92758615802033262, 219.3663370297217057, -145.0878915156646656 ) ) ;
#227 = ORIENTED_EDGE ( 'NONE', *, *, #2295, .T. ) ;
#228 = AXIS2_PLACEMENT_3D ( 'NONE', #1060, #3364, #4215 ) ;
#229 = CARTESIAN_POINT ( 'NONE',  ( -91.39999999999997726, 35.20000000000000995, -110.3999999999999915 ) ) ;
#230 = DIRECTION ( 'NONE',  ( -0.6154574548966637026, -0.6154574548966637026, -0.4923659639173308400 ) ) ;
#231 = ORIENTED_EDGE ( 'NONE', *, *, #720, .T. ) ;
#232 = CARTESIAN_POINT ( 'NONE',  ( 203.8246035346323879, 233.1526106836633403, 75.66470447586526404 ) ) ;
#233 = DIRECTION ( 'NONE',  ( 1.000000000000000000, 0.000000000000000000, -1.387778780781461453E-15 ) ) ;
#234 = CARTESIAN_POINT ( 'NONE',  ( -9.465990789628795810, 260.0000000000001137, 57.17657447713058616 ) ) ;
#235 = VECTOR ( 'NONE', #543, 999.9999999999998863 ) ;
#236 = CARTESIAN_POINT ( 'NONE',  ( 71.96089146046135454, 43.43573268726272119, 102.3043022325887961 ) ) ;
#237 = CARTESIAN_POINT ( 'NONE',  ( -71.07498899884585342, 195.8253983367926025, 97.72384309115155077 ) ) ;
#238 = AXIS2_PLACEMENT_3D ( 'NONE', #2241, #278, #5061 ) ;
#239 = PLANE ( 'NONE',  #3298 ) ;
#240 = CARTESIAN_POINT ( 'NONE',  ( 100.0652381821160049, 229.6627149438657227, 84.00338719097207729 ) ) ;
#241 = ORIENTED_EDGE ( 'NONE', *, *, #2388, .F. ) ;
#242 = PLANE ( 'NONE',  #973 ) ;
#243 = ORIENTED_EDGE ( 'NONE', *, *, #1102, .F. ) ;
#244 = CARTESIAN_POINT ( 'NONE',  ( 127.2239240309779831, 45.19999999999999574, 85.00147271343799105 ) ) ;
#245 = VECTOR ( 'NONE', #1258, 1000.000000000000000 ) ;
#246 = CARTESIAN_POINT ( 'NONE',  ( 186.9856876914800807, 254.5641401384892220, -123.3649850186267543 ) ) ;
#247 = ORIENTED_EDGE ( 'NONE', *, *, #356, .T. ) ;
#248 = CARTESIAN_POINT ( 'NONE',  ( -68.06902309124282624, 219.0919934140741532, -148.1337072852927577 ) ) ;
#249 = DIRECTION ( 'NONE',  ( -4.266806397483295578E-14, 0.000000000000000000, -1.000000000000000000 ) ) ;
#250 = EDGE_CURVE ( 'NONE', #2810, #3216, #5102, .T. ) ;
#251 = CARTESIAN_POINT ( 'NONE',  ( -29.86385822722899164, 260.0000000000000000, -112.0831835156022152 ) ) ;
#252 = DIRECTION ( 'NONE',  ( -0.000000000000000000, -1.000000000000000000, 2.220446049250315053E-16 ) ) ;
#253 = VECTOR ( 'NONE', #3057, 1000.000000000000000 ) ;
#254 = EDGE_LOOP ( 'NONE', ( #297, #2044, #3428, #3846, #1041 ) ) ;
#255 = CARTESIAN_POINT ( 'NONE',  ( 243.0000000000000000, 210.0000000000000000, 228.7389185037470156 ) ) ;
#256 = CARTESIAN_POINT ( 'NONE',  ( 242.7336895239952526, 58.25691695218849731, -41.22793136453406504 ) ) ;
#257 = ORIENTED_EDGE ( 'NONE', *, *, #4667, .F. ) ;
#258 = CARTESIAN_POINT ( 'NONE',  ( 62.00001711027720575, 45.19999999999999574, 0.0001299654586450760263 ) ) ;
#259 = CARTESIAN_POINT ( 'NONE',  ( 320.4345621709765055, 61.85475971036889575, 161.9848884104490025 ) ) ;
#260 = CARTESIAN_POINT ( 'NONE',  ( 199.4841189586396126, 214.3920202336829561, 87.44820662633502195 ) ) ;
#261 = LINE ( 'NONE', #236, #2231 ) ;
#262 = CARTESIAN_POINT ( 'NONE',  ( 47.68788108007251481, 205.4346075435244074, 104.7703363912646495 ) ) ;
#263 = DIRECTION ( 'NONE',  ( 0.000000000000000000, 0.000000000000000000, -1.000000000000000000 ) ) ;
#264 = CARTESIAN_POINT ( 'NONE',  ( 181.4633625768152001, 210.8770906746380263, -156.3063565799492665 ) ) ;
#265 = ORIENTED_EDGE ( 'NONE', *, *, #2148, .T. ) ;
#266 = EDGE_CURVE ( 'NONE', #4572, #4626, #1085, .T. ) ;
#267 = CARTESIAN_POINT ( 'NONE',  ( 232.7658220522448573, 207.2644265140040432, 60.95527177642921401 ) ) ;
#268 = ORIENTED_EDGE ( 'NONE', *, *, #604, .F. ) ;
#269 = CARTESIAN_POINT ( 'NONE',  ( -63.30432721401705010, 214.8608420269814019, 91.80561243185861997 ) ) ;
#270 = CARTESIAN_POINT ( 'NONE',  ( -45.31199457075268811, 184.2208347814287208, 114.8260879272238668 ) ) ;
#271 = EDGE_LOOP ( 'NONE', ( #3971, #4441, #3656, #4435, #3501, #399, #130 ) ) ;
#272 = CARTESIAN_POINT ( 'NONE',  ( -69.64847152741153025, 219.2979036470410676, -145.6500703341615974 ) ) ;
#273 = B_SPLINE_CURVE_WITH_KNOTS ( 'NONE', 3,
 ( #4581, #4558, #2183, #4533, #1417, #2137, #1050, #1008, #3766, #1027, #3818, #4887, #2593, #1343 ),
 .UNSPECIFIED., .F., .F.,
 ( 4, 2, 2, 1, 1, 2, 2, 4 ),
 ( 0.000000000000000000, 0.2499999999999930056, 0.3749999999999908407, 0.4374999999999885092, 0.4687499999999878431, 0.4843749999999870659, 0.4999999999999862332, 1.000000000000000000 ),
 .UNSPECIFIED. ) ;
#274 = CARTESIAN_POINT ( 'NONE',  ( 150.0000000000000284, 45.20000000000000995, -4.233333333333412440 ) ) ;
#275 = CARTESIAN_POINT ( 'NONE',  ( -4.906698070205571582, 250.6173761888605895, -135.5060990489116932 ) ) ;
#276 = CARTESIAN_POINT ( 'NONE',  ( -65.37972875370049053, 212.1869440079355513, -162.1289345412816090 ) ) ;
#277 = VERTEX_POINT ( 'NONE', #715 ) ;
#278 = DIRECTION ( 'NONE',  ( 0.000000000000000000, -1.589637512531474944E-16, -1.000000000000000000 ) ) ;
#279 = DIRECTION ( 'NONE',  ( 7.035828143685894326E-15, -1.966700812657669275E-15, 1.000000000000000000 ) ) ;
#280 = VERTEX_POINT ( 'NONE', #256 ) ;
#281 = DIRECTION ( 'NONE',  ( 1.000000000000000000, 0.000000000000000000, 0.000000000000000000 ) ) ;
#282 = CARTESIAN_POINT ( 'NONE',  ( -22.89318927987226360, 254.3697509386429942, 58.76694242965074011 ) ) ;
#283 = EDGE_CURVE ( 'NONE', #1447, #3581, #2669, .T. ) ;
#284 = DIRECTION ( 'NONE',  ( -0.000000000000000000, 2.220446049250309630E-16, 1.000000000000000000 ) ) ;
#285 = CARTESIAN_POINT ( 'NONE',  ( 127.2239240309779831, 0.2000000000000126676, 85.00147271343800526 ) ) ;
#286 = CARTESIAN_POINT ( 'NONE',  ( 190.9971965737537403, 216.3484887528521483, -147.6113951322127207 ) ) ;
#287 = VERTEX_POINT ( 'NONE', #4213 ) ;
#288 = LINE ( 'NONE', #627, #3923 ) ;
#289 = VERTEX_POINT ( 'NONE', #4990 ) ;
#290 = CARTESIAN_POINT ( 'NONE',  ( -5.559106217744561818, 251.2697843363991410, 65.48304199737219733 ) ) ;
#291 = CARTESIAN_POINT ( 'NONE',  ( -46.12970380439919182, 193.8271909381975888, 114.7195506243991190 ) ) ;
#292 = ORIENTED_EDGE ( 'NONE', *, *, #3936, .F. ) ;
#293 = CARTESIAN_POINT ( 'NONE',  ( 213.0829886093179937, 45.19999999999999574, 82.96190479540889839 ) ) ;
#294 = CARTESIAN_POINT ( 'NONE',  ( 87.77481214948119259, 45.19999999999999574, 62.22555703434129271 ) ) ;
#295 = CARTESIAN_POINT ( 'NONE',  ( -24.18529241417470033, 260.0000000000000000, -103.2562766284983553 ) ) ;
#296 = CARTESIAN_POINT ( 'NONE',  ( -62.72576550570241238, 212.4825977192504638, -163.4089716610429832 ) ) ;
#297 = ORIENTED_EDGE ( 'NONE', *, *, #3790, .T. ) ;
#298 = CIRCLE ( 'NONE', #5067, 5.000000000000004441 ) ;
#299 = CARTESIAN_POINT ( 'NONE',  ( 175.4307624822232583, 238.1230119698354031, -145.5015904241317628 ) ) ;
#300 = FACE_OUTER_BOUND ( 'NONE', #2006, .T. ) ;
#301 = VECTOR ( 'NONE', #1448, 1000.000000000000000 ) ;
#302 = ORIENTED_EDGE ( 'NONE', *, *, #4942, .T. ) ;
#303 = DIRECTION ( 'NONE',  ( -0.4112257348407318824, 0.4112257348407318824, -0.8135027904127928311 ) ) ;
#304 = CARTESIAN_POINT ( 'NONE',  ( 212.2983800660127258, 213.8051338476025194, 81.71212828615966828 ) ) ;
#305 = AXIS2_PLACEMENT_3D ( 'NONE', #1225, #4304, #837 ) ;
#306 = FACE_OUTER_BOUND ( 'NONE', #4365, .T. ) ;
#307 = DIRECTION ( 'NONE',  ( 0.000000000000000000, 0.000000000000000000, -1.000000000000000000 ) ) ;
#308 = DIRECTION ( 'NONE',  ( 0.9914448613738107152, 0.000000000000000000, -0.1305261922200493807 ) ) ;
#309 = EDGE_CURVE ( 'NONE', #926, #4889, #2217, .T. ) ;
#310 = ADVANCED_FACE ( 'NONE', ( #300 ), #3003, .T. ) ;
#311 = VERTEX_POINT ( 'NONE', #4541 ) ;
#312 = VECTOR ( 'NONE', #337, 1000.000000000000000 ) ;
#313 = CARTESIAN_POINT ( 'NONE',  ( 231.2262248992689706, 208.1489406406565195, 63.48306864749594780 ) ) ;
#314 = EDGE_CURVE ( 'NONE', #4070, #1658, #2292, .T. ) ;
#315 = VERTEX_POINT ( 'NONE', #1399 ) ;
#316 = DIRECTION ( 'NONE',  ( -1.000000000000000000, -4.930380657631319405E-32, -2.601434692661720424E-16 ) ) ;
#317 = VECTOR ( 'NONE', #2937, 1000.000000000000000 ) ;
#318 = CARTESIAN_POINT ( 'NONE',  ( 232.6655357668367117, 220.3344642331636862, -44.46979650896174974 ) ) ;
#319 = ORIENTED_EDGE ( 'NONE', *, *, #2193, .F. ) ;
#320 = DIRECTION ( 'NONE',  ( -1.000000000000000000, -4.930380657631319405E-32, -2.601434692661720424E-16 ) ) ;
#321 = CARTESIAN_POINT ( 'NONE',  ( 43.24701377987793194, 194.1481108104099462, 114.4444764482242363 ) ) ;
#322 = CARTESIAN_POINT ( 'NONE',  ( -63.92431520598007921, 219.2027528945994561, -152.0036432073144397 ) ) ;
#323 = ORIENTED_EDGE ( 'NONE', *, *, #2063, .F. ) ;
#324 = CARTESIAN_POINT ( 'NONE',  ( 226.7922867330426300, 226.2077132669574553, 51.41550455565356970 ) ) ;
#325 = VECTOR ( 'NONE', #4112, 1000.000000000000000 ) ;
#326 = ORIENTED_EDGE ( 'NONE', *, *, #1579, .F. ) ;
#327 = CARTESIAN_POINT ( 'NONE',  ( 207.1789491422164815, 233.2054778007653795, 73.36810375041416421 ) ) ;
#328 = CARTESIAN_POINT ( 'NONE',  ( -82.02188711440167879, 213.6159729475552069, -129.2744158348919257 ) ) ;
#329 = AXIS2_PLACEMENT_3D ( 'NONE', #1182, #51, #4306 ) ;
#330 = CARTESIAN_POINT ( 'NONE',  ( -91.39999999999999147, -14.80000000000000071, -130.3999999999999773 ) ) ;
#331 = CC_DESIGN_PERSON_AND_ORGANIZATION_ASSIGNMENT ( #2143, #2883, ( #4026 ) ) ;
#332 = CARTESIAN_POINT ( 'NONE',  ( 62.00000000000000000, 0.1999999999999918510, -2.000525167682284802E-14 ) ) ;
#333 = ORIENTED_EDGE ( 'NONE', *, *, #2334, .T. ) ;
#334 = CARTESIAN_POINT ( 'NONE',  ( 96.18920974622623987, 229.6627149440251969, 84.00338719083538308 ) ) ;
#335 = ORIENTED_EDGE ( 'NONE', *, *, #3051, .F. ) ;
#336 = DIRECTION ( 'NONE',  ( 0.8924551368540095675, 0.000000000000000000, -0.4511361531765004096 ) ) ;
#337 = DIRECTION ( 'NONE',  ( 1.000000000000000000, 0.000000000000000000, -0.000000000000000000 ) ) ;
#338 = CARTESIAN_POINT ( 'NONE',  ( 237.9328715958202451, 215.0671284039770796, -55.63493067690687610 ) ) ;
#339 = ORIENTED_EDGE ( 'NONE', *, *, #250, .T. ) ;
#340 = LINE ( 'NONE', #3906, #39 ) ;
#341 = EDGE_CURVE ( 'NONE', #3055, #2090, #2558, .T. ) ;
#342 = EDGE_CURVE ( 'NONE', #853, #1214, #1833, .T. ) ;
#343 = CARTESIAN_POINT ( 'NONE',  ( -82.25094356890858194, 200.4933374580205339, 68.20854393932239645 ) ) ;
#344 = CARTESIAN_POINT ( 'NONE',  ( -62.94079121134267751, 200.2288068320958416, -163.2943213358359742 ) ) ;
#345 = ORIENTED_EDGE ( 'NONE', *, *, #1455, .F. ) ;
#346 = CARTESIAN_POINT ( 'NONE',  ( 213.0827797154225038, 45.19999999999999574, 82.96206508533252588 ) ) ;
#347 = EDGE_LOOP ( 'NONE', ( #2884, #2677, #4536, #711 ) ) ;
#348 = CYLINDRICAL_SURFACE ( 'NONE', #551, 2.602000000000006974 ) ;
#349 = DIRECTION ( 'NONE',  ( -3.800975567433108142E-16, -6.634627532011355174E-18, 1.000000000000000000 ) ) ;
#350 = DIRECTION ( 'NONE',  ( 0.000000000000000000, 0.000000000000000000, -1.000000000000000000 ) ) ;
#351 = APPROVAL_ROLE ( '' ) ;
#352 = DIRECTION ( 'NONE',  ( 0.9238795325112865164, 0.000000000000000000, 0.3826834323650902814 ) ) ;
#353 = EDGE_LOOP ( 'NONE', ( #1795, #4737, #5079, #2417 ) ) ;
#354 = CARTESIAN_POINT ( 'NONE',  ( 64.99852728656189527, 45.19999999999999574, 22.77607596902185705 ) ) ;
#355 = ORIENTED_EDGE ( 'NONE', *, *, #1605, .T. ) ;
#356 = EDGE_CURVE ( 'NONE', #3996, #3985, #1031, .T. ) ;
#357 = CARTESIAN_POINT ( 'NONE',  ( 173.8643846203979422, 102.6326265757458742, -166.9591086312799746 ) ) ;
#358 = CARTESIAN_POINT ( 'NONE',  ( 62.42073627879142350, 45.19999999999999574, 23.11518301640821349 ) ) ;
#359 = CARTESIAN_POINT ( 'NONE',  ( -70.97864673439974581, 207.6782982648099392, 97.72535182290405942 ) ) ;
#360 = EDGE_LOOP ( 'NONE', ( #5090, #1433, #1674, #2050 ) ) ;
#361 = LINE ( 'NONE', #5054, #2847 ) ;
#362 = DIRECTION ( 'NONE',  ( 0.6154574548966460501, -0.6154574548966460501, -0.4923659639173747493 ) ) ;
#363 = ADVANCED_FACE ( 'NONE', ( #2954 ), #2247, .T. ) ;
#364 = CARTESIAN_POINT ( 'NONE',  ( 62.00000000000002132, 45.19999999999999574, -113.0000000000000284 ) ) ;
#365 = CARTESIAN_POINT ( 'NONE',  ( 38.32711745299614137, 184.1873182544801750, 115.3379617648366633 ) ) ;
#366 = EDGE_CURVE ( 'NONE', #409, #3769, #1540, .T. ) ;
#368 = EDGE_CURVE ( 'NONE', #2495, #3392, #3487, .T. ) ;
#367 = ORIENTED_EDGE ( 'NONE', *, *, #93, .T. ) ;
#369 = LINE ( 'NONE', #3463, #4847 ) ;
#370 = CARTESIAN_POINT ( 'NONE',  ( 183.7349935449237535, 222.8335902297441464, 89.85692266019979968 ) ) ;
#371 = ORIENTED_EDGE ( 'NONE', *, *, #2063, .T. ) ;
#372 = AXIS2_PLACEMENT_3D ( 'NONE', #3737, #2507, #1249 ) ;
#373 = CARTESIAN_POINT ( 'NONE',  ( 195.3612831140387698, 232.2281122588274229, 80.33213908492261623 ) ) ;
#374 = DIRECTION ( 'NONE',  ( -2.220446049250315053E-16, 2.220446049250309876E-16, 1.000000000000000000 ) ) ;
#375 = AXIS2_PLACEMENT_3D ( 'NONE', #768, #3134, #4332 ) ;
#376 = PLANE ( 'NONE',  #1147 ) ;
#377 = EDGE_LOOP ( 'NONE', ( #983, #1014, #1269, #1890 ) ) ;
#378 = CARTESIAN_POINT ( 'NONE',  ( -94.00000000000000000, -19.79999999999999361, -120.3999999999999915 ) ) ;
#379 = ORIENTED_EDGE ( 'NONE', *, *, #405, .F. ) ;
#380 = CARTESIAN_POINT ( 'NONE',  ( 438.8179415127839889, 34.70000000000000284, 238.4808318910990010 ) ) ;
#381 = VECTOR ( 'NONE', #4320, 1000.000000000000000 ) ;
#382 = CARTESIAN_POINT ( 'NONE',  ( 185.7156579914920655, 260.0000000000000000, -115.0434872209541481 ) ) ;
#383 = AXIS2_PLACEMENT_3D ( 'NONE', #4067, #2567, #3739 ) ;
#384 = FACE_OUTER_BOUND ( 'NONE', #525, .T. ) ;
#385 = CARTESIAN_POINT ( 'NONE',  ( -52.25078064019437107, 200.3281276362761218, -140.2500191159766416 ) ) ;
#386 = ORIENTED_EDGE ( 'NONE', *, *, #3248, .F. ) ;
#387 = DIRECTION ( 'NONE',  ( 1.000000000000000000, 0.000000000000000000, 0.000000000000000000 ) ) ;
#388 = EDGE_CURVE ( 'NONE', #3715, #4152, #2630, .T. ) ;
#389 = CARTESIAN_POINT ( 'NONE',  ( 106.0010086289604061, 45.19999999999999574, 76.20848853642479526 ) ) ;
#390 = VECTOR ( 'NONE', #1354, 1000.000000000000000 ) ;
#391 = CARTESIAN_POINT ( 'NONE',  ( -82.29508674314249106, 197.9643766998985654, 73.52828936575865271 ) ) ;
#392 = AXIS2_PLACEMENT_3D ( 'NONE', #346, #5089, #4685 ) ;
#393 = CARTESIAN_POINT ( 'NONE',  ( -80.18588753585783024, 196.6187105042562564, 85.62665287836748007 ) ) ;
#394 = ORIENTED_EDGE ( 'NONE', *, *, #250, .F. ) ;
#395 = VECTOR ( 'NONE', #1826, 1000.000000000000000 ) ;
#396 = ADVANCED_FACE ( 'NONE', ( #4732 ), #2021, .T. ) ;
#397 = FACE_OUTER_BOUND ( 'NONE', #432, .T. ) ;
#398 = CARTESIAN_POINT ( 'NONE',  ( 183.3692414656715641, 229.6627149438655806, 84.00338719097207729 ) ) ;
#399 = ORIENTED_EDGE ( 'NONE', *, *, #4359, .T. ) ;
#400 = CARTESIAN_POINT ( 'NONE',  ( 185.0001299654585125, 7.700179246586949411, 360.4182679094835180 ) ) ;
#401 = CARTESIAN_POINT ( 'NONE',  ( -35.00000000000009237, 260.0000000000001137, 28.72697061619082959 ) ) ;
#402 = EDGE_CURVE ( 'NONE', #502, #3033, #2973, .T. ) ;
#403 = CIRCLE ( 'NONE', #1334, 2.601999999999993207 ) ;
#404 = FACE_OUTER_BOUND ( 'NONE', #254, .T. ) ;
#405 = EDGE_CURVE ( 'NONE', #3392, #3518, #2999, .T. ) ;
#406 = CARTESIAN_POINT ( 'NONE',  ( -91.39999999999999147, 45.87344242052179766, -135.4000000000000341 ) ) ;
#407 = VERTEX_POINT ( 'NONE', #2083 ) ;
#408 = DIRECTION ( 'NONE',  ( 6.123031769111878895E-17, -1.000000000000000000, 2.220446049250309876E-16 ) ) ;
#409 = VERTEX_POINT ( 'NONE', #868 ) ;
#410 = AXIS2_PLACEMENT_3D ( 'NONE', #2709, #808, #2307 ) ;
#411 = DIRECTION ( 'NONE',  ( 6.123031769111878895E-17, -1.000000000000000000, 2.220446049250309876E-16 ) ) ;
#412 = CARTESIAN_POINT ( 'NONE',  ( 165.8499829250960147, 260.0000000000000000, -115.9843788128767983 ) ) ;
#413 = CARTESIAN_POINT ( 'NONE',  ( -82.25176613530786085, 200.4462126605668288, -137.2217547446268213 ) ) ;
#414 = CARTESIAN_POINT ( 'NONE',  ( -76.35668658585032631, 196.1589505437159744, 92.26620492960260833 ) ) ;
#415 = ORIENTED_EDGE ( 'NONE', *, *, #5017, .F. ) ;
#416 = LINE ( 'NONE', #4375, #1384 ) ;
#417 = DIRECTION ( 'NONE',  ( -6.870036421899088173E-17, -1.000000000000000000, 5.271564354921554013E-17 ) ) ;
#418 = CARTESIAN_POINT ( 'NONE',  ( -82.27315246447594177, 199.2209906831063222, 71.06410674388376947 ) ) ;
#419 = CARTESIAN_POINT ( 'NONE',  ( -71.07498899884589605, 195.8253983367927731, 97.72384309115156498 ) ) ;
#420 = ORIENTED_EDGE ( 'NONE', *, *, #1849, .T. ) ;
#421 = EDGE_CURVE ( 'NONE', #4065, #2340, #3560, .T. ) ;
#422 = PLANE ( 'NONE',  #63 ) ;
#423 = CARTESIAN_POINT ( 'NONE',  ( -24.64466094067260826, 260.0000000000000000, -100.7761510425807359 ) ) ;
#424 = ORIENTED_EDGE ( 'NONE', *, *, #1849, .F. ) ;
#425 = CARTESIAN_POINT ( 'NONE',  ( 168.2880057543009968, 226.7279017300320447, -154.6176786159746541 ) ) ;
#426 = CARTESIAN_POINT ( 'NONE',  ( -82.20949954610202326, 202.8676639344357397, -125.8938434139190434 ) ) ;
#427 = EDGE_CURVE ( 'NONE', #2625, #2386, #2149, .T. ) ;
#428 = CARTESIAN_POINT ( 'NONE',  ( 199.9065644550238403, 253.0934355449763871, 31.02357424950062992 ) ) ;
#429 = DIRECTION ( 'NONE',  ( -0.000000000000000000, 0.000000000000000000, -1.000000000000000000 ) ) ;
#430 = ORIENTED_EDGE ( 'NONE', *, *, #2764, .T. ) ;
#431 = PLANE ( 'NONE',  #1131 ) ;
#432 = EDGE_LOOP ( 'NONE', ( #4553, #1980, #4072, #292 ) ) ;
#433 = ADVANCED_FACE ( 'NONE', ( #954 ), #2844, .T. ) ;
#434 = DIRECTION ( 'NONE',  ( -0.000000000000000000, 0.000000000000000000, -1.000000000000000000 ) ) ;
#435 = ADVANCED_FACE ( 'NONE', ( #1649 ), #3240, .T. ) ;
#436 = CARTESIAN_POINT ( 'NONE',  ( 191.1690648821338812, 260.0000000000000000, -105.5427332561864660 ) ) ;
#437 = CARTESIAN_POINT ( 'NONE',  ( 199.2759206274041048, 226.2860181095849441, -134.0112183988401284 ) ) ;
#438 = CARTESIAN_POINT ( 'NONE',  ( -79.21528082228456924, 209.7406362718919581, 88.33276613015966916 ) ) ;
#439 = ORIENTED_EDGE ( 'NONE', *, *, #388, .T. ) ;
#440 = CARTESIAN_POINT ( 'NONE',  ( 106.0010086289604061, 0.2000000000000334843, 76.20848853642480947 ) ) ;
#441 = DIRECTION ( 'NONE',  ( -6.123031769111952851E-17, 1.000000000000000000, -2.220446049250315053E-16 ) ) ;
#442 = DIRECTION ( 'NONE',  ( -0.9925939418200405706, -0.09223410537040142854, 0.07905780460318702352 ) ) ;
#443 = CARTESIAN_POINT ( 'NONE',  ( -71.07498899884589605, 195.8253983367927731, 97.72384309115156498 ) ) ;
#444 = VERTEX_POINT ( 'NONE', #899 ) ;
#445 = LINE ( 'NONE', #475, #1560 ) ;
#446 = CARTESIAN_POINT ( 'NONE',  ( -82.20949954610240695, 202.8676639344114960, -124.1658102306185896 ) ) ;
#447 = EDGE_LOOP ( 'NONE', ( #4808, #3760, #2586, #1323 ) ) ;
#448 = CARTESIAN_POINT ( 'NONE',  ( 85.71172428090406470, 45.19999999999999574, 63.80796756594484265 ) ) ;
#449 = CARTESIAN_POINT ( 'NONE',  ( -21.04024149016174050, 260.0000000000000000, -109.5819417705624090 ) ) ;
#450 = ADVANCED_FACE ( 'NONE', ( #3333 ), #2161, .T. ) ;
#451 = B_SPLINE_CURVE_WITH_KNOTS ( 'NONE', 3,
 ( #262, #2561, #601, #4621, #1064, #1089, #2653, #4243, #1815, #1765 ),
 .UNSPECIFIED., .F., .F.,
 ( 4, 2, 2, 2, 4 ),
 ( 0.000000000000000000, 0.2500000000000000000, 0.5000000000000000000, 0.7500000000000000000, 1.000000000000000000 ),
 .UNSPECIFIED. ) ;
#452 = CARTESIAN_POINT ( 'NONE',  ( 177.0223201303592475, 253.7966030189683977, 60.78563167119638422 ) ) ;
#453 = ORIENTED_EDGE ( 'NONE', *, *, #3050, .F. ) ;
#454 = DIRECTION ( 'NONE',  ( 1.000000000000000000, 0.000000000000000000, -0.000000000000000000 ) ) ;
#455 = FACE_OUTER_BOUND ( 'NONE', #533, .T. ) ;
#456 = CARTESIAN_POINT ( 'NONE',  ( 211.4999828159007791, 43.00000000000000000, 80.89931663684241414 ) ) ;
#457 = VECTOR ( 'NONE', #2540, 1000.000000000000000 ) ;
#458 = CARTESIAN_POINT ( 'NONE',  ( -72.98916281942474882, 221.1090375203123131, 66.14722448338164895 ) ) ;
#459 = EDGE_CURVE ( 'NONE', #1761, #2305, #29, .T. ) ;
#460 = CARTESIAN_POINT ( 'NONE',  ( -64.53674662308914378, 200.1730984047637207, -162.6320073154059287 ) ) ;
#461 = CARTESIAN_POINT ( 'NONE',  ( -80.01939720101624687, 196.6028163676556630, 85.86674720337282452 ) ) ;
#462 = VERTEX_POINT ( 'NONE', #1522 ) ;
#463 = VECTOR ( 'NONE', #454, 1000.000000000000000 ) ;
#464 = CARTESIAN_POINT ( 'NONE',  ( 104.4170113906899928, 45.19999999999999574, 78.27279392787039569 ) ) ;
#465 = DIRECTION ( 'NONE',  ( 6.123031769111878895E-17, -1.000000000000000000, 2.220446049250309876E-16 ) ) ;
#466 = B_SPLINE_CURVE_WITH_KNOTS ( 'NONE', 3,
 ( #634, #3429, #3839, #2206, #3789, #2997, #272, #1098, #3454, #1076, #4631, #4580, #248, #4984, #3862, #3765, #1048, #2258, #1796, #2592, #1824, #1463, #683, #4961, #3379, #4936, #2615, #3022, #4153, #659, #4606, #220, #5010, #2234, #2642, #1415 ),
 .UNSPECIFIED., .F., .F.,
 ( 4, 2, 2, 2, 2, 2, 2, 2, 2, 2, 2, 2, 2, 2, 2, 2, 2, 4 ),
 ( 0.000000000000000000, 0.1250000000000000000, 0.1875000000000000000, 0.2187500000000000000, 0.2500000000000000000, 0.3750000000000000000, 0.4062500000000000000, 0.4375000000000000000, 0.5000000000000000000, 0.5625000000000000000, 0.5937500000000001110, 0.6250000000000000000, 0.7500000000000000000, 0.7812500000000000000, 0.8125000000000000000, 0.8750000000000000000, 0.9375000000000000000, 1.000000000000000000 ),
 .UNSPECIFIED. ) ;
#467 = CIRCLE ( 'NONE', #722, 2.602000000000000313 ) ;
#468 = CARTESIAN_POINT ( 'NONE',  ( 204.9328806154741471, 248.0671193845255686, -101.7993333655129646 ) ) ;
#469 = ORIENTED_EDGE ( 'NONE', *, *, #1486, .F. ) ;
#470 = CARTESIAN_POINT ( 'NONE',  ( -70.71789838265000583, 219.7246723077311685, -142.9400571901826140 ) ) ;
#471 = LOCAL_TIME ( 22, 55, 35.00000000000000000, #4716 ) ;
#472 = VERTEX_POINT ( 'NONE', #5095 ) ;
#473 = CIRCLE ( 'NONE', #4119, 25.00000000000002132 ) ;
#474 = CARTESIAN_POINT ( 'NONE',  ( -18.20081814228291961, 253.2796986098830985, -131.0020159374472826 ) ) ;
#475 = CARTESIAN_POINT ( 'NONE',  ( -94.00000000000000000, 47.80000000000000426, -73.00000000000000000 ) ) ;
#476 = CARTESIAN_POINT ( 'NONE',  ( -65.64475826730060248, 206.3501333966664504, 101.8327641704120765 ) ) ;
#477 = CARTESIAN_POINT ( 'NONE',  ( -82.22650267499625443, 201.8935553324764669, -131.4226652924922405 ) ) ;
#478 = ORIENTED_EDGE ( 'NONE', *, *, #266, .T. ) ;
#479 = PLANE ( 'NONE',  #4746 ) ;
#480 = CARTESIAN_POINT ( 'NONE',  ( 209.6512992265851096, 230.8257600157940317, -112.9000031396360271 ) ) ;
#481 = AXIS2_PLACEMENT_3D ( 'NONE', #4356, #1615, #4019 ) ;
#482 = DIRECTION ( 'NONE',  ( 3.749151804555344967E-33, 5.719166459861019712E-18, -1.000000000000000000 ) ) ;
#483 = CARTESIAN_POINT ( 'NONE',  ( -39.18920165436946235, 204.8975432426238115, -165.1740678709811334 ) ) ;
#484 = APPROVAL_PERSON_ORGANIZATION ( #2779, #34, #4084 ) ;
#485 = PERSON_AND_ORGANIZATION_ROLE ( 'design_supplier' ) ;
#486 = ORIENTED_EDGE ( 'NONE', *, *, #567, .F. ) ;
#487 = CARTESIAN_POINT ( 'NONE',  ( 209.6931720470987841, 214.0447671509172949, 83.20172990177120198 ) ) ;
#488 = CARTESIAN_POINT ( 'NONE',  ( 180.4654911899525587, 260.0000000000000000, 38.24223531042436264 ) ) ;
#489 = CARTESIAN_POINT ( 'NONE',  ( 227.1595867602779606, 210.3532374050700753, 68.95995810691671579 ) ) ;
#490 = EDGE_CURVE ( 'NONE', #4381, #3927, #4313, .T. ) ;
#491 = CARTESIAN_POINT ( 'NONE',  ( -94.00000000000000000, 45.19800000000000040, -135.4000000000000341 ) ) ;
#492 = CARTESIAN_POINT ( 'NONE',  ( -74.82199717758646784, 199.9869110530685816, -155.0422462709403533 ) ) ;
#493 = CARTESIAN_POINT ( 'NONE',  ( 73.52106952305265963, 223.9938021574738514, 88.86245529359366913 ) ) ;
#494 = CIRCLE ( 'NONE', #4775, 25.00000000000011724 ) ;
#495 = ORIENTED_EDGE ( 'NONE', *, *, #3961, .F. ) ;
#496 = LINE ( 'NONE', #162, #4665 ) ;
#497 = DIRECTION ( 'NONE',  ( -1.000000000000000000, 8.368262667513610548E-16, -7.172796572154520087E-16 ) ) ;
#498 = VECTOR ( 'NONE', #1641, 1000.000000000000227 ) ;
#499 = LINE ( 'NONE', #2101, #747 ) ;
#500 = EDGE_LOOP ( 'NONE', ( #2170, #3561, #2621, #1230, #3980 ) ) ;
#501 = DIRECTION ( 'NONE',  ( 0.000000000000000000, -1.000000000000000000, 0.000000000000000000 ) ) ;
#502 = VERTEX_POINT ( 'NONE', #1111 ) ;
#503 = EDGE_CURVE ( 'NONE', #4802, #1205, #3082, .T. ) ;
#504 = CARTESIAN_POINT ( 'NONE',  ( -9.622757323196596602, 251.6806071427537006, -134.4461821729367443 ) ) ;
#505 = DIRECTION ( 'NONE',  ( 0.000000000000000000, -1.000000000000000000, 2.220446049250315053E-16 ) ) ;
#506 = CARTESIAN_POINT ( 'NONE',  ( -72.84129246771105670, 211.7817613322018815, -156.7075101816006679 ) ) ;
#507 = ORIENTED_EDGE ( 'NONE', *, *, #221, .F. ) ;
#508 = CARTESIAN_POINT ( 'NONE',  ( 75.39437496572220709, 202.2815100768126513, 96.69116475446651293 ) ) ;
#509 = CARTESIAN_POINT ( 'NONE',  ( -15.45155926453777262, 260.0000000000000000, -113.9363512990314149 ) ) ;
#510 = CARTESIAN_POINT ( 'NONE',  ( 191.6697267536698064, 254.8942481484823190, 48.47762970107096692 ) ) ;
#511 = CARTESIAN_POINT ( 'NONE',  ( -37.93707280096759149, 254.4847742061310214, 41.71691428454349904 ) ) ;
#512 = PERSON_AND_ORGANIZATION ( #4154, #3100 ) ;
#513 = ORIENTED_EDGE ( 'NONE', *, *, #3605, .T. ) ;
#514 = CARTESIAN_POINT ( 'NONE',  ( 210.6329480021356062, 213.9682734436913165, 82.68846518209389274 ) ) ;
#515 = CARTESIAN_POINT ( 'NONE',  ( 175.8263711152096960, 260.0000000000000000, 43.26674735133417471 ) ) ;
#516 = CARTESIAN_POINT ( 'NONE',  ( -61.17498927979462309, 219.6935053918009828, -153.3014805108817598 ) ) ;
#517 = CARTESIAN_POINT ( 'NONE',  ( 153.2258954685100036, 204.7647515695975926, -140.1725775571579504 ) ) ;
#518 = CARTESIAN_POINT ( 'NONE',  ( 175.4307624822232299, 238.1230119698354031, -145.5015904241317344 ) ) ;
#519 = FACE_OUTER_BOUND ( 'NONE', #3506, .T. ) ;
#520 = ORIENTED_EDGE ( 'NONE', *, *, #314, .T. ) ;
#521 = LINE ( 'NONE', #3348, #1946 ) ;
#522 = DIRECTION ( 'NONE',  ( 6.123031769111878895E-17, -1.000000000000000000, 2.220446049250309876E-16 ) ) ;
#523 = ADVANCED_FACE ( 'NONE', ( #3137 ), #748, .F. ) ;
#524 = CARTESIAN_POINT ( 'NONE',  ( 199.5307422677762474, 226.9234542989692329, -133.4720502291608284 ) ) ;
#525 = EDGE_LOOP ( 'NONE', ( #371, #15, #3423, #1865 ) ) ;
#526 = CARTESIAN_POINT ( 'NONE',  ( -87.00000000000001421, 45.19999999999999574, -68.00000000000000000 ) ) ;
#527 = ORIENTED_EDGE ( 'NONE', *, *, #939, .T. ) ;
#528 = PLANE ( 'NONE',  #2468 ) ;
#529 = DIRECTION ( 'NONE',  ( 0.000000000000000000, 0.01745240643728358104, 0.9998476951563912696 ) ) ;
#530 = EDGE_CURVE ( 'NONE', #4839, #4693, #261, .T. ) ;
#531 = CARTESIAN_POINT ( 'NONE',  ( -78.20312123458872122, 211.9820748971656030, -149.9544730207129533 ) ) ;
#532 = EDGE_CURVE ( 'NONE', #1973, #2916, #1838, .T. ) ;
#533 = EDGE_LOOP ( 'NONE', ( #5049, #1253, #776, #2634 ) ) ;
#534 = EDGE_CURVE ( 'NONE', #3179, #4405, #583, .T. ) ;
#535 = CARTESIAN_POINT ( 'NONE',  ( 89.80119063807568125, 212.0648761435817278, 91.04784018927790612 ) ) ;
#536 = DIRECTION ( 'NONE',  ( 3.749151804555344967E-33, 5.719166459861019712E-18, -1.000000000000000000 ) ) ;
#537 = CARTESIAN_POINT ( 'NONE',  ( 189.8232788129389519, 254.9116052050792689, 50.70856769206726966 ) ) ;
#538 = CARTESIAN_POINT ( 'NONE',  ( 73.37500000000000000, 260.0000000000000000, -115.9843788128359989 ) ) ;
#539 = ORIENTED_EDGE ( 'NONE', *, *, #168, .T. ) ;
#540 = CARTESIAN_POINT ( 'NONE',  ( 223.1947204728676297, 211.7896531037424950, 73.28901203710488232 ) ) ;
#541 = ORIENTED_EDGE ( 'NONE', *, *, #93, .F. ) ;
#542 =( BOUNDED_SURFACE ( )  B_SPLINE_SURFACE ( 3, 2, ( 
 ( #4651, #1176, #4300 ),
 ( #1557, #338, #3070 ),
 ( #834, #3522, #19 ),
 ( #318, #782, #5052 ),
 ( #5106, #1998, #3884 ),
 ( #4744, #1919, #2737 ) ),
 .UNSPECIFIED., .F., .F., .F. ) 
 B_SPLINE_SURFACE_WITH_KNOTS ( ( 4, 2, 4 ),
 ( 3, 3 ),
 ( 2.685448254350210284, 2.915494231484988319, 3.145540208619765910 ),
 ( 0.000000000000000000, 1.000000000000000000 ),
 .UNSPECIFIED. ) 
 GEOMETRIC_REPRESENTATION_ITEM ( )  RATIONAL_B_SPLINE_SURFACE ( (
 ( 1.000000000000000000, 0.9071377367289802374, 1.000000000000000000),
 ( 1.000000000000000000, 0.9138351035815251988, 1.000000000000000000),
 ( 1.000000000000000000, 0.9188834628839009921, 1.000000000000000000),
 ( 1.000000000000000000, 0.9255877093391057242, 1.000000000000000000),
 ( 1.000000000000000000, 0.9272436257129507142, 1.000000000000000000),
 ( 1.000000000000000000, 0.9271838545667866471, 1.000000000000000000) ) ) 
 REPRESENTATION_ITEM ( '' )  SURFACE ( )  );
#543 = DIRECTION ( 'NONE',  ( 0.7744491328055710389, 0.5452742676203033989, -0.3207873341761499075 ) ) ;
#544 = FACE_OUTER_BOUND ( 'NONE', #2539, .T. ) ;
#545 = DIRECTION ( 'NONE',  ( 0.7933533402912336108, 1.837494680651819842E-16, 0.6087614290087226543 ) ) ;
#546 = CARTESIAN_POINT ( 'NONE',  ( -67.38435095785125384, 216.7382389526410975, 86.03433617411094758 ) ) ;
#547 = EDGE_LOOP ( 'NONE', ( #3297, #2484, #4709, #439 ) ) ;
#548 = CARTESIAN_POINT ( 'NONE',  ( 150.0001310869255065, 45.19999999999999574, 90.59999999999998010 ) ) ;
#549 = CARTESIAN_POINT ( 'NONE',  ( -38.61449668278007152, 184.0562701097883576, 115.5378536467013930 ) ) ;
#550 = VECTOR ( 'NONE', #4229, 1000.000000000000114 ) ;
#551 = AXIS2_PLACEMENT_3D ( 'NONE', #3489, #3538, #1134 ) ;
#552 = MANIFOLD_SOLID_BREP ( 'N', #3800 ) ;
#553 = LINE ( 'NONE', #4805, #4051 ) ;
#554 = EDGE_LOOP ( 'NONE', ( #4584, #1092, #541, #2649 ) ) ;
#555 = CARTESIAN_POINT ( 'NONE',  ( -136.6107995813925697, 22.70000000000000639, -113.0000000000000000 ) ) ;
#556 = B_SPLINE_CURVE_WITH_KNOTS ( 'NONE', 3,
 ( #69, #1270, #489, #2829, #1713, #3284, #4850, #2887, #4004, #4474, #938, #2038, #3623, #2502, #155, #2935, #4949, #4592, #2269, #4242, #209, #304, #1884, #646, #1018, #4519, #5021, #3467, #1036, #2651, #696, #4973, #994, #672, #2557, #2629, #4619, #1404, #2222, #3849, #2959, #3395, #260, #1062, #4217, #4143, #3438, #1088 ),
 .UNSPECIFIED., .F., .F.,
 ( 4, 2, 2, 2, 1, 1, 1, 1, 2, 2, 2, 2, 2, 1, 1, 1, 1, 2, 2, 2, 2, 2, 1, 1, 1, 1, 2, 2, 2, 4 ),
 ( 0.000000000000000000, 0.1249999999999636957, 0.1874999999999458766, 0.2187499999999369671, 0.2343749999999322209, 0.2421874999999301670, 0.2460937499999288625, 0.2480468749999281963, 0.2490234374999281963, 0.2499999999999281686, 0.3749999999999368283, 0.4374999999999406031, 0.4687499999999426570, 0.4843749999999438227, 0.4921874999999450995, 0.4960937499999448219, 0.4980468749999439337, 0.4990234374999442113, 0.4999999999999444888, 0.6249999999999104050, 0.6874999999998931965, 0.7187499999998839817, 0.7343749999998786526, 0.7421874999998765432, 0.7460937499998763212, 0.7480468749998769873, 0.7490234374998779865, 0.7499999999998788747, 0.8749999999999393818, 1.000000000000000000 ),
 .UNSPECIFIED. ) ;
#557 = VECTOR ( 'NONE', #889, 1000.000000000000000 ) ;
#558 = CARTESIAN_POINT ( 'NONE',  ( -7.903569407498310717, 251.7943461297159615, 65.03341760310090081 ) ) ;
#559 = DIRECTION ( 'NONE',  ( 0.000000000000000000, 1.373377302867675975E-16, 1.000000000000000000 ) ) ;
#560 = EDGE_CURVE ( 'NONE', #3133, #1498, #74, .T. ) ;
#561 = CARTESIAN_POINT ( 'NONE',  ( -58.56410346167460546, 202.1434582925494965, 107.5913214635288284 ) ) ;
#562 = CARTESIAN_POINT ( 'NONE',  ( -68.17163498608962868, 219.0990867902310697, -147.9980186193504892 ) ) ;
#563 = ORIENTED_EDGE ( 'NONE', *, *, #819, .F. ) ;
#564 = CARTESIAN_POINT ( 'NONE',  ( 38.35738486199829111, 184.1884989283767879, 115.3348083197602136 ) ) ;
#565 = EDGE_CURVE ( 'NONE', #444, #150, #1037, .T. ) ;
#566 = AXIS2_PLACEMENT_3D ( 'NONE', #4028, #4492, #1265 ) ;
#567 = EDGE_CURVE ( 'NONE', #803, #3206, #2002, .T. ) ;
#568 = DIRECTION ( 'NONE',  ( -0.5037677354594901624, 0.8382577008719512834, 0.2086674283133029550 ) ) ;
#569 = FACE_OUTER_BOUND ( 'NONE', #5019, .T. ) ;
#570 = COORDINATED_UNIVERSAL_TIME_OFFSET ( 7, 0, .AHEAD. ) ;
#571 = ORIENTED_EDGE ( 'NONE', *, *, #1486, .T. ) ;
#572 = CARTESIAN_POINT ( 'NONE',  ( 162.9066980702054934, 260.0000000000000000, -115.9843788128359989 ) ) ;
#573 = LINE ( 'NONE', #645, #1159 ) ;
#574 = DIRECTION ( 'NONE',  ( -6.123031769111888756E-17, 1.000000000000000000, -2.637392720976639626E-32 ) ) ;
#575 = EDGE_CURVE ( 'NONE', #2432, #1781, #1977, .T. ) ;
#576 = DIRECTION ( 'NONE',  ( 0.000000000000000000, 1.000000000000000000, -2.220446049250315053E-16 ) ) ;
#577 = DIRECTION ( 'NONE',  ( 0.8035354771127140028, 0.5857813174921586707, -0.1057874524619709794 ) ) ;
#578 = CARTESIAN_POINT ( 'NONE',  ( 166.5020093058920452, 206.4063092857364552, -163.3494349522122207 ) ) ;
#579 = ORIENTED_EDGE ( 'NONE', *, *, #3353, .F. ) ;
#580 =( BOUNDED_SURFACE ( )  B_SPLINE_SURFACE ( 3, 2, ( 
 ( #3973, #4663, #4261 ),
 ( #2008, #1164, #426 ),
 ( #721, #328, #1910 ),
 ( #5043, #3081, #2696 ),
 ( #4288, #3512, #5066 ),
 ( #3106, #3244, #1319 ) ),
 .UNSPECIFIED., .F., .F., .F. ) 
 B_SPLINE_SURFACE_WITH_KNOTS ( ( 4, 2, 4 ),
 ( 3, 3 ),
 ( 0.4438336076069312464, 0.6243277539823789413, 0.8048219003578266362 ),
 ( 0.000000000000000000, 1.000000000000000000 ),
 .UNSPECIFIED. ) 
 GEOMETRIC_REPRESENTATION_ITEM ( )  RATIONAL_B_SPLINE_SURFACE ( (
 ( 1.000000000000000000, 0.9271838545667869802, 1.000000000000000000),
 ( 1.000000000000000000, 0.9216357700434228972, 1.000000000000000000),
 ( 1.000000000000000000, 0.9149828303905531701, 1.000000000000000000),
 ( 1.000000000000000000, 0.8995447306645396601, 1.000000000000000000),
 ( 1.000000000000000000, 0.8907595448533243143, 1.000000000000000000),
 ( 1.000000000000000000, 0.8809579379801670829, 1.000000000000000000) ) ) 
 REPRESENTATION_ITEM ( '' )  SURFACE ( )  );
#581 = CYLINDRICAL_SURFACE ( 'NONE', #2602, 25.00000000000000000 ) ;
#582 = CARTESIAN_POINT ( 'NONE',  ( -51.60488490868101508, 184.6577384183196955, 112.6192900162266852 ) ) ;
#583 = CIRCLE ( 'NONE', #1327, 24.99999999999984368 ) ;
#584 = CARTESIAN_POINT ( 'NONE',  ( 194.1176633383922479, 251.6914365163153775, -121.8186316387874086 ) ) ;
#585 = VERTEX_POINT ( 'NONE', #2312 ) ;
#586 = LINE ( 'NONE', #1774, #3439 ) ;
#587 = AXIS2_PLACEMENT_3D ( 'NONE', #3178, #3557, #1204 ) ;
#588 = CARTESIAN_POINT ( 'NONE',  ( -13.42751434204002692, 252.8767767299146669, 63.30293364098772457 ) ) ;
#589 = FACE_OUTER_BOUND ( 'NONE', #3575, .T. ) ;
#590 = CARTESIAN_POINT ( 'NONE',  ( -19.51551886362029364, 260.0000000000000000, -122.3320750710344100 ) ) ;
#591 = CARTESIAN_POINT ( 'NONE',  ( -70.33191248023426567, 200.0260063243817967, -159.2129088185829460 ) ) ;
#592 = VERTEX_POINT ( 'NONE', #738 ) ;
#593 = CARTESIAN_POINT ( 'NONE',  ( 49.12585441303085787, 195.8891824236440868, 112.9521293511739088 ) ) ;
#594 = CARTESIAN_POINT ( 'NONE',  ( 177.8000000000000398, 45.19999999999999574, 90.59999999999996589 ) ) ;
#595 = CARTESIAN_POINT ( 'NONE',  ( -41.43330136159435284, 204.5099553249780513, -165.1808332432490545 ) ) ;
#596 = EDGE_LOOP ( 'NONE', ( #2738, #1369, #878, #4163 ) ) ;
#597 = CARTESIAN_POINT ( 'NONE',  ( 195.3612831140387698, 232.2281122588274798, 80.33213908492264466 ) ) ;
#598 = CARTESIAN_POINT ( 'NONE',  ( 199.7126295766773012, 43.00000000000000000, 88.59605481539136917 ) ) ;
#599 = FACE_OUTER_BOUND ( 'NONE', #3236, .T. ) ;
#600 = DIRECTION ( 'NONE',  ( -0.5083297044399434084, 0.5083297044399486264, 0.6951271992721868020 ) ) ;
#601 = CARTESIAN_POINT ( 'NONE',  ( 45.53632964826463336, 203.7432204906523339, 106.2200967222980807 ) ) ;
#602 = CARTESIAN_POINT ( 'NONE',  ( 239.0129861439758372, 203.6281521848596014, 44.40525439356374449 ) ) ;
#603 = CARTESIAN_POINT ( 'NONE',  ( 183.3698209126851282, 211.7672570876507336, -154.8947857890333637 ) ) ;
#604 = EDGE_CURVE ( 'NONE', #5038, #1863, #3989, .T. ) ;
#605 = VERTEX_POINT ( 'NONE', #1611 ) ;
#606 = LINE ( 'NONE', #653, #4585 ) ;
#607 = CARTESIAN_POINT ( 'NONE',  ( 242.9987664756885977, 43.07066856048487580, -41.29002020417646435 ) ) ;
#608 = CARTESIAN_POINT ( 'NONE',  ( 195.9819620350112359, 254.3744596960252409, -111.2567481670398450 ) ) ;
#609 = ORIENTED_EDGE ( 'NONE', *, *, #1726, .T. ) ;
#610 = EDGE_CURVE ( 'NONE', #5038, #4605, #494, .T. ) ;
#611 = DIRECTION ( 'NONE',  ( 1.299306819101096337E-16, -1.000000000000000000, 1.693289613758150777E-16 ) ) ;
#612 = DIRECTION ( 'NONE',  ( -9.381104191581227670E-15, -9.524207825391628122E-17, 1.000000000000000000 ) ) ;
#613 = CARTESIAN_POINT ( 'NONE',  ( -35.76211776221088456, 254.7145461620114588, -115.5789478119431379 ) ) ;
#614 = CARTESIAN_POINT ( 'NONE',  ( -71.91918189350323587, 200.0023849311363620, -157.9461714692577345 ) ) ;
#615 = ORIENTED_EDGE ( 'NONE', *, *, #4722, .T. ) ;
#616 = CARTESIAN_POINT ( 'NONE',  ( 153.2258954685100321, 213.7250203948291585, -165.0199836841369461 ) ) ;
#617 = DIRECTION ( 'NONE',  ( 0.8137334712067391118, 0.000000000000000000, -0.5812381937190906900 ) ) ;
#618 = DIRECTION ( 'NONE',  ( 1.000000000000000000, 0.000000000000000000, -0.000000000000000000 ) ) ;
#619 = VERTEX_POINT ( 'NONE', #4327 ) ;
#620 = DIRECTION ( 'NONE',  ( 0.1305261922200489366, 0.000000000000000000, 0.9914448613738107152 ) ) ;
#621 = DIRECTION ( 'NONE',  ( -0.7933533402912330557, 0.000000000000000000, 0.6087614290087233204 ) ) ;
#622 = CARTESIAN_POINT ( 'NONE',  ( -15.77613104993799986, 260.0000000000000000, 44.47213426962858307 ) ) ;
#623 = CARTESIAN_POINT ( 'NONE',  ( -82.01771276270459055, 213.8551213972804703, 64.63412528774797750 ) ) ;
#624 = CARTESIAN_POINT ( 'NONE',  ( 186.9905189798362528, 213.9787145513435860, 89.84186328958358558 ) ) ;
#625 = CARTESIAN_POINT ( 'NONE',  ( 188.6356957536346215, 214.7211200504551414, -150.2016815343269514 ) ) ;
#626 = ORIENTED_EDGE ( 'NONE', *, *, #2208, .F. ) ;
#627 = CARTESIAN_POINT ( 'NONE',  ( 234.9630998100972192, 205.5139594322820358, -62.82721182215129829 ) ) ;
#628 = VERTEX_POINT ( 'NONE', #4751 ) ;
#629 = DIRECTION ( 'NONE',  ( -6.123031769111888756E-17, -1.000000000000000000, 2.220446049250315053E-16 ) ) ;
#630 = EDGE_CURVE ( 'NONE', #1617, #3306, #3177, .T. ) ;
#631 = EDGE_CURVE ( 'NONE', #4407, #311, #4615, .T. ) ;
#632 = DIRECTION ( 'NONE',  ( 1.000000000000000000, 4.930380657631319405E-32, 2.601434692661720424E-16 ) ) ;
#633 = VERTEX_POINT ( 'NONE', #364 ) ;
#634 = CARTESIAN_POINT ( 'NONE',  ( -70.71789838265000583, 219.7246723077311685, -142.9400571901826140 ) ) ;
#635 = VECTOR ( 'NONE', #1178, 1000.000000000000000 ) ;
#636 = DIRECTION ( 'NONE',  ( 0.000000000000000000, 1.110223024625157329E-15, -1.000000000000000000 ) ) ;
#637 = CARTESIAN_POINT ( 'NONE',  ( -64.71646913623180808, 212.2535876155573078, -162.4738834044552505 ) ) ;
#638 = ORIENTED_EDGE ( 'NONE', *, *, #4226, .F. ) ;
#639 = AXIS2_PLACEMENT_3D ( 'NONE', #354, #777, #3496 ) ;
#640 = VECTOR ( 'NONE', #1770, 1000.000000000000114 ) ;
#641 = DIRECTION ( 'NONE',  ( -0.9238795325112859613, 2.840335426687347031E-17, 0.3826834323650919467 ) ) ;
#642 = DIRECTION ( 'NONE',  ( 0.000000000000000000, 1.000000000000000000, -2.220446049250315053E-16 ) ) ;
#643 = ORIENTED_EDGE ( 'NONE', *, *, #2333, .T. ) ;
#644 = CARTESIAN_POINT ( 'NONE',  ( 185.0001299654585694, 7.700179246586882797, 87.99999999999991473 ) ) ;
#645 = CARTESIAN_POINT ( 'NONE',  ( 222.4764505089894726, 43.00000000000000000, 72.47681969281229897 ) ) ;
#646 = CARTESIAN_POINT ( 'NONE',  ( 211.5299723692771465, 213.8820355217339397, 82.16652886651090171 ) ) ;
#647 = VECTOR ( 'NONE', #2480, 1000.000000000000114 ) ;
#648 = LINE ( 'NONE', #2223, #3864 ) ;
#649 = VECTOR ( 'NONE', #2265, 1000.000000000000000 ) ;
#650 = CARTESIAN_POINT ( 'NONE',  ( -93.99999999999997158, 30.20000000000000284, -110.3999999999999915 ) ) ;
#651 = CARTESIAN_POINT ( 'NONE',  ( 179.3786271232553986, 210.0179341563243440, -157.6665600061178907 ) ) ;
#652 = EDGE_LOOP ( 'NONE', ( #1957, #4283, #3402, #579 ) ) ;
#653 = CARTESIAN_POINT ( 'NONE',  ( 61.99999999999998579, 45.19999999999999574, 242.0604443032840152 ) ) ;
#654 = EDGE_LOOP ( 'NONE', ( #3796, #3692, #3567, #83 ) ) ;
#655 = CARTESIAN_POINT ( 'NONE',  ( 232.9620650853324264, 40.99999999999998579, 63.08277971542282359 ) ) ;
#656 = AXIS2_PLACEMENT_3D ( 'NONE', #1981, #1590, #4257 ) ;
#657 = CARTESIAN_POINT ( 'NONE',  ( 173.6212847810690789, 252.8406023430331402, -132.2274592277277065 ) ) ;
#658 = ORIENTED_EDGE ( 'NONE', *, *, #2085, .F. ) ;
#659 = CARTESIAN_POINT ( 'NONE',  ( -63.05291532066046045, 219.3145371924689186, -152.5182994573902420 ) ) ;
#660 = EDGE_CURVE ( 'NONE', #4433, #114, #3239, .T. ) ;
#661 = CARTESIAN_POINT ( 'NONE',  ( 211.4989913710394944, 26.70029929310574701, 80.89759940396960758 ) ) ;
#662 = CARTESIAN_POINT ( 'NONE',  ( 199.0565164378242855, 43.00000000000000000, 88.77185980109058505 ) ) ;
#663 = AXIS2_PLACEMENT_3D ( 'NONE', #3663, #1675, #4074 ) ;
#665 = EDGE_CURVE ( 'NONE', #1205, #876, #3154, .T. ) ;
#664 = ORIENTED_EDGE ( 'NONE', *, *, #530, .T. ) ;
#666 = PLANE ( 'NONE',  #238 ) ;
#667 = CARTESIAN_POINT ( 'NONE',  ( 86.19182354016109571, 45.19999999999999574, 64.28811542917340205 ) ) ;
#668 = ORIENTED_EDGE ( 'NONE', *, *, #368, .F. ) ;
#669 = VERTEX_POINT ( 'NONE', #763 ) ;
#670 = CARTESIAN_POINT ( 'NONE',  ( 204.3126228463854375, 233.1724339614951873, 75.34715780698705601 ) ) ;
#671 = CARTESIAN_POINT ( 'NONE',  ( -40.26812777570821567, 253.8447652460140773, -105.9868283507360331 ) ) ;
#672 = CARTESIAN_POINT ( 'NONE',  ( 202.0817931839133905, 214.3756949714572499, 86.58077946963722127 ) ) ;
#673 = ADVANCED_FACE ( 'NONE', ( #3528 ), #2790, .T. ) ;
#674 = LINE ( 'NONE', #4568, #4352 ) ;
#675 = CARTESIAN_POINT ( 'NONE',  ( 234.1174089709800228, 206.4845529330322904, 58.28704558180445616 ) ) ;
#676 = CARTESIAN_POINT ( 'NONE',  ( 161.1008817592837943, 205.6297708482638598, -164.5494546193247629 ) ) ;
#677 = ORIENTED_EDGE ( 'NONE', *, *, #421, .T. ) ;
#678 = CARTESIAN_POINT ( 'NONE',  ( 229.4983957784032498, 209.1382683165009553, 65.87688878627409395 ) ) ;
#679 = ORIENTED_EDGE ( 'NONE', *, *, #1805, .F. ) ;
#680 = CARTESIAN_POINT ( 'NONE',  ( -65.36832680139777096, 215.5478965663655231, 89.53508344631589466 ) ) ;
#681 = CARTESIAN_POINT ( 'NONE',  ( 189.3892519369858007, 254.6995875048649225, -120.9769737349792535 ) ) ;
#682 = ORIENTED_EDGE ( 'NONE', *, *, #3071, .T. ) ;
#683 = CARTESIAN_POINT ( 'NONE',  ( -65.66910495374195023, 219.0717589482442804, -150.6935937478639573 ) ) ;
#684 = EDGE_CURVE ( 'NONE', #60, #809, #4728, .T. ) ;
#685 = ADVANCED_FACE ( 'NONE', ( #838 ), #2024, .T. ) ;
#686 = CARTESIAN_POINT ( 'NONE',  ( 205.0437248047874732, 232.3700212098832196, -122.1352896675376627 ) ) ;
#687 = CARTESIAN_POINT ( 'NONE',  ( -61.62667301769111816, 219.5815458327653857, -153.1565818065027713 ) ) ;
#688 = ORIENTED_EDGE ( 'NONE', *, *, #2764, .F. ) ;
#689 = EDGE_CURVE ( 'NONE', #3985, #1121, #3966, .T. ) ;
#690 = EDGE_CURVE ( 'NONE', #2371, #3313, #1124, .T. ) ;
#691 = CARTESIAN_POINT ( 'NONE',  ( 150.0001310869255065, 45.19999999999999574, 87.99800000000000466 ) ) ;
#692 = APPLICATION_CONTEXT ( 'configuration controlled 3d designs of mechanical parts and assemblies' ) ;
#693 = CARTESIAN_POINT ( 'NONE',  ( 126.2287038447432224, 0.2000000000000128897, 87.40345873551227385 ) ) ;
#694 = ORIENTED_EDGE ( 'NONE', *, *, #3685, .T. ) ;
#695 = DIRECTION ( 'NONE',  ( 1.000000000000000000, 1.047036085699110095E-15, 8.376288685592880165E-16 ) ) ;
#696 = CARTESIAN_POINT ( 'NONE',  ( 207.5158511402663919, 214.2005278248759907, 84.33812868252792327 ) ) ;
#697 = DIRECTION ( 'NONE',  ( -0.006121858900264386463, -0.9998289592566264039, 0.01745207940093662299 ) ) ;
#698 = FACE_OUTER_BOUND ( 'NONE', #3164, .T. ) ;
#699 = CARTESIAN_POINT ( 'NONE',  ( -93.99999999999997158, 40.20000000000000995, -78.00000000000000000 ) ) ;
#700 = EDGE_LOOP ( 'NONE', ( #3680, #3016, #106, #1964 ) ) ;
#701 = CARTESIAN_POINT ( 'NONE',  ( -94.00000000000000000, -14.80000000000000071, -130.3999999999999773 ) ) ;
#702 = ORIENTED_EDGE ( 'NONE', *, *, #2611, .F. ) ;
#703 = CARTESIAN_POINT ( 'NONE',  ( 200.3223304703364533, 252.6776695296636319, 28.72697061619089354 ) ) ;
#704 = DIRECTION ( 'NONE',  ( 6.123031769111862872E-17, -1.000000000000000000, 2.220446049250309876E-16 ) ) ;
#705 = ORIENTED_EDGE ( 'NONE', *, *, #3942, .F. ) ;
#706 = CARTESIAN_POINT ( 'NONE',  ( 62.00200000000000244, 33.20000000000000284, -80.66666666666662877 ) ) ;
#707 = CARTESIAN_POINT ( 'NONE',  ( 53.29287744735319876, 186.5493043598164320, 111.3412015865836935 ) ) ;
#708 = B_SPLINE_CURVE_WITH_KNOTS ( 'NONE', 3,
 ( #3559, #299, #5015, #2362 ),
 .UNSPECIFIED., .F., .F.,
 ( 4, 4 ),
 ( 0.000000000000000000, 1.000000000000000000 ),
 .UNSPECIFIED. ) ;
#709 = EDGE_CURVE ( 'NONE', #289, #1214, #3205, .T. ) ;
#710 = CARTESIAN_POINT ( 'NONE',  ( 49.04969263590116668, 185.6173248666014217, 112.9256503370777693 ) ) ;
#711 = ORIENTED_EDGE ( 'NONE', *, *, #5063, .T. ) ;
#712 = CIRCLE ( 'NONE', #224, 2.602000000000000313 ) ;
#713 = ADVANCED_FACE ( 'NONE', ( #1252 ), #2320, .T. ) ;
#714 = DIRECTION ( 'NONE',  ( 0.7933533402912350541, 0.000000000000000000, 0.6087614290087207669 ) ) ;
#715 = CARTESIAN_POINT ( 'NONE',  ( 62.59654126449201783, 0.2000000000000196620, 23.77129615526721196 ) ) ;
#716 = CIRCLE ( 'NONE', #1956, 24.99999999999997868 ) ;
#717 = ORIENTED_EDGE ( 'NONE', *, *, #368, .T. ) ;
#718 = DIRECTION ( 'NONE',  ( 0.000000000000000000, -0.8690504738590458800, -0.4947234317124747927 ) ) ;
#719 = EDGE_CURVE ( 'NONE', #1817, #2239, #824, .T. ) ;
#720 = EDGE_CURVE ( 'NONE', #3290, #3518, #499, .T. ) ;
#721 = CARTESIAN_POINT ( 'NONE',  ( -73.75082827033673993, 220.8641957674862226, -130.3200203744638941 ) ) ;
#722 = AXIS2_PLACEMENT_3D ( 'NONE', #1510, #3475, #2589 ) ;
#723 = DIRECTION ( 'NONE',  ( 6.123031769111878895E-17, -1.000000000000000000, 2.220446049250309876E-16 ) ) ;
#724 =( NAMED_UNIT ( * ) PLANE_ANGLE_UNIT ( ) SI_UNIT ( $, .RADIAN. ) );
#725 = CARTESIAN_POINT ( 'NONE',  ( 194.4570984691607975, 219.2551606602390848, -142.9784699863658943 ) ) ;
#726 = VERTEX_POINT ( 'NONE', #4069 ) ;
#727 = DIRECTION ( 'NONE',  ( -0.01745240643728350124, -0.9998476951563911586, 0.000000000000000000 ) ) ;
#728 = ORIENTED_EDGE ( 'NONE', *, *, #3108, .F. ) ;
#729 = EDGE_CURVE ( 'NONE', #1047, #444, #135, .T. ) ;
#730 = DIRECTION ( 'NONE',  ( 1.000000000000000000, -1.429749992138239913E-17, 8.191032219117840412E-16 ) ) ;
#731 = VECTOR ( 'NONE', #697, 1000.000000000000000 ) ;
#732 = CARTESIAN_POINT ( 'NONE',  ( 200.3223304703362828, 252.6776695296636888, -98.11089324940238043 ) ) ;
#733 = FACE_OUTER_BOUND ( 'NONE', #4473, .T. ) ;
#734 = ORIENTED_EDGE ( 'NONE', *, *, #4575, .T. ) ;
#735 = DIRECTION ( 'NONE',  ( -0.9998476951563912696, -0.01745240643728357757, 0.000000000000000000 ) ) ;
#736 = CIRCLE ( 'NONE', #1152, 24.99999999999977263 ) ;
#737 = FACE_OUTER_BOUND ( 'NONE', #3590, .T. ) ;
#738 = CARTESIAN_POINT ( 'NONE',  ( -84.96159885715790949, 45.19999999999998863, -72.56562381070320100 ) ) ;
#739 = LINE ( 'NONE', #1852, #3724 ) ;
#740 = VERTEX_POINT ( 'NONE', #1671 ) ;
#741 = EDGE_CURVE ( 'NONE', #1498, #1697, #553, .T. ) ;
#742 = FACE_OUTER_BOUND ( 'NONE', #3222, .T. ) ;
#743 = VECTOR ( 'NONE', #952, 1000.000000000000114 ) ;
#744 = ORIENTED_EDGE ( 'NONE', *, *, #4697, .T. ) ;
#745 = CARTESIAN_POINT ( 'NONE',  ( 153.2258954685100321, 205.2010617305294886, -165.1687699360677186 ) ) ;
#746 = DIRECTION ( 'NONE',  ( 0.7071067811865476838, 0.7071067811865473507, 0.000000000000000000 ) ) ;
#747 = VECTOR ( 'NONE', #80, 1000.000000000000000 ) ;
#748 = PLANE ( 'NONE',  #2793 ) ;
#749 = DIRECTION ( 'NONE',  ( -1.000000000000000000, -1.166894878160829051E-16, -1.875366768472760438E-16 ) ) ;
#750 = EDGE_CURVE ( 'NONE', #3004, #4878, #1307, .T. ) ;
#751 = PERSON_AND_ORGANIZATION_ROLE ( 'design_owner' ) ;
#752 = CARTESIAN_POINT ( 'NONE',  ( -82.20950095971990379, 202.8675829483173345, -125.8988506267335055 ) ) ;
#753 = ORIENTED_EDGE ( 'NONE', *, *, #4706, .T. ) ;
#754 = LINE ( 'NONE', #5100, #798 ) ;
#755 = VERTEX_POINT ( 'NONE', #891 ) ;
#756 = DIRECTION ( 'NONE',  ( 0.000000000000000000, 0.000000000000000000, -1.000000000000000000 ) ) ;
#757 = FACE_OUTER_BOUND ( 'NONE', #2853, .T. ) ;
#758 = ADVANCED_FACE ( 'NONE', ( #4044 ), #1104, .T. ) ;
#759 = CARTESIAN_POINT ( 'NONE',  ( 104.4170113906899502, 45.19999999999999574, 78.27279392787045253 ) ) ;
#760 = ORIENTED_EDGE ( 'NONE', *, *, #3383, .T. ) ;
#761 = LINE ( 'NONE', #3173, #1127 ) ;
#762 = DIRECTION ( 'NONE',  ( -6.123031769111878895E-17, 1.000000000000000000, -2.220446049250309876E-16 ) ) ;
#763 = CARTESIAN_POINT ( 'NONE',  ( -82.24998126946466925, 200.5484675562402686, -135.2545504147728650 ) ) ;
#764 = CARTESIAN_POINT ( 'NONE',  ( -82.02821964202762217, 197.1306417415516705, 78.99267891018118348 ) ) ;
#765 = ORIENTED_EDGE ( 'NONE', *, *, #2333, .F. ) ;
#766 = DIRECTION ( 'NONE',  ( -3.145244514199646236E-17, 1.000000000000000000, 4.140792958174324308E-18 ) ) ;
#767 = ORIENTED_EDGE ( 'NONE', *, *, #1078, .T. ) ;
#768 = CARTESIAN_POINT ( 'NONE',  ( 62.42077064699000033, 45.19999999999999574, 23.11544406879394842 ) ) ;
#769 = CARTESIAN_POINT ( 'NONE',  ( -33.14778658802631384, 260.0000000000000000, 36.06142508887079146 ) ) ;
#770 = CARTESIAN_POINT ( 'NONE',  ( 150.0000000000000284, 45.19999999999999574, 242.0604443032840152 ) ) ;
#771 = DIRECTION ( 'NONE',  ( -1.110223024625156935E-15, -1.000000000000000000, 0.000000000000000000 ) ) ;
#772 = EDGE_CURVE ( 'NONE', #1658, #793, #1004, .T. ) ;
#773 = EDGE_CURVE ( 'NONE', #2181, #4336, #3860, .T. ) ;
#774 = DIRECTION ( 'NONE',  ( -2.335930322679035746E-16, -1.000000000000000000, 2.220446049250309630E-16 ) ) ;
#775 = EDGE_CURVE ( 'NONE', #619, #2013, #2989, .T. ) ;
#776 = ORIENTED_EDGE ( 'NONE', *, *, #405, .T. ) ;
#777 = DIRECTION ( 'NONE',  ( -0.9238795325112859613, 2.840335426687347031E-17, 0.3826834323650919467 ) ) ;
#778 = VERTEX_POINT ( 'NONE', #3574 ) ;
#779 = DIRECTION ( 'NONE',  ( -8.747159535294985672E-17, 1.000000000000000000, -2.111751118235025975E-16 ) ) ;
#780 = FACE_OUTER_BOUND ( 'NONE', #1484, .T. ) ;
#781 = CARTESIAN_POINT ( 'NONE',  ( 198.9611052241959896, 225.6364258445156281, -134.6719044090780528 ) ) ;
#782 = CARTESIAN_POINT ( 'NONE',  ( 239.7630490050305809, 213.2369509949699591, -46.71015679675251420 ) ) ;
#783 = ORIENTED_EDGE ( 'NONE', *, *, #20, .F. ) ;
#784 = LINE ( 'NONE', #2309, #2114 ) ;
#785 = DIRECTION ( 'NONE',  ( -7.025657799246962906E-16, 0.01745240643728350471, 0.9998476951563912696 ) ) ;
#786 = ADVANCED_FACE ( 'NONE', ( #4343 ), #542, .T. ) ;
#787 = B_SPLINE_CURVE_WITH_KNOTS ( 'NONE', 3,
 ( #4137, #2930, #4794, #4057, #595, #2443, #3310, #1707, #483, #2065, #4870, #95 ),
 .UNSPECIFIED., .F., .F.,
 ( 4, 2, 1, 1, 2, 2, 4 ),
 ( 0.000000000000000000, 0.4999999999999995559, 0.6250000000000000000, 0.6875000000000002220, 0.7187500000000003331, 0.7500000000000004441, 1.000000000000000000 ),
 .UNSPECIFIED. ) ;
#788 = CARTESIAN_POINT ( 'NONE',  ( -114.5524090462144073, 45.19999999999999574, 117.9615988571579948 ) ) ;
#789 = CARTESIAN_POINT ( 'NONE',  ( 219.1884717467066253, 43.00000000000000000, 92.99999999999997158 ) ) ;
#790 = ORIENTED_EDGE ( 'NONE', *, *, #3605, .F. ) ;
#791 = CARTESIAN_POINT ( 'NONE',  ( 44.47206425749516256, 45.20000000000000284, 117.9615988571578384 ) ) ;
#792 = CARTESIAN_POINT ( 'NONE',  ( 186.9905189798363665, 213.9787145513435291, 89.84186328958354295 ) ) ;
#793 = VERTEX_POINT ( 'NONE', #3500 ) ;
#794 = AXIS2_PLACEMENT_3D ( 'NONE', #1696, #3329, #198 ) ;
#795 = CARTESIAN_POINT ( 'NONE',  ( 204.3126228463854943, 233.1724339614951873, 75.34715780698707022 ) ) ;
#796 = LINE ( 'NONE', #2748, #5002 ) ;
#797 = CARTESIAN_POINT ( 'NONE',  ( 173.1265812078250406, 233.0009164779052639, -149.5992668176759821 ) ) ;
#798 = VECTOR ( 'NONE', #1116, 1000.000000000000000 ) ;
#799 = DIRECTION ( 'NONE',  ( -0.4282301475035871219, 0.3007594585388334019, -0.8521517991933619252 ) ) ;
#800 = DATE_AND_TIME ( #4335, #471 ) ;
#801 = ORIENTED_EDGE ( 'NONE', *, *, #1331, .F. ) ;
#802 = CARTESIAN_POINT ( 'NONE',  ( 92.31529111243081331, 229.3041222631348433, 84.31075234588426781 ) ) ;
#803 = VERTEX_POINT ( 'NONE', #2351 ) ;
#804 = CARTESIAN_POINT ( 'NONE',  ( 212.4947336620535054, 45.19999999999999574, 83.30153394756395357 ) ) ;
#805 = VECTOR ( 'NONE', #3956, 1000.000000000000000 ) ;
#806 = CARTESIAN_POINT ( 'NONE',  ( 180.5573872663521797, 260.0000000000000000, -120.1554133366728365 ) ) ;
#807 = PLANE ( 'NONE',  #1320 ) ;
#808 = DIRECTION ( 'NONE',  ( 0.4112257348407318824, -0.4112257348407318824, 0.8135027904127928311 ) ) ;
#809 = VERTEX_POINT ( 'NONE', #3478 ) ;
#810 = CARTESIAN_POINT ( 'NONE',  ( 173.7641737865409937, 5.200000000000089884, 360.4182679094835180 ) ) ;
#811 = CARTESIAN_POINT ( 'NONE',  ( 211.4999930120366969, 26.70013211764060657, 80.89933081812432647 ) ) ;
#812 = AXIS2_PLACEMENT_3D ( 'NONE', #4415, #4470, #4843 ) ;
#813 = DIRECTION ( 'NONE',  ( 6.123031769111878895E-17, -1.000000000000000000, 2.220446049250309876E-16 ) ) ;
#814 = VECTOR ( 'NONE', #1800, 1000.000000000000000 ) ;
#815 = CARTESIAN_POINT ( 'NONE',  ( -42.32233046938711851, 252.6776695306130591, 28.72697061619082248 ) ) ;
#816 = ADVANCED_FACE ( 'NONE', ( #1120 ), #1222, .T. ) ;
#817 = EDGE_LOOP ( 'NONE', ( #3607, #3919, #4957, #4138 ) ) ;
#818 = DIRECTION ( 'NONE',  ( 0.000000000000000000, 0.000000000000000000, -1.000000000000000000 ) ) ;
#819 = EDGE_CURVE ( 'NONE', #3014, #853, #1607, .T. ) ;
#820 = EDGE_CURVE ( 'NONE', #3715, #3446, #4620, .T. ) ;
#821 = ORIENTED_EDGE ( 'NONE', *, *, #4231, .T. ) ;
#822 = FACE_OUTER_BOUND ( 'NONE', #4009, .T. ) ;
#823 = CARTESIAN_POINT ( 'NONE',  ( 224.5395383775688458, 43.00000000000000000, 74.05923022441271542 ) ) ;
#824 = CIRCLE ( 'NONE', #1982, 24.99999999999986855 ) ;
#825 = CARTESIAN_POINT ( 'NONE',  ( -57.99879619955939347, 213.3204226380971136, 96.12301649085542010 ) ) ;
#826 = FACE_OUTER_BOUND ( 'NONE', #1285, .T. ) ;
#827 = ORIENTED_EDGE ( 'NONE', *, *, #989, .T. ) ;
#828 = CARTESIAN_POINT ( 'NONE',  ( 69.93173811472517798, 222.2436431941338242, 90.36259154788520220 ) ) ;
#829 = ORIENTED_EDGE ( 'NONE', *, *, #3790, .F. ) ;
#830 = CIRCLE ( 'NONE', #3640, 5.000000000000004441 ) ;
#831 = CARTESIAN_POINT ( 'NONE',  ( 62.42073627879142350, 0.2000000000000160816, 23.11518301640822060 ) ) ;
#832 = DIRECTION ( 'NONE',  ( 0.9238795325112870716, 0.000000000000000000, -0.3826834323650888936 ) ) ;
#833 = CARTESIAN_POINT ( 'NONE',  ( 199.0279730347695022, 225.7755211719737645, -134.5315285474587768 ) ) ;
#834 = CARTESIAN_POINT ( 'NONE',  ( 231.7756086836955944, 221.2243913163048035, -48.19922062031496779 ) ) ;
#835 = ORIENTED_EDGE ( 'NONE', *, *, #5000, .T. ) ;
#836 = CARTESIAN_POINT ( 'NONE',  ( 73.37500000000000000, 43.00000000000000000, 15.37500000000000000 ) ) ;
#837 = DIRECTION ( 'NONE',  ( 0.9914448613738103822, 0.000000000000000000, 0.1305261922200522950 ) ) ;
#838 = FACE_OUTER_BOUND ( 'NONE', #4324, .T. ) ;
#839 = EDGE_CURVE ( 'NONE', #114, #3133, #1972, .T. ) ;
#840 = CARTESIAN_POINT ( 'NONE',  ( 45.96129475544891108, 185.0249528417035947, 113.9308541650326418 ) ) ;
#841 = ORIENTED_EDGE ( 'NONE', *, *, #341, .T. ) ;
#842 = CYLINDRICAL_SURFACE ( 'NONE', #151, 29.99999999999998579 ) ;
#843 = CARTESIAN_POINT ( 'NONE',  ( -57.99879619955939347, 213.3204226380971136, 96.12301649085542010 ) ) ;
#844 = CARTESIAN_POINT ( 'NONE',  ( 196.7839230185509791, 221.6127261399857673, -139.2166452284240847 ) ) ;
#845 = ORIENTED_EDGE ( 'NONE', *, *, #1173, .T. ) ;
#846 = CARTESIAN_POINT ( 'NONE',  ( 87.28521274534047336, 210.9995393743738532, 91.66383208593276777 ) ) ;
#847 = DIRECTION ( 'NONE',  ( 0.000000000000000000, 0.000000000000000000, -1.000000000000000000 ) ) ;
#848 = EDGE_CURVE ( 'NONE', #3471, #4350, #5022, .T. ) ;
#849 = CARTESIAN_POINT ( 'NONE',  ( 199.3297887748675805, 253.4515236380155443, 33.25475716213157540 ) ) ;
#850 = DATE_AND_TIME ( #149, #3034 ) ;
#851 = ORIENTED_EDGE ( 'NONE', *, *, #2956, .T. ) ;
#852 = CARTESIAN_POINT ( 'NONE',  ( 215.1322467501421727, 232.2985419660668356, 66.59181661994486490 ) ) ;
#853 = VERTEX_POINT ( 'NONE', #1898 ) ;
#854 = CARTESIAN_POINT ( 'NONE',  ( -114.5524090462144073, 45.19999999999999574, 90.59999999999998010 ) ) ;
#855 = DIRECTION ( 'NONE',  ( -0.6497304921035765846, 0.7601646450808168254, 0.000000000000000000 ) ) ;
#856 = CARTESIAN_POINT ( 'NONE',  ( 197.8257675369434025, 222.9578580644262331, -137.0677786935690676 ) ) ;
#857 = CARTESIAN_POINT ( 'NONE',  ( -80.42582024354277337, 196.6787377751367956, 84.83577166251345147 ) ) ;
#858 = ORIENTED_EDGE ( 'NONE', *, *, #2358, .F. ) ;
#859 = CARTESIAN_POINT ( 'NONE',  ( 33.19015588595630817, 199.8897442852552047, 109.5230763269241265 ) ) ;
#860 = DIRECTION ( 'NONE',  ( 0.6087614290087186575, 0.000000000000000000, 0.7933533402912366084 ) ) ;
#861 = EDGE_CURVE ( 'NONE', #3281, #4411, #1582, .T. ) ;
#862 = CARTESIAN_POINT ( 'NONE',  ( 207.6760619529839857, 232.3427942769307890, -116.8255041681843522 ) ) ;
#863 = ORIENTED_EDGE ( 'NONE', *, *, #2896, .T. ) ;
#864 = CARTESIAN_POINT ( 'NONE',  ( -24.64466094067261892, 260.0000000000000000, -98.11089324940257939 ) ) ;
#865 = ORIENTED_EDGE ( 'NONE', *, *, #567, .T. ) ;
#866 = CARTESIAN_POINT ( 'NONE',  ( -94.00000000000000000, 45.19800000000000040, -73.00000000000000000 ) ) ;
#867 = DIRECTION ( 'NONE',  ( 0.006121858900264191307, 0.9998289592566264039, -0.01745207940093665769 ) ) ;
#868 = CARTESIAN_POINT ( 'NONE',  ( 100.0652381821159622, 213.8292407683985346, 90.01816451074947167 ) ) ;
#869 = DIRECTION ( 'NONE',  ( 0.000000000000000000, 0.000000000000000000, -1.000000000000000000 ) ) ;
#870 = ORIENTED_EDGE ( 'NONE', *, *, #2585, .F. ) ;
#871 = PLANE ( 'NONE',  #1385 ) ;
#872 = CARTESIAN_POINT ( 'NONE',  ( -73.70416510665330634, 45.19999999999999574, 98.98749045698171756 ) ) ;
#873 = CYLINDRICAL_SURFACE ( 'NONE', #55, 0.002000000000002000178 ) ;
#874 = CARTESIAN_POINT ( 'NONE',  ( 213.0829886093198979, 26.70029929310573991, 82.96190479540740625 ) ) ;
#875 = CALENDAR_DATE ( 2025, 12, 11 ) ;
#876 = VERTEX_POINT ( 'NONE', #4274 ) ;
#877 = CARTESIAN_POINT ( 'NONE',  ( 219.9869305445114094, 225.2860288125077659, 75.89970561667159643 ) ) ;
#878 = ORIENTED_EDGE ( 'NONE', *, *, #1256, .T. ) ;
#879 = ADVANCED_FACE ( 'NONE', ( #733 ), #2673, .T. ) ;
#880 = CARTESIAN_POINT ( 'NONE',  ( -84.93130925383087515, 46.93529021241715782, -72.55200991848187186 ) ) ;
#881 = LINE ( 'NONE', #3706, #3534 ) ;
#882 = CARTESIAN_POINT ( 'NONE',  ( 239.7365927757833788, 203.1885175302199684, 40.03817410526265519 ) ) ;
#883 = CARTESIAN_POINT ( 'NONE',  ( 56.57206259976711493, 213.0281251690580575, 98.26160699795009634 ) ) ;
#884 = EDGE_CURVE ( 'NONE', #964, #3004, #2097, .T. ) ;
#885 = ORIENTED_EDGE ( 'NONE', *, *, #4787, .F. ) ;
#886 = AXIS2_PLACEMENT_3D ( 'NONE', #701, #2277, #3854 ) ;
#887 = FACE_OUTER_BOUND ( 'NONE', #4058, .T. ) ;
#888 = ADVANCED_FACE ( 'NONE', ( #519 ), #1626, .T. ) ;
#889 = DIRECTION ( 'NONE',  ( 0.01745226061843369730, -0.9998393412000797786, -0.004087834132748638730 ) ) ;
#890 = VECTOR ( 'NONE', #441, 1000.000000000000000 ) ;
#891 = CARTESIAN_POINT ( 'NONE',  ( -91.39799999999998192, 47.79999999999999716, -72.99999999999998579 ) ) ;
#892 = ORIENTED_EDGE ( 'NONE', *, *, #2048, .T. ) ;
#893 = CARTESIAN_POINT ( 'NONE',  ( 62.00200000000000244, 0.1999999999999876044, -80.66666666666662877 ) ) ;
#894 = EDGE_LOOP ( 'NONE', ( #4501, #835, #3265, #2347 ) ) ;
#895 = CIRCLE ( 'NONE', #4278, 24.99999999999999289 ) ;
#896 = CIRCLE ( 'NONE', #5085, 2.602000000000006974 ) ;
#897 = CARTESIAN_POINT ( 'NONE',  ( -30.13298928659339637, 254.6292859394099821, -122.2273702831031557 ) ) ;
#898 = CARTESIAN_POINT ( 'NONE',  ( 180.4654911899526155, 260.0000000000000000, 38.24223531042436264 ) ) ;
#899 = CARTESIAN_POINT ( 'NONE',  ( 64.99856048369234429, 0.2000000000000091982, 22.77606707387760920 ) ) ;
#900 = CARTESIAN_POINT ( 'NONE',  ( -79.10564571135728329, 212.1096669065553897, -148.2565453461724019 ) ) ;
#901 = EDGE_LOOP ( 'NONE', ( #1943, #2444, #2636, #3751 ) ) ;
#902 = CARTESIAN_POINT ( 'NONE',  ( 173.1265812078250406, 233.0009164779052639, -149.5992668176759821 ) ) ;
#903 = CARTESIAN_POINT ( 'NONE',  ( 150.0000000000000000, 43.00000000000000000, 90.59999999999999432 ) ) ;
#904 = CIRCLE ( 'NONE', #5088, 2.602000000000006974 ) ;
#905 = CARTESIAN_POINT ( 'NONE',  ( 197.1928763207193640, 254.2156320615180505, 39.07827584717053782 ) ) ;
#906 = DIRECTION ( 'NONE',  ( 0.6868143107999805652, 0.5005450464273040190, -0.5270111564069929200 ) ) ;
#907 = ORIENTED_EDGE ( 'NONE', *, *, #709, .T. ) ;
#908 = CARTESIAN_POINT ( 'NONE',  ( 71.95102261079723860, 45.19999999999999574, 102.2735068320941565 ) ) ;
#909 = CARTESIAN_POINT ( 'NONE',  ( 185.7792670754038511, 260.0000000000000000, 45.40055344259863546 ) ) ;
#910 =( BOUNDED_SURFACE ( )  B_SPLINE_SURFACE ( 3, 2, ( 
 ( #1378, #4951, #4521 ),
 ( #1478, #2582, #2631 ),
 ( #4548, #4168, #3368 ),
 ( #3398, #623, #2248 ),
 ( #1038, #3420, #1405 ),
 ( #4594, #4925, #3010 ) ),
 .UNSPECIFIED., .F., .F., .F. ) 
 B_SPLINE_SURFACE_WITH_KNOTS ( ( 4, 2, 4 ),
 ( 3, 3 ),
 ( 2.126001293905715794, 2.401758485400998566, 2.677515676896280894 ),
 ( 0.000000000000000000, 1.000000000000000000 ),
 .UNSPECIFIED. ) 
 GEOMETRIC_REPRESENTATION_ITEM ( )  RATIONAL_B_SPLINE_SURFACE ( (
 ( 1.000000000000000000, 0.8438078531412631644, 1.000000000000000000),
 ( 1.000000000000000000, 0.8624268644154138297, 1.000000000000000000),
 ( 1.000000000000000000, 0.8788256625045993697, 1.000000000000000000),
 ( 1.000000000000000000, 0.9067432474027545819, 1.000000000000000000),
 ( 1.000000000000000000, 0.9182623253114260420, 1.000000000000000000),
 ( 1.000000000000000000, 0.9271838545667882014, 1.000000000000000000) ) ) 
 REPRESENTATION_ITEM ( '' )  SURFACE ( )  );
#911 = DIRECTION ( 'NONE',  ( 0.000000000000000000, 0.000000000000000000, -1.000000000000000000 ) ) ;
#912 = VECTOR ( 'NONE', #3365, 1000.000000000000000 ) ;
#913 = CARTESIAN_POINT ( 'NONE',  ( 59.42226047070496264, 45.19999999999999574, 0.3394980652283163813 ) ) ;
#914 = CARTESIAN_POINT ( 'NONE',  ( 175.4174627655928020, 238.1066114934730820, -145.5147108052215970 ) ) ;
#915 = CARTESIAN_POINT ( 'NONE',  ( 75.39437496572222130, 202.2815100768126229, 96.69116475446651293 ) ) ;
#916 = AXIS2_PLACEMENT_3D ( 'NONE', #4818, #4637, #2242 ) ;
#917 = ORIENTED_EDGE ( 'NONE', *, *, #2768, .F. ) ;
#918 = CARTESIAN_POINT ( 'NONE',  ( -39.17652268406598637, 199.9180457558360615, 109.4988179235691206 ) ) ;
#919 = DIRECTION ( 'NONE',  ( 0.7933533402912350541, 0.000000000000000000, 0.6087614290087207669 ) ) ;
#920 = EDGE_CURVE ( 'NONE', #2276, #2911, #2201, .T. ) ;
#921 = ADVANCED_FACE ( 'NONE', ( #5070 ), #5046, .T. ) ;
#922 = EDGE_CURVE ( 'NONE', #3144, #407, #4022, .T. ) ;
#923 = CARTESIAN_POINT ( 'NONE',  ( 201.1156904288604039, 250.9679035462157799, -109.7569629110557514 ) ) ;
#924 = ORIENTED_EDGE ( 'NONE', *, *, #1987, .T. ) ;
#925 = CARTESIAN_POINT ( 'NONE',  ( 180.0000000000000000, 43.00000000000000000, 90.59999999999999432 ) ) ;
#926 = VERTEX_POINT ( 'NONE', #3065 ) ;
#927 = DIRECTION ( 'NONE',  ( 0.000000000000000000, -0.6256244059012689984, 0.7801244149112910309 ) ) ;
#928 = CARTESIAN_POINT ( 'NONE',  ( 176.8624147333009660, 1.275601570199754065, 90.60000000000000853 ) ) ;
#929 = CARTESIAN_POINT ( 'NONE',  ( -70.47863479524477270, 211.8409425310807137, -158.7772981218932102 ) ) ;
#930 = VERTEX_POINT ( 'NONE', #1167 ) ;
#931 = CARTESIAN_POINT ( 'NONE',  ( 73.18854741439163547, 199.8850062631779565, 98.07147554020363600 ) ) ;
#932 = LINE ( 'NONE', #4055, #4842 ) ;
#933 = CARTESIAN_POINT ( 'NONE',  ( 188.0463905991358615, 254.8728074815093123, 52.61342945059393372 ) ) ;
#934 = CARTESIAN_POINT ( 'NONE',  ( -35.03467895681956890, 254.8288730804508191, 46.60033408743353078 ) ) ;
#935 = ORIENTED_EDGE ( 'NONE', *, *, #4351, .T. ) ;
#936 = DIRECTION ( 'NONE',  ( -1.000000000000000000, -0.000000000000000000, 0.000000000000000000 ) ) ;
#937 = CARTESIAN_POINT ( 'NONE',  ( 187.8845947566648533, 260.0000000000000000, 42.49586184931089150 ) ) ;
#938 = CARTESIAN_POINT ( 'NONE',  ( 221.4915493703936420, 212.2320884515172565, 74.85553903662430741 ) ) ;
#939 = EDGE_CURVE ( 'NONE', #3133, #669, #3988, .T. ) ;
#940 = DIRECTION ( 'NONE',  ( 0.6087614290087186575, 0.000000000000000000, 0.7933533402912366084 ) ) ;
#941 = CARTESIAN_POINT ( 'NONE',  ( -61.93488263629773627, 200.2634245808028481, -163.7201408586757339 ) ) ;
#942 = CARTESIAN_POINT ( 'NONE',  ( 73.18854741439167810, 199.8850062631778997, 98.07147554020363600 ) ) ;
#943 = ORIENTED_EDGE ( 'NONE', *, *, #2093, .T. ) ;
#944 =( BOUNDED_CURVE ( )  B_SPLINE_CURVE ( 3, ( #1157, #2385, #789, #1564 ),
 .UNSPECIFIED., .F., .T. ) 
 B_SPLINE_CURVE_WITH_KNOTS ( ( 4, 4 ),
 ( 2.356346783439926540, 3.926838523739660136 ),
 .UNSPECIFIED. ) 
 CURVE ( )  GEOMETRIC_REPRESENTATION_ITEM ( )  RATIONAL_B_SPLINE_CURVE ( ( 1.000000000000000000, 0.8048096403827857959, 0.8048096403827857959, 1.000000000000000000 ) ) 
 REPRESENTATION_ITEM ( '' )  );
#945 = LINE ( 'NONE', #3681, #4907 ) ;
#946 = DIRECTION ( 'NONE',  ( 0.000000000000000000, 0.000000000000000000, -1.000000000000000000 ) ) ;
#947 = CARTESIAN_POINT ( 'NONE',  ( 150.0000000000000000, 0.2000000000000265454, 90.60000000000000853 ) ) ;
#948 = ORIENTED_EDGE ( 'NONE', *, *, #3412, .T. ) ;
#949 = DIRECTION ( 'NONE',  ( 1.000000000000000000, 0.000000000000000000, 2.220446049250315053E-16 ) ) ;
#950 = EDGE_CURVE ( 'NONE', #3033, #216, #4292, .T. ) ;
#951 = EDGE_CURVE ( 'NONE', #930, #1047, #3642, .T. ) ;
#952 = DIRECTION ( 'NONE',  ( 0.7744491328055638224, 0.5452742676203150562, -0.3207873341761474095 ) ) ;
#953 = CARTESIAN_POINT ( 'NONE',  ( 230.1714872680433643, 222.8285127319571188, 45.68384340652178821 ) ) ;
#954 = FACE_OUTER_BOUND ( 'NONE', #3832, .T. ) ;
#955 = CARTESIAN_POINT ( 'NONE',  ( -67.75424002451931926, 219.0740722902747279, -148.5335824153821704 ) ) ;
#957 = ADVANCED_FACE ( 'NONE', ( #2324 ), #4245, .T. ) ;
#956 = EDGE_LOOP ( 'NONE', ( #4038, #3592, #2970, #2116 ) ) ;
#958 = CARTESIAN_POINT ( 'NONE',  ( 45.53632964826463336, 203.7432204906523339, 106.2200967222980807 ) ) ;
#959 = CARTESIAN_POINT ( 'NONE',  ( 197.8009810237623469, 222.9258511615634006, -137.1189726372446955 ) ) ;
#960 = CARTESIAN_POINT ( 'NONE',  ( -18.54448086428963904, 253.7257072016269603, 61.03424497397424631 ) ) ;
#961 = SECURITY_CLASSIFICATION_LEVEL ( 'unclassified' ) ;
#962 = EDGE_LOOP ( 'NONE', ( #3453, #4210, #469, #4646 ) ) ;
#963 = CARTESIAN_POINT ( 'NONE',  ( 209.2530178942344321, 225.9617629324056338, 83.12758490690667657 ) ) ;
#964 = VERTEX_POINT ( 'NONE', #4410 ) ;
#965 = DIRECTION ( 'NONE',  ( 6.123031769111878895E-17, -1.000000000000000000, 2.220446049250309876E-16 ) ) ;
#966 = CARTESIAN_POINT ( 'NONE',  ( -87.00000000000001421, 47.80000000000000426, -73.00000000000001421 ) ) ;
#967 = CARTESIAN_POINT ( 'NONE',  ( 191.9090792551263576, 234.3222499378652515, -148.5362088856488185 ) ) ;
#968 = CARTESIAN_POINT ( 'NONE',  ( 89.80119063807569546, 212.0648761435816709, 91.04784018927792033 ) ) ;
#969 = ORIENTED_EDGE ( 'NONE', *, *, #4722, .F. ) ;
#970 = DIRECTION ( 'NONE',  ( -1.000000000000000000, 0.000000000000000000, 0.000000000000000000 ) ) ;
#971 = LINE ( 'NONE', #607, #557 ) ;
#972 = VECTOR ( 'NONE', #4777, 1000.000000000000114 ) ;
#973 = AXIS2_PLACEMENT_3D ( 'NONE', #2227, #1457, #4600 ) ;
#974 = CARTESIAN_POINT ( 'NONE',  ( 178.0888908789310108, 241.3984945225479066, -142.8728088305884967 ) ) ;
#975 = VERTEX_POINT ( 'NONE', #2058 ) ;
#976 = B_SPLINE_CURVE_WITH_KNOTS ( 'NONE', 3,
 ( #1028, #4209, #2594, #3431, #1101, #4181, #2213, #3795, #2238, #3820, #4986, #3842, #3026, #4612, #1875, #3459, #2665, #4255, #710, #3484, #5037, #840, #3991, #365, #3207, #4752 ),
 .UNSPECIFIED., .F., .F.,
 ( 4, 2, 2, 1, 1, 1, 2, 2, 2, 2, 1, 2, 2, 2, 4 ),
 ( 0.000000000000000000, 0.1249999999999867051, 0.1874999999999800993, 0.2187499999999767408, 0.2343749999999751310, 0.2421874999999746036, 0.2460937499999739930, 0.2499999999999733824, 0.3749999999999760192, 0.4374999999999774070, 0.4687499999999783507, 0.4843749999999786837, 0.4999999999999790168, 0.7499999999999894529, 1.000000000000000000 ),
 .UNSPECIFIED. ) ;
#977 = CARTESIAN_POINT ( 'NONE',  ( -84.96159885715795212, 45.19999999999999574, -155.5381928119615225 ) ) ;
#978 = VECTOR ( 'NONE', #4649, 1000.000000000000114 ) ;
#979 = CARTESIAN_POINT ( 'NONE',  ( -17.69331020097897422, 253.5960645659481258, 61.46226409603065122 ) ) ;
#980 = CARTESIAN_POINT ( 'NONE',  ( 328.8781384749045742, 35.20000000000000284, -73.00000000000000000 ) ) ;
#981 = VECTOR ( 'NONE', #434, 1000.000000000000000 ) ;
#982 = CARTESIAN_POINT ( 'NONE',  ( -74.46960330875837997, 211.7860767216113800, -155.0109609239335668 ) ) ;
#983 = ORIENTED_EDGE ( 'NONE', *, *, #820, .T. ) ;
#984 = CARTESIAN_POINT ( 'NONE',  ( 54.80130980128331686, 198.3922697480855106, 110.8066259303257226 ) ) ;
#985 = AXIS2_PLACEMENT_3D ( 'NONE', #1451, #4193, #2194 ) ;
#986 = EDGE_CURVE ( 'NONE', #3144, #3116, #830, .T. ) ;
#987 = EDGE_CURVE ( 'NONE', #1109, #3224, #3897, .T. ) ;
#988 = CARTESIAN_POINT ( 'NONE',  ( 73.78979423070224186, 45.19999999999999574, 43.99998281590070093 ) ) ;
#989 = EDGE_CURVE ( 'NONE', #2104, #3910, #3113, .T. ) ;
#990 = ORIENTED_EDGE ( 'NONE', *, *, #4206, .F. ) ;
#991 = VECTOR ( 'NONE', #1206, 1000.000000000000114 ) ;
#992 = FACE_OUTER_BOUND ( 'NONE', #2499, .T. ) ;
#993 = CARTESIAN_POINT ( 'NONE',  ( -38.03237411533000767, 254.3664355398323380, -111.1572239552787096 ) ) ;
#994 = CARTESIAN_POINT ( 'NONE',  ( 203.6083412437051834, 214.3474534341356161, 86.01276235634657041 ) ) ;
#995 = CC_DESIGN_APPROVAL ( #4652, ( #3798 ) ) ;
#996 = CARTESIAN_POINT ( 'NONE',  ( 127.2239329261222167, 45.20000000000000284, 85.00143951630755623 ) ) ;
#997 = FACE_OUTER_BOUND ( 'NONE', #2199, .T. ) ;
#998 = CARTESIAN_POINT ( 'NONE',  ( 179.4750951344002772, 210.0561349123509558, -157.6061082934053843 ) ) ;
#999 = ORIENTED_EDGE ( 'NONE', *, *, #987, .F. ) ;
#1000 = DIRECTION ( 'NONE',  ( -6.123031769111878895E-17, 1.000000000000000000, -2.220446049250309876E-16 ) ) ;
#1001 = CARTESIAN_POINT ( 'NONE',  ( -48.49280347395993829, 184.4145866472795774, 113.8576295559481792 ) ) ;
#1002 = ADVANCED_FACE ( 'NONE', ( #3215 ), #1260, .T. ) ;
#1003 = VECTOR ( 'NONE', #1442, 1000.000000000000000 ) ;
#1004 = LINE ( 'NONE', #4202, #2639 ) ;
#1005 = ORIENTED_EDGE ( 'NONE', *, *, #532, .F. ) ;
#1006 = DIRECTION ( 'NONE',  ( 0.7071067811865474617, -0.7071067811865474617, 0.000000000000000000 ) ) ;
#1007 = VECTOR ( 'NONE', #1535, 1000.000000000000114 ) ;
#1008 = CARTESIAN_POINT ( 'NONE',  ( 238.6839135860881811, 203.6488359960980290, -52.83942554795152802 ) ) ;
#1009 = CARTESIAN_POINT ( 'NONE',  ( -79.29164424201908901, 200.0626369744964279, -148.4213460134502043 ) ) ;
#1010 = ORIENTED_EDGE ( 'NONE', *, *, #3848, .F. ) ;
#1011 = CARTESIAN_POINT ( 'NONE',  ( 50.89671624293870167, 185.9677571524476889, 112.3310772752025173 ) ) ;
#1012 = DIRECTION ( 'NONE',  ( 0.6641207079711330952, 0.5676394938893581932, -0.4865481376194490948 ) ) ;
#1013 = LINE ( 'NONE', #2597, #1821 ) ;
#1014 = ORIENTED_EDGE ( 'NONE', *, *, #4910, .F. ) ;
#1015 = CARTESIAN_POINT ( 'NONE',  ( 188.4020267345883326, 223.4558846921952409, 89.57984987897272333 ) ) ;
#1016 = CARTESIAN_POINT ( 'NONE',  ( 163.5591062177444428, 260.0000000000000000, 46.50162693823967430 ) ) ;
#1017 = EDGE_CURVE ( 'NONE', #2104, #4589, #4299, .T. ) ;
#1018 = CARTESIAN_POINT ( 'NONE',  ( 211.3209268688896998, 213.9017671258178552, 82.28727578925632713 ) ) ;
#1019 = CARTESIAN_POINT ( 'NONE',  ( -54.96422233271751878, 45.31146734525000852, -167.9596531874093159 ) ) ;
#1020 = DIRECTION ( 'NONE',  ( 1.000000000000000000, -6.123031769111888756E-17, 2.521200283643639681E-34 ) ) ;
#1021 = CARTESIAN_POINT ( 'NONE',  ( 185.1156925259187460, 212.6586321603361966, -153.4798438397170344 ) ) ;
#1022 = ORIENTED_EDGE ( 'NONE', *, *, #2740, .F. ) ;
#1023 = ORIENTED_EDGE ( 'NONE', *, *, #530, .F. ) ;
#1024 = CARTESIAN_POINT ( 'NONE',  ( -41.72950802060933029, 201.1943828535819705, 108.4048146969297619 ) ) ;
#1025 = VERTEX_POINT ( 'NONE', #1913 ) ;
#1026 = DIRECTION ( 'NONE',  ( 0.7071067811865510144, 0.7071067811865441310, 0.000000000000000000 ) ) ;
#1027 = CARTESIAN_POINT ( 'NONE',  ( 238.8253794349110990, 203.5775158797793836, -52.26499632284815533 ) ) ;
#1028 = CARTESIAN_POINT ( 'NONE',  ( 62.21662278824501158, 189.6011333680571624, 106.1291597235738777 ) ) ;
#1029 = ORIENTED_EDGE ( 'NONE', *, *, #3354, .T. ) ;
#1030 = CYLINDRICAL_SURFACE ( 'NONE', #1806, 29.99999999999998579 ) ;
#1031 = LINE ( 'NONE', #1855, #4535 ) ;
#1032 = ADVANCED_FACE ( 'NONE', ( #3515 ), #2837, .T. ) ;
#1033 = ORIENTED_EDGE ( 'NONE', *, *, #2368, .F. ) ;
#1034 = DIRECTION ( 'NONE',  ( -1.110223024625156935E-15, 1.000000000000000000, 0.000000000000000000 ) ) ;
#1035 = CARTESIAN_POINT ( 'NONE',  ( -39.21418403607261638, 254.1368623090544077, -108.6344889392627806 ) ) ;
#1036 = CARTESIAN_POINT ( 'NONE',  ( 211.1247923856104478, 213.9199117470140266, 82.39966697402692830 ) ) ;
#1037 = LINE ( 'NONE', #3397, #3636 ) ;
#1038 = CARTESIAN_POINT ( 'NONE',  ( -74.04875799079215426, 220.9512420092082152, 61.29520880454884235 ) ) ;
#1039 = DIRECTION ( 'NONE',  ( -0.000000000000000000, -1.000000000000000000, -0.000000000000000000 ) ) ;
#1040 = CARTESIAN_POINT ( 'NONE',  ( 191.7215836578443202, 216.8987131609299865, -146.7351011260923030 ) ) ;
#1041 = ORIENTED_EDGE ( 'NONE', *, *, #193, .F. ) ;
#1042 = CARTESIAN_POINT ( 'NONE',  ( 232.7595534130048804, 220.2404465869955459, 36.05818505871307167 ) ) ;
#1043 = VERTEX_POINT ( 'NONE', #662 ) ;
#1044 = CARTESIAN_POINT ( 'NONE',  ( -65.99917773447320712, 215.8301340704203710, 88.65136281199769996 ) ) ;
#1045 = EDGE_CURVE ( 'NONE', #2386, #4687, #739, .T. ) ;
#1046 = CARTESIAN_POINT ( 'NONE',  ( -42.91292278972427710, 193.3034048364871467, 115.1685101401546945 ) ) ;
#1047 = VERTEX_POINT ( 'NONE', #2261 ) ;
#1048 = CARTESIAN_POINT ( 'NONE',  ( -67.20989381962986897, 219.0544027413346271, -149.1766635977667192 ) ) ;
#1049 = VECTOR ( 'NONE', #620, 1000.000000000000114 ) ;
#1050 = CARTESIAN_POINT ( 'NONE',  ( 238.4757695775872435, 203.7537029767438810, -53.64237242852675536 ) ) ;
#1051 = LINE ( 'NONE', #3075, #4135 ) ;
#1052 = ORIENTED_EDGE ( 'NONE', *, *, #4414, .F. ) ;
#1053 = B_SPLINE_CURVE_WITH_KNOTS ( 'NONE', 3,
 ( #1932, #3136, #4714, #4333, #2776, #1596, #1210, #1135, #2367, #4641 ),
 .UNSPECIFIED., .F., .F.,
 ( 4, 2, 2, 2, 4 ),
 ( 0.000000000000000000, 0.2499999999999998057, 0.5000000000000004441, 0.7500000000000002220, 1.000000000000000000 ),
 .UNSPECIFIED. ) ;
#1054 = CIRCLE ( 'NONE', #3019, 4.999999999999990230 ) ;
#1055 = AXIS2_PLACEMENT_3D ( 'NONE', #2415, #2061, #4760 ) ;
#1056 = DIRECTION ( 'NONE',  ( 0.6154574548966562642, -0.6154574548966685876, -0.4923659639173340596 ) ) ;
#1057 = APPLICATION_CONTEXT ( 'configuration controlled 3d designs of mechanical parts and assemblies' ) ;
#1058 = DIRECTION ( 'NONE',  ( 0.000000000000000000, 0.000000000000000000, -1.000000000000000000 ) ) ;
#1059 = ORIENTED_EDGE ( 'NONE', *, *, #4398, .T. ) ;
#1060 = CARTESIAN_POINT ( 'NONE',  ( 21.99992303977709796, 123.8510621986778091, 141.7721450536585905 ) ) ;
#1061 = CARTESIAN_POINT ( 'NONE',  ( 163.5591062177443860, 260.0000000000000000, 58.00000000000000000 ) ) ;
#1062 = CARTESIAN_POINT ( 'NONE',  ( 197.5936758162376918, 214.3890066924448092, 88.03153540428375834 ) ) ;
#1063 = VECTOR ( 'NONE', #574, 1000.000000000000000 ) ;
#1064 = CARTESIAN_POINT ( 'NONE',  ( 42.03821210538653474, 201.7793818806108561, 107.9033869594764923 ) ) ;
#1065 = CARTESIAN_POINT ( 'NONE',  ( -18.49941540972052678, 253.7189484104162034, 61.05737135171064267 ) ) ;
#1066 = VECTOR ( 'NONE', #3755, 999.9999999999998863 ) ;
#1067 = CARTESIAN_POINT ( 'NONE',  ( 237.5793777679210734, 204.4745097354307291, 49.79269224153386375 ) ) ;
#1068 = CARTESIAN_POINT ( 'NONE',  ( 92.31529111243081331, 229.3041222631348433, 84.31075234588426781 ) ) ;
#1069 = ORIENTED_EDGE ( 'NONE', *, *, #1799, .F. ) ;
#1070 = CARTESIAN_POINT ( 'NONE',  ( 62.00000000000000000, 24.12857142857146542, -107.9999999999999574 ) ) ;
#1071 = ORIENTED_EDGE ( 'NONE', *, *, #3762, .F. ) ;
#1072 = CARTESIAN_POINT ( 'NONE',  ( -64.51741624796952124, 215.2332174399425355, 90.55617494950666924 ) ) ;
#1073 = AXIS2_PLACEMENT_3D ( 'NONE', #2654, #4244, #2274 ) ;
#1074 = CARTESIAN_POINT ( 'NONE',  ( -43.98756340624331074, 193.4472877021972863, 115.0451819695482527 ) ) ;
#1075 = VERTEX_POINT ( 'NONE', #4233 ) ;
#1076 = CARTESIAN_POINT ( 'NONE',  ( -69.02613859613910563, 219.1816561298002171, -146.7683322518110458 ) ) ;
#1077 = EDGE_CURVE ( 'NONE', #3386, #778, #1051, .T. ) ;
#1078 = EDGE_CURVE ( 'NONE', #462, #2239, #976, .T. ) ;
#1079 = VECTOR ( 'NONE', #4834, 1000.000000000000000 ) ;
#1080 = CARTESIAN_POINT ( 'NONE',  ( 199.6140151877066558, 226.9364859562039385, -133.3035312535469359 ) ) ;
#1081 = CARTESIAN_POINT ( 'NONE',  ( -65.23266401712562867, 200.1466714635839423, -162.3798506505969215 ) ) ;
#1082 = VECTOR ( 'NONE', #3155, 1000.000000000000114 ) ;
#1083 = EDGE_LOOP ( 'NONE', ( #4983, #1351, #513, #2683 ) ) ;
#1084 = DIRECTION ( 'NONE',  ( 0.000000000000000000, 0.000000000000000000, -1.000000000000000000 ) ) ;
#1085 = LINE ( 'NONE', #4968, #253 ) ;
#1086 = VERTEX_POINT ( 'NONE', #815 ) ;
#1087 = CARTESIAN_POINT ( 'NONE',  ( 202.0161361401167994, 225.5496925587049475, 86.38999479647365831 ) ) ;
#1088 = CARTESIAN_POINT ( 'NONE',  ( 186.9905189798362528, 213.9787145513435860, 89.84186328958358558 ) ) ;
#1089 = CARTESIAN_POINT ( 'NONE',  ( 39.58276596608894238, 200.8402612325008079, 108.7083475149993887 ) ) ;
#1090 = FACE_OUTER_BOUND ( 'NONE', #4267, .T. ) ;
#1091 = CARTESIAN_POINT ( 'NONE',  ( -82.25169510280062468, 200.4502821101828829, -137.1434602135207967 ) ) ;
#1092 = ORIENTED_EDGE ( 'NONE', *, *, #4530, .T. ) ;
#1093 = FACE_OUTER_BOUND ( 'NONE', #2413, .T. ) ;
#1094 = ORIENTED_EDGE ( 'NONE', *, *, #1168, .F. ) ;
#1095 = CARTESIAN_POINT ( 'NONE',  ( 328.3837297406179232, 124.6162702593821621, 142.4159521419198597 ) ) ;
#1096 = CARTESIAN_POINT ( 'NONE',  ( -40.53179839335462731, 200.3361699106548031, 109.1404257908672548 ) ) ;
#1097 = ORIENTED_EDGE ( 'NONE', *, *, #1128, .F. ) ;
#1098 = CARTESIAN_POINT ( 'NONE',  ( -69.49967781541350575, 219.2665672262909879, -145.9308362637253254 ) ) ;
#1099 = CARTESIAN_POINT ( 'NONE',  ( 39.58276596608894238, 200.8402612325008079, 108.7083475149993887 ) ) ;
#1100 = ADVANCED_FACE ( 'NONE', ( #4328 ), #3098, .T. ) ;
#1101 = CARTESIAN_POINT ( 'NONE',  ( 57.87839252568232240, 187.9562493389052520, 108.9406941442089192 ) ) ;
#1102 = EDGE_CURVE ( 'NONE', #1198, #1142, #2717, .T. ) ;
#1103 = ORIENTED_EDGE ( 'NONE', *, *, #565, .F. ) ;
#1104 =( BOUNDED_SURFACE ( )  B_SPLINE_SURFACE ( 3, 2, ( 
 ( #1694, #3261, #2867 ),
 ( #1723, #4860, #1339 ),
 ( #1361, #3763, #218 ),
 ( #4176, #1046, #270 ),
 ( #2280, #1074, #1437 ),
 ( #1096, #291, #3451 ),
 ( #1386, #1460, #2660 ),
 ( #3837, #2613, #4578 ),
 ( #2180, #4934, #4629 ),
 ( #1024, #1870, #4251 ) ),
 .UNSPECIFIED., .F., .F., .F. ) 
 B_SPLINE_SURFACE_WITH_KNOTS ( ( 4, 2, 2, 2, 4 ),
 ( 3, 3 ),
 ( 3.136528021766474161, 3.305186544745460697, 3.473845067724447233, 3.642503590703434213, 3.811162113682420749 ),
 ( 0.000000000000000000, 1.000000000000000000 ),
 .UNSPECIFIED. ) 
 GEOMETRIC_REPRESENTATION_ITEM ( )  RATIONAL_B_SPLINE_SURFACE ( (
 ( 1.000000000000000000, 0.9408769418639872928, 1.000000000000000000),
 ( 1.000000000000000000, 0.9409355354596087295, 1.000000000000000000),
 ( 1.000000000000000000, 0.9400221137298129248, 1.000000000000000000),
 ( 1.000000000000000000, 0.9362620590176556901, 1.000000000000000000),
 ( 1.000000000000000000, 0.9334151185658444705, 1.000000000000000000),
 ( 1.000000000000000000, 0.9258157168601929277, 1.000000000000000000),
 ( 1.000000000000000000, 0.9210632399164300210, 1.000000000000000000),
 ( 1.000000000000000000, 0.9097006638114935040, 1.000000000000000000),
 ( 1.000000000000000000, 0.9030908614297809001, 1.000000000000000000),
 ( 1.000000000000000000, 0.8955856676614204481, 1.000000000000000000) ) ) 
 REPRESENTATION_ITEM ( '' )  SURFACE ( )  );
#1105 = EDGE_CURVE ( 'NONE', #3471, #2490, #3606, .T. ) ;
#1106 = CARTESIAN_POINT ( 'NONE',  ( 185.5087575285075161, 43.00000000000000000, 93.00000000000007105 ) ) ;
#1107 = ADVANCED_FACE ( 'NONE', ( #1948 ), #2743, .T. ) ;
#1108 = CARTESIAN_POINT ( 'NONE',  ( 97.62562614323070420, 353.1497004022971282, -53.48023967816266122 ) ) ;
#1109 = VERTEX_POINT ( 'NONE', #2766 ) ;
#1110 = CARTESIAN_POINT ( 'NONE',  ( 215.1322467501422295, 232.2985419660668356, 66.59181661994487911 ) ) ;
#1111 = CARTESIAN_POINT ( 'NONE',  ( 105.0052663379468072, 45.19999999999999574, 78.61242308001934020 ) ) ;
#1112 = CARTESIAN_POINT ( 'NONE',  ( -84.91621568834456468, 47.80000000000000426, -24.00000000000000000 ) ) ;
#1113 = CARTESIAN_POINT ( 'NONE',  ( 238.4976244303727810, 203.9341481184412146, 46.57141026524440974 ) ) ;
#1114 = DIRECTION ( 'NONE',  ( 0.6087614290087186575, 0.000000000000000000, 0.7933533402912366084 ) ) ;
#1115 = ORIENTED_EDGE ( 'NONE', *, *, #772, .F. ) ;
#1116 = DIRECTION ( 'NONE',  ( -1.000000000000000000, -0.000000000000000000, 0.000000000000000000 ) ) ;
#1117 = ORIENTED_EDGE ( 'NONE', *, *, #2823, .T. ) ;
#1118 = FACE_OUTER_BOUND ( 'NONE', #3378, .T. ) ;
#1119 = CARTESIAN_POINT ( 'NONE',  ( 184.4327251019173843, 254.4266570345883451, -125.9307931075348819 ) ) ;
#1120 = FACE_OUTER_BOUND ( 'NONE', #3861, .T. ) ;
#1121 = VERTEX_POINT ( 'NONE', #26 ) ;
#1122 = DIRECTION ( 'NONE',  ( 0.7933533402912357202, 0.000000000000000000, -0.6087614290087198787 ) ) ;
#1123 = CARTESIAN_POINT ( 'NONE',  ( 175.4573510596055144, 238.1557816579927476, -145.4753115324171802 ) ) ;
#1124 = LINE ( 'NONE', #947, #4859 ) ;
#1125 = CARTESIAN_POINT ( 'NONE',  ( -62.80941932630711477, 219.3523687720833379, -152.6447987261146295 ) ) ;
#1126 = ORIENTED_EDGE ( 'NONE', *, *, #2207, .T. ) ;
#1127 = VECTOR ( 'NONE', #3963, 1000.000000000000000 ) ;
#1128 = EDGE_CURVE ( 'NONE', #2233, #4446, #944, .T. ) ;
#1129 = DIRECTION ( 'NONE',  ( 6.123031769111878895E-17, -1.000000000000000000, 2.220446049250309876E-16 ) ) ;
#1130 = ADVANCED_FACE ( 'NONE', ( #3128 ), #1229, .T. ) ;
#1131 = AXIS2_PLACEMENT_3D ( 'NONE', #3954, #3115, #727 ) ;
#1132 = EDGE_CURVE ( 'NONE', #793, #930, #1825, .T. ) ;
#1133 = ORIENTED_EDGE ( 'NONE', *, *, #3738, .T. ) ;
#1134 = DIRECTION ( 'NONE',  ( 0.000000000000000000, 0.000000000000000000, -1.000000000000000000 ) ) ;
#1135 = CARTESIAN_POINT ( 'NONE',  ( 182.1852924141829533, 260.0000000000000000, -103.2562766284983127 ) ) ;
#1136 = EDGE_CURVE ( 'NONE', #2267, #1920, #1904, .T. ) ;
#1137 = CIRCLE ( 'NONE', #2941, 2.602000000000006974 ) ;
#1138 = LINE ( 'NONE', #1504, #4522 ) ;
#1139 =( NAMED_UNIT ( * ) SI_UNIT ( $, .STERADIAN. ) SOLID_ANGLE_UNIT ( ) );
#1140 = CARTESIAN_POINT ( 'NONE',  ( -82.03213680583900214, 213.0287685188108640, -140.2059977909553083 ) ) ;
#1141 = LOCAL_TIME ( 22, 55, 35.00000000000000000, #570 ) ;
#1142 = VERTEX_POINT ( 'NONE', #419 ) ;
#1143 = AXIS2_PLACEMENT_3D ( 'NONE', #4475, #3195, #71 ) ;
#1144 = CARTESIAN_POINT ( 'NONE',  ( 224.0594355436937803, 34.69985035344717517, 74.53938079809319106 ) ) ;
#1145 = EDGE_LOOP ( 'NONE', ( #1186, #3335, #1737, #4846 ) ) ;
#1146 = CARTESIAN_POINT ( 'NONE',  ( 242.7336895239952526, 58.25691695218849731, -41.22793136453406504 ) ) ;
#1147 = AXIS2_PLACEMENT_3D ( 'NONE', #3083, #1962, #1189 ) ;
#1148 = DIRECTION ( 'NONE',  ( -6.123031769111878895E-17, 1.000000000000000000, -2.220446049250309876E-16 ) ) ;
#1149 = DIRECTION ( 'NONE',  ( 0.4226266698000719080, -0.9063038662466914586, 0.000000000000000000 ) ) ;
#1150 = ORIENTED_EDGE ( 'NONE', *, *, #5093, .T. ) ;
#1151 = CARTESIAN_POINT ( 'NONE',  ( 193.0063817178690329, 42.19804823862069298, -41.29002020417645014 ) ) ;
#1152 = AXIS2_PLACEMENT_3D ( 'NONE', #199, #612, #2235 ) ;
#1153 = FACE_OUTER_BOUND ( 'NONE', #1683, .T. ) ;
#1154 = EDGE_CURVE ( 'NONE', #1142, #4433, #3053, .T. ) ;
#1155 = CC_DESIGN_APPROVAL ( #34, ( #4026 ) ) ;
#1156 = CARTESIAN_POINT ( 'NONE',  ( -82.26409733860852214, 199.7397584966125805, 69.92929570731897115 ) ) ;
#1157 = CARTESIAN_POINT ( 'NONE',  ( 242.9999999999999432, 43.00000000000000000, 35.50875752850755873 ) ) ;
#1158 = ORIENTED_EDGE ( 'NONE', *, *, #4421, .F. ) ;
#1159 = VECTOR ( 'NONE', #621, 1000.000000000000000 ) ;
#1160 = CARTESIAN_POINT ( 'NONE',  ( -84.96159885715795212, 45.19999999999999574, 75.56499407674790803 ) ) ;
#1161 = CARTESIAN_POINT ( 'NONE',  ( 185.5063403242900222, 213.8904182893801647, 89.95914114161519137 ) ) ;
#1162 = VERTEX_POINT ( 'NONE', #864 ) ;
#1163 = CARTESIAN_POINT ( 'NONE',  ( 203.8246035346324447, 233.1526106836633403, 75.66470447586527825 ) ) ;
#1164 = CARTESIAN_POINT ( 'NONE',  ( -82.02565619838293287, 213.4000422708776341, -126.6703386293405060 ) ) ;
#1165 = VECTOR ( 'NONE', #3683, 1000.000000000000000 ) ;
#1166 = LINE ( 'NONE', #1112, #1396 ) ;
#1167 = CARTESIAN_POINT ( 'NONE',  ( 62.00000000000001421, 0.1999999999999873268, -80.66666666666662877 ) ) ;
#1168 = EDGE_CURVE ( 'NONE', #1973, #4669, #3505, .T. ) ;
#1169 = ORIENTED_EDGE ( 'NONE', *, *, #839, .T. ) ;
#1170 = DIRECTION ( 'NONE',  ( 6.123031769111878895E-17, -1.000000000000000000, 2.220446049250309876E-16 ) ) ;
#1171 = ORIENTED_EDGE ( 'NONE', *, *, #3412, .F. ) ;
#1172 = CARTESIAN_POINT ( 'NONE',  ( 199.0570296474458019, 17.70033671594107361, 88.77179223576212053 ) ) ;
#1173 = EDGE_CURVE ( 'NONE', #975, #740, #3401, .T. ) ;
#1174 = CARTESIAN_POINT ( 'NONE',  ( 162.9066980702053513, 259.9999999999999432, -128.0000000000002274 ) ) ;
#1175 = CARTESIAN_POINT ( 'NONE',  ( 209.1876860171425676, 231.2893082695250087, -113.8171434289949673 ) ) ;
#1176 = CARTESIAN_POINT ( 'NONE',  ( 236.9161504067306510, 216.0838495932697469, -58.47139863550184202 ) ) ;
#1177 = EDGE_LOOP ( 'NONE', ( #3250, #539, #615, #829 ) ) ;
#1178 = DIRECTION ( 'NONE',  ( -0.000000000000000000, 1.000000000000000000, -2.220446049250315053E-16 ) ) ;
#1179 = B_SPLINE_CURVE_WITH_KNOTS ( 'NONE', 3,
 ( #549, #1668, #1360, #77, #3324, #191, #2075, #2894, #4527, #3658, #2508, #1337, #1001, #4480, #582, #1305, #4458, #4095 ),
 .UNSPECIFIED., .F., .F.,
 ( 4, 2, 2, 2, 1, 1, 2, 2, 2, 4 ),
 ( 0.000000000000000000, 0.2500000000000024980, 0.3750000000000037748, 0.4375000000000050515, 0.4687500000000057176, 0.4843750000000063838, 0.4921875000000067724, 0.5000000000000071054, 0.7500000000000035527, 1.000000000000000000 ),
 .UNSPECIFIED. ) ;
#1180 = CARTESIAN_POINT ( 'NONE',  ( 97.62562614323060473, 321.9149480245760060, -14.43679920601103994 ) ) ;
#1181 = DIRECTION ( 'NONE',  ( 0.000000000000000000, 0.000000000000000000, -1.000000000000000000 ) ) ;
#1182 = CARTESIAN_POINT ( 'NONE',  ( 73.79151146357500579, 45.19999999999999574, 43.99899137103934521 ) ) ;
#1183 = EDGE_CURVE ( 'NONE', #4572, #2810, #5058, .T. ) ;
#1184 = ORIENTED_EDGE ( 'NONE', *, *, #4962, .T. ) ;
#1185 = DIRECTION ( 'NONE',  ( 1.000000000000000000, 0.000000000000000000, 0.000000000000000000 ) ) ;
#1186 = ORIENTED_EDGE ( 'NONE', *, *, #1803, .T. ) ;
#1187 = CARTESIAN_POINT ( 'NONE',  ( 71.72720607213688027, 45.19999999999999574, 45.58298860931954266 ) ) ;
#1188 = LINE ( 'NONE', #2342, #4679 ) ;
#1189 = DIRECTION ( 'NONE',  ( 0.000000000000000000, 0.7808688094430307203, 0.6246950475544237324 ) ) ;
#1190 = DIRECTION ( 'NONE',  ( 0.000000000000000000, 0.000000000000000000, -1.000000000000000000 ) ) ;
#1191 = ORIENTED_EDGE ( 'NONE', *, *, #2134, .T. ) ;
#1192 = LINE ( 'NONE', #5072, #1211 ) ;
#1193 = EDGE_LOOP ( 'NONE', ( #2996, #1542, #4310, #2992 ) ) ;
#1194 = LINE ( 'NONE', #4368, #381 ) ;
#1195 = LINE ( 'NONE', #1529, #3376 ) ;
#1196 = CARTESIAN_POINT ( 'NONE',  ( 206.4687558193107861, 232.5017033267510556, -119.2550513485188191 ) ) ;
#1197 = CARTESIAN_POINT ( 'NONE',  ( -72.39176375609153524, 207.9117449567962126, 96.57138070233642679 ) ) ;
#1198 = VERTEX_POINT ( 'NONE', #1254 ) ;
#1199 = DIRECTION ( 'NONE',  ( 0.000000000000000000, -0.000000000000000000, -1.000000000000000000 ) ) ;
#1200 = PLANE ( 'NONE',  #2533 ) ;
#1201 = EDGE_CURVE ( 'NONE', #1498, #1651, #2687, .T. ) ;
#1202 = ADVANCED_FACE ( 'NONE', ( #167 ), #2160, .F. ) ;
#1203 = DIRECTION ( 'NONE',  ( 0.09252370146381649896, -0.9957104823528948323, 0.000000000000000000 ) ) ;
#1204 = DIRECTION ( 'NONE',  ( -0.01745240643728350124, 0.9998476951563911586, 0.000000000000000000 ) ) ;
#1205 = VERTEX_POINT ( 'NONE', #2461 ) ;
#1206 = DIRECTION ( 'NONE',  ( 0.000000000000000000, -0.3328201177351381435, 0.9429903335828891953 ) ) ;
#1207 = ORIENTED_EDGE ( 'NONE', *, *, #3872, .T. ) ;
#1208 = AXIS2_PLACEMENT_3D ( 'NONE', #2760, #4677, #4703 ) ;
#1209 = DIRECTION ( 'NONE',  ( -8.600515669093915316E-17, -1.000000000000000000, 2.830315352765160168E-16 ) ) ;
#1210 = CARTESIAN_POINT ( 'NONE',  ( 180.3829929027784829, 260.0000000000000000, -107.6596711836184426 ) ) ;
#1211 = VECTOR ( 'NONE', #4647, 1000.000000000000000 ) ;
#1212 = CARTESIAN_POINT ( 'NONE',  ( -93.99999999999997158, 30.20000000000000284, -115.4000000000000057 ) ) ;
#1213 = PLANE ( 'NONE',  #3951 ) ;
#1214 = VERTEX_POINT ( 'NONE', #3686 ) ;
#1215 = DIRECTION ( 'NONE',  ( 0.000000000000000000, -2.187571639334702833E-16, -1.000000000000000000 ) ) ;
#1216 = ORIENTED_EDGE ( 'NONE', *, *, #3482, .F. ) ;
#1217 = PLANE ( 'NONE',  #3782 ) ;
#1218 = AXIS2_PLACEMENT_3D ( 'NONE', #2680, #629, #4270 ) ;
#1219 = CARTESIAN_POINT ( 'NONE',  ( 170.7207184278283592, 260.0000000000000000, -125.8179108890934117 ) ) ;
#1220 = AXIS2_PLACEMENT_3D ( 'NONE', #1521, #374, #4689 ) ;
#1221 = CARTESIAN_POINT ( 'NONE',  ( -81.29538470267301875, 200.2112507844812512, -143.0430141669043849 ) ) ;
#1222 = CYLINDRICAL_SURFACE ( 'NONE', #4779, 4.999999999999990230 ) ;
#1223 = ORIENTED_EDGE ( 'NONE', *, *, #709, .F. ) ;
#1224 = PLANE ( 'NONE',  #1208 ) ;
#1225 = CARTESIAN_POINT ( 'NONE',  ( 126.8845559312060089, 45.19999999999999574, 87.57922935300990730 ) ) ;
#1226 = AXIS2_PLACEMENT_3D ( 'NONE', #178, #204, #1372 ) ;
#1227 = CARTESIAN_POINT ( 'NONE',  ( -82.21589544886145973, 202.5012429107503635, 60.96733513931688009 ) ) ;
#1228 = VECTOR ( 'NONE', #111, 1000.000000000000000 ) ;
#1229 = CYLINDRICAL_SURFACE ( 'NONE', #2068, 5.000000000000004441 ) ;
#1231 = EDGE_CURVE ( 'NONE', #3955, #4367, #4862, .T. ) ;
#1230 = ORIENTED_EDGE ( 'NONE', *, *, #490, .F. ) ;
#1232 = LINE ( 'NONE', #3610, #245 ) ;
#1233 = CARTESIAN_POINT ( 'NONE',  ( -39.17017836186228408, 221.3233034271120232, -158.9413572583107452 ) ) ;
#1234 = VERTEX_POINT ( 'NONE', #3716 ) ;
#1235 = CARTESIAN_POINT ( 'NONE',  ( 97.48117754260319145, 213.8364655078242436, 90.01803840245366928 ) ) ;
#1236 = CARTESIAN_POINT ( 'NONE',  ( -22.38299290278673581, 260.0000000000000000, -107.6596711836184568 ) ) ;
#1237 = VECTOR ( 'NONE', #3435, 1000.000000000000114 ) ;
#1238 = CARTESIAN_POINT ( 'NONE',  ( 197.8092481352985885, 222.9365248517151485, -137.1019217968594148 ) ) ;
#1239 = PERSON_AND_ORGANIZATION_ROLE ( 'classification_officer' ) ;
#1240 = ORIENTED_EDGE ( 'NONE', *, *, #660, .T. ) ;
#1241 = CARTESIAN_POINT ( 'NONE',  ( 227.7340234899684788, 223.1703887845310703, 68.08739458364152597 ) ) ;
#1242 = DIRECTION ( 'NONE',  ( 0.9238795325112865164, 0.000000000000000000, -0.3826834323650902814 ) ) ;
#1243 = AXIS2_PLACEMENT_3D ( 'NONE', #1612, #3529, #4708 ) ;
#1244 = FACE_OUTER_BOUND ( 'NONE', #5064, .T. ) ;
#1245 = CARTESIAN_POINT ( 'NONE',  ( 56.57206259976708651, 196.7583408326588597, 79.28019193881758042 ) ) ;
#1246 = CARTESIAN_POINT ( 'NONE',  ( 199.0409818179475963, 225.8024106604020176, -134.5042258695256976 ) ) ;
#1247 = CARTESIAN_POINT ( 'NONE',  ( -77.35194484320051345, 196.2531596786266448, 90.84890599571217251 ) ) ;
#1248 = ORIENTED_EDGE ( 'NONE', *, *, #2870, .F. ) ;
#1249 = DIRECTION ( 'NONE',  ( 0.000000000000000000, 1.000000000000000000, 0.000000000000000000 ) ) ;
#1250 = DIRECTION ( 'NONE',  ( 0.7933533402912351651, 0.000000000000000000, -0.6087614290087207669 ) ) ;
#1251 = EDGE_CURVE ( 'NONE', #3788, #3581, #4539, .T. ) ;
#1252 = FACE_OUTER_BOUND ( 'NONE', #5004, .T. ) ;
#1253 = ORIENTED_EDGE ( 'NONE', *, *, #154, .F. ) ;
#1254 = CARTESIAN_POINT ( 'NONE',  ( -62.69204258379026840, 214.7167947106321435, 92.31669403112908867 ) ) ;
#1255 = ORIENTED_EDGE ( 'NONE', *, *, #2769, .T. ) ;
#1256 = EDGE_CURVE ( 'NONE', #2029, #592, #4099, .T. ) ;
#1257 = CARTESIAN_POINT ( 'NONE',  ( -28.06230512842205371, 254.5163890497161958, -124.3021042244710230 ) ) ;
#1258 = DIRECTION ( 'NONE',  ( -0.000000000000000000, 0.000000000000000000, -1.000000000000000000 ) ) ;
#1259 = CARTESIAN_POINT ( 'NONE',  ( -66.49930749514028605, 193.9064523863866611, 101.4272832410687926 ) ) ;
#1260 = PLANE ( 'NONE',  #1416 ) ;
#1261 = ORIENTED_EDGE ( 'NONE', *, *, #2458, .F. ) ;
#1262 = CARTESIAN_POINT ( 'NONE',  ( 150.0001310869255065, 0.2000000000000337619, 90.60000000000000853 ) ) ;
#1263 = FACE_OUTER_BOUND ( 'NONE', #4014, .T. ) ;
#1264 = EDGE_CURVE ( 'NONE', #2059, #60, #3352, .T. ) ;
#1265 = DIRECTION ( 'NONE',  ( 0.6919023999939654113, 0.7219910448770059386, 0.000000000000000000 ) ) ;
#1266 = DATE_AND_TIME ( #875, #1141 ) ;
#1267 = ORIENTED_EDGE ( 'NONE', *, *, #2551, .T. ) ;
#1268 = CARTESIAN_POINT ( 'NONE',  ( 217.1017264639650080, 225.6983705408587753, 78.23651222436262742 ) ) ;
#1269 = ORIENTED_EDGE ( 'NONE', *, *, #4697, .F. ) ;
#1270 = CARTESIAN_POINT ( 'NONE',  ( 228.3888103357996613, 209.7735968371436002, 67.41416358621329152 ) ) ;
#1271 = LINE ( 'NONE', #3286, #3704 ) ;
#1272 = CARTESIAN_POINT ( 'NONE',  ( -68.10014912709273460, 200.0708865998084320, -160.7561835168555433 ) ) ;
#1273 = CARTESIAN_POINT ( 'NONE',  ( -81.51546279275694928, 210.9047550433566300, 83.71997717245611170 ) ) ;
#1274 = ORIENTED_EDGE ( 'NONE', *, *, #4771, .T. ) ;
#1275 = CARTESIAN_POINT ( 'NONE',  ( -41.51127531603064824, 200.9852448966344127, 108.5840758028847830 ) ) ;
#1276 = CARTESIAN_POINT ( 'NONE',  ( -64.44495952378727566, 192.1654544417121997, 103.1096788239566422 ) ) ;
#1277 = DIRECTION ( 'NONE',  ( 0.6154574548966637026, 0.6154574548966637026, 0.4923659639173308400 ) ) ;
#1278 = ORIENTED_EDGE ( 'NONE', *, *, #741, .F. ) ;
#1279 = CARTESIAN_POINT ( 'NONE',  ( -54.96616800246623313, 45.19999999999999574, -167.9615988571580090 ) ) ;
#1280 = ORIENTED_EDGE ( 'NONE', *, *, #1827, .T. ) ;
#1281 = CARTESIAN_POINT ( 'NONE',  ( -33.62078356546567903, 254.7065382901084831, -118.2169801694124516 ) ) ;
#1282 = CARTESIAN_POINT ( 'NONE',  ( 221.8992048075755008, 43.00000000000000000, -95.57177977418969306 ) ) ;
#1283 = DIRECTION ( 'NONE',  ( -0.000000000000000000, 2.220446049250315053E-16, 1.000000000000000000 ) ) ;
#1284 = CARTESIAN_POINT ( 'NONE',  ( -74.78296482018336633, 199.9859939208613469, -155.1065291869720113 ) ) ;
#1285 = EDGE_LOOP ( 'NONE', ( #4173, #694, #2035, #1949, #2400, #2816, #326, #1834, #821, #2909 ) ) ;
#1286 = PLANE ( 'NONE',  #4271 ) ;
#1287 = DIRECTION ( 'NONE',  ( 0.7808688094430273896, 0.000000000000000000, 0.6246950475544279513 ) ) ;
#1288 = EDGE_CURVE ( 'NONE', #1863, #409, #4071, .T. ) ;
#1289 = CARTESIAN_POINT ( 'NONE',  ( 198.2432334291866596, 253.9002905213947940, 36.47776756470843651 ) ) ;
#1290 = CARTESIAN_POINT ( 'NONE',  ( -40.01439757966430477, 254.1075633360028121, 37.64982032702844350 ) ) ;
#1291 = VECTOR ( 'NONE', #611, 1000.000000000000000 ) ;
#1292 = EDGE_LOOP ( 'NONE', ( #3076, #668, #4955, #4758 ) ) ;
#1293 = DIRECTION ( 'NONE',  ( -4.930380657631332542E-32, -1.000000000000000000, 2.220446049250315053E-16 ) ) ;
#1294 = PLANE ( 'NONE',  #4369 ) ;
#1295 = ADVANCED_FACE ( 'NONE', ( #2512 ), #1752, .F. ) ;
#1296 = ADVANCED_FACE ( 'NONE', ( #3264 ), #4507, .F. ) ;
#1297 = CARTESIAN_POINT ( 'NONE',  ( -35.14194650060849057, 220.3821277584581821, -159.6942977932337726 ) ) ;
#1298 = AXIS2_PLACEMENT_3D ( 'NONE', #2946, #4532, #1006 ) ;
#1299 = ADVANCED_FACE ( 'NONE', ( #1673 ), #3235, .T. ) ;
#1300 = DIRECTION ( 'NONE',  ( 6.123031769111859174E-17, -1.000000000000000000, 2.220446049250309383E-16 ) ) ;
#1301 = CARTESIAN_POINT ( 'NONE',  ( -56.18301259059457919, 200.5298103305978259, -165.0569481180794469 ) ) ;
#1302 = ORIENTED_EDGE ( 'NONE', *, *, #2048, .F. ) ;
#1303 = CIRCLE ( 'NONE', #1464, 2.601999999999993207 ) ;
#1304 = DIRECTION ( 'NONE',  ( 0.000000000000000000, 0.000000000000000000, -1.000000000000000000 ) ) ;
#1305 = CARTESIAN_POINT ( 'NONE',  ( -54.55760313618922908, 184.9721708843763963, 110.9863903503867419 ) ) ;
#1306 = VECTOR ( 'NONE', #417, 1000.000000000000000 ) ;
#1307 = LINE ( 'NONE', #2076, #3308 ) ;
#1308 = ORIENTED_EDGE ( 'NONE', *, *, #3483, .F. ) ;
#1309 = CARTESIAN_POINT ( 'NONE',  ( 150.0000000000000000, 45.19999999999999574, 88.00000000000000000 ) ) ;
#1310 = ORIENTED_EDGE ( 'NONE', *, *, #4667, .T. ) ;
#1311 = CIRCLE ( 'NONE', #2618, 2.602000000000006974 ) ;
#1312 = VECTOR ( 'NONE', #3949, 1000.000000000000000 ) ;
#1313 = CARTESIAN_POINT ( 'NONE',  ( -18.65793733668260046, 253.3533392289316737, -130.7656397126560819 ) ) ;
#1314 = CARTESIAN_POINT ( 'NONE',  ( 180.0000000000000000, 43.00000000000000000, 242.0604443032840152 ) ) ;
#1315 = CARTESIAN_POINT ( 'NONE',  ( -69.88349214449756630, 195.5711322859627330, 98.68272428279300357 ) ) ;
#1316 = CARTESIAN_POINT ( 'NONE',  ( -70.17234783417771382, 211.8533959529825097, -159.0187425119615057 ) ) ;
#1317 = ORIENTED_EDGE ( 'NONE', *, *, #2093, .F. ) ;
#1318 = CARTESIAN_POINT ( 'NONE',  ( 193.1634438686170938, 217.8644692066160644, -145.1981909380984064 ) ) ;
#1319 = CARTESIAN_POINT ( 'NONE',  ( -82.24998126946471189, 200.5484675562402686, -135.2545504147730071 ) ) ;
#1320 = AXIS2_PLACEMENT_3D ( 'NONE', #2350, #3549, #1581 ) ;
#1321 = CARTESIAN_POINT ( 'NONE',  ( 196.8540604801079326, 254.3003771446304881, 39.84320503248050471 ) ) ;
#1322 = CARTESIAN_POINT ( 'NONE',  ( -20.67654415017797120, 254.0448841834605958, 59.93754254664278847 ) ) ;
#1323 = ORIENTED_EDGE ( 'NONE', *, *, #1562, .F. ) ;
#1324 = CARTESIAN_POINT ( 'NONE',  ( 215.1630032922059854, 213.4763271400286726, 79.91568372748753291 ) ) ;
#1325 = CARTESIAN_POINT ( 'NONE',  ( 77.50000000000000000, 199.8897442852550910, 109.5230763269240555 ) ) ;
#1326 = CARTESIAN_POINT ( 'NONE',  ( 199.7126295766785518, 17.70033671594098834, 88.59605481539081495 ) ) ;
#1327 = AXIS2_PLACEMENT_3D ( 'NONE', #2984, #600, #2560 ) ;
#1328 = CARTESIAN_POINT ( 'NONE',  ( -74.04875799079215426, 220.9512420092082152, 61.29520880454884235 ) ) ;
#1329 = B_SPLINE_CURVE_WITH_KNOTS ( 'NONE', 3,
 ( #2843, #4409, #2493, #898, #4731, #28, #2794, #4075, #2772, #4756 ),
 .UNSPECIFIED., .F., .F.,
 ( 4, 2, 2, 2, 4 ),
 ( 0.000000000000000000, 0.2500000000000000000, 0.5000000000000000000, 0.7500000000000000000, 1.000000000000000000 ),
 .UNSPECIFIED. ) ;
#1330 = EDGE_CURVE ( 'NONE', #876, #4911, #3387, .T. ) ;
#1331 = EDGE_CURVE ( 'NONE', #1374, #4446, #3634, .T. ) ;
#1332 = CARTESIAN_POINT ( 'NONE',  ( -73.65214778602779688, 199.9892719949785658, -156.2963898158385234 ) ) ;
#1333 = CARTESIAN_POINT ( 'NONE',  ( -77.79098039554926913, 209.2218095614046263, 90.54461728803437381 ) ) ;
#1334 = AXIS2_PLACEMENT_3D ( 'NONE', #4184, #2977, #3845 ) ;
#1335 = ORIENTED_EDGE ( 'NONE', *, *, #3354, .F. ) ;
#1336 = CARTESIAN_POINT ( 'NONE',  ( 62.42073627879162245, 45.19999999999999574, 23.11518301640960615 ) ) ;
#1337 = CARTESIAN_POINT ( 'NONE',  ( -48.44059178828813828, 184.4109777340468099, 113.8758652016545767 ) ) ;
#1338 = EDGE_CURVE ( 'NONE', #1905, #444, #586, .T. ) ;
#1339 = CARTESIAN_POINT ( 'NONE',  ( -40.30107128233407821, 184.0648730498776615, 115.5377034818235984 ) ) ;
#1340 = ORIENTED_EDGE ( 'NONE', *, *, #729, .F. ) ;
#1341 = DIRECTION ( 'NONE',  ( -0.6209956631728417165, 0.5951159543929323004, -0.5100993894796502781 ) ) ;
#1342 = CARTESIAN_POINT ( 'NONE',  ( -23.37312483551690434, 254.0280613910894658, -127.9393303751889874 ) ) ;
#1343 = CARTESIAN_POINT ( 'NONE',  ( 240.2094995461006874, 202.8676639345191006, -40.63669162919146771 ) ) ;
#1344 = CARTESIAN_POINT ( 'NONE',  ( -21.17120579985380147, 260.0000000000000000, 40.15165387687885357 ) ) ;
#1345 = CARTESIAN_POINT ( 'NONE',  ( -76.06101348271943152, 199.9928608965222736, -153.5329089967738128 ) ) ;
#1346 = VERTEX_POINT ( 'NONE', #2840 ) ;
#1347 = CARTESIAN_POINT ( 'NONE',  ( 56.60616407038609310, 199.4196464659291337, 109.9260173149179707 ) ) ;
#1348 = LINE ( 'NONE', #3646, #4205 ) ;
#1349 = CARTESIAN_POINT ( 'NONE',  ( -42.32233046938711851, 252.6776695306130591, 28.72697061619082248 ) ) ;
#1350 = ADVANCED_FACE ( 'NONE', ( #1388 ), #4434, .T. ) ;
#1351 = ORIENTED_EDGE ( 'NONE', *, *, #2264, .T. ) ;
#1352 = CARTESIAN_POINT ( 'NONE',  ( 59.71119185146709896, 215.7112123222176194, 95.96181800952760454 ) ) ;
#1353 = ORIENTED_EDGE ( 'NONE', *, *, #1017, .T. ) ;
#1354 = DIRECTION ( 'NONE',  ( -0.6047078979069521187, -0.6047078979069521187, 0.5183210553488161176 ) ) ;
#1355 = CYLINDRICAL_SURFACE ( 'NONE', #1143, 2.602000000000006974 ) ;
#1356 = CARTESIAN_POINT ( 'NONE',  ( -54.21647780401980299, 200.6391257465265028, -165.2483988248670528 ) ) ;
#1357 = CARTESIAN_POINT ( 'NONE',  ( 84.53476566226595423, 220.1125538214340338, 92.18923958179072997 ) ) ;
#1358 = EDGE_LOOP ( 'NONE', ( #1525, #124, #241, #1023 ) ) ;
#1359 = CARTESIAN_POINT ( 'NONE',  ( -57.21330716719259613, 202.4313537734799979, -24.00000000000000000 ) ) ;
#1360 = CARTESIAN_POINT ( 'NONE',  ( -41.96400541430867293, 184.0993083489410651, 115.3971533664375215 ) ) ;
#1361 = CARTESIAN_POINT ( 'NONE',  ( -39.17652268406597926, 199.9180457558360615, 109.4988179235690922 ) ) ;
#1362 = EDGE_LOOP ( 'NONE', ( #3962, #2841, #3351, #2476, #1467, #1558 ) ) ;
#1363 = DIRECTION ( 'NONE',  ( -2.220446049250315053E-16, 2.220446049250315053E-16, 1.000000000000000000 ) ) ;
#1364 = EDGE_CURVE ( 'NONE', #3953, #930, #2570, .T. ) ;
#1365 = CARTESIAN_POINT ( 'NONE',  ( 135.3716216216215855, 43.00000000000000000, 57.02027027027040162 ) ) ;
#1366 = CARTESIAN_POINT ( 'NONE',  ( 59.39999999999999147, 45.19999999999999574, -0.0001310869257786747883 ) ) ;
#1367 = CARTESIAN_POINT ( 'NONE',  ( -24.64466094067266511, 260.0000000000000000, 28.72697061619094328 ) ) ;
#1368 = CARTESIAN_POINT ( 'NONE',  ( -71.08643078067605359, 211.8195075416137740, -158.2801005586533734 ) ) ;
#1369 = ORIENTED_EDGE ( 'NONE', *, *, #3822, .F. ) ;
#1370 = CARTESIAN_POINT ( 'NONE',  ( 162.4651958754802763, 205.6576506475221606, -164.5157003245885790 ) ) ;
#1371 = EDGE_CURVE ( 'NONE', #4433, #4460, #3661, .T. ) ;
#1372 = DIRECTION ( 'NONE',  ( 0.9238795325112865164, 0.000000000000000000, -0.3826834323650902814 ) ) ;
#1373 = CARTESIAN_POINT ( 'NONE',  ( -37.88681657447029494, 254.4937012214071785, 41.81443691895675840 ) ) ;
#1374 = VERTEX_POINT ( 'NONE', #2283 ) ;
#1375 = LINE ( 'NONE', #2599, #301 ) ;
#1376 = CARTESIAN_POINT ( 'NONE',  ( -38.23577131103193949, 254.3328581395772972, -110.7501636477672378 ) ) ;
#1377 = CARTESIAN_POINT ( 'NONE',  ( 127.2239240309780968, 45.19999999999999574, 85.00147271343800526 ) ) ;
#1378 = CARTESIAN_POINT ( 'NONE',  ( -67.56201540910420533, 216.9538534948202653, 85.48948629569288471 ) ) ;
#1379 = CARTESIAN_POINT ( 'NONE',  ( -73.82323565119020259, 199.9885576780713734, -156.1210052395966841 ) ) ;
#1380 = CARTESIAN_POINT ( 'NONE',  ( 194.3945401184246293, 219.1961706862779806, -143.0725600573023826 ) ) ;
#1381 = EDGE_LOOP ( 'NONE', ( #4831, #851, #865, #3328, #2159, #2155, #13, #1240, #1169, #527 ) ) ;
#1382 = DIRECTION ( 'NONE',  ( -1.000000000000000000, -6.123031769111888756E-17, -2.220446049250315053E-16 ) ) ;
#1383 = LINE ( 'NONE', #132, #3182 ) ;
#1384 = VECTOR ( 'NONE', #1634, 1000.000000000000114 ) ;
#1385 = AXIS2_PLACEMENT_3D ( 'NONE', #4024, #3694, #2496 ) ;
#1386 = CARTESIAN_POINT ( 'NONE',  ( -40.78833810513673086, 200.4736843127032841, 109.0225563033971667 ) ) ;
#1387 = ORIENTED_EDGE ( 'NONE', *, *, #2193, .T. ) ;
#1388 = FACE_OUTER_BOUND ( 'NONE', #4683, .T. ) ;
#1389 = AXIS2_PLACEMENT_3D ( 'NONE', #244, #2279, #3761 ) ;
#1390 = CARTESIAN_POINT ( 'NONE',  ( 199.2819322032476919, 17.70030704994751858, 88.74213768218064047 ) ) ;
#1391 = EDGE_CURVE ( 'NONE', #4712, #315, #1848, .T. ) ;
#1392 = CIRCLE ( 'NONE', #1722, 24.99999999999999289 ) ;
#1393 = CARTESIAN_POINT ( 'NONE',  ( -75.48585535545838354, 211.8124367534129817, -153.8039281994347505 ) ) ;
#1394 = ORIENTED_EDGE ( 'NONE', *, *, #3260, .T. ) ;
#1395 = CARTESIAN_POINT ( 'NONE',  ( 46.64150466296278097, 204.5402451592497926, 105.5369327206430938 ) ) ;
#1396 = VECTOR ( 'NONE', #1572, 1000.000000000000000 ) ;
#1397 = CARTESIAN_POINT ( 'NONE',  ( 176.5763984376755786, 253.7304853818720289, 61.01782702157970562 ) ) ;
#1398 = EDGE_CURVE ( 'NONE', #755, #4456, #2182, .T. ) ;
#1399 = CARTESIAN_POINT ( 'NONE',  ( 213.0829886093181358, 26.70030120539062324, 82.96190479540712204 ) ) ;
#1400 = EDGE_LOOP ( 'NONE', ( #2780, #2228, #2308, #3773, #3166, #2254, #1191, #2102 ) ) ;
#1401 = AXIS2_PLACEMENT_3D ( 'NONE', #691, #2720, #3844 ) ;
#1402 = CARTESIAN_POINT ( 'NONE',  ( 204.2655648314077723, 225.7482152068992036, 85.51744315212293657 ) ) ;
#1403 = DIRECTION ( 'NONE',  ( -0.7071067811865474617, -0.7071067811865474617, 0.000000000000000000 ) ) ;
#1404 = CARTESIAN_POINT ( 'NONE',  ( 199.9332161817936253, 214.3921761469423188, 87.30780037083830791 ) ) ;
#1405 = CARTESIAN_POINT ( 'NONE',  ( -82.20949954610047428, 202.8676639345242450, 59.32971014531212717 ) ) ;
#1406 = CARTESIAN_POINT ( 'NONE',  ( 237.0142205376303934, 204.8053959416940586, 51.54601312827698223 ) ) ;
#1407 = CARTESIAN_POINT ( 'NONE',  ( 179.0598045310827331, 209.8927744095313130, -157.8646093199247105 ) ) ;
#1408 = ORIENTED_EDGE ( 'NONE', *, *, #775, .F. ) ;
#1409 = CARTESIAN_POINT ( 'NONE',  ( 238.3727218192305202, 204.0100888370877215, 47.34046669992953582 ) ) ;
#1410 = VERTEX_POINT ( 'NONE', #1873 ) ;
#1411 = CARTESIAN_POINT ( 'NONE',  ( 105.0052663379468214, 0.2000000000000163591, 78.61242308001936863 ) ) ;
#1412 = AXIS2_PLACEMENT_3D ( 'NONE', #2624, #2266, #4563 ) ;
#1413 = CARTESIAN_POINT ( 'NONE',  ( 172.0343575524270534, 252.5523815243484478, -132.8987718621716283 ) ) ;
#1414 = EDGE_LOOP ( 'NONE', ( #2410, #4806, #4418, #3937 ) ) ;
#1415 = CARTESIAN_POINT ( 'NONE',  ( -61.17498927979454493, 219.6935053918008123, -153.3014805108820156 ) ) ;
#1416 = AXIS2_PLACEMENT_3D ( 'NONE', #2676, #89, #3995 ) ;
#1417 = CARTESIAN_POINT ( 'NONE',  ( 237.8742408062005325, 204.0562479190407998, -55.69721356154877867 ) ) ;
#1418 = CARTESIAN_POINT ( 'NONE',  ( -4.906698070205640860, 260.0000000000000568, -128.0000000000001705 ) ) ;
#1419 = CARTESIAN_POINT ( 'NONE',  ( -63.38932796724904506, 212.4004066206992150, -163.1168570261077093 ) ) ;
#1420 = ORIENTED_EDGE ( 'NONE', *, *, #3260, .F. ) ;
#1421 = PLANE ( 'NONE',  #1226 ) ;
#1422 = CARTESIAN_POINT ( 'NONE',  ( 182.6446609406726509, 235.0000000000003126, 28.72697061619098591 ) ) ;
#1423 = ORIENTED_EDGE ( 'NONE', *, *, #2830, .T. ) ;
#1424 = LINE ( 'NONE', #2190, #3096 ) ;
#1425 = CARTESIAN_POINT ( 'NONE',  ( 127.2239329261221883, 0.1999999999999987899, 85.00143951630752781 ) ) ;
#1426 = CARTESIAN_POINT ( 'NONE',  ( 126.2287038447535963, 45.19999999999999574, 87.40345873551656553 ) ) ;
#1427 = ADVANCED_FACE ( 'NONE', ( #3408 ), #4179, .F. ) ;
#1428 = EDGE_CURVE ( 'NONE', #1651, #3715, #466, .T. ) ;
#1429 = ADVANCED_FACE ( 'NONE', ( #4204 ), #1490, .F. ) ;
#1430 = CARTESIAN_POINT ( 'NONE',  ( 85.71172428090407891, 0.2000000000000162481, 63.80796756594482844 ) ) ;
#1431 = CARTESIAN_POINT ( 'NONE',  ( 232.7670051920052856, 207.2636972493007761, 60.94689801839426480 ) ) ;
#1432 = CARTESIAN_POINT ( 'NONE',  ( 174.2879207779546960, 208.2483726661292280, -160.4624503060846621 ) ) ;
#1433 = ORIENTED_EDGE ( 'NONE', *, *, #3908, .T. ) ;
#1434 = CARTESIAN_POINT ( 'NONE',  ( 240.0332187984876384, 212.9667812015129300, 32.71825707460982358 ) ) ;
#1435 = ORIENTED_EDGE ( 'NONE', *, *, #2646, .F. ) ;
#1436 = LINE ( 'NONE', #4554, #4197 ) ;
#1437 = CARTESIAN_POINT ( 'NONE',  ( -46.95015231520446974, 184.3071332816157906, 114.4008687573973333 ) ) ;
#1438 = ORIENTED_EDGE ( 'NONE', *, *, #534, .T. ) ;
#1439 = DIRECTION ( 'NONE',  ( 0.6087614290087198787, 2.134344847072243135E-16, 0.7933533402912357202 ) ) ;
#1440 = ADVANCED_FACE ( 'NONE', ( #4253 ), #2971, .T. ) ;
#1441 = DIRECTION ( 'NONE',  ( 0.000000000000000000, 1.000000000000000000, -1.373377302867675975E-16 ) ) ;
#1442 = DIRECTION ( 'NONE',  ( -6.953765051542784484E-17, -1.000000000000000000, 1.678787389699060547E-16 ) ) ;
#1443 = CARTESIAN_POINT ( 'NONE',  ( -61.08541214252239371, 200.3015543273875494, -163.9305971126289023 ) ) ;
#1444 = ORIENTED_EDGE ( 'NONE', *, *, #2240, .F. ) ;
#1445 = DIRECTION ( 'NONE',  ( 0.3826834323650918912, 0.000000000000000000, 0.9238795325112858503 ) ) ;
#1446 = CARTESIAN_POINT ( 'NONE',  ( 232.9620650853324832, 43.00000000000000000, 63.08277971542279516 ) ) ;
#1447 = VERTEX_POINT ( 'NONE', #5034 ) ;
#1448 = DIRECTION ( 'NONE',  ( 0.000000000000000000, -0.000000000000000000, 1.000000000000000000 ) ) ;
#1449 = CARTESIAN_POINT ( 'NONE',  ( -41.92056854908615549, 253.0794314509140008, -100.4411123926535083 ) ) ;
#1450 = CARTESIAN_POINT ( 'NONE',  ( -22.46549118996719940, 260.0000000000000000, 38.24223531043302415 ) ) ;
#1451 = CARTESIAN_POINT ( 'NONE',  ( 328.8781384749045742, 40.20000000000000995, -78.00000000000000000 ) ) ;
#1452 = CARTESIAN_POINT ( 'NONE',  ( 234.1595976085036739, 206.4602077580401840, 58.20343820937878832 ) ) ;
#1453 = CARTESIAN_POINT ( 'NONE',  ( 190.2443246820284912, 215.8135708246416868, -148.4630005551001375 ) ) ;
#1454 = EDGE_CURVE ( 'NONE', #2340, #1162, #4557, .T. ) ;
#1455 = EDGE_CURVE ( 'NONE', #407, #3673, #298, .T. ) ;
#1456 = ORIENTED_EDGE ( 'NONE', *, *, #4484, .T. ) ;
#1457 = DIRECTION ( 'NONE',  ( 0.7933533402912336108, 1.837494680651819842E-16, 0.6087614290087226543 ) ) ;
#1458 = ORIENTED_EDGE ( 'NONE', *, *, #1330, .F. ) ;
#1459 = CARTESIAN_POINT ( 'NONE',  ( -91.39999999999999147, 47.80000000000000426, -135.4000000000000341 ) ) ;
#1460 = CARTESIAN_POINT ( 'NONE',  ( -47.20155671987377843, 194.0647397160503544, 114.5159373862428254 ) ) ;
#1461 = ORIENTED_EDGE ( 'NONE', *, *, #4902, .T. ) ;
#1462 = AXIS2_PLACEMENT_3D ( 'NONE', #4654, #1439, #1122 ) ;
#1463 = CARTESIAN_POINT ( 'NONE',  ( -65.79215800560881178, 219.0669838193242072, -150.5858265772679658 ) ) ;
#1464 = AXIS2_PLACEMENT_3D ( 'NONE', #1992, #1508, #4295 ) ;
#1465 = CARTESIAN_POINT ( 'NONE',  ( 206.2377184444266618, 232.5185884134702974, -119.7205157197640801 ) ) ;
#1466 = CARTESIAN_POINT ( 'NONE',  ( -59.69208945533649313, 200.3608794105516040, -164.3336650701465942 ) ) ;
#1467 = ORIENTED_EDGE ( 'NONE', *, *, #1331, .T. ) ;
#1468 =( BOUNDED_CURVE ( )  B_SPLINE_CURVE ( 3, ( #4602, #2255, #3835, #3069 ),
 .UNSPECIFIED., .F., .T. ) 
 B_SPLINE_CURVE_WITH_KNOTS ( ( 4, 4 ),
 ( 2.693638161508759676, 3.589547145670825223 ),
 .UNSPECIFIED. ) 
 CURVE ( )  GEOMETRIC_REPRESENTATION_ITEM ( )  RATIONAL_B_SPLINE_CURVE ( ( 1.000000000000000000, 0.9342232955972225028, 0.9342232955972225028, 1.000000000000000000 ) ) 
 REPRESENTATION_ITEM ( '' )  );
#1469 = AXIS2_PLACEMENT_3D ( 'NONE', #3887, #3455, #4491 ) ;
#1470 = CARTESIAN_POINT ( 'NONE',  ( 162.9066980702060334, 250.6173761888605327, -135.5060990489116080 ) ) ;
#1471 = CYLINDRICAL_SURFACE ( 'NONE', #3879, 5.000000000000004441 ) ;
#1472 = EDGE_LOOP ( 'NONE', ( #3058, #1984, #4104, #3900 ) ) ;
#1473 = CARTESIAN_POINT ( 'NONE',  ( 87.77462755756988599, 45.19999999999998863, 62.22537244242999321 ) ) ;
#1474 = DIRECTION ( 'NONE',  ( 2.769150006774028495E-17, 1.000000000000000000, -2.103378255270659302E-16 ) ) ;
#1475 = AXIS2_PLACEMENT_3D ( 'NONE', #2961, #2343, #350 ) ;
#1476 = DIRECTION ( 'NONE',  ( -0.005592798889284119820, 0.9998320577164019340, -0.01745213348475319753 ) ) ;
#1477 = EDGE_CURVE ( 'NONE', #3905, #964, #1974, .T. ) ;
#1478 = CARTESIAN_POINT ( 'NONE',  ( -69.10068030712997711, 218.8211855625670239, 80.77080804611439646 ) ) ;
#1479 = AXIS2_PLACEMENT_3D ( 'NONE', #4549, #1020, #2583 ) ;
#1480 = CARTESIAN_POINT ( 'NONE',  ( 235.6581773826167705, 205.5936720652864267, 54.99144712815669322 ) ) ;
#1481 = CARTESIAN_POINT ( 'NONE',  ( 194.3224873029983542, 219.1285285712211248, -143.1804485698291387 ) ) ;
#1482 = ORIENTED_EDGE ( 'NONE', *, *, #342, .T. ) ;
#1483 = CARTESIAN_POINT ( 'NONE',  ( 230.8130768651934090, 222.1869231348070741, 44.14219433400874237 ) ) ;
#1484 = EDGE_LOOP ( 'NONE', ( #969, #1029, #1679, #1408 ) ) ;
#1485 = DIRECTION ( 'NONE',  ( 1.000000000000000000, 0.000000000000000000, 0.000000000000000000 ) ) ;
#1486 = EDGE_CURVE ( 'NONE', #3033, #3281, #3176, .T. ) ;
#1487 = B_SPLINE_CURVE_WITH_KNOTS ( 'NONE', 3,
 ( #3185, #4413, #2471, #1236, #449, #2032, #509, #32, #3616, #4815 ),
 .UNSPECIFIED., .F., .F.,
 ( 4, 2, 2, 2, 4 ),
 ( 0.000000000000000000, 0.2499999999999998890, 0.4999999999999997780, 0.7500000000000001110, 1.000000000000000000 ),
 .UNSPECIFIED. ) ;
#1488 = CARTESIAN_POINT ( 'NONE',  ( 193.6652807875496194, 254.6303350467584607, -115.3150422173815031 ) ) ;
#1489 = EDGE_LOOP ( 'NONE', ( #728, #1274, #2839, #3142 ) ) ;
#1490 = PLANE ( 'NONE',  #3850 ) ;
#1491 = CARTESIAN_POINT ( 'NONE',  ( 47.18160639326573857, 195.2203541942294009, 113.5254106906564431 ) ) ;
#1492 = AXIS2_PLACEMENT_3D ( 'NONE', #1422, #279, #3464 ) ;
#1493 = ADVANCED_FACE ( 'NONE', ( #2788 ), #1224, .F. ) ;
#1494 = ADVANCED_FACE ( 'NONE', ( #1944 ), #4276, .T. ) ;
#1495 = CARTESIAN_POINT ( 'NONE',  ( -22.55738726632024793, 260.0000000000000000, -120.1554133367209971 ) ) ;
#1496 = CARTESIAN_POINT ( 'NONE',  ( -59.39487178328101891, 212.9798855628721697, -164.6432248547704091 ) ) ;
#1497 = AXIS2_PLACEMENT_3D ( 'NONE', #2357, #4682, #4729 ) ;
#1498 = VERTEX_POINT ( 'NONE', #4302 ) ;
#1499 = LINE ( 'NONE', #4636, #2051 ) ;
#1500 = DIRECTION ( 'NONE',  ( 1.000000000000000000, 0.000000000000000000, 0.000000000000000000 ) ) ;
#1501 = ORIENTED_EDGE ( 'NONE', *, *, #427, .T. ) ;
#1502 = FACE_OUTER_BOUND ( 'NONE', #4516, .T. ) ;
#1503 = DIRECTION ( 'NONE',  ( 0.6087614290087186575, 0.000000000000000000, 0.7933533402912366084 ) ) ;
#1504 = CARTESIAN_POINT ( 'NONE',  ( 199.7126295766759938, 45.19999999999999574, 88.59605481539188077 ) ) ;
#1505 = DIRECTION ( 'NONE',  ( -1.000000000000000000, -0.000000000000000000, -0.000000000000000000 ) ) ;
#1506 = CARTESIAN_POINT ( 'NONE',  ( -81.30261237429678545, 212.6297753122150596, -143.0164464296557583 ) ) ;
#1507 = ORIENTED_EDGE ( 'NONE', *, *, #4421, .T. ) ;
#1508 = DIRECTION ( 'NONE',  ( 6.123031769111878895E-17, -1.000000000000000000, 2.220446049250309876E-16 ) ) ;
#1509 = ORIENTED_EDGE ( 'NONE', *, *, #1288, .F. ) ;
#1510 = CARTESIAN_POINT ( 'NONE',  ( -91.39799999999999613, 45.19800000000000040, -135.4000000000000341 ) ) ;
#1511 = CARTESIAN_POINT ( 'NONE',  ( -71.07498899884598131, 195.8253983367926310, 97.72384309115153656 ) ) ;
#1512 = ORIENTED_EDGE ( 'NONE', *, *, #4972, .T. ) ;
#1513 = CARTESIAN_POINT ( 'NONE',  ( -24.64466094067264734, 260.0000000000000000, 228.7389185037470156 ) ) ;
#1514 = CARTESIAN_POINT ( 'NONE',  ( 38.32378724582873986, 200.4845359379474417, 109.0132549103308435 ) ) ;
#1515 = CARTESIAN_POINT ( 'NONE',  ( -58.72454253260259804, 213.0979243922199373, -164.8470724635448903 ) ) ;
#1517 = EDGE_CURVE ( 'NONE', #2108, #2945, #761, .T. ) ;
#1516 = ORIENTED_EDGE ( 'NONE', *, *, #4635, .F. ) ;
#1518 = DIRECTION ( 'NONE',  ( 0.000000000000000000, 0.6246950475544225112, -0.7808688094430317195 ) ) ;
#1519 = ORIENTED_EDGE ( 'NONE', *, *, #4855, .F. ) ;
#1520 = FACE_OUTER_BOUND ( 'NONE', #4133, .T. ) ;
#1521 = CARTESIAN_POINT ( 'NONE',  ( 173.7641737865410505, 5.200000000000030376, 90.60000000000000853 ) ) ;
#1522 = CARTESIAN_POINT ( 'NONE',  ( 62.21662278824501158, 189.6011333680571624, 106.1291597235738777 ) ) ;
#1523 = CARTESIAN_POINT ( 'NONE',  ( -48.82996193696481413, 207.9989286171791321, 102.5723468995607703 ) ) ;
#1524 = DIRECTION ( 'NONE',  ( 0.1305261922200493807, 2.281371427653462014E-16, 0.9914448613738107152 ) ) ;
#1525 = ORIENTED_EDGE ( 'NONE', *, *, #2150, .T. ) ;
#1526 = CARTESIAN_POINT ( 'NONE',  ( 64.99856048369237271, 45.19999999999998863, 22.77606707387759855 ) ) ;
#1527 = ORIENTED_EDGE ( 'NONE', *, *, #222, .T. ) ;
#1528 = CARTESIAN_POINT ( 'NONE',  ( -93.99999999999998579, 40.20000000000000995, -73.00000000000000000 ) ) ;
#1529 = CARTESIAN_POINT ( 'NONE',  ( -84.96159885715789528, 45.19999999999999574, 242.0604443032840152 ) ) ;
#1530 = CARTESIAN_POINT ( 'NONE',  ( 232.9620650853324264, 45.19999999999999574, 63.08277971542286622 ) ) ;
#1531 = ORIENTED_EDGE ( 'NONE', *, *, #193, .T. ) ;
#1532 = DIRECTION ( 'NONE',  ( 0.000000000000000000, -1.000000000000000000, 0.000000000000000000 ) ) ;
#1533 = CARTESIAN_POINT ( 'NONE',  ( 65.00047580808629277, 45.19999999999999574, 22.77555386425299844 ) ) ;
#1534 = DIRECTION ( 'NONE',  ( 1.000000000000000000, 0.000000000000000000, -0.000000000000000000 ) ) ;
#1535 = DIRECTION ( 'NONE',  ( 0.7848796859600736253, 0.6196481893520032758, 1.338550546126836456E-15 ) ) ;
#1536 = ORIENTED_EDGE ( 'NONE', *, *, #1477, .F. ) ;
#1537 = VECTOR ( 'NONE', #4046, 1000.000000000000000 ) ;
#1538 = EDGE_CURVE ( 'NONE', #2015, #585, #416, .T. ) ;
#1539 = DIRECTION ( 'NONE',  ( -6.123031769111878895E-17, 1.000000000000000000, -2.220446049250309876E-16 ) ) ;
#1540 = LINE ( 'NONE', #3103, #2311 ) ;
#1541 = VECTOR ( 'NONE', #695, 1000.000000000000000 ) ;
#1542 = ORIENTED_EDGE ( 'NONE', *, *, #176, .T. ) ;
#1543 = LINE ( 'NONE', #2318, #1714 ) ;
#1544 = CARTESIAN_POINT ( 'NONE',  ( -39.99033628453267397, 254.1249399223949865, 37.75359435381609785 ) ) ;
#1545 = VECTOR ( 'NONE', #779, 1000.000000000000000 ) ;
#1546 = DIRECTION ( 'NONE',  ( 1.000000000000000000, -0.000000000000000000, -0.000000000000000000 ) ) ;
#1547 = CARTESIAN_POINT ( 'NONE',  ( 230.2446811989864557, 222.7553188010137148, -51.72654204802818612 ) ) ;
#1548 = CARTESIAN_POINT ( 'NONE',  ( 194.4459003715410574, 219.2445837847359371, -142.9953404006734843 ) ) ;
#1549 = ORIENTED_EDGE ( 'NONE', *, *, #4068, .F. ) ;
#1550 = AXIS2_PLACEMENT_3D ( 'NONE', #4699, #1996, #40 ) ;
#1551 = CARTESIAN_POINT ( 'NONE',  ( 77.50000000000000000, 102.6326265757460305, -166.9591086312802304 ) ) ;
#1552 = EDGE_LOOP ( 'NONE', ( #1565, #2703, #2327, #3843, #1829 ) ) ;
#1553 = DIRECTION ( 'NONE',  ( -0.6245999034729039501, 0.01745240643728349778, 0.7807498793411287163 ) ) ;
#1554 = VECTOR ( 'NONE', #3139, 1000.000000000000114 ) ;
#1555 = PLANE ( 'NONE',  #4444 ) ;
#1556 = CARTESIAN_POINT ( 'NONE',  ( 200.3733545753308931, 228.2110297828646139, -131.7214349806660323 ) ) ;
#1557 = CARTESIAN_POINT ( 'NONE',  ( 231.1112399905912298, 221.8887600094092818, -50.01228164245345198 ) ) ;
#1558 = ORIENTED_EDGE ( 'NONE', *, *, #4414, .T. ) ;
#1559 = CARTESIAN_POINT ( 'NONE',  ( 126.2287038447535963, 45.19999999999999574, 87.40345873551660816 ) ) ;
#1560 = VECTOR ( 'NONE', #505, 1000.000000000000000 ) ;
#1561 = CARTESIAN_POINT ( 'NONE',  ( 33.19015588595631527, 184.0562701097881586, 115.5378536467014783 ) ) ;
#1562 = EDGE_CURVE ( 'NONE', #2239, #1781, #784, .T. ) ;
#1563 = DIRECTION ( 'NONE',  ( -2.769150006774028495E-17, -1.000000000000000000, 2.103378255270659302E-16 ) ) ;
#1564 = CARTESIAN_POINT ( 'NONE',  ( 185.5087575285074308, 43.00000000000000000, 93.00000000000002842 ) ) ;
#1565 = ORIENTED_EDGE ( 'NONE', *, *, #775, .T. ) ;
#1566 = EDGE_CURVE ( 'NONE', #3473, #502, #5081, .T. ) ;
#1567 = CARTESIAN_POINT ( 'NONE',  ( -82.30262566301870208, 197.5324722694580544, 74.28702549084400175 ) ) ;
#1568 = ORIENTED_EDGE ( 'NONE', *, *, #2012, .F. ) ;
#1569 = CARTESIAN_POINT ( 'NONE',  ( 185.0492585574277484, 229.7796319967171428, 83.90317257424240438 ) ) ;
#1570 = DIRECTION ( 'NONE',  ( -0.7933533402912367194, 8.659491393049567266E-17, 0.6087614290087187685 ) ) ;
#1571 = CARTESIAN_POINT ( 'NONE',  ( 157.8435542036979484, 220.7943084482309644, -159.3645532414154502 ) ) ;
#1572 = DIRECTION ( 'NONE',  ( -1.075469831095413517E-16, 1.877239573010963313E-18, 1.000000000000000000 ) ) ;
#1573 = PERSON_AND_ORGANIZATION ( #4154, #3100 ) ;
#1574 = ORIENTED_EDGE ( 'NONE', *, *, #920, .T. ) ;
#1575 = LINE ( 'NONE', #3517, #3449 ) ;
#1577 = EDGE_CURVE ( 'NONE', #3088, #2810, #361, .T. ) ;
#1576 = ORIENTED_EDGE ( 'NONE', *, *, #4108, .F. ) ;
#1578 = DIRECTION ( 'NONE',  ( 0.8035354771127143358, 0.5857813174921592259, -0.1057874524619668993 ) ) ;
#1579 = EDGE_CURVE ( 'NONE', #407, #3479, #2331, .T. ) ;
#1580 = CYLINDRICAL_SURFACE ( 'NONE', #1550, 24.99999999999999289 ) ;
#1581 = DIRECTION ( 'NONE',  ( 0.000000000000000000, 1.000000000000000000, -2.220446049250315053E-16 ) ) ;
#1582 = LINE ( 'NONE', #759, #2795 ) ;
#1583 = ORIENTED_EDGE ( 'NONE', *, *, #950, .F. ) ;
#1584 = CARTESIAN_POINT ( 'NONE',  ( 182.5269220392569025, 229.6627149438658648, 84.00338719097207729 ) ) ;
#1585 = CYLINDRICAL_SURFACE ( 'NONE', #2857, 50.00000000000006395 ) ;
#1586 = CARTESIAN_POINT ( 'NONE',  ( -82.21642813525487270, 202.4707253277113637, 61.14950374984471893 ) ) ;
#1587 = CARTESIAN_POINT ( 'NONE',  ( -80.96787944751166322, 196.7783426127540736, 83.47785525337251045 ) ) ;
#1588 = ORIENTED_EDGE ( 'NONE', *, *, #3908, .F. ) ;
#1589 = EDGE_CURVE ( 'NONE', #3392, #3628, #4747, .T. ) ;
#1590 = DIRECTION ( 'NONE',  ( 0.01745179249791745449, 0.9998125225936651539, -0.008387765107678820872 ) ) ;
#1591 = CARTESIAN_POINT ( 'NONE',  ( 234.2026746548905578, 17.70033671594097058, 355.7294698454460331 ) ) ;
#1592 = CC_DESIGN_PERSON_AND_ORGANIZATION_ASSIGNMENT ( #3339, #485, ( #4026 ) ) ;
#1593 = EDGE_LOOP ( 'NONE', ( #2591, #3700, #227, #4776 ) ) ;
#1594 = CARTESIAN_POINT ( 'NONE',  ( -24.64466094067266511, 260.0000000000000000, 28.72697061619094328 ) ) ;
#1595 = EDGE_CURVE ( 'NONE', #3386, #853, #45, .T. ) ;
#1596 = CARTESIAN_POINT ( 'NONE',  ( 179.0402414901291479, 260.0000000000000000, -109.5819417705625369 ) ) ;
#1597 =( BOUNDED_SURFACE ( )  B_SPLINE_SURFACE ( 3, 2, ( 
 ( #3584, #3243, #2393 ),
 ( #2848, #3972, #2031 ),
 ( #1318, #4442, #902 ),
 ( #2470, #115, #3273 ),
 ( #2878, #4468, #425 ),
 ( #4079, #144, #1732 ),
 ( #2007, #31, #1619 ),
 ( #1370, #2574, #4655 ),
 ( #3359, #2951, #3747 ),
 ( #2284, #616, #3049 ) ),
 .UNSPECIFIED., .F., .F., .F. ) 
 B_SPLINE_SURFACE_WITH_KNOTS ( ( 4, 2, 2, 2, 4 ),
 ( 3, 3 ),
 ( 2.040635351711082013, 2.317963728952711300, 2.595292106194340143, 2.872620483435969430, 3.149948860677598717 ),
 ( 0.000000000000000000, 1.000000000000000000 ),
 .UNSPECIFIED. ) 
 GEOMETRIC_REPRESENTATION_ITEM ( )  RATIONAL_B_SPLINE_SURFACE ( (
 ( 1.000000000000000000, 0.8241442123399359554, 1.000000000000000000),
 ( 1.000000000000000000, 0.8439417244582174682, 1.000000000000000000),
 ( 1.000000000000000000, 0.8616192611259887446, 1.000000000000000000),
 ( 1.000000000000000000, 0.8922317913614576934, 1.000000000000000000),
 ( 1.000000000000000000, 0.9051647718078114080, 1.000000000000000000),
 ( 1.000000000000000000, 0.9259293203060477984, 1.000000000000000000),
 ( 1.000000000000000000, 0.9337612389792325773, 1.000000000000000000),
 ( 1.000000000000000000, 0.9441177430839399198, 1.000000000000000000),
 ( 1.000000000000000000, 0.9466446459149047143, 1.000000000000000000),
 ( 1.000000000000000000, 0.9464809325101070092, 1.000000000000000000) ) ) 
 REPRESENTATION_ITEM ( '' )  SURFACE ( )  );
#1598 = CARTESIAN_POINT ( 'NONE',  ( 59.40000000000001990, 0.1999999999999907963, -80.66666666666662877 ) ) ;
#1599 = FACE_OUTER_BOUND ( 'NONE', #68, .T. ) ;
#1600 = EDGE_LOOP ( 'NONE', ( #1280, #2352, #174, #2374 ) ) ;
#1601 = CARTESIAN_POINT ( 'NONE',  ( 211.4989913710394944, 45.19999999999999574, 80.89759940396960758 ) ) ;
#1602 = ORIENTED_EDGE ( 'NONE', *, *, #3132, .T. ) ;
#1603 = DIRECTION ( 'NONE',  ( 0.7808688094430298321, 0.000000000000000000, 0.6246950475544248427 ) ) ;
#1604 = CARTESIAN_POINT ( 'NONE',  ( 193.7621177621732613, 254.7145461620384310, -115.5789478119476286 ) ) ;
#1605 = EDGE_CURVE ( 'NONE', #4605, #605, #2317, .T. ) ;
#1606 = CARTESIAN_POINT ( 'NONE',  ( 200.0196872632650980, 227.6388889677241991, -132.4574622034298557 ) ) ;
#1607 = LINE ( 'NONE', #1530, #1745 ) ;
#1608 = ORIENTED_EDGE ( 'NONE', *, *, #1517, .F. ) ;
#1609 = CARTESIAN_POINT ( 'NONE',  ( -38.89560137975832532, 199.8897442852542667, 109.5230763269249223 ) ) ;
#1610 = CARTESIAN_POINT ( 'NONE',  ( 71.72720607213656763, 45.19999999999999574, 45.58298860931905239 ) ) ;
#1611 = CARTESIAN_POINT ( 'NONE',  ( 182.5269220392569025, 229.6627149438658648, 84.00338719097207729 ) ) ;
#1612 = CARTESIAN_POINT ( 'NONE',  ( 61.99999999999999289, 33.20000000000000284, -80.66666666666662877 ) ) ;
#1613 = ORIENTED_EDGE ( 'NONE', *, *, #4881, .F. ) ;
#1614 = UNCERTAINTY_MEASURE_WITH_UNIT (LENGTH_MEASURE( 1.000000000000000082E-05 ), #2675, 'distance_accuracy_value', 'NONE');
#1615 = DIRECTION ( 'NONE',  ( -1.000000000000000000, -6.123031769111888756E-17, -4.307331433884064998E-16 ) ) ;
#1616 = EDGE_CURVE ( 'NONE', #1075, #280, #340, .T. ) ;
#1617 = VERTEX_POINT ( 'NONE', #1921 ) ;
#1618 = AXIS2_PLACEMENT_3D ( 'NONE', #706, #320, #1900 ) ;
#1619 = CARTESIAN_POINT ( 'NONE',  ( 162.2715887151093739, 222.4116914987461939, -158.0706468010033063 ) ) ;
#1620 = DIRECTION ( 'NONE',  ( 0.000000000000000000, 1.000000000000000000, 0.000000000000000000 ) ) ;
#1621 = CIRCLE ( 'NONE', #2771, 25.00000000000001066 ) ;
#1622 = CARTESIAN_POINT ( 'NONE',  ( 179.1509083060485636, 254.0925457042662572, 59.59085897377041618 ) ) ;
#1623 = ORIENTED_EDGE ( 'NONE', *, *, #604, .T. ) ;
#1624 = CARTESIAN_POINT ( 'NONE',  ( 225.7264406529733947, 227.2735593470264632, 53.29594016065171047 ) ) ;
#1625 = FACE_OUTER_BOUND ( 'NONE', #1871, .T. ) ;
#1626 =( BOUNDED_SURFACE ( )  B_SPLINE_SURFACE ( 3, 2, ( 
 ( #3709, #4455, #883 ),
 ( #942, #2123, #1665 ),
 ( #915, #2483, #160 ),
 ( #3320, #4801, #2809 ),
 ( #129, #4400, #493 ),
 ( #4877, #1357, #2915 ),
 ( #968, #3984, #3598 ),
 ( #42, #1632, #1068 ),
 ( #4524, #4550, #2584 ),
 ( #2963, #3734, #240 ) ),
 .UNSPECIFIED., .F., .F., .F. ) 
 B_SPLINE_SURFACE_WITH_KNOTS ( ( 4, 2, 2, 2, 4 ),
 ( 3, 3 ),
 ( 2.526067729070167633, 2.681105696566797647, 2.836143664063427217, 2.991181631560056786, 3.146219599056686356 ),
 ( 0.000000000000000000, 1.000000000000000000 ),
 .UNSPECIFIED. ) 
 GEOMETRIC_REPRESENTATION_ITEM ( )  RATIONAL_B_SPLINE_SURFACE ( (
 ( 1.000000000000000000, 0.9025232094663487858, 1.000000000000000000),
 ( 1.000000000000000000, 0.9088920121195009916, 1.000000000000000000),
 ( 1.000000000000000000, 0.9144942292155520125, 1.000000000000000000),
 ( 1.000000000000000000, 0.9241183710668441353, 1.000000000000000000),
 ( 1.000000000000000000, 0.9281400832817527924, 1.000000000000000000),
 ( 1.000000000000000000, 0.9345686307530538528, 1.000000000000000000),
 ( 1.000000000000000000, 0.9369754752653918217, 1.000000000000000000),
 ( 1.000000000000000000, 0.9401541060076015199, 1.000000000000000000),
 ( 1.000000000000000000, 0.9409261109141322521, 1.000000000000000000),
 ( 1.000000000000000000, 0.9408769418639842952, 1.000000000000000000) ) ) 
 REPRESENTATION_ITEM ( '' )  SURFACE ( )  );
#1627 = LINE ( 'NONE', #1995, #981 ) ;
#1628 = AXIS2_PLACEMENT_3D ( 'NONE', #4430, #522, #946 ) ;
#1629 = CARTESIAN_POINT ( 'NONE',  ( 179.0402414901291479, 260.0000000000000000, -109.5819417705625369 ) ) ;
#1630 = AXIS2_PLACEMENT_3D ( 'NONE', #3275, #4469, #847 ) ;
#1631 = CARTESIAN_POINT ( 'NONE',  ( 207.7857575228952669, 232.1577919585484722, -116.6114600330622864 ) ) ;
#1632 = CARTESIAN_POINT ( 'NONE',  ( 93.76926695081304786, 222.4906123130800779, 90.15090373164562720 ) ) ;
#1633 = ORIENTED_EDGE ( 'NONE', *, *, #3564, .F. ) ;
#1634 = DIRECTION ( 'NONE',  ( -0.6641207079711330952, -0.5676394938893580822, 0.4865481376194490393 ) ) ;
#1635 = CARTESIAN_POINT ( 'NONE',  ( 211.5002088938974794, 26.70029929310573991, 80.89918611065013465 ) ) ;
#1636 = ADVANCED_FACE ( 'NONE', ( #2406 ), #3502, .T. ) ;
#1637 = AXIS2_PLACEMENT_3D ( 'NONE', #3063, #4314, #1989 ) ;
#1638 = CARTESIAN_POINT ( 'NONE',  ( -84.99999999999998579, 43.00000000000000000, -135.4000000000000341 ) ) ;
#1639 = ORIENTED_EDGE ( 'NONE', *, *, #4234, .F. ) ;
#1640 = CIRCLE ( 'NONE', #2299, 5.000000000000004441 ) ;
#1641 = DIRECTION ( 'NONE',  ( -0.6087593410733238564, 1.521669391155664546E-06, -0.7933549424145897033 ) ) ;
#1642 = EDGE_LOOP ( 'NONE', ( #1993, #5047, #2767, #4199 ) ) ;
#1643 = ADVANCED_FACE ( 'NONE', ( #4346 ), #3094, .T. ) ;
#1644 = EDGE_CURVE ( 'NONE', #4329, #1447, #2985, .T. ) ;
#1645 = EDGE_CURVE ( 'NONE', #3066, #1205, #4457, .T. ) ;
#1646 = APPROVAL_PERSON_ORGANIZATION ( #121, #4652, #1736 ) ;
#1647 = CARTESIAN_POINT ( 'NONE',  ( -18.30362819421291221, 253.2963633769786895, -130.9493251509474590 ) ) ;
#1648 = CARTESIAN_POINT ( 'NONE',  ( 176.8624147333009375, 1.275601570199817791, 87.99999999999995737 ) ) ;
#1649 = FACE_OUTER_BOUND ( 'NONE', #4494, .T. ) ;
#1650 = DIRECTION ( 'NONE',  ( 0.1305261922200495750, 0.000000000000000000, 0.9914448613738107152 ) ) ;
#1651 = VERTEX_POINT ( 'NONE', #4803 ) ;
#1652 = DIRECTION ( 'NONE',  ( 1.000000000000000000, -0.000000000000000000, -0.000000000000000000 ) ) ;
#1653 = LINE ( 'NONE', #903, #1878 ) ;
#1654 = EDGE_CURVE ( 'NONE', #1025, #4186, #4066, .T. ) ;
#1655 = VECTOR ( 'NONE', #5018, 1000.000000000000114 ) ;
#1656 = CARTESIAN_POINT ( 'NONE',  ( 163.5591062177444428, 251.2697843363991410, 65.48304199737222575 ) ) ;
#1657 = CARTESIAN_POINT ( 'NONE',  ( -37.97050041363447548, 254.4787919945685246, 41.65185275364851236 ) ) ;
#1658 = VERTEX_POINT ( 'NONE', #4402 ) ;
#1659 = CARTESIAN_POINT ( 'NONE',  ( 56.57206259976715756, 213.0281251690580007, 98.26160699795013898 ) ) ;
#1660 = ORIENTED_EDGE ( 'NONE', *, *, #684, .F. ) ;
#1661 = VECTOR ( 'NONE', #2921, 1000.000000000000114 ) ;
#1662 = DIRECTION ( 'NONE',  ( 6.123031769111729751E-17, -1.000000000000000000, 2.220446049250308644E-16 ) ) ;
#1663 = CARTESIAN_POINT ( 'NONE',  ( -91.39999999999997726, 35.20000000000000284, -78.00000000000000000 ) ) ;
#1664 = PLANE ( 'NONE',  #4609 ) ;
#1665 = CARTESIAN_POINT ( 'NONE',  ( 59.71119185146709896, 215.7112123222176194, 95.96181800952760454 ) ) ;
#1666 = ORIENTED_EDGE ( 'NONE', *, *, #2509, .F. ) ;
#1667 = CYLINDRICAL_SURFACE ( 'NONE', #1708, 2.602000000000000757 ) ;
#1668 = CARTESIAN_POINT ( 'NONE',  ( -40.28537162897364965, 184.0647929685560200, 115.5377048796482029 ) ) ;
#1669 = EDGE_CURVE ( 'NONE', #2945, #1346, #521, .T. ) ;
#1670 = B_SPLINE_CURVE_WITH_KNOTS ( 'NONE', 3,
 ( #217, #269, #4932, #1072, #3857, #2993, #3044, #680, #4958, #1044, #3785, #4200, #3813, #2609, #2659, #4627 ),
 .UNSPECIFIED., .F., .F.,
 ( 4, 2, 2, 2, 2, 2, 2, 4 ),
 ( 0.000000000000000000, 0.2500000000000000000, 0.3125000000000000000, 0.3750000000000000000, 0.5000000000000001110, 0.6250000000000000000, 0.7500000000000000000, 1.000000000000000000 ),
 .UNSPECIFIED. ) ;
#1671 = CARTESIAN_POINT ( 'NONE',  ( -4.906698070205728790, 250.6173761905214405, -135.5060990475830920 ) ) ;
#1672 = ORIENTED_EDGE ( 'NONE', *, *, #3132, .F. ) ;
#1673 = FACE_OUTER_BOUND ( 'NONE', #4883, .T. ) ;
#1674 = ORIENTED_EDGE ( 'NONE', *, *, #1330, .T. ) ;
#1675 = DIRECTION ( 'NONE',  ( 0.000000000000000000, 0.000000000000000000, -1.000000000000000000 ) ) ;
#1676 = DIRECTION ( 'NONE',  ( 0.5540279718501400774, 0.4144096354647086033, -0.7220233101788526842 ) ) ;
#1677 = EDGE_CURVE ( 'NONE', #4203, #136, #3524, .T. ) ;
#1678 = ADVANCED_FACE ( 'NONE', ( #887 ), #581, .T. ) ;
#1679 = ORIENTED_EDGE ( 'NONE', *, *, #2769, .F. ) ;
#1680 = FACE_OUTER_BOUND ( 'NONE', #1788, .T. ) ;
#1681 = DIRECTION ( 'NONE',  ( 0.7933533402912350541, 0.000000000000000000, 0.6087614290087207669 ) ) ;
#1682 = CARTESIAN_POINT ( 'NONE',  ( -35.68141197351584282, 254.7800646389942187, 45.63351843364942795 ) ) ;
#1683 = EDGE_LOOP ( 'NONE', ( #3099, #1819, #1531, #4482, #3546, #2711 ) ) ;
#1684 = CARTESIAN_POINT ( 'NONE',  ( 228.3957003391400349, 209.7696543157162523, 67.40461772519248029 ) ) ;
#1685 = CARTESIAN_POINT ( 'NONE',  ( 193.7784551526622181, 254.8632053459135705, 45.88418359075248532 ) ) ;
#1686 = CARTESIAN_POINT ( 'NONE',  ( -56.68567898695817320, 220.8601003823047790, -154.6401803310558307 ) ) ;
#1687 = CARTESIAN_POINT ( 'NONE',  ( 101.0085060271422037, 45.19999999999998863, 92.96159885715790949 ) ) ;
#1688 = CARTESIAN_POINT ( 'NONE',  ( 197.8257675369433173, 222.9578580644259489, -137.0677786935695224 ) ) ;
#1689 = CARTESIAN_POINT ( 'NONE',  ( -75.27911181432280330, 208.5234363592963405, 93.68325199819847171 ) ) ;
#1690 = ORIENTED_EDGE ( 'NONE', *, *, #1645, .T. ) ;
#1691 = CARTESIAN_POINT ( 'NONE',  ( 105.9999999999997300, 45.19999999999999574, 76.21023553303051301 ) ) ;
#1692 = CARTESIAN_POINT ( 'NONE',  ( -69.87967416574495871, 195.5702314525688053, 98.68579880247510516 ) ) ;
#1693 = B_SPLINE_CURVE_WITH_KNOTS ( 'NONE', 3,
 ( #3147, #413, #2757, #1221, #4342, #2378, #3170, #2785, #3597, #3345, #492, #2889, #3678, #1379, #1332, #2530, #2562, #4476, #1272, #187, #4853, #2042, #2938, #460, #3626, #128, #3228, #941, #2152, #1301, #1356, #2504 ),
 .UNSPECIFIED., .F., .F.,
 ( 4, 2, 2, 2, 2, 2, 1, 2, 2, 2, 2, 2, 1, 2, 2, 2, 4 ),
 ( 0.000000000000000000, 0.1249999999999921729, 0.2499999999999843459, 0.3749999999999765188, 0.4374999999999730771, 0.4687499999999720779, 0.4843749999999715783, 0.4921874999999713007, 0.4999999999999710232, 0.6249999999999785727, 0.6874999999999822364, 0.7187499999999849010, 0.7343749999999861222, 0.7421874999999866773, 0.7499999999999873435, 0.8749999999999936717, 1.000000000000000000 ),
 .UNSPECIFIED. ) ;
#1694 = CARTESIAN_POINT ( 'NONE',  ( -38.61449668278009995, 199.8897442852552331, 109.5230763269240697 ) ) ;
#1695 = VERTEX_POINT ( 'NONE', #548 ) ;
#1696 = CARTESIAN_POINT ( 'NONE',  ( 71.72704578221220117, 45.19999999999999574, 45.58277971542261042 ) ) ;
#1697 = VERTEX_POINT ( 'NONE', #4502 ) ;
#1698 = CARTESIAN_POINT ( 'NONE',  ( 175.4296793961689787, 222.5215479034938824, -125.9671089194458773 ) ) ;
#1699 = CARTESIAN_POINT ( 'NONE',  ( -114.5524090462144073, 45.19999999999999574, -4.233333333333422210 ) ) ;
#1700 = CARTESIAN_POINT ( 'NONE',  ( -53.35139267946911446, 211.0681897067169928, 99.56132841933998634 ) ) ;
#1701 = CARTESIAN_POINT ( 'NONE',  ( -68.66966751046507511, 219.1382796237177217, -147.3193226748479105 ) ) ;
#1702 = ORIENTED_EDGE ( 'NONE', *, *, #1589, .T. ) ;
#1703 = DIRECTION ( 'NONE',  ( 6.123031769111878895E-17, -1.000000000000000000, 2.220446049250309876E-16 ) ) ;
#1704 = CARTESIAN_POINT ( 'NONE',  ( 154.3367006972258366, 102.6326265757459595, -166.9591086312801167 ) ) ;
#1705 = EDGE_CURVE ( 'NONE', #2495, #1043, #945, .T. ) ;
#1706 = CARTESIAN_POINT ( 'NONE',  ( 200.3223304703364533, 252.6776695296636319, 28.72697061619089354 ) ) ;
#1707 = CARTESIAN_POINT ( 'NONE',  ( -39.36070784203402440, 204.8723877182502520, -165.1745069622923836 ) ) ;
#1708 = AXIS2_PLACEMENT_3D ( 'NONE', #3231, #4039, #1304 ) ;
#1709 = DATE_AND_TIME ( #4417, #52 ) ;
#1710 = ORIENTED_EDGE ( 'NONE', *, *, #4398, .F. ) ;
#1711 = CARTESIAN_POINT ( 'NONE',  ( 217.7020811222062378, 213.0546158473724461, 78.03958555441876399 ) ) ;
#1712 = ORIENTED_EDGE ( 'NONE', *, *, #2646, .T. ) ;
#1713 = CARTESIAN_POINT ( 'NONE',  ( 224.4054007113473688, 211.3858655815709255, 72.01963795465812268 ) ) ;
#1714 = VECTOR ( 'NONE', #5065, 1000.000000000000227 ) ;
#1715 = DIRECTION ( 'NONE',  ( -1.110223024625156935E-15, 1.000000000000000000, 1.110223024625156935E-15 ) ) ;
#1716 = DIRECTION ( 'NONE',  ( 0.6047078979069516746, -0.6047078979069524518, 0.5183210553488160066 ) ) ;
#1717 = CARTESIAN_POINT ( 'NONE',  ( -66.54486656594015415, 216.1239234095694997, 87.76572763557491896 ) ) ;
#1718 = EDGE_LOOP ( 'NONE', ( #3662, #355, #1308, #268 ) ) ;
#1719 = VECTOR ( 'NONE', #2354, 1000.000000000000000 ) ;
#1720 = DIRECTION ( 'NONE',  ( 6.123031769111878895E-17, -1.000000000000000000, 2.220446049250309876E-16 ) ) ;
#1721 = DIRECTION ( 'NONE',  ( 0.000000000000000000, 1.000000000000000000, -2.220446049250315053E-16 ) ) ;
#1722 = AXIS2_PLACEMENT_3D ( 'NONE', #116, #2088, #1733 ) ;
#1723 = CARTESIAN_POINT ( 'NONE',  ( -38.89560137975832532, 199.8897442852542667, 109.5230763269248939 ) ) ;
#1724 = ORIENTED_EDGE ( 'NONE', *, *, #177, .T. ) ;
#1725 = CARTESIAN_POINT ( 'NONE',  ( -72.35222052035486229, 220.7353804804881179, -136.6122117305242796 ) ) ;
#1726 = EDGE_CURVE ( 'NONE', #3479, #4753, #2282, .T. ) ;
#1727 = VECTOR ( 'NONE', #749, 1000.000000000000000 ) ;
#1728 = CARTESIAN_POINT ( 'NONE',  ( -26.26391960341475240, 254.3606532887033325, -125.8391521728426454 ) ) ;
#1729 = FACE_OUTER_BOUND ( 'NONE', #43, .T. ) ;
#1730 = CARTESIAN_POINT ( 'NONE',  ( -76.96133655608643664, 200.0036484061936903, -152.2954685270694597 ) ) ;
#1731 = ORIENTED_EDGE ( 'NONE', *, *, #4659, .T. ) ;
#1732 = CARTESIAN_POINT ( 'NONE',  ( 164.3927348309587728, 223.6167349882140343, -157.1066120094290284 ) ) ;
#1733 = DIRECTION ( 'NONE',  ( -1.110223024625156935E-15, -1.000000000000000000, 0.000000000000000000 ) ) ;
#1734 = CARTESIAN_POINT ( 'NONE',  ( 177.8000000000000114, 45.19999999999999574, 92.96159885715790949 ) ) ;
#1735 = LINE ( 'NONE', #874, #2387 ) ;
#1736 = APPROVAL_ROLE ( '' ) ;
#1737 = ORIENTED_EDGE ( 'NONE', *, *, #4003, .F. ) ;
#1738 = CARTESIAN_POINT ( 'NONE',  ( 207.1789491422164247, 233.2054778007653795, 73.36810375041415000 ) ) ;
#1739 = LINE ( 'NONE', #1325, #4770 ) ;
#1740 = LINE ( 'NONE', #1377, #3456 ) ;
#1741 = VECTOR ( 'NONE', #1750, 1000.000000000000000 ) ;
#1742 = CARTESIAN_POINT ( 'NONE',  ( 199.7125663743922814, 17.70029221694985466, 88.59608099268815806 ) ) ;
#1743 = CARTESIAN_POINT ( 'NONE',  ( 240.2094995461023927, 202.8676639344121782, 32.71825707460983779 ) ) ;
#1744 = CARTESIAN_POINT ( 'NONE',  ( -65.36832680139779939, 215.5478965663654947, 89.53508344631590887 ) ) ;
#1745 = VECTOR ( 'NONE', #3926, 1000.000000000000000 ) ;
#1746 = EDGE_CURVE ( 'NONE', #4613, #2430, #712, .T. ) ;
#1747 = ORIENTED_EDGE ( 'NONE', *, *, #2706, .F. ) ;
#1748 = CARTESIAN_POINT ( 'NONE',  ( -40.78833810513673086, 200.4736843127032841, 109.0225563033971667 ) ) ;
#1749 = CARTESIAN_POINT ( 'NONE',  ( 486.2811353838490618, 229.6627149438657227, 84.00338719097230467 ) ) ;
#1750 = DIRECTION ( 'NONE',  ( -1.457782542662494776E-16, 1.000000000000000000, -1.118595887589528390E-16 ) ) ;
#1751 = EDGE_LOOP ( 'NONE', ( #4178, #2205, #4676, #2338 ) ) ;
#1752 = PLANE ( 'NONE',  #3009 ) ;
#1753 = CARTESIAN_POINT ( 'NONE',  ( 486.2811353838490618, 260.0000000000000000, 46.50162693823970272 ) ) ;
#1754 = CARTESIAN_POINT ( 'NONE',  ( 227.7763140935533102, 225.2236859064472299, 50.06987360560253819 ) ) ;
#1755 = CARTESIAN_POINT ( 'NONE',  ( -51.05656924103424643, 209.6616980030456432, 101.1471159973893634 ) ) ;
#1756 = CARTESIAN_POINT ( 'NONE',  ( -67.35334630982991655, 212.0091817397427576, -161.0250303309098570 ) ) ;
#1757 = VERTEX_POINT ( 'NONE', #4857 ) ;
#1758 = CARTESIAN_POINT ( 'NONE',  ( 35.21177667124667465, 193.0588706629538081, 115.3781108602819074 ) ) ;
#1759 = LINE ( 'NONE', #3337, #4031 ) ;
#1760 = DIRECTION ( 'NONE',  ( -0.000000000000000000, 0.000000000000000000, 1.000000000000000000 ) ) ;
#1761 = VERTEX_POINT ( 'NONE', #104 ) ;
#1762 = CARTESIAN_POINT ( 'NONE',  ( 323.1162914234799928, 26.70029929310580030, 328.3157096621870323 ) ) ;
#1763 = PLANE ( 'NONE',  #4042 ) ;
#1764 = CARTESIAN_POINT ( 'NONE',  ( -43.43237801416071875, 221.7417506969819385, -158.0144870001617790 ) ) ;
#1765 = CARTESIAN_POINT ( 'NONE',  ( 33.19015588595630817, 199.8897442852552047, 109.5230763269241265 ) ) ;
#1766 = CARTESIAN_POINT ( 'NONE',  ( 198.7171483380489860, 17.69996258359885388, 86.19410316151900986 ) ) ;
#1767 = CARTESIAN_POINT ( 'NONE',  ( 185.1731469645762900, 212.6892854072212344, -153.4311654424888616 ) ) ;
#1768 = ORIENTED_EDGE ( 'NONE', *, *, #1950, .F. ) ;
#1769 = DIRECTION ( 'NONE',  ( -0.000000000000000000, -0.9998476951563911586, -0.01745240643728350124 ) ) ;
#1770 = DIRECTION ( 'NONE',  ( -0.3826834323650925573, 0.000000000000000000, -0.9238795325112855172 ) ) ;
#1771 = EDGE_CURVE ( 'NONE', #4899, #472, #3258, .T. ) ;
#1772 = CARTESIAN_POINT ( 'NONE',  ( 178.3535061149495107, 253.6294567344528730, -129.9025606026913806 ) ) ;
#1773 = ORIENTED_EDGE ( 'NONE', *, *, #2240, .T. ) ;
#1774 = CARTESIAN_POINT ( 'NONE',  ( 64.99852728656189527, 45.19999999999999574, 22.77607596902185705 ) ) ;
#1775 = LINE ( 'NONE', #4208, #395 ) ;
#1776 = CARTESIAN_POINT ( 'NONE',  ( -66.52024404574044070, 219.0498864410297131, -149.9051172045305407 ) ) ;
#1777 = ORIENTED_EDGE ( 'NONE', *, *, #4106, .F. ) ;
#1778 = CARTESIAN_POINT ( 'NONE',  ( 188.9425930834679832, 249.9512856240793042, -129.4868994824853985 ) ) ;
#1779 = FACE_OUTER_BOUND ( 'NONE', #2679, .T. ) ;
#1780 = DIRECTION ( 'NONE',  ( 0.7933533402912350541, 0.000000000000000000, 0.6087614290087207669 ) ) ;
#1781 = VERTEX_POINT ( 'NONE', #2427 ) ;
#1782 = CARTESIAN_POINT ( 'NONE',  ( 237.3969043075351237, 66.08139315730161911, -63.39728061235455669 ) ) ;
#1783 = CARTESIAN_POINT ( 'NONE',  ( 173.7761310499309104, 260.0000000000000000, 44.47213426962125737 ) ) ;
#1784 = CARTESIAN_POINT ( 'NONE',  ( 173.7641737865410221, 0.2000000000000261013, 90.60000000000000853 ) ) ;
#1785 = CYLINDRICAL_SURFACE ( 'NONE', #1475, 24.99999999999998224 ) ;
#1786 = DIRECTION ( 'NONE',  ( -0.6047078979069521187, 0.6047078979069521187, -0.5183210553488161176 ) ) ;
#1787 = CARTESIAN_POINT ( 'NONE',  ( 184.8278043177960228, 212.5061232275481586, -153.7220185399158652 ) ) ;
#1788 = EDGE_LOOP ( 'NONE', ( #7, #1568, #1967, #4702 ) ) ;
#1789 = DIRECTION ( 'NONE',  ( 0.000000000000000000, 0.000000000000000000, -1.000000000000000000 ) ) ;
#1790 = ORIENTED_EDGE ( 'NONE', *, *, #2080, .T. ) ;
#1791 = CARTESIAN_POINT ( 'NONE',  ( 150.0000005607333264, 0.2000000000000143885, 87.99999144486139357 ) ) ;
#1792 = VECTOR ( 'NONE', #2893, 1000.000000000000114 ) ;
#1793 = AXIS2_PLACEMENT_3D ( 'NONE', #1070, #1382, #1789 ) ;
#1794 = CARTESIAN_POINT ( 'NONE',  ( 162.9066980702057776, 250.6173761888605895, -135.5060990489116932 ) ) ;
#1795 = ORIENTED_EDGE ( 'NONE', *, *, #3570, .F. ) ;
#1796 = CARTESIAN_POINT ( 'NONE',  ( -66.52024404574044070, 219.0498864410297131, -149.9051172045305407 ) ) ;
#1797 =( BOUNDED_SURFACE ( )  B_SPLINE_SURFACE ( 3, 2, ( 
 ( #516, #2856, #99 ),
 ( #1686, #3731, #3225 ),
 ( #4451, #3253, #183 ),
 ( #1764, #4798, #3343 ),
 ( #4822, #2447, #3703 ),
 ( #1297, #4895, #3676 ) ),
 .UNSPECIFIED., .F., .F., .F. ) 
 B_SPLINE_SURFACE_WITH_KNOTS ( ( 4, 2, 4 ),
 ( 3, 3 ),
 ( 5.369720797298180415, 5.604732831206378663, 5.839744865114577799 ),
 ( 0.000000000000000000, 1.000000000000000000 ),
 .UNSPECIFIED. ) 
 GEOMETRIC_REPRESENTATION_ITEM ( )  RATIONAL_B_SPLINE_SURFACE ( (
 ( 1.000000000000000000, 0.8762128284557330060, 1.000000000000000000),
 ( 1.000000000000000000, 0.8917211054539028181, 1.000000000000000000),
 ( 1.000000000000000000, 0.9054057818187042361, 1.000000000000000000),
 ( 1.000000000000000000, 0.9288958912412890179, 1.000000000000000000),
 ( 1.000000000000000000, 0.9387013908639950666, 1.000000000000000000),
 ( 1.000000000000000000, 0.9464809325101072313, 1.000000000000000000) ) ) 
 REPRESENTATION_ITEM ( '' )  SURFACE ( )  );
#1798 = AXIS2_PLACEMENT_3D ( 'NONE', #2306, #3193, #3880 ) ;
#1799 = EDGE_CURVE ( 'NONE', #755, #122, #3603, .T. ) ;
#1800 = DIRECTION ( 'NONE',  ( 6.123031769111888756E-17, -1.000000000000000000, 2.637392720976639626E-32 ) ) ;
#1801 = VECTOR ( 'NONE', #1837, 1000.000000000000000 ) ;
#1802 = CARTESIAN_POINT ( 'NONE',  ( -81.30216127359335587, 200.2218475892393599, -142.8288313194783825 ) ) ;
#1803 = EDGE_CURVE ( 'NONE', #3363, #4317, #2126, .T. ) ;
#1805 = EDGE_CURVE ( 'NONE', #1214, #1757, #496, .T. ) ;
#1804 = ORIENTED_EDGE ( 'NONE', *, *, #4755, .T. ) ;
#1806 = AXIS2_PLACEMENT_3D ( 'NONE', #3413, #2596, #2929 ) ;
#1807 = LINE ( 'NONE', #4110, #5006 ) ;
#1808 = DIRECTION ( 'NONE',  ( 0.000000000000000000, -2.220446049250315053E-16, -1.000000000000000000 ) ) ;
#1809 = ORIENTED_EDGE ( 'NONE', *, *, #1264, .F. ) ;
#1810 = AXIS2_PLACEMENT_3D ( 'NONE', #225, #3355, #636 ) ;
#1811 = CARTESIAN_POINT ( 'NONE',  ( 201.3735379976518232, 233.0215335914556078, 77.21530516025232771 ) ) ;
#1812 = CARTESIAN_POINT ( 'NONE',  ( 180.8931892799393211, 254.3697509386073534, 58.76694242967059267 ) ) ;
#1813 = CARTESIAN_POINT ( 'NONE',  ( -17.82637111521082929, 260.0000000000000000, 43.26674735132768035 ) ) ;
#1814 = CARTESIAN_POINT ( 'NONE',  ( 224.0592302244119765, 45.19999999999999574, 74.53953837756949952 ) ) ;
#1815 = CARTESIAN_POINT ( 'NONE',  ( 34.48216536436670054, 199.8897442852759525, 109.5230763269064056 ) ) ;
#1816 = CARTESIAN_POINT ( 'NONE',  ( 184.0730163016259269, 212.1175017498705699, -154.3389611919345725 ) ) ;
#1817 = VERTEX_POINT ( 'NONE', #859 ) ;
#1818 = CARTESIAN_POINT ( 'NONE',  ( 230.1714872680433643, 222.8285127319570620, 45.68384340652178111 ) ) ;
#1819 = ORIENTED_EDGE ( 'NONE', *, *, #85, .T. ) ;
#1820 = LINE ( 'NONE', #3405, #2039 ) ;
#1821 = VECTOR ( 'NONE', #618, 1000.000000000000000 ) ;
#1822 = CARTESIAN_POINT ( 'NONE',  ( 187.5102377940346514, 254.5958998161352724, -122.8539442350550672 ) ) ;
#1823 = ORIENTED_EDGE ( 'NONE', *, *, #154, .T. ) ;
#1824 = CARTESIAN_POINT ( 'NONE',  ( -66.03753210414269859, 219.0591971202377408, -150.3642953901711223 ) ) ;
#1825 = CIRCLE ( 'NONE', #1243, 33.00000000000000000 ) ;
#1826 = DIRECTION ( 'NONE',  ( 0.1305261922200488534, 1.896549735176354757E-16, 0.9914448613738108262 ) ) ;
#1827 = EDGE_CURVE ( 'NONE', #4411, #4613, #4010, .T. ) ;
#1828 = CARTESIAN_POINT ( 'NONE',  ( -61.39677921170216734, 212.6637931471179854, -163.9470760899555160 ) ) ;
#1829 = ORIENTED_EDGE ( 'NONE', *, *, #4303, .F. ) ;
#1830 = ADVANCED_FACE ( 'NONE', ( #2455 ), #1667, .T. ) ;
#1831 = EDGE_CURVE ( 'NONE', #1617, #2787, #2074, .T. ) ;
#1832 = CARTESIAN_POINT ( 'NONE',  ( -38.61449668278009995, 199.8897442852552047, 109.5230763269240271 ) ) ;
#1833 = LINE ( 'NONE', #1446, #1655 ) ;
#1834 = ORIENTED_EDGE ( 'NONE', *, *, #1455, .T. ) ;
#1835 = CARTESIAN_POINT ( 'NONE',  ( 242.9999999999999432, 43.00000000000000000, 35.50875752850755873 ) ) ;
#1836 = CARTESIAN_POINT ( 'NONE',  ( -38.87328413967718888, 254.2143567999760023, -109.4136428790002356 ) ) ;
#1837 = DIRECTION ( 'NONE',  ( 6.953765051542784484E-17, 1.000000000000000000, -1.678787389699060547E-16 ) ) ;
#1838 = LINE ( 'NONE', #1814, #2880 ) ;
#1839 = CARTESIAN_POINT ( 'NONE',  ( -91.39999999999999147, 45.19800000000000040, -73.00000000000000000 ) ) ;
#1840 = DIRECTION ( 'NONE',  ( 0.000000000000000000, -1.000000000000000000, 2.220446049250315053E-16 ) ) ;
#1841 = CARTESIAN_POINT ( 'NONE',  ( 184.4228642463339156, 212.2949707853778136, -154.0572678955112451 ) ) ;
#1842 = ORIENTED_EDGE ( 'NONE', *, *, #1644, .F. ) ;
#1843 = CARTESIAN_POINT ( 'NONE',  ( -94.00000000000000000, -14.80000000000000071, -135.4000000000000341 ) ) ;
#1844 = VERTEX_POINT ( 'NONE', #1843 ) ;
#1845 = CARTESIAN_POINT ( 'NONE',  ( 59.39999999999999858, 33.20000000000000284, -80.66666666666662877 ) ) ;
#1846 = CARTESIAN_POINT ( 'NONE',  ( 175.7446234801940079, 253.2050386674317224, -131.2325133513815558 ) ) ;
#1847 = VERTEX_POINT ( 'NONE', #1864 ) ;
#1848 = LINE ( 'NONE', #293, #1291 ) ;
#1849 = EDGE_CURVE ( 'NONE', #2490, #2262, #288, .T. ) ;
#1850 = CARTESIAN_POINT ( 'NONE',  ( 203.7703944229401145, 231.8259882435657460, -124.7256726949022436 ) ) ;
#1851 = DIRECTION ( 'NONE',  ( -6.123031769111737147E-17, 1.000000000000000000, -2.220446049250318011E-16 ) ) ;
#1852 = CARTESIAN_POINT ( 'NONE',  ( -91.39999999999999147, 47.80000000000000426, -135.4000000000000341 ) ) ;
#1853 = EDGE_LOOP ( 'NONE', ( #2729, #2744, #3001, #1103 ) ) ;
#1854 = DIRECTION ( 'NONE',  ( -0.000000000000000000, 0.000000000000000000, -1.000000000000000000 ) ) ;
#1855 = CARTESIAN_POINT ( 'NONE',  ( 328.8781384749045742, 30.20000000000000284, -115.4000000000000057 ) ) ;
#1856 = ORIENTED_EDGE ( 'NONE', *, *, #1538, .F. ) ;
#1857 = FACE_OUTER_BOUND ( 'NONE', #894, .T. ) ;
#1858 = EDGE_CURVE ( 'NONE', #633, #2645, #606, .T. ) ;
#1859 = CARTESIAN_POINT ( 'NONE',  ( -26.62176259978904369, 254.7416577492682563, 56.03739132681931778 ) ) ;
#1860 = CYLINDRICAL_SURFACE ( 'NONE', #985, 5.000000000000004441 ) ;
#1861 = CARTESIAN_POINT ( 'NONE',  ( 237.4940401200705935, 204.5244957442244242, 50.06062360007309309 ) ) ;
#1862 = CARTESIAN_POINT ( 'NONE',  ( 171.0588322429092045, 207.3390126320426816, -161.8934228418132761 ) ) ;
#1863 = VERTEX_POINT ( 'NONE', #4900 ) ;
#1864 = CARTESIAN_POINT ( 'NONE',  ( 240.2094995461006874, 202.8676639345191006, -40.63669162919146771 ) ) ;
#1866 = ADVANCED_FACE ( 'NONE', ( #1093 ), #242, .T. ) ;
#1865 = ORIENTED_EDGE ( 'NONE', *, *, #4749, .T. ) ;
#1867 = EDGE_CURVE ( 'NONE', #1410, #2524, #3693, .T. ) ;
#1868 = DIRECTION ( 'NONE',  ( -0.9914448613738101601, 0.000000000000000000, 0.1305261922200537938 ) ) ;
#1869 = ADVANCED_FACE ( 'NONE', ( #2635 ), #3203, .T. ) ;
#1870 = CARTESIAN_POINT ( 'NONE',  ( -51.46364954531889424, 195.3389125289526476, 113.4237892608977489 ) ) ;
#1871 = EDGE_LOOP ( 'NONE', ( #841, #1991, #4256, #638 ) ) ;
#1872 = AXIS2_PLACEMENT_3D ( 'NONE', #836, #1532, #1199 ) ;
#1873 = CARTESIAN_POINT ( 'NONE',  ( 62.00000000000000000, 24.12857142857148318, -112.9999999999999289 ) ) ;
#1874 = DIRECTION ( 'NONE',  ( 6.123031769111878895E-17, -1.000000000000000000, 2.220446049250309876E-16 ) ) ;
#1875 = CARTESIAN_POINT ( 'NONE',  ( 51.47769203073787736, 186.1404954905113982, 112.0365227035910891 ) ) ;
#1876 = ORIENTED_EDGE ( 'NONE', *, *, #4595, .T. ) ;
#1877 = AXIS2_PLACEMENT_3D ( 'NONE', #3863, #1874, #2663 ) ;
#1878 = VECTOR ( 'NONE', #4081, 1000.000000000000000 ) ;
#1879 = CARTESIAN_POINT ( 'NONE',  ( 185.5087575285074308, 43.00000000000000000, 93.00000000000002842 ) ) ;
#1880 = DIRECTION ( 'NONE',  ( 0.000000000000000000, -0.8490566037735829408, 0.5283018867924559325 ) ) ;
#1881 = EDGE_CURVE ( 'NONE', #3910, #2430, #2942, .T. ) ;
#1882 = ORIENTED_EDGE ( 'NONE', *, *, #3282, .F. ) ;
#1883 = CARTESIAN_POINT ( 'NONE',  ( 225.7264406529733947, 227.2735593470264632, 53.29594016065171758 ) ) ;
#1884 = CARTESIAN_POINT ( 'NONE',  ( 211.9458121389197629, 213.8415604948451971, 81.92336522267957832 ) ) ;
#1885 = AXIS2_PLACEMENT_3D ( 'NONE', #255, #3434, #3749 ) ;
#1886 = CARTESIAN_POINT ( 'NONE',  ( 106.0000000000000000, 45.19999999999999574, 76.21023553303062670 ) ) ;
#1887 = CIRCLE ( 'NONE', #4362, 25.00000000000000711 ) ;
#1888 = CARTESIAN_POINT ( 'NONE',  ( 237.6633714945987776, 204.4252888772007850, 49.52592365556986209 ) ) ;
#1889 = DIRECTION ( 'NONE',  ( 1.000000000000000000, 0.000000000000000000, -0.000000000000000000 ) ) ;
#1890 = ORIENTED_EDGE ( 'NONE', *, *, #1428, .T. ) ;
#1891 = CARTESIAN_POINT ( 'NONE',  ( 232.9964073635976547, 220.0035926364027716, 60.48935121204078058 ) ) ;
#1892 = ORIENTED_EDGE ( 'NONE', *, *, #1517, .T. ) ;
#1893 = LINE ( 'NONE', #1459, #3450 ) ;
#1894 = EDGE_CURVE ( 'NONE', #2073, #2371, #4345, .T. ) ;
#1895 = AXIS2_PLACEMENT_3D ( 'NONE', #2701, #4691, #5098 ) ;
#1896 = ADVANCED_FACE ( 'NONE', ( #2657 ), #3833, .T. ) ;
#1897 = EDGE_CURVE ( 'NONE', #30, #1844, #4588, .T. ) ;
#1898 = CARTESIAN_POINT ( 'NONE',  ( 232.9620650853324548, 43.00000000000000000, 63.08277971542282359 ) ) ;
#1899 = ORIENTED_EDGE ( 'NONE', *, *, #1950, .T. ) ;
#1900 = DIRECTION ( 'NONE',  ( -2.102695122396129916E-16, 0.000000000000000000, 1.000000000000000000 ) ) ;
#1901 = CARTESIAN_POINT ( 'NONE',  ( 201.1156904288603755, 250.9679035462157799, -109.7569629110557372 ) ) ;
#1902 = VECTOR ( 'NONE', #1925, 1000.000000000000114 ) ;
#1903 = CARTESIAN_POINT ( 'NONE',  ( -62.32933289847871094, 219.4359284068848410, -152.8734795855464768 ) ) ;
#1904 = CIRCLE ( 'NONE', #329, 2.602000000000000313 ) ;
#1905 = VERTEX_POINT ( 'NONE', #1526 ) ;
#1906 = LINE ( 'NONE', #2647, #649 ) ;
#1907 = CARTESIAN_POINT ( 'NONE',  ( 182.5269220392568172, 213.8292407683985914, 90.01816451074944325 ) ) ;
#1908 = ORIENTED_EDGE ( 'NONE', *, *, #3318, .T. ) ;
#1909 = CARTESIAN_POINT ( 'NONE',  ( 175.4174627655928020, 238.1066114934733662, -145.5147108052214264 ) ) ;
#1910 = CARTESIAN_POINT ( 'NONE',  ( -82.21291912528687362, 202.6717563741424897, -127.7017103364919137 ) ) ;
#1911 = CARTESIAN_POINT ( 'NONE',  ( 170.0617479394906297, 228.6337193805121899, -153.0930244955904413 ) ) ;
#1912 = DIRECTION ( 'NONE',  ( -0.3826834323650903369, 1.817106376559491550E-16, 0.9238795325112866275 ) ) ;
#1913 = CARTESIAN_POINT ( 'NONE',  ( 106.0000171840989935, 45.19999999999999574, 76.21020576929760182 ) ) ;
#1914 = EDGE_LOOP ( 'NONE', ( #1223, #3649, #2926, #679 ) ) ;
#1915 = DIRECTION ( 'NONE',  ( 0.000000000000000000, -2.187571639334703079E-16, -1.000000000000000000 ) ) ;
#1916 = ORIENTED_EDGE ( 'NONE', *, *, #2862, .T. ) ;
#1917 = FACE_OUTER_BOUND ( 'NONE', #500, .T. ) ;
#1918 = LINE ( 'NONE', #3499, #2451 ) ;
#1919 = CARTESIAN_POINT ( 'NONE',  ( 240.0332187984877237, 212.9667812015128447, -40.63669162919147482 ) ) ;
#1920 = VERTEX_POINT ( 'NONE', #14 ) ;
#1921 = CARTESIAN_POINT ( 'NONE',  ( 177.8000000000000398, 45.19999999999999574, 88.00000000000001421 ) ) ;
#1922 = DIRECTION ( 'NONE',  ( 1.000000000000000000, 0.000000000000000000, -0.000000000000000000 ) ) ;
#1923 = EDGE_CURVE ( 'NONE', #3386, #2916, #1303, .T. ) ;
#1924 = ADVANCED_FACE ( 'NONE', ( #5029 ), #431, .T. ) ;
#1925 = DIRECTION ( 'NONE',  ( 0.01745240643728350124, 0.9998476951563911586, -0.000000000000000000 ) ) ;
#1926 = CARTESIAN_POINT ( 'NONE',  ( -94.00000000000000000, -14.80000000000000071, -130.3999999999999773 ) ) ;
#1927 = EDGE_LOOP ( 'NONE', ( #3812, #1184, #4564, #4462, #3643, #3150, #1549, #2588, #1583, #571, #3838, #4490, #3866, #1353, #66, #1899, #999, #2656, #2906, #3411, #108, #4634, #4551, #189, #4849 ) ) ;
#1928 = ADVANCED_FACE ( 'NONE', ( #4318 ), #3545, .T. ) ;
#1929 = CARTESIAN_POINT ( 'NONE',  ( 173.7641737865410505, 5.200000000000029488, 87.99999999999997158 ) ) ;
#1930 = ORIENTED_EDGE ( 'NONE', *, *, #490, .T. ) ;
#1931 = CARTESIAN_POINT ( 'NONE',  ( 212.5670116693228806, 205.0776492713497987, -51.72654204802829270 ) ) ;
#1932 = CARTESIAN_POINT ( 'NONE',  ( 162.9066980702054934, 260.0000000000000000, -115.9843788128359989 ) ) ;
#1933 = DIRECTION ( 'NONE',  ( 0.6047078979069540061, 0.6047078979069512306, -0.5183210553488147854 ) ) ;
#1934 = COORDINATED_UNIVERSAL_TIME_OFFSET ( 7, 0, .AHEAD. ) ;
#1935 = DIRECTION ( 'NONE',  ( 0.000000000000000000, -2.187571639334703079E-16, -1.000000000000000000 ) ) ;
#1936 = ORIENTED_EDGE ( 'NONE', *, *, #4962, .F. ) ;
#1937 = DIRECTION ( 'NONE',  ( -3.749151804555344967E-33, -5.719166459861018941E-18, 1.000000000000000000 ) ) ;
#1938 = ORIENTED_EDGE ( 'NONE', *, *, #168, .F. ) ;
#1939 = CARTESIAN_POINT ( 'NONE',  ( 240.8753657473069438, 63.63836063081379280, -56.47535512063906538 ) ) ;
#1940 = FACE_OUTER_BOUND ( 'NONE', #3347, .T. ) ;
#1941 = CARTESIAN_POINT ( 'NONE',  ( 199.0012025994209921, 225.7199690825746359, -134.5877225414600673 ) ) ;
#1942 = CARTESIAN_POINT ( 'NONE',  ( 200.3223304703364533, 252.6776695296635182, -98.11089324940266465 ) ) ;
#1943 = ORIENTED_EDGE ( 'NONE', *, *, #1102, .T. ) ;
#1944 = FACE_OUTER_BOUND ( 'NONE', #3425, .T. ) ;
#1945 = CARTESIAN_POINT ( 'NONE',  ( 175.4573510596055144, 238.1557816579927476, -145.4753115324171802 ) ) ;
#1946 = VECTOR ( 'NONE', #4429, 1000.000000000000000 ) ;
#1947 = CARTESIAN_POINT ( 'NONE',  ( 177.8000000000000114, 45.19999999999999574, 88.00000000000000000 ) ) ;
#1948 = FACE_OUTER_BOUND ( 'NONE', #3968, .T. ) ;
#1949 = ORIENTED_EDGE ( 'NONE', *, *, #3974, .T. ) ;
#1950 = EDGE_CURVE ( 'NONE', #277, #3224, #2033, .T. ) ;
#1951 = AXIS2_PLACEMENT_3D ( 'NONE', #4526, #1000, #4149 ) ;
#1952 = CARTESIAN_POINT ( 'NONE',  ( 184.9998689130745220, 43.00000000000000000, 87.99800000000000466 ) ) ;
#1953 = ADVANCED_FACE ( 'NONE', ( #3143 ), #2678, .F. ) ;
#1954 = B_SPLINE_CURVE_WITH_KNOTS ( 'NONE', 3,
 ( #2221, #1449, #4165, #671, #2980, #1035, #1836, #182, #1376, #208, #2934, #4518, #993, #2873, #110, #1281, #4408, #170, #4018, #3237, #897, #2463, #2543, #1257, #1728, #1342, #56, #4049, #2055, #2514, #1313, #3301, #1647, #4128, #4809, #474, #3638, #2136, #504, #4464, #2105 ),
 .UNSPECIFIED., .F., .F.,
 ( 4, 2, 2, 1, 1, 1, 1, 2, 2, 2, 2, 1, 1, 2, 2, 2, 2, 1, 1, 1, 1, 1, 2, 2, 2, 4 ),
 ( 0.000000000000000000, 0.1249999999999854283, 0.1874999999999784062, 0.2187499999999751310, 0.2343749999999732991, 0.2421874999999722722, 0.2460937499999721056, 0.2480468749999715783, 0.2499999999999710232, 0.3749999999999780731, 0.4374999999999818479, 0.4687499999999835132, 0.4843749999999842903, 0.4921874999999846789, 0.4999999999999851230, 0.6249999999999918954, 0.6874999999999955591, 0.7187499999999975575, 0.7343749999999982236, 0.7421874999999983347, 0.7460937499999982236, 0.7480468749999981126, 0.7490234374999976685, 0.7499999999999971134, 0.8749999999999985567, 1.000000000000000000 ),
 .UNSPECIFIED. ) ;
#1955 = DIRECTION ( 'NONE',  ( 0.005592798889283829254, -0.9998320577164019340, 0.01745213348475313855 ) ) ;
#1956 = AXIS2_PLACEMENT_3D ( 'NONE', #1931, #303, #3080 ) ;
#1957 = ORIENTED_EDGE ( 'NONE', *, *, #3974, .F. ) ;
#1958 = CARTESIAN_POINT ( 'NONE',  ( 221.9862978486567044, 229.8317440958693965, 58.79692812481884090 ) ) ;
#1959 = FACE_OUTER_BOUND ( 'NONE', #1552, .T. ) ;
#1960 = AXIS2_PLACEMENT_3D ( 'NONE', #1845, #316, #3448 ) ;
#1961 = CARTESIAN_POINT ( 'NONE',  ( -71.07498899884600974, 195.8253983367924889, 97.72384309115150813 ) ) ;
#1962 = DIRECTION ( 'NONE',  ( 0.000000000000000000, 0.6246950475544237324, -0.7808688094430307203 ) ) ;
#1963 = MECHANICAL_CONTEXT ( 'NONE', #1057, 'mechanical' ) ;
#1964 = ORIENTED_EDGE ( 'NONE', *, *, #3508, .T. ) ;
#1965 = VECTOR ( 'NONE', #1287, 1000.000000000000114 ) ;
#1966 = DIRECTION ( 'NONE',  ( -1.000000000000000000, 0.000000000000000000, 7.771561172376092628E-15 ) ) ;
#1967 = ORIENTED_EDGE ( 'NONE', *, *, #719, .F. ) ;
#1968 = CARTESIAN_POINT ( 'NONE',  ( 310.7060602109544902, 106.9386007297182175, 142.4159521419196039 ) ) ;
#1969 = VECTOR ( 'NONE', #1056, 1000.000000000000000 ) ;
#1970 = CARTESIAN_POINT ( 'NONE',  ( 199.5147687433505155, 253.4852312566494561, -102.7947512666040382 ) ) ;
#1971 = CARTESIAN_POINT ( 'NONE',  ( 201.4843152357026383, 229.7606183253526524, -129.4191167767188517 ) ) ;
#1972 = LINE ( 'NONE', #2682, #2154 ) ;
#1973 = VERTEX_POINT ( 'NONE', #1144 ) ;
#1974 = LINE ( 'NONE', #2022, #4340 ) ;
#1975 = CIRCLE ( 'NONE', #1810, 24.99999999999998224 ) ;
#1976 = CARTESIAN_POINT ( 'NONE',  ( 73.78992475689447872, 45.19999999999999574, 44.00020889389735856 ) ) ;
#1977 = LINE ( 'NONE', #788, #4696 ) ;
#1978 = B_SPLINE_CURVE_WITH_KNOTS ( 'NONE', 3,
 ( #2439, #931, #508, #2775, #3184, #846, #535, #4360, #1235, #3615 ),
 .UNSPECIFIED., .F., .F.,
 ( 4, 2, 2, 2, 4 ),
 ( 0.000000000000000000, 0.2500000000000005551, 0.5000000000000003331, 0.7500000000000002220, 1.000000000000000000 ),
 .UNSPECIFIED. ) ;
#1979 = DIRECTION ( 'NONE',  ( 0.7685046938542183792, -0.1639993028916275630, 0.6184696954379368394 ) ) ;
#1980 = ORIENTED_EDGE ( 'NONE', *, *, #1371, .T. ) ;
#1981 = CARTESIAN_POINT ( 'NONE',  ( -54.98999196682839852, 43.31155380268159405, 75.57644446598598620 ) ) ;
#1982 = AXIS2_PLACEMENT_3D ( 'NONE', #4830, #2487, #3632 ) ;
#1983 = CARTESIAN_POINT ( 'NONE',  ( 182.5269220392568741, 222.8287427780080350, 89.86107761885003242 ) ) ;
#1984 = ORIENTED_EDGE ( 'NONE', *, *, #402, .T. ) ;
#1985 = DIRECTION ( 'NONE',  ( -0.008635107665271262931, -0.4947049868214145052, 0.8690180728440770608 ) ) ;
#1986 = CARTESIAN_POINT ( 'NONE',  ( -34.31552999794649850, 260.0000000000000000, 32.49235048114390878 ) ) ;
#1987 = EDGE_CURVE ( 'NONE', #4407, #755, #754, .T. ) ;
#1988 = CARTESIAN_POINT ( 'NONE',  ( -58.21696920122439423, 42.86916210533301097, 111.4293493094885292 ) ) ;
#1989 = DIRECTION ( 'NONE',  ( 0.000000000000000000, -0.01745240643728357757, -0.9998476951563912696 ) ) ;
#1990 = CARTESIAN_POINT ( 'NONE',  ( 232.8909766969096893, 220.1090233030907939, -42.55379993310750564 ) ) ;
#1991 = ORIENTED_EDGE ( 'NONE', *, *, #4603, .T. ) ;
#1992 = CARTESIAN_POINT ( 'NONE',  ( 222.4752329861315445, 43.00000000000000000, 72.47523298613170084 ) ) ;
#1993 = ORIENTED_EDGE ( 'NONE', *, *, #4484, .F. ) ;
#1994 =( BOUNDED_CURVE ( )  B_SPLINE_CURVE ( 3, ( #908, #4472, #3621, #4394 ),
 .UNSPECIFIED., .F., .T. ) 
 B_SPLINE_CURVE_WITH_KNOTS ( ( 4, 4 ),
 ( 2.831516718596537086, 3.451668588583050923 ),
 .UNSPECIFIED. ) 
 CURVE ( )  GEOMETRIC_REPRESENTATION_ITEM ( )  RATIONAL_B_SPLINE_CURVE ( ( 1.000000000000000000, 0.9682069350097318727, 0.9682069350097318727, 1.000000000000000000 ) ) 
 REPRESENTATION_ITEM ( '' )  );
#1995 = CARTESIAN_POINT ( 'NONE',  ( -94.00000000000000000, 35.20000000000000284, -135.4000000000000341 ) ) ;
#1996 = DIRECTION ( 'NONE',  ( -1.000000000000000000, 8.368262667513610548E-16, -7.172796572154520087E-16 ) ) ;
#1997 = CARTESIAN_POINT ( 'NONE',  ( 208.1633754360133537, 231.9677471797942303, -115.8570690126892941 ) ) ;
#1998 = CARTESIAN_POINT ( 'NONE',  ( 240.0299960401068802, 212.9700039597871921, -43.66858494725632767 ) ) ;
#1999 = ORIENTED_EDGE ( 'NONE', *, *, #1616, .F. ) ;
#2000 = CARTESIAN_POINT ( 'NONE',  ( 198.7176730203234740, 17.70033268372123914, 86.19403340127809088 ) ) ;
#2001 = CARTESIAN_POINT ( 'NONE',  ( -94.00000000000000000, 45.87344242052179766, -135.4000000000000341 ) ) ;
#2002 = LINE ( 'NONE', #1638, #1902 ) ;
#2003 = CARTESIAN_POINT ( 'NONE',  ( -72.72296679595066848, 195.8985998798957553, 96.40382455083631896 ) ) ;
#2004 = ORIENTED_EDGE ( 'NONE', *, *, #1077, .F. ) ;
#2005 = DIRECTION ( 'NONE',  ( 0.8958435256309792427, 0.01745240643728351512, -0.4440267909649202038 ) ) ;
#2006 = EDGE_LOOP ( 'NONE', ( #2330, #4393, #3784, #486, #265, #1501, #3669, #5101 ) ) ;
#2007 = CARTESIAN_POINT ( 'NONE',  ( 171.3384989587633811, 207.3010751110458330, -161.9556644154804417 ) ) ;
#2008 = CARTESIAN_POINT ( 'NONE',  ( -74.36731329442307015, 220.6326867055768446, -127.2030579647228166 ) ) ;
#2009 = CARTESIAN_POINT ( 'NONE',  ( 194.9390465327972493, 254.6661651065965657, 43.67163301261390984 ) ) ;
#2010 = CARTESIAN_POINT ( 'NONE',  ( -18.53022178313289814, 253.7235701019989165, 61.04156871290050645 ) ) ;
#2011 = CARTESIAN_POINT ( 'NONE',  ( 231.7756086836955944, 221.2243913163048603, -48.19922062031498200 ) ) ;
#2012 = EDGE_CURVE ( 'NONE', #2239, #3404, #1575, .T. ) ;
#2013 = VERTEX_POINT ( 'NONE', #3979 ) ;
#2014 = CARTESIAN_POINT ( 'NONE',  ( -114.5524090462144073, 45.19999999999999574, -135.4000000000000341 ) ) ;
#2015 = VERTEX_POINT ( 'NONE', #2326 ) ;
#2016 = LINE ( 'NONE', #4769, #390 ) ;
#2017 = CARTESIAN_POINT ( 'NONE',  ( 486.2811353838490618, 251.2697843363991410, 65.48304199737223996 ) ) ;
#2018 = CARTESIAN_POINT ( 'NONE',  ( 209.6512992265851096, 230.8257600157940317, -112.9000031396360271 ) ) ;
#2019 = DIRECTION ( 'NONE',  ( 6.123031769112232650E-17, -1.000000000000000000, 2.220446049250315546E-16 ) ) ;
#2020 = ORIENTED_EDGE ( 'NONE', *, *, #3141, .F. ) ;
#2021 =( BOUNDED_SURFACE ( )  B_SPLINE_SURFACE ( 3, 2, ( 
 ( #4357, #3970, #4385 ),
 ( #423, #2721, #4130 ),
 ( #295, #2212, #4611 ),
 ( #3794, #251, #613 ),
 ( #3458, #2545, #3767 ),
 ( #5012, #1495, #4232 ),
 ( #2184, #590, #2237 ),
 ( #3384, #2163, #4938 ),
 ( #2619, #3819, #3744 ),
 ( #200, #1418, #275 ) ),
 .UNSPECIFIED., .F., .F., .F. ) 
 B_SPLINE_SURFACE_WITH_KNOTS ( ( 4, 2, 2, 2, 4 ),
 ( 3, 3 ),
 ( 2.684070903071226866, 2.962389547140310331, 3.240708191209393796, 3.519026835278477705, 3.797345479347561170 ),
 ( 0.000000000000000000, 1.000000000000000000 ),
 .UNSPECIFIED. ) 
 GEOMETRIC_REPRESENTATION_ITEM ( )  RATIONAL_B_SPLINE_SURFACE ( (
 ( 1.000000000000000000, 0.9238795325112874046, 1.000000000000000000),
 ( 1.000000000000000000, 0.9326219337373322649, 1.000000000000000000),
 ( 1.000000000000000000, 0.9387595148592684513, 1.000000000000000000),
 ( 1.000000000000000000, 0.9456758864909531326, 1.000000000000000000),
 ( 1.000000000000000000, 0.9464525114587430954, 1.000000000000000000),
 ( 1.000000000000000000, 0.9426223041671536462, 1.000000000000000000),
 ( 1.000000000000000000, 0.9380154240870178795, 1.000000000000000000),
 ( 1.000000000000000000, 0.9235395227824564346, 1.000000000000000000),
 ( 1.000000000000000000, 0.9136726255636827831, 1.000000000000000000),
 ( 1.000000000000000000, 0.9013032363068559372, 1.000000000000000000) ) ) 
 REPRESENTATION_ITEM ( '' )  SURFACE ( )  );
#2022 = CARTESIAN_POINT ( 'NONE',  ( 127.2241850833624142, 45.19999999999999574, 85.00150708163641866 ) ) ;
#2023 = DIRECTION ( 'NONE',  ( 0.000000000000000000, -0.9998476951563911586, 0.01745240643728350124 ) ) ;
#2024 = CYLINDRICAL_SURFACE ( 'NONE', #3305, 2.602000000000000313 ) ;
#2025 = CARTESIAN_POINT ( 'NONE',  ( 224.0596408629754421, 34.70000000000017337, 74.53922321861693945 ) ) ;
#2026 = ORIENTED_EDGE ( 'NONE', *, *, #3483, .T. ) ;
#2027 = CARTESIAN_POINT ( 'NONE',  ( 185.0492585574277484, 229.7796319967171428, 83.90317257424240438 ) ) ;
#2028 = CARTESIAN_POINT ( 'NONE',  ( -70.71789838264989214, 219.7246723077314243, -142.9400571901826140 ) ) ;
#2029 = VERTEX_POINT ( 'NONE', #3165 ) ;
#2030 = AXIS2_PLACEMENT_3D ( 'NONE', #526, #2869, #2489 ) ;
#2031 = CARTESIAN_POINT ( 'NONE',  ( 174.4172303112713394, 235.4614942590240503, -147.6308045927810042 ) ) ;
#2032 = CARTESIAN_POINT ( 'NONE',  ( -17.57435200890311933, 260.0000000000000000, -112.7204381804538684 ) ) ;
#2033 = CIRCLE ( 'NONE', #4017, 2.602000000000000313 ) ;
#2034 = CARTESIAN_POINT ( 'NONE',  ( 176.7920316535710867, 253.7626069036870149, 60.90620315287561937 ) ) ;
#2035 = ORIENTED_EDGE ( 'NONE', *, *, #1669, .T. ) ;
#2036 = CARTESIAN_POINT ( 'NONE',  ( 150.0001310869255065, 45.19999999999999574, 90.59999999999999432 ) ) ;
#2037 = EDGE_LOOP ( 'NONE', ( #870, #626, #4630, #2967, #4085, #4556, #5028, #2380 ) ) ;
#2038 = CARTESIAN_POINT ( 'NONE',  ( 221.4026283734181675, 212.2546641266512211, 74.93638683397556122 ) ) ;
#2039 = VECTOR ( 'NONE', #730, 1000.000000000000000 ) ;
#2040 = DIRECTION ( 'NONE',  ( 1.000000000000000000, -0.000000000000000000, 0.000000000000000000 ) ) ;
#2041 = VECTOR ( 'NONE', #1474, 1000.000000000000000 ) ;
#2042 = CARTESIAN_POINT ( 'NONE',  ( -65.53009122579618406, 200.1413934269110655, -162.1678534028685590 ) ) ;
#2043 = CARTESIAN_POINT ( 'NONE',  ( -81.41005581169926586, 196.9190512194880682, 81.67778041923037335 ) ) ;
#2044 = ORIENTED_EDGE ( 'NONE', *, *, #4303, .T. ) ;
#2045 = DIRECTION ( 'NONE',  ( -0.7933533402912366084, 0.000000000000000000, -0.6087614290087187685 ) ) ;
#2046 = CARTESIAN_POINT ( 'NONE',  ( 184.9999999999999432, 45.19999999999999574, 88.00000000000001421 ) ) ;
#2047 = AXIS2_PLACEMENT_3D ( 'NONE', #4891, #568, #4989 ) ;
#2048 = EDGE_CURVE ( 'NONE', #3444, #3066, #3899, .T. ) ;
#2049 = CARTESIAN_POINT ( 'NONE',  ( 211.6043498232183993, 241.3956501767814302, -108.5441899529864997 ) ) ;
#2050 = ORIENTED_EDGE ( 'NONE', *, *, #3934, .F. ) ;
#2051 = VECTOR ( 'NONE', #714, 1000.000000000000114 ) ;
#2052 = CARTESIAN_POINT ( 'NONE',  ( -84.96159885715792370, 45.19999999999998863, -137.9661680024662473 ) ) ;
#2053 = EDGE_LOOP ( 'NONE', ( #3021, #1267, #4214, #4240 ) ) ;
#2054 = APPROVAL_PERSON_ORGANIZATION ( #2323, #4505, #351 ) ;
#2055 = CARTESIAN_POINT ( 'NONE',  ( -20.05766364018401759, 253.5713085097989108, -130.0072296620428176 ) ) ;
#2056 = DIRECTION ( 'NONE',  ( -0.6641207079711238803, -0.5676394938893732922, 0.4865481376194439322 ) ) ;
#2057 = CARTESIAN_POINT ( 'NONE',  ( -60.35122923562630604, 214.1660902591453635, 94.27060003756893991 ) ) ;
#2058 = CARTESIAN_POINT ( 'NONE',  ( -4.906698070205766093, 260.0000000000000000, -115.9843788128359847 ) ) ;
#2059 = VERTEX_POINT ( 'NONE', #5048 ) ;
#2060 = CARTESIAN_POINT ( 'NONE',  ( 77.50000000000000000, 43.00000000000000000, 118.0000000000000142 ) ) ;
#2061 = DIRECTION ( 'NONE',  ( -1.232595164407825472E-32, -1.000000000000000000, 2.220446049250309630E-16 ) ) ;
#2062 = B_SPLINE_CURVE_WITH_KNOTS ( 'NONE', 3,
 ( #4869, #147, #1238, #959 ),
 .UNSPECIFIED., .F., .F.,
 ( 4, 4 ),
 ( 0.000000000000000000, 1.000000000000000000 ),
 .UNSPECIFIED. ) ;
#2063 = EDGE_CURVE ( 'NONE', #1410, #926, #3087, .T. ) ;
#2064 = DIRECTION ( 'NONE',  ( 0.000000000000000000, 1.000000000000000000, 0.000000000000000000 ) ) ;
#2065 = CARTESIAN_POINT ( 'NONE',  ( -37.67499907824704053, 205.1076156447585959, -165.1704010435622649 ) ) ;
#2066 = ORIENTED_EDGE ( 'NONE', *, *, #3294, .T. ) ;
#2067 = CARTESIAN_POINT ( 'NONE',  ( 198.7174093904335166, 45.19999999999999574, 86.19406879332069593 ) ) ;
#2068 = AXIS2_PLACEMENT_3D ( 'NONE', #1926, #2337, #5086 ) ;
#2069 = LINE ( 'NONE', #4874, #647 ) ;
#2070 = PLANE ( 'NONE',  #3101 ) ;
#2071 = CARTESIAN_POINT ( 'NONE',  ( 191.8949858386304754, 234.3073070360630084, -148.5541543711498207 ) ) ;
#2072 = CARTESIAN_POINT ( 'NONE',  ( -76.69753307380277363, 196.1896428578402265, 91.80017248595483181 ) ) ;
#2073 = VERTEX_POINT ( 'NONE', #4337 ) ;
#2074 = LINE ( 'NONE', #4827, #2355 ) ;
#2075 = CARTESIAN_POINT ( 'NONE',  ( -46.92339694241621828, 184.3141387537615117, 114.3622691935304800 ) ) ;
#2076 = CARTESIAN_POINT ( 'NONE',  ( 150.0000000000000000, 0.2000000000000265454, 88.00000000000001421 ) ) ;
#2077 = ORIENTED_EDGE ( 'NONE', *, *, #1595, .F. ) ;
#2078 = DIRECTION ( 'NONE',  ( 1.000000000000000000, -1.232595164407825472E-32, 2.736911063134391933E-48 ) ) ;
#2080 = EDGE_CURVE ( 'NONE', #3953, #3781, #1192, .T. ) ;
#2079 = ORIENTED_EDGE ( 'NONE', *, *, #4279, .F. ) ;
#2081 = FACE_OUTER_BOUND ( 'NONE', #4093, .T. ) ;
#2082 = CARTESIAN_POINT ( 'NONE',  ( -91.39999999999999147, -14.80000000000000071, -135.4000000000000341 ) ) ;
#2083 = CARTESIAN_POINT ( 'NONE',  ( -91.39999999999997726, 40.20000000000000995, -73.00000000000000000 ) ) ;
#2084 = CARTESIAN_POINT ( 'NONE',  ( -79.61778956368310389, 212.1950244436858952, -147.2212835519502789 ) ) ;
#2085 = EDGE_CURVE ( 'NONE', #1109, #3781, #4829, .T. ) ;
#2086 = ORIENTED_EDGE ( 'NONE', *, *, #920, .F. ) ;
#2087 = FACE_OUTER_BOUND ( 'NONE', #447, .T. ) ;
#2088 = DIRECTION ( 'NONE',  ( -1.000000000000000000, 8.368262667513610548E-16, -7.172796572154520087E-16 ) ) ;
#2089 = CARTESIAN_POINT ( 'NONE',  ( 181.6276249664064721, 254.3933708646135585, 58.01092646411059661 ) ) ;
#2090 = VERTEX_POINT ( 'NONE', #2704 ) ;
#2091 = CARTESIAN_POINT ( 'NONE',  ( 226.1814177555525021, 223.7710907185494591, 69.91080639806155261 ) ) ;
#2092 = CARTESIAN_POINT ( 'NONE',  ( 180.7397810415826882, 260.0000000000000000, 50.40335691566194498 ) ) ;
#2093 = EDGE_CURVE ( 'NONE', #3599, #122, #3920, .T. ) ;
#2094 = CARTESIAN_POINT ( 'NONE',  ( 59.39999999999999858, 45.19999999999999574, -0.0001310869257737286037 ) ) ;
#2095 = CARTESIAN_POINT ( 'NONE',  ( -70.51493721037972762, 220.0438658493044386, 75.88568923653379272 ) ) ;
#2096 = LINE ( 'NONE', #3319, #2376 ) ;
#2097 = LINE ( 'NONE', #4037, #4378 ) ;
#2098 = EDGE_LOOP ( 'NONE', ( #4965, #3322, #4319, #4239 ) ) ;
#2099 = DIRECTION ( 'NONE',  ( 0.000000000000000000, 0.000000000000000000, 1.000000000000000000 ) ) ;
#2100 = CARTESIAN_POINT ( 'NONE',  ( 224.0592302244120333, 43.00000000000000000, 74.53953837756944267 ) ) ;
#2101 = CARTESIAN_POINT ( 'NONE',  ( 211.4997567379040220, 43.00000000000000000, 80.89944716303459415 ) ) ;
#2102 = ORIENTED_EDGE ( 'NONE', *, *, #690, .T. ) ;
#2103 = CARTESIAN_POINT ( 'NONE',  ( -73.75082827033673993, 220.8641957674862226, -130.3200203744638941 ) ) ;
#2104 = VERTEX_POINT ( 'NONE', #2730 ) ;
#2105 = CARTESIAN_POINT ( 'NONE',  ( -4.906698070205728790, 250.6173761905214405, -135.5060990475830920 ) ) ;
#2106 = LINE ( 'NONE', #1314, #2542 ) ;
#2107 = CARTESIAN_POINT ( 'NONE',  ( -80.24886153408637313, 212.3236400502954098, -145.8200997230098324 ) ) ;
#2108 = VERTEX_POINT ( 'NONE', #378 ) ;
#2109 = CARTESIAN_POINT ( 'NONE',  ( -39.46470059531844754, 45.19999999999998863, 117.9615988571578953 ) ) ;
#2110 = FACE_OUTER_BOUND ( 'NONE', #4047, .T. ) ;
#2111 = EDGE_CURVE ( 'NONE', #1697, #1162, #1621, .T. ) ;
#2112 = CARTESIAN_POINT ( 'NONE',  ( 188.6511495145656454, 254.8914065278913768, 51.98873766264356533 ) ) ;
#2113 = EDGE_CURVE ( 'NONE', #2288, #2015, #4382, .T. ) ;
#2114 = VECTOR ( 'NONE', #3600, 1000.000000000000114 ) ;
#2115 = SHAPE_DEFINITION_REPRESENTATION ( #3664, #3218 ) ;
#2116 = ORIENTED_EDGE ( 'NONE', *, *, #4391, .T. ) ;
#2117 = CARTESIAN_POINT ( 'NONE',  ( 220.9305988869836028, 212.3783304644013015, 75.37242697316663964 ) ) ;
#2118 = ORIENTED_EDGE ( 'NONE', *, *, #1881, .F. ) ;
#2119 = LINE ( 'NONE', #1326, #235 ) ;
#2120 = VECTOR ( 'NONE', #2525, 1000.000000000000114 ) ;
#2121 = CARTESIAN_POINT ( 'NONE',  ( 211.4989913710394944, 43.00000000000000000, 80.89759940396960758 ) ) ;
#2122 = CARTESIAN_POINT ( 'NONE',  ( 175.4440585902759153, 238.1394020224471433, -145.4884573296372139 ) ) ;
#2123 = CARTESIAN_POINT ( 'NONE',  ( 67.84166309285723173, 209.5381897411272689, 101.2529802217558625 ) ) ;
#2124 = ORIENTED_EDGE ( 'NONE', *, *, #4706, .F. ) ;
#2125 = CIRCLE ( 'NONE', #4020, 2.602000000000000313 ) ;
#2126 = LINE ( 'NONE', #4479, #4263 ) ;
#2127 = CARTESIAN_POINT ( 'NONE',  ( 71.38757691998070243, 45.19999999999999574, 44.99473366205330649 ) ) ;
#2128 =( BOUNDED_CURVE ( )  B_SPLINE_CURVE ( 3, ( #2329, #3902, #357, #3520 ),
 .UNSPECIFIED., .F., .T. ) 
 B_SPLINE_CURVE_WITH_KNOTS ( ( 4, 4 ),
 ( 5.140279458881702013, 6.250723495364187698 ),
 .UNSPECIFIED. ) 
 CURVE ( )  GEOMETRIC_REPRESENTATION_ITEM ( )  RATIONAL_B_SPLINE_CURVE ( ( 1.000000000000000000, 0.8998556188662388822, 0.8998556188662388822, 1.000000000000000000 ) ) 
 REPRESENTATION_ITEM ( '' )  );
#2129 = AXIS2_PLACEMENT_3D ( 'NONE', #3539, #1570, #1503 ) ;
#2130 = CARTESIAN_POINT ( 'NONE',  ( 191.9372514407790220, 234.3521090488395942, -148.5002688594503866 ) ) ;
#2131 = EDGE_LOOP ( 'NONE', ( #1823, #3921, #386, #2955 ) ) ;
#2132 = DIRECTION ( 'NONE',  ( -2.208765305090140624E-16, 0.5283018867924530459, 0.8490566037735849392 ) ) ;
#2133 = CIRCLE ( 'NONE', #2626, 5.000000000000004441 ) ;
#2134 = EDGE_CURVE ( 'NONE', #1695, #2371, #2500, .T. ) ;
#2135 = VECTOR ( 'NONE', #2874, 1000.000000000000114 ) ;
#2136 = CARTESIAN_POINT ( 'NONE',  ( -14.05903492679649069, 252.5671821247531454, -132.9348065525346669 ) ) ;
#2137 = CARTESIAN_POINT ( 'NONE',  ( 238.2820706887125652, 203.8511790300527196, -54.32847451138897554 ) ) ;
#2138 = CARTESIAN_POINT ( 'NONE',  ( -65.43800967751985809, 193.1171196868295965, 102.2939657567288236 ) ) ;
#2139 = CARTESIAN_POINT ( 'NONE',  ( -66.03753210414269859, 219.0591971202377408, -150.3642953901711223 ) ) ;
#2140 = ORIENTED_EDGE ( 'NONE', *, *, #3564, .T. ) ;
#2141 = CARTESIAN_POINT ( 'NONE',  ( 45.98057076920252939, 185.0286365043310752, 113.9246059743604462 ) ) ;
#2142 = CARTESIAN_POINT ( 'NONE',  ( 47.68788108007243665, 189.1648232071251527, 85.78892133213204829 ) ) ;
#2143 = PERSON_AND_ORGANIZATION ( #4154, #3100 ) ;
#2144 = ORIENTED_EDGE ( 'NONE', *, *, #2111, .F. ) ;
#2145 = CARTESIAN_POINT ( 'NONE',  ( 187.1212593721590736, 230.3823773682776164, 83.38653368433351432 ) ) ;
#2146 = CARTESIAN_POINT ( 'NONE',  ( 169.0712827120445354, 260.0000000000000000, 46.08964883256700773 ) ) ;
#2147 = EDGE_CURVE ( 'NONE', #277, #4589, #4872, .T. ) ;
#2148 = EDGE_CURVE ( 'NONE', #803, #2625, #4114, .T. ) ;
#2149 = CIRCLE ( 'NONE', #164, 0.002000000000002000178 ) ;
#2150 = EDGE_CURVE ( 'NONE', #4839, #3769, #1994, .T. ) ;
#2151 = CARTESIAN_POINT ( 'NONE',  ( -91.39999999999999147, -14.80000000000000071, -120.3999999999999915 ) ) ;
#2152 = CARTESIAN_POINT ( 'NONE',  ( -60.04226343775861352, 200.3419604785086960, -164.2928125698950907 ) ) ;
#2153 = CARTESIAN_POINT ( 'NONE',  ( 182.8963585216224317, 211.5400185081718689, -155.2552515888860114 ) ) ;
#2154 = VECTOR ( 'NONE', #4372, 1000.000000000000000 ) ;
#2155 = ORIENTED_EDGE ( 'NONE', *, *, #3585, .T. ) ;
#2156 = CARTESIAN_POINT ( 'NONE',  ( 87.77602967233920594, 45.19999999999999574, 62.22397032766070168 ) ) ;
#2157 = CARTESIAN_POINT ( 'NONE',  ( 184.9999994392667020, 7.700076198540056538, 90.59999999345237143 ) ) ;
#2158 = CARTESIAN_POINT ( 'NONE',  ( 175.4573510601028943, 238.1557816578778386, -145.4753115325083570 ) ) ;
#2159 = ORIENTED_EDGE ( 'NONE', *, *, #3245, .T. ) ;
#2160 = PLANE ( 'NONE',  #3882 ) ;
#2161 =( BOUNDED_SURFACE ( )  B_SPLINE_SURFACE ( 3, 2, ( 
 ( #2466, #561, #172 ),
 ( #1755, #112, #2138 ),
 ( #1700, #4837, #1259 ),
 ( #843, #476, #88 ),
 ( #2057, #3641, #1315 ),
 ( #2875, #2749, #1961 ) ),
 .UNSPECIFIED., .F., .F., .F. ) 
 B_SPLINE_SURFACE_WITH_KNOTS ( ( 4, 2, 4 ),
 ( 3, 3 ),
 ( 2.824562770539305046, 3.010421180961939669, 3.196279591384573848 ),
 ( 0.000000000000000000, 1.000000000000000000 ),
 .UNSPECIFIED. ) 
 GEOMETRIC_REPRESENTATION_ITEM ( )  RATIONAL_B_SPLINE_SURFACE ( (
 ( 1.000000000000000000, 0.8955856676614175615, 1.000000000000000000),
 ( 1.000000000000000000, 0.8990141088419824067, 1.000000000000000000),
 ( 1.000000000000000000, 0.9014497773146934456, 1.000000000000000000),
 ( 1.000000000000000000, 0.9043030255651156590, 1.000000000000000000),
 ( 1.000000000000000000, 0.9047206118332521418, 1.000000000000000000),
 ( 1.000000000000000000, 0.9041247903893541160, 1.000000000000000000) ) ) 
 REPRESENTATION_ITEM ( '' )  SURFACE ( )  );
#2162 = DIRECTION ( 'NONE',  ( 2.269137266748974062E-17, -1.000000000000000000, 2.516165775298995138E-16 ) ) ;
#2163 = CARTESIAN_POINT ( 'NONE',  ( -12.72071842778017192, 260.0000000000000000, -125.8179108890542182 ) ) ;
#2164 = CARTESIAN_POINT ( 'NONE',  ( -69.51115100625746379, 200.0410393551118204, -159.8101213477526130 ) ) ;
#2165 = ORIENTED_EDGE ( 'NONE', *, *, #5024, .F. ) ;
#2166 = CARTESIAN_POINT ( 'NONE',  ( 42.03821210538653474, 201.7793818806108561, 107.9033869594764923 ) ) ;
#2167 = EDGE_CURVE ( 'NONE', #4753, #2029, #4086, .T. ) ;
#2168 = DIRECTION ( 'NONE',  ( -1.000000000000000000, 0.000000000000000000, 0.000000000000000000 ) ) ;
#2169 = CARTESIAN_POINT ( 'NONE',  ( -37.52941336202705713, 254.5539186150431874, 42.49365993091012683 ) ) ;
#2170 = ORIENTED_EDGE ( 'NONE', *, *, #2898, .T. ) ;
#2171 = CARTESIAN_POINT ( 'NONE',  ( 195.2286536564293726, 224.6815623107072781, 88.41364345388167578 ) ) ;
#2172 = FACE_OUTER_BOUND ( 'NONE', #596, .T. ) ;
#2173 = DIRECTION ( 'NONE',  ( -6.123031769111759334E-17, 1.000000000000000000, -2.220446049250317025E-16 ) ) ;
#2174 = CARTESIAN_POINT ( 'NONE',  ( 237.5229331508760708, 204.5075755714223362, 49.97042850710468542 ) ) ;
#2175 = CARTESIAN_POINT ( 'NONE',  ( 162.2184617578350299, 205.7564322681573401, -164.3557339906155903 ) ) ;
#2176 = ORIENTED_EDGE ( 'NONE', *, *, #5093, .F. ) ;
#2177 = CARTESIAN_POINT ( 'NONE',  ( 240.2094995461025633, 202.8676639344124624, 32.71825707460981647 ) ) ;
#2178 = FACE_OUTER_BOUND ( 'NONE', #4661, .T. ) ;
#2179 = ADVANCED_FACE ( 'NONE', ( #4848 ), #3748, .T. ) ;
#2180 = CARTESIAN_POINT ( 'NONE',  ( -41.51127531603064824, 200.9852448966344127, 108.5840758028847830 ) ) ;
#2181 = VERTEX_POINT ( 'NONE', #1473 ) ;
#2182 = LINE ( 'NONE', #3817, #2438 ) ;
#2183 = CARTESIAN_POINT ( 'NONE',  ( 236.5958104814758656, 204.6974980047879455, -59.30986110885171314 ) ) ;
#2184 = CARTESIAN_POINT ( 'NONE',  ( -15.45155926453777262, 260.0000000000000000, -113.9363512990314149 ) ) ;
#2185 = CARTESIAN_POINT ( 'NONE',  ( -66.15969613531869697, 219.0561972915549802, -150.2506460759553875 ) ) ;
#2186 = ORIENTED_EDGE ( 'NONE', *, *, #4003, .T. ) ;
#2187 = LINE ( 'NONE', #2521, #2297 ) ;
#2188 = DIRECTION ( 'NONE',  ( 1.000000000000000000, 0.000000000000000000, 0.000000000000000000 ) ) ;
#2189 = ORIENTED_EDGE ( 'NONE', *, *, #283, .F. ) ;
#2190 = CARTESIAN_POINT ( 'NONE',  ( 200.3223304703365102, 252.6776695296634614, 228.7389185037470156 ) ) ;
#2191 = CARTESIAN_POINT ( 'NONE',  ( 166.4176981402813169, 260.0000000000000000, 46.50162693820000470 ) ) ;
#2192 = CARTESIAN_POINT ( 'NONE',  ( -11.07128271203762715, 260.0000000000000000, 46.08964883255941203 ) ) ;
#2193 = EDGE_CURVE ( 'NONE', #2645, #1905, #4164, .T. ) ;
#2194 = DIRECTION ( 'NONE',  ( 0.000000000000000000, 0.000000000000000000, -1.000000000000000000 ) ) ;
#2195 = FACE_OUTER_BOUND ( 'NONE', #2252, .T. ) ;
#2196 = CARTESIAN_POINT ( 'NONE',  ( 189.5544037649969198, 215.3322961791213288, -149.2291187011933005 ) ) ;
#2197 = ORIENTED_EDGE ( 'NONE', *, *, #4942, .F. ) ;
#2198 = CARTESIAN_POINT ( 'NONE',  ( 237.6218563214084725, 215.3781436785919539, 49.39573487078973812 ) ) ;
#2199 = EDGE_LOOP ( 'NONE', ( #2658, #3104, #1516, #323 ) ) ;
#2200 = PLANE ( 'NONE',  #1389 ) ;
#2201 = B_SPLINE_CURVE_WITH_KNOTS ( 'NONE', 3,
 ( #2225, #3831, #3013, #676, #2175, #3809, #4623, #4121, #4999, #2633, #578, #3370, #1862, #1432, #4221, #4928, #3422, #2988, #213, #1407, #4147, #651, #188, #998, #2563, #264, #2153, #603, #1816, #1841, #1787, #2605, #1021, #1767, #3346, #3400, #4170, #3757, #625, #4898, #2196, #2251, #3780, #4954, #4976, #4570, #1453, #286, #1040, #2531, #4597, #4195, #3039, #3442, #1481, #1380, #2939, #1548, #725, #2655, #844, #2436 ),
 .UNSPECIFIED., .F., .F.,
 ( 4, 2, 2, 1, 1, 2, 2, 2, 2, 2, 1, 1, 1, 2, 2, 2, 2, 1, 1, 1, 2, 2, 2, 2, 1, 1, 1, 1, 2, 2, 2, 2, 1, 1, 1, 1, 2, 2, 4 ),
 ( 0.000000000000000000, 0.1249999999999098221, 0.1874999999998655797, 0.2187499999998434586, 0.2343749999998332445, 0.2421874999998275546, 0.2499999999998218647, 0.3749999999997234990, 0.4374999999996734279, 0.4687499999996475042, 0.4843749999996346811, 0.4921874999996288524, 0.4960937499996253552, 0.4980468749996235789, 0.4999999999996218580, 0.5624999999995710098, 0.5937499999995461408, 0.6093749999995330402, 0.6171874999995269340, 0.6210937499995244915, 0.6230468749995234923, 0.6249999999995226041, 0.6874999999994787503, 0.7187499999994579891, 0.7343749999994479971, 0.7421874999994432232, 0.7460937499994417799, 0.7480468749994417799, 0.7490234374994425570, 0.7499999999994433342, 0.8124999999995240474, 0.8437499999995644595, 0.8593749999995858868, 0.8671874999995965450, 0.8710937499996019850, 0.8730468749996043165, 0.8740234374996058708, 0.8749999999996073141, 1.000000000000000000 ),
 .UNSPECIFIED. ) ;
#2202 = B_SPLINE_CURVE_WITH_KNOTS ( 'NONE', 3,
 ( #4100, #558, #2433, #588, #3330, #4886, #4508, #979, #3609, #3493, #2537, #1065, #2010, #960, #1322, #120, #2553, #179, #3338, #3277, #2825, #4493, #4083, #2882, #3647, #934, #1682, #4416, #3750, #2169, #4844, #1373, #511, #1657, #3699, #1290, #3221, #1349 ),
 .UNSPECIFIED., .F., .F.,
 ( 4, 2, 2, 1, 1, 1, 1, 1, 2, 2, 2, 2, 1, 2, 2, 2, 2, 1, 1, 1, 1, 2, 2, 4 ),
 ( 0.000000000000000000, 0.1249999999999687195, 0.1874999999999529821, 0.2187499999999453770, 0.2343749999999417410, 0.2421874999999399092, 0.2460937499999389655, 0.2480468749999387990, 0.2490234374999387157, 0.2499999999999386047, 0.3749999999999520939, 0.4374999999999591438, 0.4687499999999625300, 0.4843749999999641953, 0.4999999999999659162, 0.6249999999999789058, 0.6874999999999852340, 0.7187499999999884537, 0.7343749999999897859, 0.7421874999999903411, 0.7460937499999907851, 0.7480468749999907851, 0.7499999999999906741, 1.000000000000000000 ),
 .UNSPECIFIED. ) ;
#2203 = VECTOR ( 'NONE', #4187, 1000.000000000000114 ) ;
#2204 = CARTESIAN_POINT ( 'NONE',  ( 175.9652646420551889, 253.2412922548234349, -131.1216975879975166 ) ) ;
#2205 = ORIENTED_EDGE ( 'NONE', *, *, #1078, .F. ) ;
#2206 = CARTESIAN_POINT ( 'NONE',  ( -70.05317136555811430, 219.4037753832621434, -144.8109202586157096 ) ) ;
#2207 = EDGE_CURVE ( 'NONE', #3055, #2013, #1424, .T. ) ;
#2208 = EDGE_CURVE ( 'NONE', #4626, #3088, #3393, .T. ) ;
#2209 = VECTOR ( 'NONE', #362, 1000.000000000000114 ) ;
#2210 = CARTESIAN_POINT ( 'NONE',  ( 232.8909766968560575, 220.1090233031441983, 32.71825707460981647 ) ) ;
#2211 = AXIS2_PLACEMENT_3D ( 'NONE', #2497, #4841, #17 ) ;
#2212 = CARTESIAN_POINT ( 'NONE',  ( -33.16906488223252580, 260.0000000000000000, -105.5427332562541523 ) ) ;
#2213 = CARTESIAN_POINT ( 'NONE',  ( 56.62406748441220827, 187.5489335679064311, 109.6359626783741845 ) ) ;
#2214 = ORIENTED_EDGE ( 'NONE', *, *, #2550, .F. ) ;
#2215 = VECTOR ( 'NONE', #3799, 1000.000000000000000 ) ;
#2216 = CARTESIAN_POINT ( 'NONE',  ( 62.00000000000000000, 45.19999999999998863, 3.538835890992686473E-13 ) ) ;
#2217 = LINE ( 'NONE', #2648, #2637 ) ;
#2218 = ORIENTED_EDGE ( 'NONE', *, *, #356, .F. ) ;
#2219 = VECTOR ( 'NONE', #4953, 1000.000000000000000 ) ;
#2220 = DIRECTION ( 'NONE',  ( -0.000000000000000000, -0.000000000000000000, -1.000000000000000000 ) ) ;
#2221 = CARTESIAN_POINT ( 'NONE',  ( -42.32233047080958954, 252.6776695291904673, -98.11089324940260781 ) ) ;
#2222 = CARTESIAN_POINT ( 'NONE',  ( 199.7016421606467134, 214.3922269809721399, 87.38062811296127563 ) ) ;
#2223 = CARTESIAN_POINT ( 'NONE',  ( 211.5000000000000284, 45.19999999999999574, 80.89934640057528270 ) ) ;
#2224 = CARTESIAN_POINT ( 'NONE',  ( 238.0104998616605485, 204.2214485318347670, 48.36598784591127043 ) ) ;
#2225 = CARTESIAN_POINT ( 'NONE',  ( 153.2258954685100321, 205.2010617305294886, -165.1687699360677186 ) ) ;
#2226 = VERTEX_POINT ( 'NONE', #572 ) ;
#2227 = CARTESIAN_POINT ( 'NONE',  ( 224.5393780876440530, 45.19999999999999574, 74.05943911830979687 ) ) ;
#2228 = ORIENTED_EDGE ( 'NONE', *, *, #1183, .T. ) ;
#2229 = LINE ( 'NONE', #4174, #3697 ) ;
#2230 = ADVANCED_FACE ( 'NONE', ( #207 ), #181, .T. ) ;
#2231 = VECTOR ( 'NONE', #1476, 1000.000000000000114 ) ;
#2232 = CARTESIAN_POINT ( 'NONE',  ( 176.1681998984939810, 253.2743989452602591, -131.0186752651131314 ) ) ;
#2233 = VERTEX_POINT ( 'NONE', #1835 ) ;
#2234 = CARTESIAN_POINT ( 'NONE',  ( -61.62667301769111816, 219.5815458327653857, -153.1565818065027713 ) ) ;
#2235 = DIRECTION ( 'NONE',  ( 1.000000000000000000, 0.000000000000000000, 9.436895709313915791E-15 ) ) ;
#2236 = ADVANCED_FACE ( 'NONE', ( #4893 ), #3416, .T. ) ;
#2237 = CARTESIAN_POINT ( 'NONE',  ( -22.62276925308383113, 253.9910273946827033, -128.7111230566441691 ) ) ;
#2238 = CARTESIAN_POINT ( 'NONE',  ( 55.88673973060244293, 187.3223469899427300, 110.0225577819525711 ) ) ;
#2239 = VERTEX_POINT ( 'NONE', #2979 ) ;
#2240 = EDGE_CURVE ( 'NONE', #2625, #4753, #1375, .T. ) ;
#2241 = CARTESIAN_POINT ( 'NONE',  ( 328.8781384749045742, 35.20000000000000284, -115.4000000000000057 ) ) ;
#2242 = DIRECTION ( 'NONE',  ( 0.7933533402912332777, 0.000000000000000000, 0.6087614290087230984 ) ) ;
#2243 = ORIENTED_EDGE ( 'NONE', *, *, #2956, .F. ) ;
#2244 = ORIENTED_EDGE ( 'NONE', *, *, #1831, .T. ) ;
#2245 = CARTESIAN_POINT ( 'NONE',  ( 215.2133071671925109, 202.4313537734799979, 228.7389185037470156 ) ) ;
#2246 = CARTESIAN_POINT ( 'NONE',  ( 180.0000000000000284, 43.00000000000000000, 88.00000000000001421 ) ) ;
#2247 =( BOUNDED_SURFACE ( )  B_SPLINE_SURFACE ( 3, 2, ( 
 ( #4161, #4711, #792 ),
 ( #2363, #3943, #1161 ),
 ( #398, #370, #4309 ),
 ( #3181, #1983, #1907 ) ),
 .UNSPECIFIED., .F., .F., .T. ) 
 B_SPLINE_SURFACE_WITH_KNOTS ( ( 4, 4 ),
 ( 3, 3 ),
 ( 3.078287479657705106, 3.156028002923492615 ),
 ( 0.000000000000000000, 1.000000000000000000 ),
 .UNSPECIFIED. ) 
 GEOMETRIC_REPRESENTATION_ITEM ( )  RATIONAL_B_SPLINE_SURFACE ( (
 ( 1.000000000000000000, 0.9404880580729280126, 1.000000000000000000),
 ( 1.000000000000000000, 0.9408238647003318578, 1.000000000000000000),
 ( 1.000000000000000000, 0.9409535379709217384, 1.000000000000000000),
 ( 1.000000000000000000, 0.9408769418639850723, 1.000000000000000000) ) ) 
 REPRESENTATION_ITEM ( '' )  SURFACE ( )  );
#2248 = CARTESIAN_POINT ( 'NONE',  ( -82.21750985232833386, 202.4087537980814488, 62.21701785679482555 ) ) ;
#2249 = CARTESIAN_POINT ( 'NONE',  ( 232.8909766968563133, 220.1090233031435446, 228.7389185037470156 ) ) ;
#2250 = ADVANCED_FACE ( 'NONE', ( #1857 ), #4590, .T. ) ;
#2251 = CARTESIAN_POINT ( 'NONE',  ( 189.9064190296488448, 215.5757225474067980, -148.8416414116722422 ) ) ;
#2252 = EDGE_LOOP ( 'NONE', ( #1804, #394, #3728 ) ) ;
#2253 = DIRECTION ( 'NONE',  ( 6.870036421899088173E-17, 1.000000000000000000, -5.271564354921554013E-17 ) ) ;
#2254 = ORIENTED_EDGE ( 'NONE', *, *, #3293, .T. ) ;
#2255 = CARTESIAN_POINT ( 'NONE',  ( -84.96159885715800897, 45.19999999999999574, 84.83768065355152999 ) ) ;
#2256 = CARTESIAN_POINT ( 'NONE',  ( 190.9267891335372269, 254.7264066355149907, -119.1748795210462930 ) ) ;
#2257 = EDGE_LOOP ( 'NONE', ( #3944, #3311, #1710, #1278 ) ) ;
#2258 = CARTESIAN_POINT ( 'NONE',  ( -66.75429390826427323, 219.0491950059667090, -149.6672462073206304 ) ) ;
#2259 = CARTESIAN_POINT ( 'NONE',  ( 60.11886446509766557, 188.7140118771631307, 107.6465878072400244 ) ) ;
#2260 = CARTESIAN_POINT ( 'NONE',  ( 206.9576911507870705, 232.4343756588331473, -118.2712491766251333 ) ) ;
#2261 = CARTESIAN_POINT ( 'NONE',  ( 62.00000855513859932, 0.1999999999999988176, -5.607335630416219020E-07 ) ) ;
#2262 = VERTEX_POINT ( 'NONE', #1782 ) ;
#2263 = ADVANCED_FACE ( 'NONE', ( #992 ), #3035, .T. ) ;
#2264 = EDGE_CURVE ( 'NONE', #4152, #1761, #2268, .T. ) ;
#2265 = DIRECTION ( 'NONE',  ( -0.000000000000000000, 0.000000000000000000, 1.000000000000000000 ) ) ;
#2266 = DIRECTION ( 'NONE',  ( -6.123031769111878895E-17, 1.000000000000000000, -2.220446049250309876E-16 ) ) ;
#2267 = VERTEX_POINT ( 'NONE', #1187 ) ;
#2268 = LINE ( 'NONE', #4311, #1541 ) ;
#2269 = CARTESIAN_POINT ( 'NONE',  ( 214.8165619314915205, 213.5079976710082121, 80.11718822777677929 ) ) ;
#2270 = EDGE_CURVE ( 'NONE', #4613, #3523, #4260, .T. ) ;
#2271 = EDGE_CURVE ( 'NONE', #206, #4433, #4991, .T. ) ;
#2272 = LINE ( 'NONE', #4974, #731 ) ;
#2273 = ADVANCED_FACE ( 'NONE', ( #1520 ), #348, .T. ) ;
#2274 = DIRECTION ( 'NONE',  ( 0.000000000000000000, -0.3328201177351374218, 0.9429903335828894173 ) ) ;
#2275 = CARTESIAN_POINT ( 'NONE',  ( 73.79151146357500579, 0.2000000000000334843, 43.99899137103935232 ) ) ;
#2276 = VERTEX_POINT ( 'NONE', #745 ) ;
#2277 = DIRECTION ( 'NONE',  ( 1.000000000000000000, -0.000000000000000000, -0.000000000000000000 ) ) ;
#2278 = ORIENTED_EDGE ( 'NONE', *, *, #2207, .F. ) ;
#2279 = DIRECTION ( 'NONE',  ( -0.1305261922200522950, 2.121528223320540678E-16, 0.9914448613738103822 ) ) ;
#2280 = CARTESIAN_POINT ( 'NONE',  ( -40.00265215142217556, 200.1145512644782229, 109.3303846304472131 ) ) ;
#2281 = EDGE_LOOP ( 'NONE', ( #767, #4745, #1507, #1033 ) ) ;
#2282 = CIRCLE ( 'NONE', #2931, 0.002000000000002000178 ) ;
#2283 = CARTESIAN_POINT ( 'NONE',  ( 180.0000000000000284, 43.00000000000000000, 93.00000000000001421 ) ) ;
#2284 = CARTESIAN_POINT ( 'NONE',  ( 153.2258954685101173, 205.2010617305295455, -165.1687699360676902 ) ) ;
#2285 = AXIS2_PLACEMENT_3D ( 'NONE', #3373, #4930, #4248 ) ;
#2286 = B_SPLINE_CURVE_WITH_KNOTS ( 'NONE', 3,
 ( #3160, #1883, #2341, #1958, #3466, #2695, #2671, #4713, #1110, #3870, #3105, #4287, #327, #3893, #4688, #795, #1163, #2723, #3915, #373, #4734, #2366, #5020, #1569 ),
 .UNSPECIFIED., .F., .F.,
 ( 4, 2, 2, 2, 2, 2, 2, 2, 2, 2, 2, 4 ),
 ( 0.000000000000000000, 0.1250000000000000000, 0.2500000000000000000, 0.3125000000000000000, 0.3750000000000000000, 0.5000000000000000000, 0.5624999999999998890, 0.5937500000000000000, 0.6250000000000000000, 0.7500000000000000000, 0.8750000000000000000, 1.000000000000000000 ),
 .UNSPECIFIED. ) ;
#2287 = CARTESIAN_POINT ( 'NONE',  ( -65.71213675388756315, 212.1554605666685234, -161.9490900794932315 ) ) ;
#2288 = VERTEX_POINT ( 'NONE', #2294 ) ;
#2289 = VECTOR ( 'NONE', #105, 1000.000000000000000 ) ;
#2290 = VECTOR ( 'NONE', #940, 1000.000000000000114 ) ;
#2291 = LINE ( 'NONE', #4786, #991 ) ;
#2292 = LINE ( 'NONE', #3391, #4132 ) ;
#2293 = ORIENTED_EDGE ( 'NONE', *, *, #3589, .F. ) ;
#2294 = CARTESIAN_POINT ( 'NONE',  ( 100.0652381821159906, 229.6627149438659501, 84.00338719097206308 ) ) ;
#2295 = EDGE_CURVE ( 'NONE', #4224, #2490, #716, .T. ) ;
#2296 = LINE ( 'NONE', #3916, #4923 ) ;
#2297 = VECTOR ( 'NONE', #1854, 1000.000000000000000 ) ;
#2298 = LINE ( 'NONE', #10, #3380 ) ;
#2299 = AXIS2_PLACEMENT_3D ( 'NONE', #4438, #4050, #818 ) ;
#2300 = CARTESIAN_POINT ( 'NONE',  ( 231.1112399905912298, 221.8887600094093386, -50.01228164245346619 ) ) ;
#2301 = CARTESIAN_POINT ( 'NONE',  ( 185.3393680997720026, 45.19999999999999574, 90.57775663957190204 ) ) ;
#2302 = ADVANCED_FACE ( 'NONE', ( #2747 ), #4241, .T. ) ;
#2303 = ORIENTED_EDGE ( 'NONE', *, *, #223, .F. ) ;
#2304 = DIRECTION ( 'NONE',  ( -8.040946449926834417E-15, 4.598694340586627532E-16, -1.000000000000000000 ) ) ;
#2305 = VERTEX_POINT ( 'NONE', #1909 ) ;
#2306 = CARTESIAN_POINT ( 'NONE',  ( 57.32206156534049768, 34.70000000000000284, -142.7574207281836323 ) ) ;
#2307 = DIRECTION ( 'NONE',  ( 0.8924551368540095675, 0.000000000000000000, -0.4511361531765004096 ) ) ;
#2308 = ORIENTED_EDGE ( 'NONE', *, *, #4237, .T. ) ;
#2309 = CARTESIAN_POINT ( 'NONE',  ( 33.98054905343504828, 42.75663772726032619, 118.0042479042716650 ) ) ;
#2310 = CYLINDRICAL_SURFACE ( 'NONE', #1469, 57.49999999999998579 ) ;
#2311 = VECTOR ( 'NONE', #1955, 1000.000000000000114 ) ;
#2312 = CARTESIAN_POINT ( 'NONE',  ( 47.68788108007251481, 205.4346075435244074, 104.7703363912646495 ) ) ;
#2313 = CARTESIAN_POINT ( 'NONE',  ( -63.42330592238026554, 219.2634341756241554, -152.3091487078531827 ) ) ;
#2314 = AXIS2_PLACEMENT_3D ( 'NONE', #2301, #1524, #308 ) ;
#2315 = ORIENTED_EDGE ( 'NONE', *, *, #2360, .F. ) ;
#2316 = VERTEX_POINT ( 'NONE', #4662 ) ;
#2317 = B_SPLINE_CURVE_WITH_KNOTS ( 'NONE', 3,
 ( #2739, #3553, #5108, #1584 ),
 .UNSPECIFIED., .F., .F.,
 ( 4, 4 ),
 ( 0.000000000000000000, 1.000000000000000000 ),
 .UNSPECIFIED. ) ;
#2318 = CARTESIAN_POINT ( 'NONE',  ( 153.2258954685100036, 205.2010617305294886, -165.1687699360677470 ) ) ;
#2319 = CARTESIAN_POINT ( 'NONE',  ( -41.48798813415169207, 253.5120118658483648, 33.33571876003646395 ) ) ;
#2320 =( BOUNDED_SURFACE ( )  B_SPLINE_SURFACE ( 3, 2, ( 
 ( #2158, #2130, #165 ),
 ( #974, #2510, #2538 ),
 ( #2813, #3659, #524 ),
 ( #2899, #4126, #3714 ),
 ( #2838, #4481, #196 ),
 ( #584, #3327, #4404 ),
 ( #3740, #4780, #4459 ),
 ( #923, #3233, #862 ),
 ( #2429, #4013, #2457 ),
 ( #468, #2049, #4882 ) ),
 .UNSPECIFIED., .F., .F., .F. ) 
 B_SPLINE_SURFACE_WITH_KNOTS ( ( 4, 2, 2, 2, 4 ),
 ( 3, 3 ),
 ( 2.153977498910165433, 2.431945055406872669, 2.709912611903579460, 2.987880168400286252, 3.265847724896993043 ),
 ( 0.000000000000000000, 1.000000000000000000 ),
 .UNSPECIFIED. ) 
 GEOMETRIC_REPRESENTATION_ITEM ( )  RATIONAL_B_SPLINE_SURFACE ( (
 ( 1.000000000000000000, 0.8241335945897025894, 1.000000000000000000),
 ( 1.000000000000000000, 0.8394054592393224157, 1.000000000000000000),
 ( 1.000000000000000000, 0.8528395909976015377, 1.000000000000000000),
 ( 1.000000000000000000, 0.8755718322543900589, 1.000000000000000000),
 ( 1.000000000000000000, 0.8848678198399921868, 1.000000000000000000),
 ( 1.000000000000000000, 0.8990112298507175748, 1.000000000000000000),
 ( 1.000000000000000000, 0.9038590011157838777, 1.000000000000000000),
 ( 1.000000000000000000, 0.9089520247653866125, 1.000000000000000000),
 ( 1.000000000000000000, 0.9091996671483487669, 1.000000000000000000),
 ( 1.000000000000000000, 0.9071377367289806815, 1.000000000000000000) ) ) 
 REPRESENTATION_ITEM ( '' )  SURFACE ( )  );
#2321 = CARTESIAN_POINT ( 'NONE',  ( 163.2326484404565008, 17.70033671594094926, -183.3413986530655109 ) ) ;
#2322 = LINE ( 'NONE', #5097, #3025 ) ;
#2323 = PERSON_AND_ORGANIZATION ( #4154, #3100 ) ;
#2324 = FACE_OUTER_BOUND ( 'NONE', #700, .T. ) ;
#2325 = ORIENTED_EDGE ( 'NONE', *, *, #689, .F. ) ;
#2326 = CARTESIAN_POINT ( 'NONE',  ( 56.57206259976715756, 213.0281251690580007, 98.26160699795013898 ) ) ;
#2327 = ORIENTED_EDGE ( 'NONE', *, *, #2465, .F. ) ;
#2328 = DIRECTION ( 'NONE',  ( 0.000000000000000000, 0.000000000000000000, 1.000000000000000000 ) ) ;
#2329 = CARTESIAN_POINT ( 'NONE',  ( 199.2344527065027364, 92.88407939261550439, -139.3382249457439457 ) ) ;
#2330 = ORIENTED_EDGE ( 'NONE', *, *, #2768, .T. ) ;
#2331 = LINE ( 'NONE', #3124, #635 ) ;
#2332 = CARTESIAN_POINT ( 'NONE',  ( 35.77413366809060591, 184.0634948432608837, 115.5377275385096141 ) ) ;
#2333 = EDGE_CURVE ( 'NONE', #2276, #3444, #1543, .T. ) ;
#2334 = EDGE_CURVE ( 'NONE', #4405, #4605, #2286, .T. ) ;
#2335 = ADVANCED_FACE ( 'NONE', ( #1502 ), #3945, .T. ) ;
#2336 = DIRECTION ( 'NONE',  ( -1.000000000000000000, -0.000000000000000000, 0.000000000000000000 ) ) ;
#2337 = DIRECTION ( 'NONE',  ( -1.000000000000000000, 0.000000000000000000, 0.000000000000000000 ) ) ;
#2338 = ORIENTED_EDGE ( 'NONE', *, *, #3942, .T. ) ;
#2339 = DIRECTION ( 'NONE',  ( -1.000000000000000000, -0.000000000000000000, -0.000000000000000000 ) ) ;
#2340 = VERTEX_POINT ( 'NONE', #1594 ) ;
#2341 = CARTESIAN_POINT ( 'NONE',  ( 224.5515370831335815, 228.2071148916850802, 55.15219917456511922 ) ) ;
#2342 = CARTESIAN_POINT ( 'NONE',  ( 150.0000000000000000, 43.00000000000000000, 88.00000000000000000 ) ) ;
#2343 = DIRECTION ( 'NONE',  ( 1.000000000000000000, 0.000000000000000000, 0.000000000000000000 ) ) ;
#2344 = DIRECTION ( 'NONE',  ( 1.000000000000000000, 0.000000000000000000, -0.000000000000000000 ) ) ;
#2345 = EDGE_LOOP ( 'NONE', ( #3722, #1882, #658, #3114 ) ) ;
#2346 = DIRECTION ( 'NONE',  ( -1.000000000000000000, -0.000000000000000000, -0.000000000000000000 ) ) ;
#2347 = ORIENTED_EDGE ( 'NONE', *, *, #3383, .F. ) ;
#2348 = CYLINDRICAL_SURFACE ( 'NONE', #4836, 24.99999999999998579 ) ;
#2349 = CARTESIAN_POINT ( 'NONE',  ( 173.4515592645319373, 260.0000000000000000, -113.9363512990392167 ) ) ;
#2350 = CARTESIAN_POINT ( 'NONE',  ( 38.00000000000000000, 556.2409303092099435, -113.0000000000000000 ) ) ;
#2351 = CARTESIAN_POINT ( 'NONE',  ( -84.96159885715788107, 45.19999999999999574, -135.4000000000000341 ) ) ;
#2352 = ORIENTED_EDGE ( 'NONE', *, *, #2270, .T. ) ;
#2353 = DIRECTION ( 'NONE',  ( -2.220446049250312341E-16, 2.220446049250310369E-16, 1.000000000000000000 ) ) ;
#2354 = DIRECTION ( 'NONE',  ( -0.000000000000000000, 0.000000000000000000, 1.000000000000000000 ) ) ;
#2355 = VECTOR ( 'NONE', #4198, 1000.000000000000000 ) ;
#2356 = CARTESIAN_POINT ( 'NONE',  ( -87.00000000000001421, 47.80000000000000426, -68.00000000000000000 ) ) ;
#2357 = CARTESIAN_POINT ( 'NONE',  ( 59.39999999999999858, 45.19999999999999574, -2.112515784963269995E-14 ) ) ;
#2358 = EDGE_CURVE ( 'NONE', #1025, #3905, #3059, .T. ) ;
#2360 = EDGE_CURVE ( 'NONE', #4065, #3027, #3928, .T. ) ;
#2359 = ORIENTED_EDGE ( 'NONE', *, *, #4952, .F. ) ;
#2361 = VECTOR ( 'NONE', #2346, 1000.000000000000000 ) ;
#2362 = CARTESIAN_POINT ( 'NONE',  ( 175.4573510596055144, 238.1557816579927476, -145.4753115324171802 ) ) ;
#2363 = CARTESIAN_POINT ( 'NONE',  ( 184.2108626946770187, 229.7017263304572623, 83.96994885960781119 ) ) ;
#2364 = AXIS2_PLACEMENT_3D ( 'NONE', #3901, #411, #756 ) ;
#2365 = ORIENTED_EDGE ( 'NONE', *, *, #47, .T. ) ;
#2366 = CARTESIAN_POINT ( 'NONE',  ( 189.2080515630080697, 230.9245993238181427, 82.74050133383720151 ) ) ;
#2367 = CARTESIAN_POINT ( 'NONE',  ( 182.6446609407095991, 260.0000000000000000, -100.7761510425808353 ) ) ;
#2368 = EDGE_CURVE ( 'NONE', #462, #3129, #4868, .T. ) ;
#2369 = CIRCLE ( 'NONE', #3786, 25.00000000000009237 ) ;
#2370 = CARTESIAN_POINT ( 'NONE',  ( -57.34450560743195524, 185.3609086781145834, 108.9421466213254490 ) ) ;
#2371 = VERTEX_POINT ( 'NONE', #1262 ) ;
#2372 = AXIS2_PLACEMENT_3D ( 'NONE', #4330, #2339, #1084 ) ;
#2373 = CARTESIAN_POINT ( 'NONE',  ( 65.00047580808629277, 0.2000000000000265454, 22.77555386425300910 ) ) ;
#2374 = ORIENTED_EDGE ( 'NONE', *, *, #861, .T. ) ;
#2375 = CARTESIAN_POINT ( 'NONE',  ( -94.00000000000000000, -14.80000000000000071, -120.3999999999999915 ) ) ;
#2376 = VECTOR ( 'NONE', #1716, 1000.000000000000114 ) ;
#2377 = CARTESIAN_POINT ( 'NONE',  ( 86.19203243405785031, 0.2000000000000301814, 64.28827571909801009 ) ) ;
#2378 = CARTESIAN_POINT ( 'NONE',  ( -79.22247000760806657, 200.0594752853097305, -148.5597473361240759 ) ) ;
#2379 = CARTESIAN_POINT ( 'NONE',  ( -64.51741624796954966, 215.2332174399425071, 90.55617494950668345 ) ) ;
#2380 = ORIENTED_EDGE ( 'NONE', *, *, #3318, .F. ) ;
#2381 = DIRECTION ( 'NONE',  ( 2.220446049250315053E-16, -2.220446049250309876E-16, -1.000000000000000000 ) ) ;
#2382 = AXIS2_PLACEMENT_3D ( 'NONE', #3743, #2617, #3409 ) ;
#2383 = LINE ( 'NONE', #1976, #3611 ) ;
#2384 = CARTESIAN_POINT ( 'NONE',  ( -82.20949954610240695, 202.8676639344121213, 56.64295309606531248 ) ) ;
#2385 = CARTESIAN_POINT ( 'NONE',  ( 242.9999999999998579, 43.00000000000000000, 69.18847174670672473 ) ) ;
#2386 = VERTEX_POINT ( 'NONE', #4054 ) ;
#2387 = VECTOR ( 'NONE', #906, 1000.000000000000114 ) ;
#2388 = EDGE_CURVE ( 'NONE', #4693, #409, #1978, .T. ) ;
#2389 = CARTESIAN_POINT ( 'NONE',  ( 71.38757691997849975, 0.2000000000000231315, 44.99473366204799163 ) ) ;
#2390 = VECTOR ( 'NONE', #704, 1000.000000000000000 ) ;
#2391 = CARTESIAN_POINT ( 'NONE',  ( -43.43237801416071875, 221.7417506969819385, -158.0144870001617790 ) ) ;
#2392 = ORIENTED_EDGE ( 'NONE', *, *, #2994, .F. ) ;
#2393 = CARTESIAN_POINT ( 'NONE',  ( 175.4174627655931715, 238.1066114934734230, -145.5147108052214833 ) ) ;
#2394 = ADVANCED_FACE ( 'NONE', ( #4387 ), #871, .F. ) ;
#2395 = CYLINDRICAL_SURFACE ( 'NONE', #4117, 50.00000000000007105 ) ;
#2396 = ADVANCED_FACE ( 'NONE', ( #822 ), #2821, .T. ) ;
#2397 = CARTESIAN_POINT ( 'NONE',  ( 199.2344527065027364, 92.88407939261550439, -139.3382249457439457 ) ) ;
#2398 = ORIENTED_EDGE ( 'NONE', *, *, #2664, .T. ) ;
#2399 = CARTESIAN_POINT ( 'NONE',  ( 63.02671689457789483, 218.1022863273084624, 93.91232600516404716 ) ) ;
#2400 = ORIENTED_EDGE ( 'NONE', *, *, #1045, .F. ) ;
#2401 = CARTESIAN_POINT ( 'NONE',  ( -41.52439024390254474, 43.00000000000000000, 124.7804878048778079 ) ) ;
#2402 = CARTESIAN_POINT ( 'NONE',  ( 175.5743520089353922, 260.0000000000000000, -112.7204381804540390 ) ) ;
#2403 = CARTESIAN_POINT ( 'NONE',  ( 200.2253304065124553, 227.9759714377671855, -132.0293191665525683 ) ) ;
#2404 = DIRECTION ( 'NONE',  ( 0.000000000000000000, 0.000000000000000000, 1.000000000000000000 ) ) ;
#2405 = ORIENTED_EDGE ( 'NONE', *, *, #2167, .F. ) ;
#2406 = FACE_OUTER_BOUND ( 'NONE', #3208, .T. ) ;
#2407 = CARTESIAN_POINT ( 'NONE',  ( 127.2244461357467884, 0.2000000000000404232, 84.99952419191362196 ) ) ;
#2408 = CARTESIAN_POINT ( 'NONE',  ( -82.30262566301870208, 197.5324722694580544, 74.28702549084400175 ) ) ;
#2409 = DIRECTION ( 'NONE',  ( -9.228728892196681584E-15, 0.000000000000000000, 1.000000000000000000 ) ) ;
#2410 = ORIENTED_EDGE ( 'NONE', *, *, #4142, .T. ) ;
#2411 = CARTESIAN_POINT ( 'NONE',  ( 199.7688512916708703, 43.53931109960414148, -140.1995410801663411 ) ) ;
#2412 = DIRECTION ( 'NONE',  ( 1.000000000000000000, 0.000000000000000000, 0.000000000000000000 ) ) ;
#2413 = EDGE_LOOP ( 'NONE', ( #4821, #3821, #4, #2077 ) ) ;
#2414 = CARTESIAN_POINT ( 'NONE',  ( 65.00047580808629277, 45.19999999999999574, 22.77555386425299844 ) ) ;
#2415 = CARTESIAN_POINT ( 'NONE',  ( 62.00200000000000244, 0.2000000000000055067, -0.0001310869257736289927 ) ) ;
#2416 = CARTESIAN_POINT ( 'NONE',  ( 178.3884519645696969, 253.9915380301622179, 60.04071627662438004 ) ) ;
#2417 = ORIENTED_EDGE ( 'NONE', *, *, #4351, .F. ) ;
#2418 = CARTESIAN_POINT ( 'NONE',  ( 227.1965262550148736, 210.3334871169490157, 68.91069197660411305 ) ) ;
#2419 = ORIENTED_EDGE ( 'NONE', *, *, #4881, .T. ) ;
#2420 = ADVANCED_FACE ( 'NONE', ( #2087 ), #479, .T. ) ;
#2421 = DIRECTION ( 'NONE',  ( -1.000000000000000000, -0.000000000000000000, 0.000000000000000000 ) ) ;
#2422 = ADVANCED_FACE ( 'NONE', ( #4814 ), #1286, .F. ) ;
#2423 = CARTESIAN_POINT ( 'NONE',  ( -67.56201540910424796, 216.9538534948202368, 85.48948629569279944 ) ) ;
#2424 = CARTESIAN_POINT ( 'NONE',  ( 201.8015853502451478, 230.1294985004743410, -128.7645116253036690 ) ) ;
#2425 = CARTESIAN_POINT ( 'NONE',  ( -79.65053612218241597, 209.9249359559646564, 87.57117853731841706 ) ) ;
#2426 = ORIENTED_EDGE ( 'NONE', *, *, #2952, .F. ) ;
#2427 = CARTESIAN_POINT ( 'NONE',  ( 33.96688152427389440, 45.19999999999998863, 117.9615988571578669 ) ) ;
#2428 = CARTESIAN_POINT ( 'NONE',  ( -94.00000000000000000, -14.80000000000000071, -115.4000000000000057 ) ) ;
#2429 = CARTESIAN_POINT ( 'NONE',  ( 203.1683993407557978, 249.8316006592439464, -105.7107036673649532 ) ) ;
#2430 = VERTEX_POINT ( 'NONE', #448 ) ;
#2431 = DIRECTION ( 'NONE',  ( 0.6269584274794102186, 0.000000000000000000, -0.7790527133721729669 ) ) ;
#2432 = VERTEX_POINT ( 'NONE', #2109 ) ;
#2433 = CARTESIAN_POINT ( 'NONE',  ( -10.16969591147120866, 252.2621870812468785, 64.42583619532959460 ) ) ;
#2434 = CARTESIAN_POINT ( 'NONE',  ( 71.10080430829786735, 197.1946509929641138, 99.62043033001693004 ) ) ;
#2435 = CARTESIAN_POINT ( 'NONE',  ( -17.82637111521082929, 260.0000000000000000, 43.26674735132768035 ) ) ;
#2436 = CARTESIAN_POINT ( 'NONE',  ( 197.8009810237623469, 222.9258511615634006, -137.1189726372446955 ) ) ;
#2437 = ORIENTED_EDGE ( 'NONE', *, *, #4547, .F. ) ;
#2438 = VECTOR ( 'NONE', #3480, 1000.000000000000000 ) ;
#2439 = CARTESIAN_POINT ( 'NONE',  ( 71.10080430829786735, 197.1946509929641138, 99.62043033001693004 ) ) ;
#2440 = CARTESIAN_POINT ( 'NONE',  ( -38.61449668278007152, 184.0562701097883576, 115.5378536467013930 ) ) ;
#2441 = AXIS2_PLACEMENT_3D ( 'NONE', #1762, #1209, #5042 ) ;
#2442 = DIRECTION ( 'NONE',  ( 0.7070529271412426819, -0.7070529271412494543, 0.01234165475094131659 ) ) ;
#2443 = CARTESIAN_POINT ( 'NONE',  ( -40.21738971135850704, 204.7358345382201321, -165.1768905069159814 ) ) ;
#2444 = ORIENTED_EDGE ( 'NONE', *, *, #2898, .F. ) ;
#2445 = CARTESIAN_POINT ( 'NONE',  ( 211.9457308270393696, 225.9698746423864293, 81.62954868440557732 ) ) ;
#2446 = LINE ( 'NONE', #2526, #3122 ) ;
#2447 = CARTESIAN_POINT ( 'NONE',  ( -38.51594560288032909, 214.4032299246962339, -165.0081454926919946 ) ) ;
#2448 = AXIS2_PLACEMENT_3D ( 'NONE', #2407, #762, #4705 ) ;
#2449 = CARTESIAN_POINT ( 'NONE',  ( 59.39999999999999858, 0.2000000000000126676, -0.0001310869257737286037 ) ) ;
#2450 = ADVANCED_FACE ( 'NONE', ( #4840 ), #1597, .T. ) ;
#2451 = VECTOR ( 'NONE', #1148, 1000.000000000000000 ) ;
#2452 = CARTESIAN_POINT ( 'NONE',  ( 239.6371596559143882, 203.2498728693009582, 40.76604286184713999 ) ) ;
#2453 = CARTESIAN_POINT ( 'NONE',  ( -67.15098610697489789, 216.5304556441085140, 86.59772493355225720 ) ) ;
#2454 = ORIENTED_EDGE ( 'NONE', *, *, #4885, .F. ) ;
#2455 = FACE_OUTER_BOUND ( 'NONE', #2345, .T. ) ;
#2456 = CARTESIAN_POINT ( 'NONE',  ( -65.44098998305641146, 193.1198725360725064, 102.2915199767871286 ) ) ;
#2457 = CARTESIAN_POINT ( 'NONE',  ( 208.6933050479473479, 231.7837541943821975, -114.7951445947874021 ) ) ;
#2458 = EDGE_CURVE ( 'NONE', #2181, #1025, #203, .T. ) ;
#2459 = ORIENTED_EDGE ( 'NONE', *, *, #3532, .T. ) ;
#2460 = AXIS2_PLACEMENT_3D ( 'NONE', #650, #1505, #263 ) ;
#2461 = CARTESIAN_POINT ( 'NONE',  ( 150.0000000000000284, 45.19999999999999574, -167.9615988571579805 ) ) ;
#2462 = ORIENTED_EDGE ( 'NONE', *, *, #1827, .F. ) ;
#2463 = CARTESIAN_POINT ( 'NONE',  ( -29.92614605158274443, 254.6187973734689933, -122.4382433995635324 ) ) ;
#2464 = PLANE ( 'NONE',  #481 ) ;
#2465 = EDGE_CURVE ( 'NONE', #2606, #4350, #2895, .T. ) ;
#2466 = CARTESIAN_POINT ( 'NONE',  ( -48.82996193696489939, 207.9989286171790184, 102.5723468995607703 ) ) ;
#2467 = CARTESIAN_POINT ( 'NONE',  ( -79.28034734630004721, 212.1369277324716904, -147.9134764791066061 ) ) ;
#2468 = AXIS2_PLACEMENT_3D ( 'NONE', #1365, #4437, #3688 ) ;
#2469 = ORIENTED_EDGE ( 'NONE', *, *, #3294, .F. ) ;
#2470 = CARTESIAN_POINT ( 'NONE',  ( 186.9862001446354327, 213.5232103052872787, -152.1090238320878143 ) ) ;
#2471 = CARTESIAN_POINT ( 'NONE',  ( -24.18529241417470033, 260.0000000000000000, -103.2562766284983553 ) ) ;
#2472 = VECTOR ( 'NONE', #1563, 1000.000000000000000 ) ;
#2473 = CARTESIAN_POINT ( 'NONE',  ( 212.4949727698197819, 26.70013093513523117, 83.30143487801858271 ) ) ;
#2474 = LINE ( 'NONE', #4029, #2714 ) ;
#2475 = APPROVAL_DATE_TIME ( #1709, #4652 ) ;
#2476 = ORIENTED_EDGE ( 'NONE', *, *, #4206, .T. ) ;
#2477 = CARTESIAN_POINT ( 'NONE',  ( 220.1477370025510254, 212.5613127572582357, 76.05597248452927772 ) ) ;
#2478 = CARTESIAN_POINT ( 'NONE',  ( 191.0646933600071122, 254.9883963583521336, 49.59571414155269053 ) ) ;
#2479 = VECTOR ( 'NONE', #1114, 1000.000000000000114 ) ;
#2480 = DIRECTION ( 'NONE',  ( -0.6087614290087207669, 0.000000000000000000, -0.7933533402912350541 ) ) ;
#2481 = CARTESIAN_POINT ( 'NONE',  ( 486.2811353838490618, 190.0000000000000000, 118.0000000000000142 ) ) ;
#2482 = LINE ( 'NONE', #1766, #4034 ) ;
#2483 = CARTESIAN_POINT ( 'NONE',  ( 70.39902629109960230, 211.8170380169547968, 99.29968169985816928 ) ) ;
#2484 = ORIENTED_EDGE ( 'NONE', *, *, #185, .F. ) ;
#2485 = CARTESIAN_POINT ( 'NONE',  ( -41.72950802060932318, 201.1943828535819705, 108.4048146969297193 ) ) ;
#2486 = DIRECTION ( 'NONE',  ( 0.7933533402912332777, 0.000000000000000000, 0.6087614290087230984 ) ) ;
#2487 = DIRECTION ( 'NONE',  ( 1.000000000000000000, -8.292721616084237533E-16, -3.336641107756070874E-15 ) ) ;
#2488 = ORIENTED_EDGE ( 'NONE', *, *, #4659, .F. ) ;
#2489 = DIRECTION ( 'NONE',  ( 8.326672684688666165E-15, 0.000000000000000000, 1.000000000000000000 ) ) ;
#2490 = VERTEX_POINT ( 'NONE', #4277 ) ;
#2491 = ADVANCED_FACE ( 'NONE', ( #737 ), #2310, .T. ) ;
#2492 = CYLINDRICAL_SURFACE ( 'NONE', #663, 25.00000000000000000 ) ;
#2493 = CARTESIAN_POINT ( 'NONE',  ( 182.2022990441471393, 259.9999999999998863, 33.86054122475034234 ) ) ;
#2494 = CARTESIAN_POINT ( 'NONE',  ( -68.62763924015857242, 211.9244984122167352, -160.1931176860775849 ) ) ;
#2495 = VERTEX_POINT ( 'NONE', #3840 ) ;
#2496 = DIRECTION ( 'NONE',  ( -0.7071067811865441310, 0.7071067811865510144, 0.000000000000000000 ) ) ;
#2497 = CARTESIAN_POINT ( 'NONE',  ( 77.50000000000000000, 43.00000000000000000, -168.0000000000000000 ) ) ;
#2498 = LINE ( 'NONE', #1734, #3620 ) ;
#2499 = EDGE_LOOP ( 'NONE', ( #3279, #3622, #2511 ) ) ;
#2500 = LINE ( 'NONE', #2036, #3367 ) ;
#2501 = EDGE_LOOP ( 'NONE', ( #4833, #1150, #1423, #1613 ) ) ;
#2502 = CARTESIAN_POINT ( 'NONE',  ( 221.3389682053105503, 212.2707305635299235, 74.99409273906968565 ) ) ;
#2503 = DIRECTION ( 'NONE',  ( 0.000000000000000000, 0.01745240643728357757, 0.9998476951563912696 ) ) ;
#2504 = CARTESIAN_POINT ( 'NONE',  ( -52.25078064019433555, 200.7644377972083305, -165.2462114948861256 ) ) ;
#2505 = CARTESIAN_POINT ( 'NONE',  ( -66.19029533911515273, 215.9266239021057743, 88.35624684588552213 ) ) ;
#2506 = EDGE_LOOP ( 'NONE', ( #1255, #3736, #4935, #1126 ) ) ;
#2507 = DIRECTION ( 'NONE',  ( -3.749151804555344967E-33, -5.719166459861019712E-18, 1.000000000000000000 ) ) ;
#2508 = CARTESIAN_POINT ( 'NONE',  ( -48.34008235975124990, 184.4040881797076281, 113.9106574448772875 ) ) ;
#2509 = EDGE_CURVE ( 'NONE', #472, #4725, #4109, .T. ) ;
#2510 = CARTESIAN_POINT ( 'NONE',  ( 193.4472146639111827, 236.8172940637409454, -145.3569581024264323 ) ) ;
#2511 = ORIENTED_EDGE ( 'NONE', *, *, #3321, .T. ) ;
#2512 = FACE_OUTER_BOUND ( 'NONE', #2722, .T. ) ;
#2513 =( BOUNDED_SURFACE ( )  B_SPLINE_SURFACE ( 3, 2, ( 
 ( #914, #2071, #4063 ),
 ( #518, #967, #2914 ),
 ( #2122, #101, #4120 ),
 ( #3654, #159, #1688 ) ),
 .UNSPECIFIED., .F., .F., .F. ) 
 B_SPLINE_SURFACE_WITH_KNOTS ( ( 4, 4 ),
 ( 3, 3 ),
 ( -8.006833043805450245E-17, 4.316491515434792766E-05 ),
 ( 0.000000000000000000, 1.000000000000000000 ),
 .UNSPECIFIED. ) 
 GEOMETRIC_REPRESENTATION_ITEM ( )  RATIONAL_B_SPLINE_SURFACE ( (
 ( 1.000000000000000000, 0.8241442123399354003, 1.000000000000000000),
 ( 1.000000000000000000, 0.8241406747494238738, 1.000000000000000000),
 ( 1.000000000000000000, 0.8241371354371285207, 1.000000000000000000),
 ( 1.000000000000000000, 0.8241335945897035886, 1.000000000000000000) ) ) 
 REPRESENTATION_ITEM ( '' )  SURFACE ( )  );
#2514 = CARTESIAN_POINT ( 'NONE',  ( -19.12764045619178788, 253.4277639772771238, -130.5170284417926609 ) ) ;
#2515 = CARTESIAN_POINT ( 'NONE',  ( 228.6530861142489641, 224.3469138857516327, 48.64771425477486133 ) ) ;
#2516 = EDGE_CURVE ( 'NONE', #4889, #633, #4513, .T. ) ;
#2517 = DIRECTION ( 'NONE',  ( -0.01082760929546511437, 0.9997890838048475448, 0.01745138337233679421 ) ) ;
#2518 = CARTESIAN_POINT ( 'NONE',  ( -80.22588335429635720, 200.1217522506882460, -146.1255336182397571 ) ) ;
#2519 = EDGE_LOOP ( 'NONE', ( #2244, #2731, #4733, #90 ) ) ;
#2520 = CARTESIAN_POINT ( 'NONE',  ( 35.77347157614361350, 200.0092751788739349, 109.4206212752509799 ) ) ;
#2521 = CARTESIAN_POINT ( 'NONE',  ( -91.39999999999999147, 35.20000000000000284, -135.4000000000000341 ) ) ;
#2522 = LINE ( 'NONE', #3726, #325 ) ;
#2523 = AXIS2_PLACEMENT_3D ( 'NONE', #4807, #1341, #4461 ) ;
#2524 = VERTEX_POINT ( 'NONE', #4890 ) ;
#2525 = DIRECTION ( 'NONE',  ( 0.3826834323650918912, 0.000000000000000000, 0.9238795325112858503 ) ) ;
#2526 = CARTESIAN_POINT ( 'NONE',  ( 62.00000000000004974, 21.48706199460919919, -112.2452830188680082 ) ) ;
#2527 = CARTESIAN_POINT ( 'NONE',  ( 104.4170113906848343, 0.2000000000000232425, 78.27279392786653034 ) ) ;
#2528 = AXIS2_PLACEMENT_3D ( 'NONE', #2414, #1703, #4759 ) ;
#2529 = DIRECTION ( 'NONE',  ( -2.624127766183149301E-17, -1.000000000000000000, 1.086949310152881686E-17 ) ) ;
#2530 = CARTESIAN_POINT ( 'NONE',  ( -73.56689009104459842, 199.9896765240309264, -156.3827323484212570 ) ) ;
#2531 = CARTESIAN_POINT ( 'NONE',  ( 192.7764039195889723, 217.7592797914272182, -145.3637128291846636 ) ) ;
#2532 = ORIENTED_EDGE ( 'NONE', *, *, #2150, .F. ) ;
#2533 = AXIS2_PLACEMENT_3D ( 'NONE', #4727, #785, #2023 ) ;
#2534 = DIRECTION ( 'NONE',  ( 0.000000000000000000, 0.000000000000000000, -1.000000000000000000 ) ) ;
#2535 = LINE ( 'NONE', #1749, #3932 ) ;
#2536 = VECTOR ( 'NONE', #2529, 1000.000000000000000 ) ;
#2537 = CARTESIAN_POINT ( 'NONE',  ( -18.45318618553829282, 253.7120055200241495, 61.08105263237753491 ) ) ;
#2538 = CARTESIAN_POINT ( 'NONE',  ( 198.6315061730915374, 225.0893908170683915, -135.3583860805061647 ) ) ;
#2539 = EDGE_LOOP ( 'NONE', ( #2189, #1842, #783, #705, #1856, #4113, #2834, #3635, #2197, #4904, #1777 ) ) ;
#2540 = DIRECTION ( 'NONE',  ( 1.000000000000000000, 1.226146354017287325E-17, 7.024587757534598879E-16 ) ) ;
#2541 = VECTOR ( 'NONE', #4997, 1000.000000000000000 ) ;
#2542 = VECTOR ( 'NONE', #140, 1000.000000000000000 ) ;
#2543 = CARTESIAN_POINT ( 'NONE',  ( -29.82118967678190202, 254.6132430309116614, -122.5441783294341462 ) ) ;
#2544 = FACE_OUTER_BOUND ( 'NONE', #3583, .T. ) ;
#2545 = CARTESIAN_POINT ( 'NONE',  ( -27.71565799152488552, 260.0000000000000568, -115.0434872209049644 ) ) ;
#2546 = CARTESIAN_POINT ( 'NONE',  ( -80.72920537358939441, 200.1615651873710817, -144.7254235342998072 ) ) ;
#2547 = ORIENTED_EDGE ( 'NONE', *, *, #177, .F. ) ;
#2548 = CARTESIAN_POINT ( 'NONE',  ( 43.23465590862414132, 202.3627682019546228, 107.4033415411818169 ) ) ;
#2549 = ADVANCED_FACE ( 'NONE', ( #3336 ), #4628, .T. ) ;
#2550 = EDGE_CURVE ( 'NONE', #502, #4411, #4915, .T. ) ;
#2551 = EDGE_CURVE ( 'NONE', #4358, #2181, #2383, .T. ) ;
#2552 = CARTESIAN_POINT ( 'NONE',  ( 176.5940575959013472, 253.7331261805406655, 61.00873079434528279 ) ) ;
#2553 = CARTESIAN_POINT ( 'NONE',  ( -25.51293151606689236, 254.5828386591733192, 56.63694923593577357 ) ) ;
#2554 = EDGE_LOOP ( 'NONE', ( #1005, #1527, #2004, #2798 ) ) ;
#2555 = CARTESIAN_POINT ( 'NONE',  ( 185.0492585574279190, 229.7796319967157217, 83.90317257424371178 ) ) ;
#2556 = CARTESIAN_POINT ( 'NONE',  ( 168.2304831369270914, 252.3149782592248869, 64.58716149209297441 ) ) ;
#2557 = CARTESIAN_POINT ( 'NONE',  ( 201.5671932055038553, 214.3825475043948074, 86.76411752237369512 ) ) ;
#2558 = CIRCLE ( 'NONE', #1492, 24.99999999999971578 ) ;
#2559 = ADVANCED_FACE ( 'NONE', ( #4347 ), #2812, .F. ) ;
#2560 = DIRECTION ( 'NONE',  ( 0.000000000000000000, -0.8071962853339327282, 0.5902831159224362079 ) ) ;
#2561 = CARTESIAN_POINT ( 'NONE',  ( 46.64150466296278097, 204.5402451592497926, 105.5369327206430938 ) ) ;
#2562 = CARTESIAN_POINT ( 'NONE',  ( -72.08052612243298540, 199.9975820039616963, -157.8694701027907286 ) ) ;
#2563 = CARTESIAN_POINT ( 'NONE',  ( 180.4912299133906401, 210.4601890994347286, -156.9666844175320648 ) ) ;
#2564 = AXIS2_PLACEMENT_3D ( 'NONE', #2275, #4266, #1935 ) ;
#2565 = ORIENTED_EDGE ( 'NONE', *, *, #1136, .F. ) ;
#2566 = CARTESIAN_POINT ( 'NONE',  ( 228.6530861142489073, 224.3469138857515759, 48.64771425477484712 ) ) ;
#2567 = DIRECTION ( 'NONE',  ( -8.685085291697262189E-16, 2.046077873182491194E-15, -1.000000000000000000 ) ) ;
#2568 = CARTESIAN_POINT ( 'NONE',  ( 195.8974893587451049, 254.3876534488622667, -111.4223611342451221 ) ) ;
#2569 = ORIENTED_EDGE ( 'NONE', *, *, #839, .F. ) ;
#2570 = LINE ( 'NONE', #893, #3687 ) ;
#2571 = CARTESIAN_POINT ( 'NONE',  ( -91.39799999999999613, 45.19999999999999574, -72.99999999999998579 ) ) ;
#2572 = CARTESIAN_POINT ( 'NONE',  ( -81.53131313100320199, 200.2554019411194304, -141.8806388117530730 ) ) ;
#2573 = ORIENTED_EDGE ( 'NONE', *, *, #2862, .F. ) ;
#2574 = CARTESIAN_POINT ( 'NONE',  ( 160.4411761320008907, 214.2111442614906025, -164.6310845907740656 ) ) ;
#2575 = LINE ( 'NONE', #1470, #1969 ) ;
#2576 =( BOUNDED_SURFACE ( )  B_SPLINE_SURFACE ( 3, 2, ( 
 ( #4033, #2855, #4060 ),
 ( #3192, #2886, #98 ),
 ( #4768, #2804, #4395 ),
 ( #488, #937, #1685 ),
 ( #4450, #909, #2478 ),
 ( #515, #2092, #3675 ),
 ( #1783, #4115, #1812 ),
 ( #2146, #4566, #4971 ),
 ( #2191, #4591, #2556 ),
 ( #1016, #1061, #3775 ) ),
 .UNSPECIFIED., .F., .F., .F. ) 
 B_SPLINE_SURFACE_WITH_KNOTS ( ( 4, 2, 2, 2, 4 ),
 ( 3, 3 ),
 ( 2.663395857093627139, 2.936545739668310784, 3.209695622242994428, 3.482845504817678073, 3.755995387392361717 ),
 ( 0.000000000000000000, 1.000000000000000000 ),
 .UNSPECIFIED. ) 
 GEOMETRIC_REPRESENTATION_ITEM ( )  RATIONAL_B_SPLINE_SURFACE ( (
 ( 1.000000000000000000, 0.9238795325112869605, 1.000000000000000000),
 ( 1.000000000000000000, 0.9329116325011655997, 1.000000000000000000),
 ( 1.000000000000000000, 0.9394222216241892021, 1.000000000000000000),
 ( 1.000000000000000000, 0.9472483406976965892, 1.000000000000000000),
 ( 1.000000000000000000, 0.9485618711315577656, 1.000000000000000000),
 ( 1.000000000000000000, 0.9459571085322764361, 1.000000000000000000),
 ( 1.000000000000000000, 0.9420387870913280448, 1.000000000000000000),
 ( 1.000000000000000000, 0.9290684192178855216, 1.000000000000000000),
 ( 1.000000000000000000, 0.9200183476882216604, 1.000000000000000000),
 ( 1.000000000000000000, 0.9085128984929073948, 1.000000000000000000) ) ) 
 REPRESENTATION_ITEM ( '' )  SURFACE ( )  );
#2577 = VERTEX_POINT ( 'NONE', #2428 ) ;
#2578 = CARTESIAN_POINT ( 'NONE',  ( 207.7706511250590040, 214.1716611573162368, 84.17462923110072381 ) ) ;
#2579 = CARTESIAN_POINT ( 'NONE',  ( -87.00000000000001421, 47.80000000000000426, -68.00000000000000000 ) ) ;
#2580 = EDGE_CURVE ( 'NONE', #103, #2090, #3554, .T. ) ;
#2581 = CARTESIAN_POINT ( 'NONE',  ( -10.23048313702464007, 252.3149782588665744, 64.58716149239994309 ) ) ;
#2582 = CARTESIAN_POINT ( 'NONE',  ( -82.04102069316165569, 212.5198109442132761, 77.68564778045394803 ) ) ;
#2583 = DIRECTION ( 'NONE',  ( 6.123031769111888756E-17, 1.000000000000000000, 0.000000000000000000 ) ) ;
#2584 = CARTESIAN_POINT ( 'NONE',  ( 96.18920974622623987, 229.6627149440251969, 84.00338719083538308 ) ) ;
#2585 = EDGE_CURVE ( 'NONE', #3088, #36, #3125, .T. ) ;
#2586 = ORIENTED_EDGE ( 'NONE', *, *, #575, .T. ) ;
#2587 = CARTESIAN_POINT ( 'NONE',  ( 239.9779934556908643, 203.0422030543375627, 38.62837245827453359 ) ) ;
#2588 = ORIENTED_EDGE ( 'NONE', *, *, #2735, .F. ) ;
#2589 = DIRECTION ( 'NONE',  ( 0.000000000000000000, 1.000000000000000000, 0.000000000000000000 ) ) ;
#2590 = CARTESIAN_POINT ( 'NONE',  ( 175.3010536409755105, 253.1313459472001455, -131.4515551216564404 ) ) ;
#2591 = ORIENTED_EDGE ( 'NONE', *, *, #848, .T. ) ;
#2592 = CARTESIAN_POINT ( 'NONE',  ( -66.15969613531869697, 219.0561972915549802, -150.2506460759553875 ) ) ;
#2593 = CARTESIAN_POINT ( 'NONE',  ( 240.2093632964747201, 202.8754696703614115, -44.45442883954876834 ) ) ;
#2594 = CARTESIAN_POINT ( 'NONE',  ( 60.07779472740737248, 188.7335905853647375, 107.6127885890336842 ) ) ;
#2595 = ORIENTED_EDGE ( 'NONE', *, *, #2927, .T. ) ;
#2596 = DIRECTION ( 'NONE',  ( 0.01744974916068270723, 0.9996954598818874604, 0.01744974916068270723 ) ) ;
#2597 = CARTESIAN_POINT ( 'NONE',  ( -114.5524090462144073, 45.19999999999999574, 88.00000000000000000 ) ) ;
#2598 = VERTEX_POINT ( 'NONE', #811 ) ;
#2599 = CARTESIAN_POINT ( 'NONE',  ( -91.39799999999999613, 45.19999999999999574, 242.0604443032840152 ) ) ;
#2600 = CARTESIAN_POINT ( 'NONE',  ( -114.5524090462144073, 45.19999999999999574, 92.96159885715779581 ) ) ;
#2601 = CARTESIAN_POINT ( 'NONE',  ( -27.77926707545429252, 260.0000000000001137, 45.40055344260385795 ) ) ;
#2602 = AXIS2_PLACEMENT_3D ( 'NONE', #1359, #2917, #2864 ) ;
#2603 = LINE ( 'NONE', #1019, #317 ) ;
#2604 = LINE ( 'NONE', #2249, #2219 ) ;
#2605 = CARTESIAN_POINT ( 'NONE',  ( 185.0294510185605645, 212.6127255750915310, -153.5527436550665072 ) ) ;
#2606 = VERTEX_POINT ( 'NONE', #1945 ) ;
#2607 = CARTESIAN_POINT ( 'NONE',  ( 231.8458258630125783, 221.1541741369878480, 40.97601213547807930 ) ) ;
#2608 = ORIENTED_EDGE ( 'NONE', *, *, #4603, .F. ) ;
#2609 = CARTESIAN_POINT ( 'NONE',  ( -67.15098610697486947, 216.5304556441085992, 86.59772493355225720 ) ) ;
#2610 = AXIS2_PLACEMENT_3D ( 'NONE', #3877, #4670, #1215 ) ;
#2611 = EDGE_CURVE ( 'NONE', #1695, #2059, #1137, .T. ) ;
#2612 = VECTOR ( 'NONE', #2968, 1000.000000000000000 ) ;
#2613 = CARTESIAN_POINT ( 'NONE',  ( -49.33802444560394207, 194.6318695286806246, 114.0298261182733910 ) ) ;
#2614 = ORIENTED_EDGE ( 'NONE', *, *, #4080, .T. ) ;
#2615 = CARTESIAN_POINT ( 'NONE',  ( -63.79800407815685048, 219.2170124066077506, -152.0835314494618160 ) ) ;
#2616 = CIRCLE ( 'NONE', #3531, 24.99999999999999289 ) ;
#2617 = DIRECTION ( 'NONE',  ( 0.1305261922200493807, 2.281371427653462014E-16, 0.9914448613738107152 ) ) ;
#2618 = AXIS2_PLACEMENT_3D ( 'NONE', #2121, #3254, #2888 ) ;
#2619 = CARTESIAN_POINT ( 'NONE',  ( -7.849982925100751352, 260.0000000000000000, -115.9843788128767983 ) ) ;
#2620 = DIRECTION ( 'NONE',  ( 1.457782542662494776E-16, -1.000000000000000000, 1.118595887589528390E-16 ) ) ;
#2621 = ORIENTED_EDGE ( 'NONE', *, *, #3452, .T. ) ;
#2622 = VECTOR ( 'NONE', #2668, 1000.000000000000000 ) ;
#2623 = FACE_OUTER_BOUND ( 'NONE', #5071, .T. ) ;
#2624 = CARTESIAN_POINT ( 'NONE',  ( 184.9998689130745220, 7.700179246586877468, 87.99800000000001887 ) ) ;
#2625 = VERTEX_POINT ( 'NONE', #2713 ) ;
#2626 = AXIS2_PLACEMENT_3D ( 'NONE', #1929, #4236, #3131 ) ;
#2627 = CARTESIAN_POINT ( 'NONE',  ( 203.8107762865692223, 214.3541100690818837, 85.96557245205690378 ) ) ;
#2628 = DIRECTION ( 'NONE',  ( 0.000000000000000000, 1.000000000000000000, 0.000000000000000000 ) ) ;
#2629 = CARTESIAN_POINT ( 'NONE',  ( 200.7868377562714670, 214.3889783693306015, 87.02961092082763628 ) ) ;
#2630 = B_SPLINE_CURVE_WITH_KNOTS ( 'NONE', 3,
 ( #4757, #5040, #4686, #2391, #1233, #2797 ),
 .UNSPECIFIED., .F., .F.,
 ( 4, 2, 4 ),
 ( 0.000000000000000000, 0.4999999999999990563, 1.000000000000000000 ),
 .UNSPECIFIED. ) ;
#2631 = CARTESIAN_POINT ( 'NONE',  ( -82.27236967185422145, 199.2658368423715558, 71.24212968272757962 ) ) ;
#2632 = DIRECTION ( 'NONE',  ( 0.000000000000000000, 2.220446049250315053E-16, 1.000000000000000000 ) ) ;
#2633 = CARTESIAN_POINT ( 'NONE',  ( 166.3667205651131553, 206.3821564491228742, -163.3870210053061669 ) ) ;
#2634 = ORIENTED_EDGE ( 'NONE', *, *, #720, .F. ) ;
#2635 = FACE_OUTER_BOUND ( 'NONE', #4023, .T. ) ;
#2636 = ORIENTED_EDGE ( 'NONE', *, *, #1251, .T. ) ;
#2637 = VECTOR ( 'NONE', #642, 1000.000000000000000 ) ;
#2638 = CARTESIAN_POINT ( 'NONE',  ( -91.39999999999999147, -19.79999999999999361, -120.3999999999999915 ) ) ;
#2639 = VECTOR ( 'NONE', #632, 1000.000000000000000 ) ;
#2640 = CARTESIAN_POINT ( 'NONE',  ( 176.1223939668338971, 253.2669445987141330, -131.0420143113341851 ) ) ;
#2641 = ORIENTED_EDGE ( 'NONE', *, *, #4966, .T. ) ;
#2642 = CARTESIAN_POINT ( 'NONE',  ( -61.39730880494285259, 219.6357332998222773, -153.2351854488954643 ) ) ;
#2643 = CARTESIAN_POINT ( 'NONE',  ( 206.6672296194111311, 232.4778820431077122, -118.8555580438066102 ) ) ;
#2644 = CARTESIAN_POINT ( 'NONE',  ( -64.38489380561975395, 212.2888096057335758, -162.6394071444932479 ) ) ;
#2646 = EDGE_CURVE ( 'NONE', #2598, #4669, #5109, .T. ) ;
#2645 = VERTEX_POINT ( 'NONE', #3964 ) ;
#2647 = CARTESIAN_POINT ( 'NONE',  ( -42.32233047033615492, 252.6776695296638593, 228.7389185037470156 ) ) ;
#2648 = CARTESIAN_POINT ( 'NONE',  ( 59.39999999999999858, 556.2409303092099435, -113.0000000000000000 ) ) ;
#2649 = ORIENTED_EDGE ( 'NONE', *, *, #4175, .T. ) ;
#2650 = CARTESIAN_POINT ( 'NONE',  ( 206.7925584667891599, 214.2250766889461318, 84.63995422674791769 ) ) ;
#2651 = CARTESIAN_POINT ( 'NONE',  ( 209.3625709752080013, 214.0811132067654228, 83.40501559871599113 ) ) ;
#2652 = DIRECTION ( 'NONE',  ( -1.299306819101096337E-16, 1.000000000000000000, -1.693289613758150777E-16 ) ) ;
#2653 = CARTESIAN_POINT ( 'NONE',  ( 38.32378724582873986, 200.4845359379474417, 109.0132549103308435 ) ) ;
#2654 = CARTESIAN_POINT ( 'NONE',  ( 506.9319480955999211, 43.00000000000000000, 2.000000000000000000 ) ) ;
#2655 = CARTESIAN_POINT ( 'NONE',  ( 195.6593426394188668, 220.3919605764797609, -141.1652346229158752 ) ) ;
#2656 = ORIENTED_EDGE ( 'NONE', *, *, #2085, .T. ) ;
#2657 = FACE_OUTER_BOUND ( 'NONE', #1472, .T. ) ;
#2658 = ORIENTED_EDGE ( 'NONE', *, *, #1867, .T. ) ;
#2659 = CARTESIAN_POINT ( 'NONE',  ( -67.38435095785122542, 216.7382389526411828, 86.03433617411096179 ) ) ;
#2660 = CARTESIAN_POINT ( 'NONE',  ( -51.67527618074893070, 184.6640690928381332, 112.5852806013832605 ) ) ;
#2661 = EDGE_LOOP ( 'NONE', ( #845, #3810, #3485, #948 ) ) ;
#2662 = DIRECTION ( 'NONE',  ( -0.7071067811865441310, 0.7071067811865510144, 0.000000000000000000 ) ) ;
#2663 = DIRECTION ( 'NONE',  ( 0.000000000000000000, 0.000000000000000000, -1.000000000000000000 ) ) ;
#2664 = EDGE_CURVE ( 'NONE', #287, #4899, #2125, .T. ) ;
#2665 = CARTESIAN_POINT ( 'NONE',  ( 49.96335924497828529, 185.8048513724752979, 112.6071581593820525 ) ) ;
#2666 = ORIENTED_EDGE ( 'NONE', *, *, #1654, .F. ) ;
#2667 = ADVANCED_FACE ( 'NONE', ( #3577 ), #1200, .T. ) ;
#2668 = DIRECTION ( 'NONE',  ( -0.01744974916068272111, 0.9996954598818874604, -0.01744974916068263784 ) ) ;
#2669 = LINE ( 'NONE', #4917, #4940 ) ;
#2670 = ORIENTED_EDGE ( 'NONE', *, *, #118, .F. ) ;
#2671 = CARTESIAN_POINT ( 'NONE',  ( 217.5662379175922183, 231.6434568505624441, 64.06713218953768774 ) ) ;
#2672 = PLANE ( 'NONE',  #2129 ) ;
#2673 =( BOUNDED_SURFACE ( )  B_SPLINE_SURFACE ( 3, 2, ( 
 ( #3904, #5032, #1511 ),
 ( #3121, #359, #3149 ),
 ( #4724, #1197, #2758 ),
 ( #2379, #3959, #414 ),
 ( #3679, #4092, #2072 ),
 ( #4477, #3655, #1247 ),
 ( #102, #1689, #4854 ),
 ( #1744, #4007, #3197 ),
 ( #4825, #4774, #3229 ),
 ( #2861, #1333, #461 ),
 ( #2505, #4064, #857 ),
 ( #1717, #438, #2833 ),
 ( #2890, #2425, #2043 ),
 ( #2453, #73, #3627 ),
 ( #546, #1273, #3256 ),
 ( #4427, #4500, #3289 ) ),
 .UNSPECIFIED., .F., .F., .F. ) 
 B_SPLINE_SURFACE_WITH_KNOTS ( ( 4, 2, 2, 2, 2, 2, 2, 4 ),
 ( 3, 3 ),
 ( -1.606787619623517571E-16, 0.001197577420781860327, 0.001496971775977365632, 0.001796366131172870938, 0.002395154841563881549, 0.002993943551954892160, 0.003592732262345902337, 0.004790309683127923560 ),
 ( 0.000000000000000000, 1.000000000000000000 ),
 .UNSPECIFIED. ) 
 GEOMETRIC_REPRESENTATION_ITEM ( )  RATIONAL_B_SPLINE_SURFACE ( (
 ( 1.000000000000000000, 0.9041247903893541160, 1.000000000000000000),
 ( 1.000000000000000000, 0.9012953933324220346, 1.000000000000000000),
 ( 1.000000000000000000, 0.8978834121480423480, 1.000000000000000000),
 ( 1.000000000000000000, 0.8929125141923073272, 1.000000000000000000),
 ( 1.000000000000000000, 0.8918823672555160620, 1.000000000000000000),
 ( 1.000000000000000000, 0.8897470062632863996, 1.000000000000000000),
 ( 1.000000000000000000, 0.8886389991025746005, 1.000000000000000000),
 ( 1.000000000000000000, 0.8852394280647829516, 1.000000000000000000),
 ( 1.000000000000000000, 0.8828618149776091828, 1.000000000000000000),
 ( 1.000000000000000000, 0.8778592628902009976, 1.000000000000000000),
 ( 1.000000000000000000, 0.8752343064000147610, 1.000000000000000000),
 ( 1.000000000000000000, 0.8696949328710845695, 1.000000000000000000),
 ( 1.000000000000000000, 0.8667696265595896676, 1.000000000000000000),
 ( 1.000000000000000000, 0.8576536948117199355, 1.000000000000000000),
 ( 1.000000000000000000, 0.8510804447885282897, 1.000000000000000000),
 ( 1.000000000000000000, 0.8438078531412653849, 1.000000000000000000) ) ) 
 REPRESENTATION_ITEM ( '' )  SURFACE ( )  );
#2674 = CARTESIAN_POINT ( 'NONE',  ( -53.35139267946911446, 211.0681897067169928, 99.56132841933998634 ) ) ;
#2675 =( LENGTH_UNIT ( ) NAMED_UNIT ( * ) SI_UNIT ( .MILLI., .METRE. ) );
#2676 = CARTESIAN_POINT ( 'NONE',  ( 150.0000000000000000, 45.19999999999999574, 90.59999999999999432 ) ) ;
#2677 = ORIENTED_EDGE ( 'NONE', *, *, #4855, .T. ) ;
#2678 = PLANE ( 'NONE',  #639 ) ;
#2679 = EDGE_LOOP ( 'NONE', ( #1916, #3516, #3189, #1133 ) ) ;
#2680 = CARTESIAN_POINT ( 'NONE',  ( 240.0000000000000000, 47.80000000000000426, 90.00000000000000000 ) ) ;
#2681 = CARTESIAN_POINT ( 'NONE',  ( 187.8638582273283930, 260.0000000000000000, -112.0831835156666472 ) ) ;
#2682 = CARTESIAN_POINT ( 'NONE',  ( -82.20949954610237853, 202.8676639344120645, -24.00000000000000000 ) ) ;
#2683 = ORIENTED_EDGE ( 'NONE', *, *, #3071, .F. ) ;
#2684 = AXIS2_PLACEMENT_3D ( 'NONE', #555, #2132, #107 ) ;
#2685 = DIRECTION ( 'NONE',  ( 0.000000000000000000, 0.000000000000000000, -1.000000000000000000 ) ) ;
#2686 = CARTESIAN_POINT ( 'NONE',  ( 180.8132112321299303, 244.1410634166158502, -139.8405831719752541 ) ) ;
#2687 = B_SPLINE_CURVE_WITH_KNOTS ( 'NONE', 3,
 ( #2815, #4406, #2103, #1725, #3299, #470 ),
 .UNSPECIFIED., .F., .F.,
 ( 4, 2, 4 ),
 ( 0.000000000000000000, 0.5000000000000000000, 1.000000000000000000 ),
 .UNSPECIFIED. ) ;
#2688 = CARTESIAN_POINT ( 'NONE',  ( 182.5269220392569309, 213.8292407683985346, 90.01816451074950010 ) ) ;
#2689 = CARTESIAN_POINT ( 'NONE',  ( -56.89916596783388059, 200.4955583762590550, -164.9044904922618286 ) ) ;
#2690 = ORIENTED_EDGE ( 'NONE', *, *, #3822, .T. ) ;
#2691 = LOCAL_TIME ( 22, 55, 35.00000000000000000, #1934 ) ;
#2692 = CIRCLE ( 'NONE', #3186, 4.999999999999990230 ) ;
#2693 = DIRECTION ( 'NONE',  ( 0.000000000000000000, 0.000000000000000000, -1.000000000000000000 ) ) ;
#2694 = ORIENTED_EDGE ( 'NONE', *, *, #2134, .F. ) ;
#2695 = CARTESIAN_POINT ( 'NONE',  ( 218.3451839479525631, 231.3849128685926928, 63.20394747170371375 ) ) ;
#2696 = CARTESIAN_POINT ( 'NONE',  ( -82.22648658023571500, 201.8944774006967577, -131.4181030784835116 ) ) ;
#2697 = VECTOR ( 'NONE', #1933, 1000.000000000000000 ) ;
#2698 = CARTESIAN_POINT ( 'NONE',  ( 168.2880057543009968, 226.7279017300320447, -154.6176786159746541 ) ) ;
#2699 = DIRECTION ( 'NONE',  ( 1.000000000000000000, 0.000000000000000000, 0.000000000000000000 ) ) ;
#2700 = AXIS2_PLACEMENT_3D ( 'NONE', #3940, #4710, #1185 ) ;
#2701 = CARTESIAN_POINT ( 'NONE',  ( 0.000000000000000000, 0.000000000000000000, 0.000000000000000000 ) ) ;
#2702 = DIRECTION ( 'NONE',  ( -4.307331433884064998E-16, 0.000000000000000000, 1.000000000000000000 ) ) ;
#2703 = ORIENTED_EDGE ( 'NONE', *, *, #2740, .T. ) ;
#2704 = CARTESIAN_POINT ( 'NONE',  ( 182.6446609406725941, 260.0000000000000000, 28.72697061619106762 ) ) ;
#2705 = ORIENTED_EDGE ( 'NONE', *, *, #4389, .F. ) ;
#2706 = EDGE_CURVE ( 'NONE', #2267, #2104, #3200, .T. ) ;
#2707 = FACE_OUTER_BOUND ( 'NONE', #4945, .T. ) ;
#2708 = DIRECTION ( 'NONE',  ( 0.000000000000000000, -0.000000000000000000, 1.000000000000000000 ) ) ;
#2709 = CARTESIAN_POINT ( 'NONE',  ( 187.2552110858107142, 230.3894498548619936, -101.7993333655130783 ) ) ;
#2710 = AXIS2_PLACEMENT_3D ( 'NONE', #259, #3730, #1403 ) ;
#2711 = ORIENTED_EDGE ( 'NONE', *, *, #1201, .F. ) ;
#2712 = DIRECTION ( 'NONE',  ( 0.9914448613738103822, 0.000000000000000000, 0.1305261922200523506 ) ) ;
#2713 = CARTESIAN_POINT ( 'NONE',  ( -91.39799999999999613, 45.19999999999999574, -135.4000000000000341 ) ) ;
#2714 = VECTOR ( 'NONE', #1760, 1000.000000000000000 ) ;
#2715 = CARTESIAN_POINT ( 'NONE',  ( -82.21146858656919676, 202.7548576816194270, 59.36484004284016436 ) ) ;
#2716 = CARTESIAN_POINT ( 'NONE',  ( -55.45999141202345584, 195.3890881758604223, 78.20509610762334773 ) ) ;
#2717 = CIRCLE ( 'NONE', #4218, 24.99999999999993250 ) ;
#2718 = ORIENTED_EDGE ( 'NONE', *, *, #4571, .T. ) ;
#2719 = ADVANCED_FACE ( 'NONE', ( #1153 ), #1585, .T. ) ;
#2720 = DIRECTION ( 'NONE',  ( 6.123031769111878895E-17, -1.000000000000000000, 2.220446049250309876E-16 ) ) ;
#2721 = CARTESIAN_POINT ( 'NONE',  ( -34.33729503045506704, 259.9999999999999432, -101.9222548821172154 ) ) ;
#2722 = EDGE_LOOP ( 'NONE', ( #1938, #1171, #4331, #4000, #214, #2608, #4624, #1335 ) ) ;
#2723 = CARTESIAN_POINT ( 'NONE',  ( 201.3735379976518800, 233.0215335914556078, 77.21530516025234192 ) ) ;
#2724 = DIRECTION ( 'NONE',  ( 0.6154574548966638137, -0.6154574548966638137, -0.4923659639173308955 ) ) ;
#2725 = CARTESIAN_POINT ( 'NONE',  ( 155.5372155809894821, 220.3821277585208520, -159.6942977931836083 ) ) ;
#2726 = DIRECTION ( 'NONE',  ( 1.000000000000000000, -8.368262667513610548E-16, 7.172796572154520087E-16 ) ) ;
#2727 = CYLINDRICAL_SURFACE ( 'NONE', #4607, 25.00000000000001421 ) ;
#2728 = CARTESIAN_POINT ( 'NONE',  ( -70.57787522876634512, 219.6178108515328233, -143.4580593330358340 ) ) ;
#2729 = ORIENTED_EDGE ( 'NONE', *, *, #1338, .F. ) ;
#2730 = CARTESIAN_POINT ( 'NONE',  ( 71.72720607213692290, 0.2000000000000231870, 45.58298860931951424 ) ) ;
#2731 = ORIENTED_EDGE ( 'NONE', *, *, #3482, .T. ) ;
#2732 = CARTESIAN_POINT ( 'NONE',  ( 59.39999999999999147, 45.19999999999999574, 242.0604443032840152 ) ) ;
#2733 = CARTESIAN_POINT ( 'NONE',  ( 172.2446819240996945, 252.6436431106999123, -133.0531337259420752 ) ) ;
#2734 = ADVANCED_FACE ( 'NONE', ( #24 ), #4748, .T. ) ;
#2735 = EDGE_CURVE ( 'NONE', #216, #809, #4996, .T. ) ;
#2736 = CARTESIAN_POINT ( 'NONE',  ( 202.9713391281288750, 231.2943071876894692, -126.3586994426445784 ) ) ;
#2737 = CARTESIAN_POINT ( 'NONE',  ( 240.2094995461025633, 202.8676639344122066, -40.63669162919150324 ) ) ;
#2738 = ORIENTED_EDGE ( 'NONE', *, *, #631, .F. ) ;
#2739 = CARTESIAN_POINT ( 'NONE',  ( 185.0492585574277484, 229.7796319967171428, 83.90317257424240438 ) ) ;
#2740 = EDGE_CURVE ( 'NONE', #2013, #4350, #3907, .T. ) ;
#2741 = LINE ( 'NONE', #4326, #2773 ) ;
#2742 = CARTESIAN_POINT ( 'NONE',  ( 185.0492585574282600, 213.5098476603162396, 64.92175751511106796 ) ) ;
#2743 = PLANE ( 'NONE',  #1497 ) ;
#2744 = ORIENTED_EDGE ( 'NONE', *, *, #223, .T. ) ;
#2745 = CYLINDRICAL_SURFACE ( 'NONE', #1401, 2.602000000000006974 ) ;
#2746 = ORIENTED_EDGE ( 'NONE', *, *, #2167, .T. ) ;
#2747 = FACE_OUTER_BOUND ( 'NONE', #956, .T. ) ;
#2748 = CARTESIAN_POINT ( 'NONE',  ( -91.39999999999999147, -14.80000000000000071, -135.4000000000000057 ) ) ;
#2749 = CARTESIAN_POINT ( 'NONE',  ( -69.43471923094931242, 207.4780348424328054, 98.77558297874317361 ) ) ;
#2750 = FACE_OUTER_BOUND ( 'NONE', #4531, .T. ) ;
#2751 = DIRECTION ( 'NONE',  ( 0.6497304921035748082, -0.7601646450808182687, 0.000000000000000000 ) ) ;
#2752 = EDGE_LOOP ( 'NONE', ( #1672, #2547, #2846, #2820, #760 ) ) ;
#2753 = CARTESIAN_POINT ( 'NONE',  ( 100.0652381821159906, 229.6627149438659501, 84.00338719097206308 ) ) ;
#2754 = ORIENTED_EDGE ( 'NONE', *, *, #156, .T. ) ;
#2755 = CARTESIAN_POINT ( 'NONE',  ( 237.3969043075351237, 66.08139315730161911, -63.39728061235455669 ) ) ;
#2756 = LINE ( 'NONE', #2017, #4599 ) ;
#2757 = CARTESIAN_POINT ( 'NONE',  ( -82.05956453010698226, 200.3585525513978212, -139.1879463282010931 ) ) ;
#2758 = CARTESIAN_POINT ( 'NONE',  ( -74.58409673857701705, 196.0107664131071203, 94.54812715583094018 ) ) ;
#2759 = ORIENTED_EDGE ( 'NONE', *, *, #1136, .T. ) ;
#2760 = CARTESIAN_POINT ( 'NONE',  ( -35.00000000000000000, 260.0000000000000000, 228.7389185037470156 ) ) ;
#2761 = CARTESIAN_POINT ( 'NONE',  ( 33.19015588595630817, 199.8897442852552615, 109.5230763269241265 ) ) ;
#2762 = EDGE_CURVE ( 'NONE', #4712, #2916, #3601, .T. ) ;
#2763 = VECTOR ( 'NONE', #3886, 1000.000000000000114 ) ;
#2764 = EDGE_CURVE ( 'NONE', #289, #3014, #2741, .T. ) ;
#2765 = CARTESIAN_POINT ( 'NONE',  ( 184.0164732083254364, 213.8405398201622063, 90.01796728506731426 ) ) ;
#2766 = CARTESIAN_POINT ( 'NONE',  ( 59.42226047070513317, 0.2000000000000195510, 0.3394980652295591095 ) ) ;
#2767 = ORIENTED_EDGE ( 'NONE', *, *, #2271, .F. ) ;
#2768 = EDGE_CURVE ( 'NONE', #1844, #3599, #1383, .T. ) ;
#2769 = EDGE_CURVE ( 'NONE', #2013, #103, #2616, .T. ) ;
#2770 = ADVANCED_FACE ( 'NONE', ( #4901 ), #2836, .T. ) ;
#2771 = AXIS2_PLACEMENT_3D ( 'NONE', #4738, #2304, #1966 ) ;
#2772 = CARTESIAN_POINT ( 'NONE',  ( 166.4176981402812885, 259.9999999999998863, 46.50162693819999049 ) ) ;
#2773 = VECTOR ( 'NONE', #2486, 1000.000000000000000 ) ;
#2774 = ORIENTED_EDGE ( 'NONE', *, *, #1231, .F. ) ;
#2775 = CARTESIAN_POINT ( 'NONE',  ( 79.98995965324895963, 206.4301793519796320, 94.30045159339661609 ) ) ;
#2776 = CARTESIAN_POINT ( 'NONE',  ( 175.5743520089353922, 260.0000000000000000, -112.7204381804540390 ) ) ;
#2777 = VECTOR ( 'NONE', #349, 1000.000000000000000 ) ;
#2778 = CARTESIAN_POINT ( 'NONE',  ( -60.35122923562630604, 214.1660902591453635, 94.27060003756893991 ) ) ;
#2779 = PERSON_AND_ORGANIZATION ( #4154, #3100 ) ;
#2780 = ORIENTED_EDGE ( 'NONE', *, *, #3325, .T. ) ;
#2781 = CARTESIAN_POINT ( 'NONE',  ( 80.88740794249075350, 226.8111641024544554, 86.44757362646747367 ) ) ;
#2782 = ORIENTED_EDGE ( 'NONE', *, *, #4089, .F. ) ;
#2783 = DIRECTION ( 'NONE',  ( 1.000000000000000000, -0.000000000000000000, -0.000000000000000000 ) ) ;
#2784 = DIRECTION ( 'NONE',  ( 1.000000000000000000, 0.000000000000000000, 0.000000000000000000 ) ) ;
#2785 = CARTESIAN_POINT ( 'NONE',  ( -76.65951907311799118, 199.9982208737320946, -152.7454803285557148 ) ) ;
#2786 = DIRECTION ( 'NONE',  ( -0.9062792068272146340, -0.4226151706454053802, -0.007376775243275473896 ) ) ;
#2787 = VERTEX_POINT ( 'NONE', #4124 ) ;
#2788 = FACE_OUTER_BOUND ( 'NONE', #2257, .T. ) ;
#2789 = DIRECTION ( 'NONE',  ( -0.000000000000000000, 0.000000000000000000, -1.000000000000000000 ) ) ;
#2790 = CYLINDRICAL_SURFACE ( 'NONE', #4048, 2.602000000000006974 ) ;
#2791 = CARTESIAN_POINT ( 'NONE',  ( -82.30262566301870208, 197.5324722694580544, 74.28702549084400175 ) ) ;
#2792 = VERTEX_POINT ( 'NONE', #4858 ) ;
#2793 = AXIS2_PLACEMENT_3D ( 'NONE', #2321, #4664, #210 ) ;
#2794 = CARTESIAN_POINT ( 'NONE',  ( 173.7761310499309673, 260.0000000000000000, 44.47213426962125737 ) ) ;
#2795 = VECTOR ( 'NONE', #3550, 1000.000000000000000 ) ;
#2796 = EDGE_CURVE ( 'NONE', #1847, #280, #971, .T. ) ;
#2797 = CARTESIAN_POINT ( 'NONE',  ( -35.14194650060856162, 220.3821277584579832, -159.6942977932339147 ) ) ;
#2798 = ORIENTED_EDGE ( 'NONE', *, *, #1923, .T. ) ;
#2799 = CARTESIAN_POINT ( 'NONE',  ( 62.21662278824504000, 189.6011333680571056, 106.1291597235739488 ) ) ;
#2800 = LINE ( 'NONE', #872, #1965 ) ;
#2801 = CARTESIAN_POINT ( 'NONE',  ( 196.1133114946947558, 254.4525950530363048, 41.37108782330822976 ) ) ;
#2802 = ORIENTED_EDGE ( 'NONE', *, *, #986, .F. ) ;
#2803 = CARTESIAN_POINT ( 'NONE',  ( 220.5959834699192470, 230.5227485398006593, 60.58551474903082834 ) ) ;
#2804 = CARTESIAN_POINT ( 'NONE',  ( 191.1477865880239619, 260.0000000000000000, 36.06142508887501918 ) ) ;
#2805 = PLANE ( 'NONE',  #1798 ) ;
#2806 = DIRECTION ( 'NONE',  ( 0.000000000000000000, -0.6507913734559680474, -0.7592566023652970175 ) ) ;
#2807 =( BOUNDED_SURFACE ( )  B_SPLINE_SURFACE ( 3, 2, ( 
 ( #3828, #4995, #4545 ),
 ( #4922, #234, #2581 ),
 ( #2192, #4166, #3418 ),
 ( #622, #3776, #282 ),
 ( #1813, #2983, #1859 ),
 ( #4567, #2601, #4189 ),
 ( #1450, #3008, #3036 ),
 ( #3490, #769, #1544 ),
 ( #5092, #1986, #2319 ),
 ( #3563, #401, #3586 ) ),
 .UNSPECIFIED., .F., .F., .T. ) 
 B_SPLINE_SURFACE_WITH_KNOTS ( ( 4, 2, 2, 2, 4 ),
 ( 3, 3 ),
 ( 5.668782573377017187, 5.941932455951700831, 6.215082338526383587, 6.488232221101066344, 6.761382103675749988 ),
 ( 0.000000000000000000, 1.000000000000000000 ),
 .UNSPECIFIED. ) 
 GEOMETRIC_REPRESENTATION_ITEM ( )  RATIONAL_B_SPLINE_SURFACE ( (
 ( 1.000000000000000000, 0.9085128984929068396, 1.000000000000000000),
 ( 1.000000000000000000, 0.9200183476884876699, 1.000000000000000000),
 ( 1.000000000000000000, 0.9290684192175305833, 1.000000000000000000),
 ( 1.000000000000000000, 0.9420387870916828721, 1.000000000000000000),
 ( 1.000000000000000000, 0.9459571085317537431, 1.000000000000000000),
 ( 1.000000000000000000, 0.9485618711320791263, 1.000000000000000000),
 ( 1.000000000000000000, 0.9472483406976096587, 1.000000000000000000),
 ( 1.000000000000000000, 0.9394222216242739121, 1.000000000000000000),
 ( 1.000000000000000000, 0.9329116325010993194, 1.000000000000000000),
 ( 1.000000000000000000, 0.9238795325112857393, 1.000000000000000000) ) ) 
 REPRESENTATION_ITEM ( '' )  SURFACE ( )  );
#2808 = CARTESIAN_POINT ( 'NONE',  ( 204.8414269251811959, 232.3097194067418343, -122.5458046656876547 ) ) ;
#2809 = CARTESIAN_POINT ( 'NONE',  ( 69.93173811472517798, 222.2436431941338242, 90.36259154788520220 ) ) ;
#2810 = VERTEX_POINT ( 'NONE', #2157 ) ;
#2811 = DIRECTION ( 'NONE',  ( -2.977787254912242520E-17, 1.000000000000000000, -2.261853978832059221E-16 ) ) ;
#2812 = PLANE ( 'NONE',  #4750 ) ;
#2813 = CARTESIAN_POINT ( 'NONE',  ( 180.8132112321299587, 244.1410634166157365, -139.8405831719752541 ) ) ;
#2814 = ORIENTED_EDGE ( 'NONE', *, *, #2952, .T. ) ;
#2815 = CARTESIAN_POINT ( 'NONE',  ( -74.89097669684153402, 220.1090233031584944, -124.1658102306185327 ) ) ;
#2816 = ORIENTED_EDGE ( 'NONE', *, *, #3856, .T. ) ;
#2817 = LINE ( 'NONE', #3211, #3126 ) ;
#2818 = CARTESIAN_POINT ( 'NONE',  ( 86.19203243405785031, 45.19999999999999574, 64.28827571909799588 ) ) ;
#2819 = CARTESIAN_POINT ( 'NONE',  ( -82.24998126946466925, 200.5484675562402686, -135.2545504147728650 ) ) ;
#2820 = ORIENTED_EDGE ( 'NONE', *, *, #2796, .F. ) ;
#2821 = CYLINDRICAL_SURFACE ( 'NONE', #2528, 2.602000000000000313 ) ;
#2822 = CARTESIAN_POINT ( 'NONE',  ( 198.7174067542609635, 17.70015058189649793, 86.19405531389355701 ) ) ;
#2823 = EDGE_CURVE ( 'NONE', #3404, #4381, #1179, .T. ) ;
#2824 = CARTESIAN_POINT ( 'NONE',  ( -91.39799999999999613, 45.19800000000000040, -73.00000000000000000 ) ) ;
#2825 = CARTESIAN_POINT ( 'NONE',  ( -29.01992876170993441, 254.8289931956090300, 53.61987819770313735 ) ) ;
#2826 = COORDINATED_UNIVERSAL_TIME_OFFSET ( 7, 0, .AHEAD. ) ;
#2827 = EDGE_LOOP ( 'NONE', ( #2759, #4819, #4658, #1747 ) ) ;
#2828 = CARTESIAN_POINT ( 'NONE',  ( 217.5662379175921615, 231.6434568505624441, 64.06713218953767353 ) ) ;
#2829 = CARTESIAN_POINT ( 'NONE',  ( 225.1185682030101134, 211.1382632993191635, 71.25742099186547307 ) ) ;
#2830 = EDGE_CURVE ( 'NONE', #1234, #1847, #4514, .T. ) ;
#2831 = CARTESIAN_POINT ( 'NONE',  ( 73.78976446696940172, 0.2000000000000057288, 44.00000000000000000 ) ) ;
#2832 = CARTESIAN_POINT ( 'NONE',  ( 239.9106609067654574, 203.0797297638489169, 38.57957235846517108 ) ) ;
#2833 = CARTESIAN_POINT ( 'NONE',  ( -81.12105389286513457, 196.8367097609018117, 82.74300678810396903 ) ) ;
#2834 = ORIENTED_EDGE ( 'NONE', *, *, #2897, .F. ) ;
#2835 = CARTESIAN_POINT ( 'NONE',  ( 150.0000000000000000, 43.00000000000000000, -167.9999999999999432 ) ) ;
#2836 = CYLINDRICAL_SURFACE ( 'NONE', #1628, 2.601999999999993207 ) ;
#2837 =( BOUNDED_SURFACE ( )  B_SPLINE_SURFACE ( 3, 2, ( 
 ( #2028, #1140, #3613 ),
 ( #2728, #3241, #1091 ),
 ( #5027, #1506, #4316 ),
 ( #3494, #3745, #2572 ),
 ( #226, #2107, #1802 ),
 ( #4076, #2845, #3720 ),
 ( #4838, #2084, #2546 ),
 ( #3768, #2467, #2925 ),
 ( #142, #900, #2518 ),
 ( #4052, #531, #1009 ),
 ( #1701, #4103, #4866 ),
 ( #562, #3334, #1730 ),
 ( #4131, #4489, #3304 ),
 ( #3357, #1393, #1345 ),
 ( #955, #4812, #4511 ),
 ( #2949, #982, #1284 ),
 ( #2876, #4156, #4440 ),
 ( #3691, #506, #4888 ),
 ( #1776, #3270, #614 ),
 ( #2185, #4466, #3668 ),
 ( #2139, #1368, #591 ),
 ( #4534, #929, #2164 ),
 ( #113, #1316, #4909 ),
 ( #2905, #2494, #173 ),
 ( #201, #1756, #1081 ),
 ( #322, #2287, #344 ),
 ( #3385, #276, #5013 ),
 ( #4657, #637, #3889 ),
 ( #2313, #2644, #1443 ),
 ( #4939, #1419, #1466 ),
 ( #1125, #296, #2974 ),
 ( #1903, #1828, #2689 ),
 ( #4282, #3000, #4559 ),
 ( #687, #1496, #3054 ),
 ( #3865, #1515, #4583 ),
 ( #4633, #4964, #3410 ) ),
 .UNSPECIFIED., .F., .F., .F. ) 
 B_SPLINE_SURFACE_WITH_KNOTS ( ( 4, 2, 2, 2, 2, 2, 2, 2, 2, 2, 2, 2, 2, 2, 2, 2, 2, 4 ),
 ( 3, 3 ),
 ( -5.724587470723463412E-17, 0.001009042134953235144, 0.001513563202429881339, 0.001765823736168204436, 0.002018084269906527534, 0.003027126404859819923, 0.003279386938598143238, 0.003531647472336466118, 0.004036168539813112313, 0.004540689607289758942, 0.004792950141028082256, 0.005045210674766404703, 0.006054252809719697093, 0.006306513343458020407, 0.006558773877196343721, 0.007063294944672989482, 0.007567816012149635244, 0.008072337079626281872 ),
 ( 0.000000000000000000, 1.000000000000000000 ),
 .UNSPECIFIED. ) 
 GEOMETRIC_REPRESENTATION_ITEM ( )  RATIONAL_B_SPLINE_SURFACE ( (
 ( 1.000000000000000000, 0.8809579379801721899, 1.000000000000000000),
 ( 1.000000000000000000, 0.8850729282069002002, 1.000000000000000000),
 ( 1.000000000000000000, 0.8885426227213887307, 1.000000000000000000),
 ( 1.000000000000000000, 0.8929659105015854692, 1.000000000000000000),
 ( 1.000000000000000000, 0.8943095344854945505, 1.000000000000000000),
 ( 1.000000000000000000, 0.8961423977020934739, 1.000000000000000000),
 ( 1.000000000000000000, 0.8967227332453154842, 1.000000000000000000),
 ( 1.000000000000000000, 0.8978106780262932185, 1.000000000000000000),
 ( 1.000000000000000000, 0.8983203028207381591, 1.000000000000000000),
 ( 1.000000000000000000, 0.9007061742439976815, 1.000000000000000000),
 ( 1.000000000000000000, 0.9021052114212968487, 1.000000000000000000),
 ( 1.000000000000000000, 0.9032722692935686304, 1.000000000000000000),
 ( 1.000000000000000000, 0.9034765265148485547, 1.000000000000000000),
 ( 1.000000000000000000, 0.9038214931606047831, 1.000000000000000000),
 ( 1.000000000000000000, 0.9039622349476464924, 1.000000000000000000),
 ( 1.000000000000000000, 0.9042915012689428655, 1.000000000000000000),
 ( 1.000000000000000000, 0.9043876022444244933, 1.000000000000000000),
 ( 1.000000000000000000, 0.9043316450640087600, 1.000000000000000000),
 ( 1.000000000000000000, 0.9041796125905314785, 1.000000000000000000),
 ( 1.000000000000000000, 0.9037512969865572066, 1.000000000000000000),
 ( 1.000000000000000000, 0.9035742717848738170, 1.000000000000000000),
 ( 1.000000000000000000, 0.9031529416721038039, 1.000000000000000000),
 ( 1.000000000000000000, 0.9029091565473992276, 1.000000000000000000),
 ( 1.000000000000000000, 0.9015217429378048486, 1.000000000000000000),
 ( 1.000000000000000000, 0.8998815750942507075, 1.000000000000000000),
 ( 1.000000000000000000, 0.8970315889028311895, 1.000000000000000000),
 ( 1.000000000000000000, 0.8964193345788200595, 1.000000000000000000),
 ( 1.000000000000000000, 0.8951226641517180393, 1.000000000000000000),
 ( 1.000000000000000000, 0.8944372672892882958, 1.000000000000000000),
 ( 1.000000000000000000, 0.8922663018247594113, 1.000000000000000000),
 ( 1.000000000000000000, 0.8906662296345136953, 1.000000000000000000),
 ( 1.000000000000000000, 0.8871346590975474067, 1.000000000000000000),
 ( 1.000000000000000000, 0.8852031712888276394, 1.000000000000000000),
 ( 1.000000000000000000, 0.8809740204039718803, 1.000000000000000000),
 ( 1.000000000000000000, 0.8786759640383435821, 1.000000000000000000),
 ( 1.000000000000000000, 0.8762128284557413327, 1.000000000000000000) ) ) 
 REPRESENTATION_ITEM ( '' )  SURFACE ( )  );
#2838 = CARTESIAN_POINT ( 'NONE',  ( 188.9425930834680116, 249.9512856240792473, -129.4868994824853985 ) ) ;
#2839 = ORIENTED_EDGE ( 'NONE', *, *, #1391, .F. ) ;
#2840 = CARTESIAN_POINT ( 'NONE',  ( -91.39999999999999147, -19.80000000000000071, -130.3999999999999773 ) ) ;
#2841 = ORIENTED_EDGE ( 'NONE', *, *, #366, .T. ) ;
#2842 = CARTESIAN_POINT ( 'NONE',  ( 182.6446609406725656, 260.0000000000000000, -98.11089324940257939 ) ) ;
#2843 = CARTESIAN_POINT ( 'NONE',  ( 182.6446609406725941, 260.0000000000000000, 28.72697061619106762 ) ) ;
#2844 = CYLINDRICAL_SURFACE ( 'NONE', #3210, 49.99999999999999289 ) ;
#2845 = CARTESIAN_POINT ( 'NONE',  ( -79.78101999111558484, 212.2259760955084289, -146.8709865924000439 ) ) ;
#2846 = ORIENTED_EDGE ( 'NONE', *, *, #1616, .T. ) ;
#2847 = VECTOR ( 'NONE', #2353, 1000.000000000000000 ) ;
#2848 = CARTESIAN_POINT ( 'NONE',  ( 195.7717086611429238, 220.3058526135671400, -141.3043279256537232 ) ) ;
#2849 = CARTESIAN_POINT ( 'NONE',  ( -91.39999999999999147, 45.19800000000000040, -73.00000000000000000 ) ) ;
#2850 = VECTOR ( 'NONE', #2253, 1000.000000000000000 ) ;
#2851 = CARTESIAN_POINT ( 'NONE',  ( 196.4363120416417701, 254.3897274286137531, 40.72021268368317237 ) ) ;
#2852 = LINE ( 'NONE', #538, #4297 ) ;
#2853 = EDGE_LOOP ( 'NONE', ( #1639, #3159, #1608, #1207 ) ) ;
#2854 = CARTESIAN_POINT ( 'NONE',  ( 215.0888868108048655, 225.8652188818681168, 79.67103484807546465 ) ) ;
#2855 = CARTESIAN_POINT ( 'NONE',  ( 193.0000000000001137, 260.0000000000000000, 28.72697061619096104 ) ) ;
#2856 = CARTESIAN_POINT ( 'NONE',  ( -58.06271237881390590, 213.2240675596450501, -165.0287278484012177 ) ) ;
#2857 = AXIS2_PLACEMENT_3D ( 'NONE', #1180, #3526, #5082 ) ;
#2858 = LINE ( 'NONE', #184, #2536 ) ;
#2859 = AXIS2_PLACEMENT_3D ( 'NONE', #4799, #4062, #2503 ) ;
#2860 = FACE_OUTER_BOUND ( 'NONE', #554, .T. ) ;
#2861 = CARTESIAN_POINT ( 'NONE',  ( -65.99917773447326397, 215.8301340704203426, 88.65136281199771418 ) ) ;
#2862 = EDGE_CURVE ( 'NONE', #1920, #287, #4150, .T. ) ;
#2863 = ORIENTED_EDGE ( 'NONE', *, *, #64, .T. ) ;
#2864 = DIRECTION ( 'NONE',  ( 1.000000000000000000, 0.000000000000000000, 1.387778780781445676E-16 ) ) ;
#2865 = PLANE ( 'NONE',  #4593 ) ;
#2866 = AXIS2_PLACEMENT_3D ( 'NONE', #4264, #2726, #771 ) ;
#2867 = CARTESIAN_POINT ( 'NONE',  ( -38.61449668277992942, 184.0562701097885849, 115.5378536467014072 ) ) ;
#2868 = ORIENTED_EDGE ( 'NONE', *, *, #4902, .F. ) ;
#2869 = DIRECTION ( 'NONE',  ( -0.000000000000000000, -1.000000000000000000, 2.220446049250315053E-16 ) ) ;
#2870 = EDGE_CURVE ( 'NONE', #1121, #2577, #3712, .T. ) ;
#2871 = ORIENTED_EDGE ( 'NONE', *, *, #185, .T. ) ;
#2872 = CIRCLE ( 'NONE', #3204, 24.99999999999971578 ) ;
#2873 = CARTESIAN_POINT ( 'NONE',  ( -36.94098777144181156, 254.5406335447301558, -113.3140632770943768 ) ) ;
#2874 = DIRECTION ( 'NONE',  ( 0.01082760929546511264, -0.9997890838048474338, -0.01745138337233679421 ) ) ;
#2875 = CARTESIAN_POINT ( 'NONE',  ( -62.69204258379025418, 214.7167947106320298, 92.31669403112901762 ) ) ;
#2876 = CARTESIAN_POINT ( 'NONE',  ( -67.20989381962986897, 219.0544027413346271, -149.1766635977667192 ) ) ;
#2877 = ORIENTED_EDGE ( 'NONE', *, *, #1894, .T. ) ;
#2878 = CARTESIAN_POINT ( 'NONE',  ( 183.4180045324310129, 211.6239891789896319, -155.1249507592566772 ) ) ;
#2879 = CARTESIAN_POINT ( 'NONE',  ( 126.2287038447432224, 45.19999999999999574, 87.40345873551228806 ) ) ;
#2880 = VECTOR ( 'NONE', #2652, 1000.000000000000000 ) ;
#2881 = CARTESIAN_POINT ( 'NONE',  ( 196.0351961728489130, 254.4670432095699084, 41.52518327155052447 ) ) ;
#2882 = CARTESIAN_POINT ( 'NONE',  ( -31.47913618154415261, 254.9276749598767822, 51.18096437716205571 ) ) ;
#2883 = PERSON_AND_ORGANIZATION_ROLE ( 'creator' ) ;
#2884 = ORIENTED_EDGE ( 'NONE', *, *, #1705, .F. ) ;
#2885 = CARTESIAN_POINT ( 'NONE',  ( 220.9265339469977789, 225.1213204330867086, 75.08945830779460096 ) ) ;
#2886 = CARTESIAN_POINT ( 'NONE',  ( 192.3155299977757124, 260.0000000000000000, 32.49235048110892166 ) ) ;
#2887 = CARTESIAN_POINT ( 'NONE',  ( 222.3163613829223664, 212.0136925823121317, 74.08944329559400899 ) ) ;
#2888 = DIRECTION ( 'NONE',  ( 0.000000000000000000, 0.000000000000000000, -1.000000000000000000 ) ) ;
#2889 = CARTESIAN_POINT ( 'NONE',  ( -74.32839352327853533, 199.9871909399716401, -155.5870084191907097 ) ) ;
#2890 = CARTESIAN_POINT ( 'NONE',  ( -66.70865911838410511, 216.2250727800166317, 87.46941803079944577 ) ) ;
#2891 = B_SPLINE_CURVE_WITH_KNOTS ( 'NONE', 3,
 ( #2423, #4005, #2095, #458, #1328, #4875 ),
 .UNSPECIFIED., .F., .F.,
 ( 4, 2, 4 ),
 ( 0.000000000000000000, 0.5000000000000004441, 1.000000000000000000 ),
 .UNSPECIFIED. ) ;
#2892 = ORIENTED_EDGE ( 'NONE', *, *, #2458, .T. ) ;
#2893 = DIRECTION ( 'NONE',  ( -0.1305261922200491309, 0.000000000000000000, -0.9914448613738107152 ) ) ;
#2894 = CARTESIAN_POINT ( 'NONE',  ( -47.53256679974806787, 184.3512567638115058, 114.1765423647741926 ) ) ;
#2895 = B_SPLINE_CURVE_WITH_KNOTS ( 'NONE', 3,
 ( #1123, #3723, #2686, #4158, #1778, #2928, #4254, #1901, #4134, #5035 ),
 .UNSPECIFIED., .F., .F.,
 ( 4, 2, 2, 2, 4 ),
 ( 0.000000000000000000, 0.2500000000000002776, 0.5000000000000002220, 0.7500000000000001110, 1.000000000000000000 ),
 .UNSPECIFIED. ) ;
#2896 = EDGE_CURVE ( 'NONE', #4669, #778, #3232, .T. ) ;
#2897 = EDGE_CURVE ( 'NONE', #605, #2288, #2535, .T. ) ;
#2898 = EDGE_CURVE ( 'NONE', #3788, #1142, #3262, .T. ) ;
#2899 = CARTESIAN_POINT ( 'NONE',  ( 186.2404239073979113, 248.4177850113601949, -133.1472051858497707 ) ) ;
#2900 = ORIENTED_EDGE ( 'NONE', *, *, #266, .F. ) ;
#2901 = CARTESIAN_POINT ( 'NONE',  ( 77.50000000000000000, 213.8292407683985346, 90.01816451074950010 ) ) ;
#2902 = CARTESIAN_POINT ( 'NONE',  ( 163.5591062177444996, 260.0000000000000000, 46.50162693823969562 ) ) ;
#2903 = DESIGN_CONTEXT ( 'detailed design', #692, 'design' ) ;
#2904 = DIRECTION ( 'NONE',  ( 0.000000000000000000, -2.516165775298995138E-16, -1.000000000000000000 ) ) ;
#2905 = CARTESIAN_POINT ( 'NONE',  ( -65.05213501148699606, 219.1000783857159036, -151.2179120834875050 ) ) ;
#2906 = ORIENTED_EDGE ( 'NONE', *, *, #2080, .F. ) ;
#2907 = CARTESIAN_POINT ( 'NONE',  ( 43.46063378199239224, 184.6710720957943579, 114.5282436587634152 ) ) ;
#2908 = DIRECTION ( 'NONE',  ( 0.9238795325112865164, 0.000000000000000000, 0.3826834323650902814 ) ) ;
#2909 = ORIENTED_EDGE ( 'NONE', *, *, #4383, .T. ) ;
#2910 = CARTESIAN_POINT ( 'NONE',  ( 221.9862978486567044, 229.8317440958693965, 58.79692812481882669 ) ) ;
#2911 = VERTEX_POINT ( 'NONE', #3259 ) ;
#2912 = FACE_OUTER_BOUND ( 'NONE', #3885, .T. ) ;
#2913 = LINE ( 'NONE', #913, #4027 ) ;
#2914 = CARTESIAN_POINT ( 'NONE',  ( 197.8092481352985885, 222.9365248517151485, -137.1019217968594148 ) ) ;
#2915 = CARTESIAN_POINT ( 'NONE',  ( 80.88740794249075350, 226.8111641024544554, 86.44757362646747367 ) ) ;
#2916 = VERTEX_POINT ( 'NONE', #2100 ) ;
#2917 = DIRECTION ( 'NONE',  ( -1.094909215936413931E-16, -1.094909215936413931E-16, 1.000000000000000000 ) ) ;
#2918 = CARTESIAN_POINT ( 'NONE',  ( -71.07498899884589605, 195.8253983367927731, 97.72384309115156498 ) ) ;
#2919 = CARTESIAN_POINT ( 'NONE',  ( 230.8993464005752116, 45.19999999999999574, 61.50000000000017764 ) ) ;
#2920 = ORIENTED_EDGE ( 'NONE', *, *, #1987, .F. ) ;
#2921 = DIRECTION ( 'NONE',  ( -0.7071067811865453523, 0.7071067811865497932, 0.000000000000000000 ) ) ;
#2922 = ADVANCED_FACE ( 'NONE', ( #4828 ), #2865, .F. ) ;
#2923 = CARTESIAN_POINT ( 'NONE',  ( -82.20949954610240695, 202.8676639344121213, 56.64295309606531248 ) ) ;
#2924 = CARTESIAN_POINT ( 'NONE',  ( 230.8130768651934090, 222.1869231348071310, 44.14219433400874948 ) ) ;
#2925 = CARTESIAN_POINT ( 'NONE',  ( -80.40129896402105203, 200.1344345804436955, -145.6618425380816007 ) ) ;
#2927 = EDGE_CURVE ( 'NONE', #1658, #3953, #3372, .T. ) ;
#2926 = ORIENTED_EDGE ( 'NONE', *, *, #3175, .T. ) ;
#2928 = CARTESIAN_POINT ( 'NONE',  ( 194.1176633383922194, 251.6914365163153775, -121.8186316387873802 ) ) ;
#2929 = DIRECTION ( 'NONE',  ( 0.000000000000000000, -0.01745240643728358104, 0.9998476951563912696 ) ) ;
#2930 = CARTESIAN_POINT ( 'NONE',  ( -49.12347326396773894, 202.2226971940106637, -165.2207574824327878 ) ) ;
#2931 = AXIS2_PLACEMENT_3D ( 'NONE', #76, #4123, #131 ) ;
#2932 = ORIENTED_EDGE ( 'NONE', *, *, #4389, .T. ) ;
#2933 = CARTESIAN_POINT ( 'NONE',  ( 207.0485307002834929, 225.8911968484830766, 84.23116581939987668 ) ) ;
#2934 = CARTESIAN_POINT ( 'NONE',  ( -38.07886905302652281, 254.3589151121281020, -111.0648838108846945 ) ) ;
#2935 = CARTESIAN_POINT ( 'NONE',  ( 219.8338869502946693, 212.6488585116842387, 76.35526205555629531 ) ) ;
#2936 = VECTOR ( 'NONE', #3847, 1000.000000000000000 ) ;
#2937 = DIRECTION ( 'NONE',  ( -0.01744974916068270723, -0.9996954598818874604, -0.01744974916068270723 ) ) ;
#2938 = CARTESIAN_POINT ( 'NONE',  ( -64.86901570232363667, 200.1623098016967219, -162.4800330535694854 ) ) ;
#2939 = CARTESIAN_POINT ( 'NONE',  ( 194.4253637742571641, 219.2252116771443013, -143.0262393037716890 ) ) ;
#2940 = ORIENTED_EDGE ( 'NONE', *, *, #3246, .T. ) ;
#2941 = AXIS2_PLACEMENT_3D ( 'NONE', #46, #3153, #5056 ) ;
#2942 = LINE ( 'NONE', #2966, #2850 ) ;
#2943 = DIRECTION ( 'NONE',  ( -1.000000000000000000, 0.000000000000000000, 0.000000000000000000 ) ) ;
#2944 = CARTESIAN_POINT ( 'NONE',  ( 180.4094895754207641, 253.9171916915494194, -128.6394149142709864 ) ) ;
#2945 = VERTEX_POINT ( 'NONE', #2638 ) ;
#2946 = CARTESIAN_POINT ( 'NONE',  ( 135.4277607216895944, 359.7170826030350099, -93.32567406897909734 ) ) ;
#2947 = VECTOR ( 'NONE', #3388, 1000.000000000000000 ) ;
#2948 = PLANE ( 'NONE',  #2382 ) ;
#2949 = CARTESIAN_POINT ( 'NONE',  ( -67.43144392684266109, 219.0603024223473483, -148.9239519955341962 ) ) ;
#2950 = EDGE_LOOP ( 'NONE', ( #1809, #702, #4002, #3552, #197, #2532, #2079, #1158, #4892, #415, #4617, #4097, #3802, #4579, #2405, #1444, #4795, #2243, #1458, #3005, #4053, #257, #4929, #507, #1536, #858, #1261, #4471, #2303, #319, #3569, #2965, #4374, #1666, #3086, #3892, #2573, #2565, #4259, #3855, #2462, #2214, #3407, #4941 ) ) ;
#2951 = CARTESIAN_POINT ( 'NONE',  ( 156.8264320223193806, 213.7359249845325735, -165.0112600122907907 ) ) ;
#2952 = EDGE_CURVE ( 'NONE', #3518, #36, #5005, .T. ) ;
#2953 = FACE_OUTER_BOUND ( 'NONE', #2131, .T. ) ;
#2954 = FACE_OUTER_BOUND ( 'NONE', #1718, .T. ) ;
#2955 = ORIENTED_EDGE ( 'NONE', *, *, #1589, .F. ) ;
#2956 = EDGE_CURVE ( 'NONE', #4911, #803, #3017, .T. ) ;
#2957 = CARTESIAN_POINT ( 'NONE',  ( 201.7863750637644387, 214.3922870991834770, 86.72658224753409684 ) ) ;
#2958 = CYLINDRICAL_SURFACE ( 'NONE', #3873, 5.000000000000004441 ) ;
#2959 = CARTESIAN_POINT ( 'NONE',  ( 199.5358600850062203, 214.3920902129603405, 87.43220008527825371 ) ) ;
#2960 = AXIS2_PLACEMENT_3D ( 'NONE', #4144, #4924, #4167 ) ;
#2961 = CARTESIAN_POINT ( 'NONE',  ( 73.37500000000000000, 235.0000000000000284, -115.9843788128359989 ) ) ;
#2962 = LINE ( 'NONE', #2987, #4207 ) ;
#2963 = CARTESIAN_POINT ( 'NONE',  ( 100.0652381821159764, 213.8292407683986198, 90.01816451074944325 ) ) ;
#2964 = VECTOR ( 'NONE', #352, 1000.000000000000114 ) ;
#2965 = ORIENTED_EDGE ( 'NONE', *, *, #2516, .F. ) ;
#2966 = CARTESIAN_POINT ( 'NONE',  ( 85.71172428090673634, 45.19999999999999574, 63.80796756594828167 ) ) ;
#2967 = ORIENTED_EDGE ( 'NONE', *, *, #750, .F. ) ;
#2968 = DIRECTION ( 'NONE',  ( 0.000000000000000000, -0.000000000000000000, 1.000000000000000000 ) ) ;
#2969 = CARTESIAN_POINT ( 'NONE',  ( 187.6132555012467549, 254.6017931274649015, -122.7519989850273276 ) ) ;
#2970 = ORIENTED_EDGE ( 'NONE', *, *, #987, .T. ) ;
#2971 = CYLINDRICAL_SURFACE ( 'NONE', #1618, 33.00000000000000000 ) ;
#2972 = CARTESIAN_POINT ( 'NONE',  ( 180.0000000000000284, 43.00000000000001421, 1.999999999999907629 ) ) ;
#2973 = LINE ( 'NONE', #3356, #1003 ) ;
#2974 = CARTESIAN_POINT ( 'NONE',  ( -58.76171841200279999, 200.4036134224590171, -164.5542180388440272 ) ) ;
#2975 = ORIENTED_EDGE ( 'NONE', *, *, #186, .T. ) ;
#2976 = CARTESIAN_POINT ( 'NONE',  ( 87.77462755756988599, 0.1999999999999953204, 62.22537244243002874 ) ) ;
#2977 = DIRECTION ( 'NONE',  ( -6.123031769111878895E-17, 1.000000000000000000, -2.220446049250309876E-16 ) ) ;
#2978 = ORIENTED_EDGE ( 'NONE', *, *, #3666, .T. ) ;
#2979 = CARTESIAN_POINT ( 'NONE',  ( 33.19015588595630817, 184.0562701089251334, 115.5378536467164707 ) ) ;
#2980 = CARTESIAN_POINT ( 'NONE',  ( -39.86852189159894522, 253.9706158921493113, -107.0593567764705227 ) ) ;
#2981 = EDGE_CURVE ( 'NONE', #1198, #206, #1670, .T. ) ;
#2982 = EDGE_CURVE ( 'NONE', #3092, #4367, #1436, .T. ) ;
#2983 = CARTESIAN_POINT ( 'NONE',  ( -22.73978104152940460, 260.0000000000000000, 50.40335691565952203 ) ) ;
#2984 = CARTESIAN_POINT ( 'NONE',  ( 209.1146172033791402, 208.5300437372935676, 51.41550455565359101 ) ) ;
#2985 = B_SPLINE_CURVE_WITH_KNOTS ( 'NONE', 3,
 ( #23, #1609, #918, #3323, #4094, #3291, #1748, #3657, #1275, #2485 ),
 .UNSPECIFIED., .F., .F.,
 ( 4, 2, 2, 2, 4 ),
 ( 0.000000000000000000, 0.2499999999999998335, 0.4999999999999996669, 0.7500000000000001110, 1.000000000000000000 ),
 .UNSPECIFIED. ) ;
#2986 = CARTESIAN_POINT ( 'NONE',  ( -94.00000000000000000, -19.79999999999999716, -135.4000000000000341 ) ) ;
#2987 = CARTESIAN_POINT ( 'NONE',  ( -94.00000000000000000, 45.87344242052179766, -115.4000000000000057 ) ) ;
#2988 = CARTESIAN_POINT ( 'NONE',  ( 178.2253520982971224, 209.5753595707806198, -158.3667383905525980 ) ) ;
#2989 = B_SPLINE_CURVE_WITH_KNOTS ( 'NONE', 3,
 ( #1794, #3377, #4604, #3350, #1413, #657, #4982, #2590, #1846, #2204, #4903, #2640, #3406, #2232, #1772, #2944, #5008, #2995, #3787, #4227, #246, #3814, #1822, #2969, #681, #2256, #4555, #1488, #4959, #3427, #3046, #4529, #2568, #4151, #608, #3091, #3171, #4701, #1942 ),
 .UNSPECIFIED., .F., .F.,
 ( 4, 2, 2, 1, 1, 1, 1, 1, 2, 2, 2, 2, 1, 1, 2, 2, 2, 2, 1, 1, 1, 1, 2, 2, 4 ),
 ( 0.000000000000000000, 0.1249999999999799882, 0.1874999999999699685, 0.2187499999999652223, 0.2343749999999630851, 0.2421874999999613365, 0.2460937499999610312, 0.2480468749999608646, 0.2490234374999605871, 0.2499999999999602540, 0.3749999999999826250, 0.4374999999999938383, 0.4687499999999989453, 0.4843750000000021094, 0.4921875000000039413, 0.5000000000000056621, 0.6250000000000248690, 0.6875000000000343059, 0.7187500000000391909, 0.7343750000000421885, 0.7421875000000437428, 0.7460937500000445199, 0.7480468750000441869, 0.7500000000000438538, 1.000000000000000000 ),
 .UNSPECIFIED. ) ;
#2990 = ORIENTED_EDGE ( 'NONE', *, *, #4077, .F. ) ;
#2991 = CARTESIAN_POINT ( 'NONE',  ( 240.2091081202583496, 202.8900887060119373, 35.67450911296440808 ) ) ;
#2992 = ORIENTED_EDGE ( 'NONE', *, *, #2762, .F. ) ;
#2993 = CARTESIAN_POINT ( 'NONE',  ( -64.89340550424383025, 215.3656266743111587, 90.12263048891254869 ) ) ;
#2994 = EDGE_CURVE ( 'NONE', #2598, #315, #2229, .T. ) ;
#2995 = CARTESIAN_POINT ( 'NONE',  ( 184.2317206753546657, 254.3441958628425823, -125.8049530965334242 ) ) ;
#2996 = ORIENTED_EDGE ( 'NONE', *, *, #1391, .T. ) ;
#2997 = CARTESIAN_POINT ( 'NONE',  ( -69.72061224015149605, 219.3144726252325256, -145.5088107261942980 ) ) ;
#2998 = CARTESIAN_POINT ( 'NONE',  ( 173.7641737865410221, 0.2000000000000261569, 88.00000000000000000 ) ) ;
#2999 = LINE ( 'NONE', #4582, #3555 ) ;
#3000 = CARTESIAN_POINT ( 'NONE',  ( -60.73085197059241125, 212.7629327357706757, -164.1930686774312846 ) ) ;
#3001 = ORIENTED_EDGE ( 'NONE', *, *, #3637, .T. ) ;
#3002 = CARTESIAN_POINT ( 'NONE',  ( 204.9328806154740619, 248.0671193845259097, -101.7993333655129504 ) ) ;
#3003 = PLANE ( 'NONE',  #3806 ) ;
#3004 = VERTEX_POINT ( 'NONE', #1791 ) ;
#3005 = ORIENTED_EDGE ( 'NONE', *, *, #665, .F. ) ;
#3006 = CARTESIAN_POINT ( 'NONE',  ( 193.3250008105066797, 231.8462642759455719, 81.21360059035848167 ) ) ;
#3007 = DIRECTION ( 'NONE',  ( 1.278291005414874894E-15, -6.647665961532841483E-16, 1.000000000000000000 ) ) ;
#3008 = CARTESIAN_POINT ( 'NONE',  ( -29.88459475666251208, 260.0000000000000000, 42.49586184931521160 ) ) ;
#3009 = AXIS2_PLACEMENT_3D ( 'NONE', #3742, #501, #4098 ) ;
#3010 = CARTESIAN_POINT ( 'NONE',  ( -82.20949954610243537, 202.8676639344124055, 56.64295309606530537 ) ) ;
#3011 = EDGE_CURVE ( 'NONE', #4456, #3206, #1893, .T. ) ;
#3012 = CARTESIAN_POINT ( 'NONE',  ( -38.61449668278009284, 183.6199599488560068, 90.54166126779149693 ) ) ;
#3013 = CARTESIAN_POINT ( 'NONE',  ( 157.7366293221604678, 205.3220519720241839, -165.0141752062351941 ) ) ;
#3014 = VERTEX_POINT ( 'NONE', #655 ) ;
#3015 = CARTESIAN_POINT ( 'NONE',  ( 226.7922867330427152, 226.2077132669577111, 51.41550455565385391 ) ) ;
#3016 = ORIENTED_EDGE ( 'NONE', *, *, #127, .T. ) ;
#3017 = LINE ( 'NONE', #4576, #2612 ) ;
#3018 = EDGE_CURVE ( 'NONE', #4460, #3488, #1468, .T. ) ;
#3019 = AXIS2_PLACEMENT_3D ( 'NONE', #2375, #2783, #2328 ) ;
#3020 = CARTESIAN_POINT ( 'NONE',  ( 87.77460325558385534, 45.19999999999999574, 62.22539674441632229 ) ) ;
#3021 = ORIENTED_EDGE ( 'NONE', *, *, #3637, .F. ) ;
#3022 = CARTESIAN_POINT ( 'NONE',  ( -63.54762852413646357, 219.2473418745190088, -152.2361926528040499 ) ) ;
#3023 = VECTOR ( 'NONE', #576, 1000.000000000000000 ) ;
#3024 = CARTESIAN_POINT ( 'NONE',  ( 206.6336064009403231, 232.4824963336102428, -118.9232129977780659 ) ) ;
#3025 = VECTOR ( 'NONE', #2699, 1000.000000000000000 ) ;
#3026 = CARTESIAN_POINT ( 'NONE',  ( 54.46889370984321488, 186.8987137034694967, 110.7451998706517600 ) ) ;
#3027 = VERTEX_POINT ( 'NONE', #290 ) ;
#3028 = B_SPLINE_CURVE_WITH_KNOTS ( 'NONE', 3,
 ( #2210, #4487, #171, #4101, #3718, #2924, #953, #2515, #1754, #4230 ),
 .UNSPECIFIED., .F., .F.,
 ( 4, 2, 2, 2, 4 ),
 ( 0.000000000000000000, 0.2499999999999998335, 0.4999999999999996669, 0.7500000000000002220, 1.000000000000000000 ),
 .UNSPECIFIED. ) ;
#3029 = CIRCLE ( 'NONE', #4528, 24.99999999999980815 ) ;
#3030 = CARTESIAN_POINT ( 'NONE',  ( 172.6211810268801230, 253.1383727823408663, 63.05233750152478223 ) ) ;
#3031 = DIRECTION ( 'NONE',  ( -0.6209956631728389409, 0.5951159543929309681, -0.5100993894796549410 ) ) ;
#3032 = ORIENTED_EDGE ( 'NONE', *, *, #156, .F. ) ;
#3033 = VERTEX_POINT ( 'NONE', #1411 ) ;
#3034 = LOCAL_TIME ( 22, 55, 35.00000000000000000, #2826 ) ;
#3035 = PLANE ( 'NONE',  #2441 ) ;
#3036 = CARTESIAN_POINT ( 'NONE',  ( -35.77845515267732424, 254.8632053459042766, 45.88418359074592701 ) ) ;
#3037 = LINE ( 'NONE', #237, #1066 ) ;
#3038 = CARTESIAN_POINT ( 'NONE',  ( -46.34234363660741707, 45.19999999999999574, 117.9615988571578384 ) ) ;
#3039 = CARTESIAN_POINT ( 'NONE',  ( 193.8865477679243838, 218.7260417972133837, -143.8223644516456829 ) ) ;
#3040 = ORIENTED_EDGE ( 'NONE', *, *, #3797, .F. ) ;
#3041 = CARTESIAN_POINT ( 'NONE',  ( 239.2592789715202457, 213.7407210285269912, 42.34527316012700737 ) ) ;
#3042 = ORIENTED_EDGE ( 'NONE', *, *, #4454, .T. ) ;
#3043 = VECTOR ( 'NONE', #3491, 1000.000000000000000 ) ;
#3044 = CARTESIAN_POINT ( 'NONE',  ( -65.01531253140069566, 215.4109815469931561, 89.97557082574246579 ) ) ;
#3045 = VECTOR ( 'NONE', #1889, 1000.000000000000000 ) ;
#3046 = CARTESIAN_POINT ( 'NONE',  ( 195.5365226044649205, 254.4405963737007141, -112.1143243881440270 ) ) ;
#3047 = ORIENTED_EDGE ( 'NONE', *, *, #1398, .T. ) ;
#3048 = CARTESIAN_POINT ( 'NONE',  ( 177.8000000000000114, 45.19999999999999574, 242.0604443032840152 ) ) ;
#3049 = CARTESIAN_POINT ( 'NONE',  ( 153.2258954685100321, 220.3821277584582106, -159.6942977932336873 ) ) ;
#3050 = EDGE_CURVE ( 'NONE', #3599, #4456, #467, .T. ) ;
#3051 = EDGE_CURVE ( 'NONE', #4350, #4224, #5031, .T. ) ;
#3052 = ADVANCED_FACE ( 'NONE', ( #1118 ), #4250, .F. ) ;
#3053 = B_SPLINE_CURVE_WITH_KNOTS ( 'NONE', 3,
 ( #443, #2003, #3911, #3935, #3, #393, #1587, #764, #3967, #2791 ),
 .UNSPECIFIED., .F., .F.,
 ( 4, 2, 2, 2, 4 ),
 ( 0.000000000000000000, 0.2500000000000000000, 0.5000000000000000000, 0.7500000000000000000, 1.000000000000000000 ),
 .UNSPECIFIED. ) ;
#3054 = CARTESIAN_POINT ( 'NONE',  ( -54.10186479761646439, 200.6499253253222435, -165.2057927941729361 ) ) ;
#3055 = VERTEX_POINT ( 'NONE', #703 ) ;
#3056 = PLANE ( 'NONE',  #392 ) ;
#3057 = DIRECTION ( 'NONE',  ( 1.932483406256303122E-16, -2.447787301067770444E-16, -1.000000000000000000 ) ) ;
#3058 = ORIENTED_EDGE ( 'NONE', *, *, #1566, .T. ) ;
#3059 = LINE ( 'NONE', #4640, #3608 ) ;
#3060 = DIRECTION ( 'NONE',  ( -1.000000000000000000, -0.000000000000000000, -2.220446049250315053E-16 ) ) ;
#3061 = ADVANCED_FACE ( 'NONE', ( #2178 ), #2200, .F. ) ;
#3062 = DIRECTION ( 'NONE',  ( -0.006121858900264191307, -0.9998289592566264039, 0.01745207940093665769 ) ) ;
#3063 = CARTESIAN_POINT ( 'NONE',  ( 101.0183748768064191, 44.30835300912690400, 142.9847790154720144 ) ) ;
#3064 = PLANE ( 'NONE',  #4761 ) ;
#3065 = CARTESIAN_POINT ( 'NONE',  ( 59.40000000000000568, 24.12857142857147963, -112.9999999999998721 ) ) ;
#3066 = VERTEX_POINT ( 'NONE', #3375 ) ;
#3067 = DIRECTION ( 'NONE',  ( -1.000000000000000000, -0.000000000000000000, 0.000000000000000000 ) ) ;
#3068 = ORIENTED_EDGE ( 'NONE', *, *, #2611, .T. ) ;
#3069 = CARTESIAN_POINT ( 'NONE',  ( -73.70416510665339160, 45.20000000000000284, 98.98749045698168914 ) ) ;
#3070 = CARTESIAN_POINT ( 'NONE',  ( 236.6808734822472218, 204.6552773524877011, -59.39527846802585032 ) ) ;
#3071 = EDGE_CURVE ( 'NONE', #4739, #2276, #1820, .T. ) ;
#3072 = ORIENTED_EDGE ( 'NONE', *, *, #986, .T. ) ;
#3073 = DIRECTION ( 'NONE',  ( 0.000000000000000000, 0.000000000000000000, -1.000000000000000000 ) ) ;
#3074 = CARTESIAN_POINT ( 'NONE',  ( 41.25028052994307615, 193.7410754577500711, 114.7933638933584888 ) ) ;
#3075 = CARTESIAN_POINT ( 'NONE',  ( 224.5395383775685616, 45.19999999999999574, 74.05923022441314174 ) ) ;
#3076 = ORIENTED_EDGE ( 'NONE', *, *, #4912, .T. ) ;
#3077 = CARTESIAN_POINT ( 'NONE',  ( 54.47594612945361092, 45.20000000000000284, 114.7557043187680961 ) ) ;
#3078 = EDGE_CURVE ( 'NONE', #4725, #4889, #4698, .T. ) ;
#3079 = ORIENTED_EDGE ( 'NONE', *, *, #4972, .F. ) ;
#3080 = DIRECTION ( 'NONE',  ( 0.8924551368540086793, -4.440892098500630106E-15, -0.4511361531765021859 ) ) ;
#3081 = CARTESIAN_POINT ( 'NONE',  ( -82.02158252645638470, 213.6334227801517898, -134.6365890666858434 ) ) ;
#3082 = LINE ( 'NONE', #770, #3043 ) ;
#3083 = CARTESIAN_POINT ( 'NONE',  ( 486.2811353838490618, 210.0000000000000000, -168.0000000000000000 ) ) ;
#3084 = ADVANCED_FACE ( 'NONE', ( #2707 ), #1217, .F. ) ;
#3085 = CARTESIAN_POINT ( 'NONE',  ( -82.21290303052613524, 202.6726784423635479, -127.6971481224830853 ) ) ;
#3086 = ORIENTED_EDGE ( 'NONE', *, *, #1771, .F. ) ;
#3087 = LINE ( 'NONE', #4268, #2361 ) ;
#3088 = VERTEX_POINT ( 'NONE', #4339 ) ;
#3089 = DIRECTION ( 'NONE',  ( -0.2522766018804785126, 0.9100904647528231806, 0.3287732685447966041 ) ) ;
#3090 = CARTESIAN_POINT ( 'NONE',  ( 198.0183895625099808, 254.0628733845107661, -107.2934969237031169 ) ) ;
#3091 = CARTESIAN_POINT ( 'NONE',  ( 195.9997197602716028, 254.3716475764459801, -111.2217566704495795 ) ) ;
#3092 = VERTEX_POINT ( 'NONE', #3571 ) ;
#3093 = VECTOR ( 'NONE', #2045, 1000.000000000000114 ) ;
#3094 = CYLINDRICAL_SURFACE ( 'NONE', #3362, 5.000000000000004441 ) ;
#3095 = DIRECTION ( 'NONE',  ( 1.000000000000000000, 0.000000000000000000, -0.000000000000000000 ) ) ;
#3096 = VECTOR ( 'NONE', #2220, 1000.000000000000000 ) ;
#3097 = DIRECTION ( 'NONE',  ( 0.7071067811865441310, -0.7071067811865510144, -0.000000000000000000 ) ) ;
#3098 = PLANE ( 'NONE',  #587 ) ;
#3099 = ORIENTED_EDGE ( 'NONE', *, *, #741, .T. ) ;
#3100 = ORGANIZATION ( 'UNSPECIFIED', 'UNSPECIFIED', '' ) ;
#3101 = AXIS2_PLACEMENT_3D ( 'NONE', #2481, #2806, #3625 ) ;
#3102 = CARTESIAN_POINT ( 'NONE',  ( 33.96688152427389440, 45.19999999999998863, 117.9615988571578669 ) ) ;
#3103 = CARTESIAN_POINT ( 'NONE',  ( 100.0652381821159906, 213.8292407683985346, 90.01816451074951431 ) ) ;
#3104 = ORIENTED_EDGE ( 'NONE', *, *, #4041, .T. ) ;
#3105 = CARTESIAN_POINT ( 'NONE',  ( 210.8494105309363249, 233.0175173260923600, 70.52853686211925321 ) ) ;
#3106 = CARTESIAN_POINT ( 'NONE',  ( -70.71789838264994899, 219.7246723077310833, -142.9400571901825003 ) ) ;
#3107 = CIRCLE ( 'NONE', #2372, 5.000000000000004441 ) ;
#3108 = EDGE_CURVE ( 'NONE', #4157, #2792, #3981, .T. ) ;
#3109 = ADVANCED_FACE ( 'NONE', ( #1244 ), #2805, .F. ) ;
#3110 = CYLINDRICAL_SURFACE ( 'NONE', #1637, 49.99999999999999289 ) ;
#3111 = VECTOR ( 'NONE', #1786, 1000.000000000000000 ) ;
#3112 = DIRECTION ( 'NONE',  ( -0.6641207079711330952, -0.5676394938893581932, 0.4865481376194490948 ) ) ;
#3113 = LINE ( 'NONE', #4692, #2479 ) ;
#3114 = ORIENTED_EDGE ( 'NONE', *, *, #3727, .F. ) ;
#3115 = DIRECTION ( 'NONE',  ( -0.9998476951563912696, 0.01745240643728350471, -1.075633655311065969E-16 ) ) ;
#3116 = VERTEX_POINT ( 'NONE', #5050 ) ;
#3117 = CARTESIAN_POINT ( 'NONE',  ( 229.4983957784033066, 209.1382683165005574, 65.87688878627373867 ) ) ;
#3118 = ADVANCED_FACE ( 'NONE', ( #4298 ), #2348, .T. ) ;
#3119 = CARTESIAN_POINT ( 'NONE',  ( -94.00000000000000000, -19.80000000000000071, -135.4000000000000341 ) ) ;
#3120 = CARTESIAN_POINT ( 'NONE',  ( 206.5676785999154959, 232.4906835697075564, -119.0559034298286036 ) ) ;
#3121 = CARTESIAN_POINT ( 'NONE',  ( -63.30432721401707852, 214.8608420269813735, 91.80561243185863418 ) ) ;
#3122 = VECTOR ( 'NONE', #153, 1000.000000000000227 ) ;
#3123 = ORIENTED_EDGE ( 'NONE', *, *, #773, .F. ) ;
#3124 = CARTESIAN_POINT ( 'NONE',  ( -91.39999999999999147, 47.80000000000000426, -73.00000000000000000 ) ) ;
#3125 = LINE ( 'NONE', #2046, #890 ) ;
#3126 = VECTOR ( 'NONE', #4785, 1000.000000000000114 ) ;
#3127 = DIRECTION ( 'NONE',  ( 0.000000000000000000, 0.000000000000000000, -1.000000000000000000 ) ) ;
#3128 = FACE_OUTER_BOUND ( 'NONE', #652, .T. ) ;
#3129 = VERTEX_POINT ( 'NONE', #16 ) ;
#3130 = ADVANCED_FACE ( 'NONE', ( #1917 ), #4720, .T. ) ;
#3131 = DIRECTION ( 'NONE',  ( -1.000000000000000000, 5.377642775528097260E-15, 0.000000000000000000 ) ) ;
#3132 = EDGE_CURVE ( 'NONE', #2233, #726, #1194, .T. ) ;
#3133 = VERTEX_POINT ( 'NONE', #4672 ) ;
#3134 = DIRECTION ( 'NONE',  ( -0.9914448613738107152, -3.172384705127615685E-17, 0.1305261922200495750 ) ) ;
#3135 = CC_DESIGN_DATE_AND_TIME_ASSIGNMENT ( #800, #3566, ( #3816 ) ) ;
#3136 = CARTESIAN_POINT ( 'NONE',  ( 165.8499829250960147, 260.0000000000000000, -115.9843788128767983 ) ) ;
#3137 = FACE_OUTER_BOUND ( 'NONE', #1292, .T. ) ;
#3138 = ADVANCED_FACE ( 'NONE', ( #38 ), #3167, .T. ) ;
#3139 = DIRECTION ( 'NONE',  ( -0.6209956631728239529, 0.5951159543929553930, -0.5100993894796448380 ) ) ;
#3140 = PERSON_AND_ORGANIZATION_ROLE ( 'creator' ) ;
#3141 = EDGE_CURVE ( 'NONE', #2577, #2108, #1054, .T. ) ;
#3142 = ORIENTED_EDGE ( 'NONE', *, *, #3797, .T. ) ;
#3143 = FACE_OUTER_BOUND ( 'NONE', #1853, .T. ) ;
#3144 = VERTEX_POINT ( 'NONE', #1528 ) ;
#3145 = CARTESIAN_POINT ( 'NONE',  ( -84.91621568834456468, 47.80000000000000426, -135.4000000000000341 ) ) ;
#3146 = CARTESIAN_POINT ( 'NONE',  ( 162.9066980702054934, 260.0000000000000000, -115.9843788128359563 ) ) ;
#3147 = CARTESIAN_POINT ( 'NONE',  ( -82.24998126946466925, 200.5484675562402686, -135.2545504147728650 ) ) ;
#3148 = EDGE_CURVE ( 'NONE', #280, #2262, #3169, .T. ) ;
#3149 = CARTESIAN_POINT ( 'NONE',  ( -72.95024742052932254, 195.9086950941533871, 96.22177438891337431 ) ) ;
#3150 = ORIENTED_EDGE ( 'NONE', *, *, #1894, .F. ) ;
#3151 = DIRECTION ( 'NONE',  ( -0.9238795325112857393, 0.000000000000000000, -0.3826834323650922243 ) ) ;
#3152 = B_SPLINE_CURVE_WITH_KNOTS ( 'NONE', 3,
 ( #856, #4610, #18, #4743, #3430, #781, #1941, #833, #1246, #437, #1080, #1606, #2403, #3521, #1556, #5077, #41, #3958, #1971, #4371, #2424, #3983, #4006, #2736, #1850, #3925, #3573, #2808, #3196, #686, #4985, #4399, #1465, #1196, #3120, #3024, #2643, #2260, #5105, #1631, #4773, #3841, #1997, #4322, #4700, #1175, #2018 ),
 .UNSPECIFIED., .F., .F.,
 ( 4, 1, 1, 1, 1, 2, 2, 1, 1, 1, 2, 2, 1, 1, 2, 2, 2, 1, 1, 2, 2, 1, 1, 1, 2, 2, 1, 1, 1, 2, 2, 4 ),
 ( 0.000000000000000000, 0.06249999999998515077, 0.09374999999997651878, 0.1093749999999726608, 0.1171874999999698574, 0.1210937499999684558, 0.1249999999999670541, 0.1874999999999551192, 0.2187499999999495681, 0.2343749999999466260, 0.2421874999999463485, 0.2499999999999460987, 0.3124999999999493183, 0.3437499999999519829, 0.3593749999999538702, 0.3749999999999557576, 0.4999999999999694689, 0.5624999999999772404, 0.5937499999999805711, 0.6093749999999822364, 0.6249999999999837907, 0.6874999999999948930, 0.7187499999999997780, 0.7343750000000027756, 0.7421875000000044409, 0.7500000000000059952, 0.8125000000000114353, 0.8437500000000149880, 0.8593750000000162093, 0.8671875000000164313, 0.8750000000000166533, 1.000000000000000000 ),
 .UNSPECIFIED. ) ;
#3153 = DIRECTION ( 'NONE',  ( 6.123031769111878895E-17, -1.000000000000000000, 2.220446049250309876E-16 ) ) ;
#3154 = LINE ( 'NONE', #4349, #4212 ) ;
#3155 = DIRECTION ( 'NONE',  ( 0.4112257348407321045, -0.4112257348407298285, 0.8135027904127934972 ) ) ;
#3156 = ORIENTED_EDGE ( 'NONE', *, *, #1803, .F. ) ;
#3157 = CARTESIAN_POINT ( 'NONE',  ( -87.00000000000001421, 47.80000000000000426, -73.00000000000001421 ) ) ;
#3158 = DIRECTION ( 'NONE',  ( -0.1305261922200488811, -2.185712190486414368E-16, -0.9914448613738107152 ) ) ;
#3159 = ORIENTED_EDGE ( 'NONE', *, *, #1669, .F. ) ;
#3160 = CARTESIAN_POINT ( 'NONE',  ( 226.7922867330426300, 226.2077132669574553, 51.41550455565356970 ) ) ;
#3161 = CARTESIAN_POINT ( 'NONE',  ( -93.99999999999997158, 35.20000000000000995, -110.3999999999999915 ) ) ;
#3162 = CARTESIAN_POINT ( 'NONE',  ( -51.05656924103424643, 209.6616980030456432, 101.1471159973893634 ) ) ;
#3163 = APPLICATION_PROTOCOL_DEFINITION ( 'international standard', 'config_control_design', 1994, #1057 ) ;
#3164 = EDGE_LOOP ( 'NONE', ( #924, #4782, #1731, #3898, #143, #609, #2746, #2690 ) ) ;
#3165 = CARTESIAN_POINT ( 'NONE',  ( -87.00000000000001421, 45.19999999999999574, -73.00000000000000000 ) ) ;
#3166 = ORIENTED_EDGE ( 'NONE', *, *, #1231, .T. ) ;
#3167 = CYLINDRICAL_SURFACE ( 'NONE', #2364, 2.602000000000000313 ) ;
#3168 = CARTESIAN_POINT ( 'NONE',  ( 168.5888234580690721, 260.0000000000000000, -115.5684029200878058 ) ) ;
#3169 =( BOUNDED_CURVE ( )  B_SPLINE_CURVE ( 3, ( #1146, #3922, #1939, #2755 ),
 .UNSPECIFIED., .F., .T. ) 
 B_SPLINE_CURVE_WITH_KNOTS ( ( 4, 4 ),
 ( 4.662402403451264554, 5.122494357720816183 ),
 .UNSPECIFIED. ) 
 CURVE ( )  GEOMETRIC_REPRESENTATION_ITEM ( )  RATIONAL_B_SPLINE_CURVE ( ( 1.000000000000000000, 0.9824372748152919721, 0.9824372748152919721, 1.000000000000000000 ) ) 
 REPRESENTATION_ITEM ( '' )  );
#3170 = CARTESIAN_POINT ( 'NONE',  ( -78.29350752982553274, 200.0269847922626809, -150.2988290783628713 ) ) ;
#3171 = CARTESIAN_POINT ( 'NONE',  ( 198.0461494341840591, 254.0450108937613720, -107.1775329136169290 ) ) ;
#3172 = ORIENTED_EDGE ( 'NONE', *, *, #2113, .T. ) ;
#3173 = CARTESIAN_POINT ( 'NONE',  ( -94.00000000000000000, -19.79999999999999005, -120.3999999999999915 ) ) ;
#3174 = CARTESIAN_POINT ( 'NONE',  ( 182.6446609406725372, 260.0000000000000000, 15.37500000000000000 ) ) ;
#3175 = EDGE_CURVE ( 'NONE', #4669, #1757, #3519, .T. ) ;
#3176 = CIRCLE ( 'NONE', #3266, 2.602000000000006974 ) ;
#3177 = LINE ( 'NONE', #1947, #3551 ) ;
#3178 = CARTESIAN_POINT ( 'NONE',  ( 243.0000000000000000, 43.00000000000000000, -24.00000000000000000 ) ) ;
#3179 = VERTEX_POINT ( 'NONE', #3117 ) ;
#3180 = CARTESIAN_POINT ( 'NONE',  ( 222.4768196928121142, 34.70000000000000284, 72.47645050898972841 ) ) ;
#3181 = CARTESIAN_POINT ( 'NONE',  ( 182.5269220392568457, 229.6627149438655806, 84.00338719097207729 ) ) ;
#3182 = VECTOR ( 'NONE', #1721, 1000.000000000000000 ) ;
#3183 = ORIENTED_EDGE ( 'NONE', *, *, #2762, .T. ) ;
#3184 = CARTESIAN_POINT ( 'NONE',  ( 82.37957366086865818, 208.1821774292217242, 93.29014560921548593 ) ) ;
#3185 = CARTESIAN_POINT ( 'NONE',  ( -24.64466094067261892, 260.0000000000000000, -98.11089324940257939 ) ) ;
#3186 = AXIS2_PLACEMENT_3D ( 'NONE', #2151, #4852, #158 ) ;
#3187 = CARTESIAN_POINT ( 'NONE',  ( 230.2446811989864557, 222.7553188010137148, -51.72654204802818612 ) ) ;
#3188 = CARTESIAN_POINT ( 'NONE',  ( 198.7168872856645407, 43.00000000000000000, 86.19212027179629843 ) ) ;
#3189 = ORIENTED_EDGE ( 'NONE', *, *, #2147, .T. ) ;
#3190 = CIRCLE ( 'NONE', #3791, 5.000000000000004441 ) ;
#3191 = CARTESIAN_POINT ( 'NONE',  ( 230.5682456345506068, 221.7516450650299760, 64.34611395249031318 ) ) ;
#3192 = CARTESIAN_POINT ( 'NONE',  ( 182.6446609406726509, 260.0000000000000000, 31.38921909285036094 ) ) ;
#3193 = DIRECTION ( 'NONE',  ( -0.3971090845493330246, 0.8657104923108468464, 0.3047125177463210211 ) ) ;
#3194 = CIRCLE ( 'NONE', #2700, 25.00000000000000000 ) ;
#3195 = DIRECTION ( 'NONE',  ( 6.123031769111878895E-17, -1.000000000000000000, 2.220446049250309876E-16 ) ) ;
#3196 = CARTESIAN_POINT ( 'NONE',  ( 204.9757871113324654, 232.3509272505122851, -122.2731074290165481 ) ) ;
#3197 = CARTESIAN_POINT ( 'NONE',  ( -78.55653431483028726, 196.3867560367252167, 88.89330727008317012 ) ) ;
#3198 = ORIENTED_EDGE ( 'NONE', *, *, #3209, .F. ) ;
#3199 = CARTESIAN_POINT ( 'NONE',  ( 224.5395383775685048, 43.00000000000000000, 74.05923022441309911 ) ) ;
#3200 = LINE ( 'NONE', #1610, #1306 ) ;
#3201 = DIRECTION ( 'NONE',  ( 0.3826834323650918912, 0.000000000000000000, 0.9238795325112858503 ) ) ;
#3202 = EDGE_CURVE ( 'NONE', #3216, #2495, #5103, .T. ) ;
#3203 =( BOUNDED_SURFACE ( )  B_SPLINE_SURFACE ( 3, 2, ( 
 ( #3424, #1434, #2177 ),
 ( #5003, #4223, #2991 ),
 ( #1042, #3403, #2587 ),
 ( #4172, #3041, #3759 ),
 ( #2607, #3783, #1409 ),
 ( #1483, #2198, #4625 ),
 ( #1818, #3811, #4573 ),
 ( #2566, #4956, #267 ),
 ( #215, #4978, #313 ),
 ( #3015, #1891, #678 ) ),
 .UNSPECIFIED., .F., .F., .F. ) 
 B_SPLINE_SURFACE_WITH_KNOTS ( ( 4, 2, 2, 2, 4 ),
 ( 3, 3 ),
 ( 3.124743221420049011, 3.278978675444774726, 3.433214129469500442, 3.587449583494226601, 3.741685037518952317 ),
 ( 0.000000000000000000, 1.000000000000000000 ),
 .UNSPECIFIED. ) 
 GEOMETRIC_REPRESENTATION_ITEM ( )  RATIONAL_B_SPLINE_SURFACE ( (
 ( 1.000000000000000000, 0.9271838545667883125, 1.000000000000000000),
 ( 1.000000000000000000, 0.9273521021281179166, 1.000000000000000000),
 ( 1.000000000000000000, 0.9267503107158158171, 1.000000000000000000),
 ( 1.000000000000000000, 0.9240132575282554717, 1.000000000000000000),
 ( 1.000000000000000000, 0.9218777778836177994, 1.000000000000000000),
 ( 1.000000000000000000, 0.9160919343072606580, 1.000000000000000000),
 ( 1.000000000000000000, 0.9124415602874097475, 1.000000000000000000),
 ( 1.000000000000000000, 0.9036588406351427905, 1.000000000000000000),
 ( 1.000000000000000000, 0.8985267063062750692, 1.000000000000000000),
 ( 1.000000000000000000, 0.8926767363502452479, 1.000000000000000000) ) ) 
 REPRESENTATION_ITEM ( '' )  SURFACE ( )  );
#3204 = AXIS2_PLACEMENT_3D ( 'NONE', #4216, #3007, #233 ) ;
#3205 = LINE ( 'NONE', #2919, #1741 ) ;
#3206 = VERTEX_POINT ( 'NONE', #3145 ) ;
#3207 = CARTESIAN_POINT ( 'NONE',  ( 35.75385874372884842, 184.0634381551405454, 115.5377285280042656 ) ) ;
#3209 = EDGE_CURVE ( 'NONE', #3116, #3363, #1627, .T. ) ;
#3208 = EDGE_LOOP ( 'NONE', ( #801, #753, #3764, #2932, #935, #3530, #2459, #3040, #3183, #4127, #3371, #1482, #3619, #2365, #231, #2814, #1908, #2718, #2140, #1724, #3544 ) ) ;
#3210 = AXIS2_PLACEMENT_3D ( 'NONE', #4021, #2517, #4102 ) ;
#3211 = CARTESIAN_POINT ( 'NONE',  ( 224.5395383775693006, 34.70000000000000284, 74.05923022441221804 ) ) ;
#3212 = CARTESIAN_POINT ( 'NONE',  ( 222.4766487001946587, 34.69985151044765814, 72.47664612713981569 ) ) ;
#3213 = AXIS2_PLACEMENT_3D ( 'NONE', #4015, #4380, #2409 ) ;
#3214 = CARTESIAN_POINT ( 'NONE',  ( 236.7263667709474930, 17.69999999999999929, 355.3972194752254836 ) ) ;
#3215 = FACE_OUTER_BOUND ( 'NONE', #1400, .T. ) ;
#3216 = VERTEX_POINT ( 'NONE', #4740 ) ;
#3217 = DIRECTION ( 'NONE',  ( 0.9238795325112847401, 0.000000000000000000, 0.3826834323650945002 ) ) ;
#3218 = ADVANCED_BREP_SHAPE_REPRESENTATION ( 'M-20iA35M cover J2-M-20iA35M_D\X2\00e9\X0\faut_sldprt', ( #552, #1895 ), #3462 ) ;
#3219 = DIRECTION ( 'NONE',  ( 1.000000000000000000, 1.047036085699110095E-15, 8.376288685592880165E-16 ) ) ;
#3220 = CARTESIAN_POINT ( 'NONE',  ( 190.9514796696169299, 254.9108162313403341, 49.38814838056477186 ) ) ;
#3221 = CARTESIAN_POINT ( 'NONE',  ( -41.49079284321272354, 253.5092071567877099, 33.32020879668451130 ) ) ;
#3222 = EDGE_LOOP ( 'NONE', ( #3068, #4087, #2877, #2694 ) ) ;
#3223 = CARTESIAN_POINT ( 'NONE',  ( 218.3451839479525063, 231.3849128685926928, 63.20394747170369953 ) ) ;
#3224 = VERTEX_POINT ( 'NONE', #831 ) ;
#3225 = CARTESIAN_POINT ( 'NONE',  ( -49.13760324605974716, 202.2161714193730404, -165.2208713902527393 ) ) ;
#3226 = EDGE_CURVE ( 'NONE', #1086, #4648, #2016, .T. ) ;
#3227 = LINE ( 'NONE', #2831, #2290 ) ;
#3228 = CARTESIAN_POINT ( 'NONE',  ( -63.86762045441031432, 200.1958452845148315, -162.9201829879974639 ) ) ;
#3229 = CARTESIAN_POINT ( 'NONE',  ( -79.08473012852601869, 196.4568265561985356, 87.89550818082355477 ) ) ;
#3230 = EDGE_LOOP ( 'NONE', ( #3415, #1387, #3876, #1340 ) ) ;
#3231 = CARTESIAN_POINT ( 'NONE',  ( 62.00200000000000244, 45.19999999999999574, -0.0001310869257836209999 ) ) ;
#3232 = LINE ( 'NONE', #163, #138 ) ;
#3233 = CARTESIAN_POINT ( 'NONE',  ( 208.4162829660898524, 243.7059558088882909, -114.8854484483004370 ) ) ;
#3234 = ORIENTED_EDGE ( 'NONE', *, *, #4175, .F. ) ;
#3235 = PLANE ( 'NONE',  #794 ) ;
#3236 = EDGE_LOOP ( 'NONE', ( #3651, #3032, #2315, #677 ) ) ;
#3237 = CARTESIAN_POINT ( 'NONE',  ( -30.44167325088203668, 254.6442551133648067, -121.9095340100959390 ) ) ;
#3238 = DIRECTION ( 'NONE',  ( 0.006435212435975974123, 0.3686730735428941919, 0.9295368485893067412 ) ) ;
#3239 = B_SPLINE_CURVE_WITH_KNOTS ( 'NONE', 3,
 ( #2408, #391, #3556, #418, #25, #3990, #1156, #343, #3504, #2, #5057, #3909, #4280, #1586, #1227, #2715, #4305, #2384 ),
 .UNSPECIFIED., .F., .F.,
 ( 4, 1, 1, 2, 2, 2, 1, 1, 2, 2, 4 ),
 ( 0.000000000000000000, 0.1249999999999913403, 0.1874999999999888423, 0.2187499999999884814, 0.2499999999999881206, 0.4999999999999921174, 0.6249999999999934497, 0.6874999999999935607, 0.7187499999999940048, 0.7499999999999945599, 1.000000000000000000 ),
 .UNSPECIFIED. ) ;
#3240 = PLANE ( 'NONE',  #3474 ) ;
#3241 = CARTESIAN_POINT ( 'NONE',  ( -81.71228476648238370, 212.8131859790053397, -141.6123670288180847 ) ) ;
#3242 = ORIENTED_EDGE ( 'NONE', *, *, #1398, .F. ) ;
#3243 = CARTESIAN_POINT ( 'NONE',  ( 191.8949858386307596, 234.3073070360632926, -148.5541543711495649 ) ) ;
#3244 = CARTESIAN_POINT ( 'NONE',  ( -82.03213680583938583, 213.0287685188103239, -140.2059977909555073 ) ) ;
#3245 = EDGE_CURVE ( 'NONE', #311, #592, #3903, .T. ) ;
#3246 = EDGE_CURVE ( 'NONE', #2430, #2267, #2069, .T. ) ;
#3247 = CARTESIAN_POINT ( 'NONE',  ( -35.14194650060856162, 220.3821277584579832, -159.6942977932339147 ) ) ;
#3248 = EDGE_CURVE ( 'NONE', #3628, #4157, #2119, .T. ) ;
#3249 = PLANE ( 'NONE',  #916 ) ;
#3250 = ORIENTED_EDGE ( 'NONE', *, *, #1173, .F. ) ;
#3251 = CARTESIAN_POINT ( 'NONE',  ( 229.4983957784033066, 209.1382683165004437, 65.87688878627371025 ) ) ;
#3252 = ORIENTED_EDGE ( 'NONE', *, *, #1538, .T. ) ;
#3253 = CARTESIAN_POINT ( 'NONE',  ( -49.84035084134049498, 214.4982132069577290, -165.0064875534302189 ) ) ;
#3254 = DIRECTION ( 'NONE',  ( 6.123031769111878895E-17, -1.000000000000000000, 2.220446049250309876E-16 ) ) ;
#3255 = CARTESIAN_POINT ( 'NONE',  ( -136.6107995813925697, 24.12857142857145121, -108.0000000000000000 ) ) ;
#3256 = CARTESIAN_POINT ( 'NONE',  ( -82.30586231976128886, 197.3470443288609886, 76.38748924899071824 ) ) ;
#3257 = VERTEX_POINT ( 'NONE', #4061 ) ;
#3258 = LINE ( 'NONE', #1336, #1792 ) ;
#3259 = CARTESIAN_POINT ( 'NONE',  ( 197.8009810237623469, 222.9258511615634006, -137.1189726372446955 ) ) ;
#3260 = EDGE_CURVE ( 'NONE', #3905, #81, #1740, .T. ) ;
#3261 = CARTESIAN_POINT ( 'NONE',  ( -38.61449668278000047, 193.0557721193977727, 115.3807667548018969 ) ) ;
#3262 = B_SPLINE_CURVE_WITH_KNOTS ( 'NONE', 3,
 ( #1276, #2456, #4040, #4880, #1692, #2918 ),
 .UNSPECIFIED., .F., .F.,
 ( 4, 2, 4 ),
 ( 0.000000000000000000, 0.5000000000000000000, 1.000000000000000000 ),
 .UNSPECIFIED. ) ;
#3263 = ORIENTED_EDGE ( 'NONE', *, *, #939, .F. ) ;
#3264 = FACE_OUTER_BOUND ( 'NONE', #3741, .T. ) ;
#3265 = ORIENTED_EDGE ( 'NONE', *, *, #64, .F. ) ;
#3266 = AXIS2_PLACEMENT_3D ( 'NONE', #440, #4726, #4325 ) ;
#3267 = LINE ( 'NONE', #1753, #1079 ) ;
#3268 = DIRECTION ( 'NONE',  ( 0.000000000000000000, -0.9295560961580944248, 0.3686807075171189552 ) ) ;
#3269 = DIRECTION ( 'NONE',  ( 0.000000000000000000, 1.000000000000000000, 0.000000000000000000 ) ) ;
#3270 = CARTESIAN_POINT ( 'NONE',  ( -72.27218024278758435, 211.7890745548322400, -157.2460483678438834 ) ) ;
#3271 = ORIENTED_EDGE ( 'NONE', *, *, #2270, .F. ) ;
#3272 = AXIS2_PLACEMENT_3D ( 'NONE', #400, #3562, #8 ) ;
#3273 = CARTESIAN_POINT ( 'NONE',  ( 170.0617479394906297, 228.6337193805121899, -153.0930244955904413 ) ) ;
#3274 = ADVANCED_FACE ( 'NONE', ( #2912 ), #4497, .T. ) ;
#3275 = CARTESIAN_POINT ( 'NONE',  ( 77.50000000000000000, 183.6199599488560068, 90.54166126779149693 ) ) ;
#3276 = CARTESIAN_POINT ( 'NONE',  ( 197.8441659151973795, 254.0351923695943697, 37.53150526062275105 ) ) ;
#3277 = CARTESIAN_POINT ( 'NONE',  ( -28.39134649707752800, 254.7967987232307507, 54.21265161974217506 ) ) ;
#3278 = DATE_TIME_ROLE ( 'classification_date' ) ;
#3279 = ORIENTED_EDGE ( 'NONE', *, *, #2994, .T. ) ;
#3280 = CARTESIAN_POINT ( 'NONE',  ( 224.5515370831335815, 228.2071148916850802, 55.15219917456511922 ) ) ;
#3281 = VERTEX_POINT ( 'NONE', #2527 ) ;
#3282 = EDGE_CURVE ( 'NONE', #3781, #4725, #4116, .T. ) ;
#3283 = ADVANCED_FACE ( 'NONE', ( #4396 ), #1797, .T. ) ;
#3284 = CARTESIAN_POINT ( 'NONE',  ( 223.2845911859103865, 211.7360431777223937, 73.15271070777744455 ) ) ;
#3285 = AXIS2_PLACEMENT_3D ( 'NONE', #62, #536, #1620 ) ;
#3286 = CARTESIAN_POINT ( 'NONE',  ( 71.38757691997631127, 45.19999999999999574, 44.99473366204269098 ) ) ;
#3287 = VECTOR ( 'NONE', #2421, 1000.000000000000000 ) ;
#3288 = DIRECTION ( 'NONE',  ( 1.000000000000000000, 6.123031769111888756E-17, 2.220446049250315053E-16 ) ) ;
#3289 = CARTESIAN_POINT ( 'NONE',  ( -82.30262566301868787, 197.5324722694581396, 74.28702549084421491 ) ) ;
#3290 = VERTEX_POINT ( 'NONE', #456 ) ;
#3291 = CARTESIAN_POINT ( 'NONE',  ( -40.53179839335462731, 200.3361699106548031, 109.1404257908672548 ) ) ;
#3292 = CARTESIAN_POINT ( 'NONE',  ( 182.6446609406725372, 235.0000000000000284, -98.11089324940257939 ) ) ;
#3293 = EDGE_CURVE ( 'NONE', #4367, #1695, #125, .T. ) ;
#3294 = EDGE_CURVE ( 'NONE', #3179, #5038, #556, .T. ) ;
#3295 = CIRCLE ( 'NONE', #146, 25.00000000000003197 ) ;
#3296 = DIRECTION ( 'NONE',  ( 1.000000000000000000, 0.000000000000000000, 2.220446049250315053E-16 ) ) ;
#3297 = ORIENTED_EDGE ( 'NONE', *, *, #3460, .F. ) ;
#3298 = AXIS2_PLACEMENT_3D ( 'NONE', #4315, #774, #3588 ) ;
#3299 = CARTESIAN_POINT ( 'NONE',  ( -71.57013998060770632, 220.3750774445709624, -139.7872716495413385 ) ) ;
#3300 = EDGE_CURVE ( 'NONE', #2073, #2059, #3754, .T. ) ;
#3301 = CARTESIAN_POINT ( 'NONE',  ( -18.42192395230733482, 253.3154654187361814, -130.8883616023862260 ) ) ;
#3302 = CARTESIAN_POINT ( 'NONE',  ( 62.00000000000004974, 45.19999999999999574, -113.0000000000000000 ) ) ;
#3303 = B_SPLINE_CURVE_WITH_KNOTS ( 'NONE', 3,
 ( #4736, #3162, #2674, #825, #2778, #4363 ),
 .UNSPECIFIED., .F., .F.,
 ( 4, 2, 4 ),
 ( 0.000000000000000000, 0.5000000000000005551, 1.000000000000000000 ),
 .UNSPECIFIED. ) ;
#3304 = CARTESIAN_POINT ( 'NONE',  ( -76.66775385245227881, 199.9994451733844016, -152.7138255937537110 ) ) ;
#3305 = AXIS2_PLACEMENT_3D ( 'NONE', #50, #813, #3127 ) ;
#3306 = VERTEX_POINT ( 'NONE', #2246 ) ;
#3307 = DIRECTION ( 'NONE',  ( -0.9914448613738107152, -3.172384705127615685E-17, 0.1305261922200495750 ) ) ;
#3308 = VECTOR ( 'NONE', #4432, 1000.000000000000000 ) ;
#3309 = FACE_OUTER_BOUND ( 'NONE', #2506, .T. ) ;
#3310 = CARTESIAN_POINT ( 'NONE',  ( -39.70254578136811574, 204.8195162661306483, -165.1754298369220351 ) ) ;
#3311 = ORIENTED_EDGE ( 'NONE', *, *, #3226, .F. ) ;
#3312 = CARTESIAN_POINT ( 'NONE',  ( 223.6403078816344987, 224.5132318350004539, 72.54677689029043108 ) ) ;
#3313 = VERTEX_POINT ( 'NONE', #1784 ) ;
#3314 = EDGE_CURVE ( 'NONE', #216, #3473, #3366, .T. ) ;
#3315 = CARTESIAN_POINT ( 'NONE',  ( -84.96159885715790949, 45.19999999999998863, -72.56562381070320100 ) ) ;
#3316 = ADVANCED_FACE ( 'NONE', ( #599 ), #2807, .T. ) ;
#3317 = DIRECTION ( 'NONE',  ( 2.624127766183149301E-17, 1.000000000000000000, -1.086949310152881686E-17 ) ) ;
#3318 = EDGE_CURVE ( 'NONE', #36, #3306, #1188, .T. ) ;
#3319 = CARTESIAN_POINT ( 'NONE',  ( 163.5591062177444996, 251.2697843363991410, 65.48304199737223996 ) ) ;
#3320 = CARTESIAN_POINT ( 'NONE',  ( 79.98995965324900226, 206.4301793519795751, 94.30045159339658767 ) ) ;
#3321 = EDGE_CURVE ( 'NONE', #4157, #2598, #2296, .T. ) ;
#3322 = ORIENTED_EDGE ( 'NONE', *, *, #684, .T. ) ;
#3323 = CARTESIAN_POINT ( 'NONE',  ( -39.73005273855274311, 200.0304500013208724, 109.4024714274392380 ) ) ;
#3324 = CARTESIAN_POINT ( 'NONE',  ( -45.28497164427953692, 184.2264177262631506, 114.7958246449889828 ) ) ;
#3325 = EDGE_CURVE ( 'NONE', #3313, #4572, #4201, .T. ) ;
#3326 = ADVANCED_FACE ( 'NONE', ( #1959 ), #2395, .T. ) ;
#3327 = CARTESIAN_POINT ( 'NONE',  ( 203.4055365624557226, 244.4096097343114877, -124.9671920751690379 ) ) ;
#3328 = ORIENTED_EDGE ( 'NONE', *, *, #4077, .T. ) ;
#3329 = DIRECTION ( 'NONE',  ( -0.7933533402912367194, 8.659491393049567266E-17, 0.6087614290087187685 ) ) ;
#3330 = CARTESIAN_POINT ( 'NONE',  ( -14.48992957930832048, 253.0671577497690237, 62.89338796542332233 ) ) ;
#3331 = LINE ( 'NONE', #3302, #814 ) ;
#3332 = ADVANCED_FACE ( 'NONE', ( #4312 ), #2672, .F. ) ;
#3333 = FACE_OUTER_BOUND ( 'NONE', #901, .T. ) ;
#3334 = CARTESIAN_POINT ( 'NONE',  ( -76.21802348895357682, 211.8426437983681296, -152.8637432489296373 ) ) ;
#3335 = ORIENTED_EDGE ( 'NONE', *, *, #4231, .F. ) ;
#3336 = FACE_OUTER_BOUND ( 'NONE', #1751, .T. ) ;
#3337 = CARTESIAN_POINT ( 'NONE',  ( 185.3394980652309698, 43.00000000000000000, 90.57773952929470340 ) ) ;
#3338 = CARTESIAN_POINT ( 'NONE',  ( -27.74398727297737111, 254.7556986862240649, 54.78840010917074466 ) ) ;
#3339 = PERSON_AND_ORGANIZATION ( #4154, #3100 ) ;
#3340 = ORIENTED_EDGE ( 'NONE', *, *, #4279, .T. ) ;
#3341 = CARTESIAN_POINT ( 'NONE',  ( 190.6841484544808623, 223.9019984747922933, 89.28409747680929343 ) ) ;
#3342 = CARTESIAN_POINT ( 'NONE',  ( -94.00000000000000000, -19.80000000000000071, -130.3999999999999773 ) ) ;
#3343 = CARTESIAN_POINT ( 'NONE',  ( -40.34529860977470150, 204.8227368473731076, -165.1753736214673438 ) ) ;
#3344 = DIRECTION ( 'NONE',  ( -3.749151804555344967E-33, -5.719166459861018941E-18, 1.000000000000000000 ) ) ;
#3345 = CARTESIAN_POINT ( 'NONE',  ( -75.14217497306042048, 199.9875525779789314, -154.6709596834428453 ) ) ;
#3346 = CARTESIAN_POINT ( 'NONE',  ( 185.2032323506500404, 212.7053750880546659, -153.4056139712228344 ) ) ;
#3347 = EDGE_LOOP ( 'NONE', ( #2026, #5087, #2614, #1509 ) ) ;
#3348 = CARTESIAN_POINT ( 'NONE',  ( -91.39999999999999147, -19.79999999999999716, -135.4000000000000341 ) ) ;
#3349 = DIRECTION ( 'NONE',  ( -0.000000000000000000, -0.000000000000000000, 1.000000000000000000 ) ) ;
#3350 = CARTESIAN_POINT ( 'NONE',  ( 170.9499419337987263, 252.3455352731457424, -133.3126576967113408 ) ) ;
#3351 = ORIENTED_EDGE ( 'NONE', *, *, #49, .T. ) ;
#3352 = LINE ( 'NONE', #137, #1537 ) ;
#3353 = EDGE_CURVE ( 'NONE', #4687, #1844, #796, .T. ) ;
#3354 = EDGE_CURVE ( 'NONE', #2226, #103, #1053, .T. ) ;
#3355 = DIRECTION ( 'NONE',  ( -1.000000000000000000, -0.000000000000000000, -0.000000000000000000 ) ) ;
#3356 = CARTESIAN_POINT ( 'NONE',  ( 105.0052663379471909, 45.19999999999999574, 78.61242308001951073 ) ) ;
#3357 = CARTESIAN_POINT ( 'NONE',  ( -67.86024793024434132, 219.0794854347695662, -148.4015722280832676 ) ) ;
#3358 = ORIENTED_EDGE ( 'NONE', *, *, #1746, .T. ) ;
#3359 = CARTESIAN_POINT ( 'NONE',  ( 157.8482486604055737, 205.2260824363519021, -165.1683331980229923 ) ) ;
#3360 = FACE_OUTER_BOUND ( 'NONE', #3890, .T. ) ;
#3361 = CARTESIAN_POINT ( 'NONE',  ( 328.8781384749045742, 30.20000000000000284, -110.3999999999999915 ) ) ;
#3362 = AXIS2_PLACEMENT_3D ( 'NONE', #810, #2381, #3576 ) ;
#3363 = VERTEX_POINT ( 'NONE', #3161 ) ;
#3364 = DIRECTION ( 'NONE',  ( 0.6209956631728390519, -0.5951159543929310791, 0.5100993894796550521 ) ) ;
#3365 = DIRECTION ( 'NONE',  ( 1.000000000000000000, 0.000000000000000000, -0.000000000000000000 ) ) ;
#3366 = LINE ( 'NONE', #1426, #1801 ) ;
#3367 = VECTOR ( 'NONE', #1293, 1000.000000000000000 ) ;
#3368 = CARTESIAN_POINT ( 'NONE',  ( -82.24894882632671056, 200.6076161840034899, 68.17358032928900968 ) ) ;
#3369 = FACE_OUTER_BOUND ( 'NONE', #4867, .T. ) ;
#3370 = CARTESIAN_POINT ( 'NONE',  ( 168.8602691763073551, 206.8343239525779325, -162.6831014728925027 ) ) ;
#3371 = ORIENTED_EDGE ( 'NONE', *, *, #1595, .T. ) ;
#3372 = CIRCLE ( 'NONE', #1960, 33.00000000000000000 ) ;
#3373 = CARTESIAN_POINT ( 'NONE',  ( 105.0050230758506018, 45.19999999999999574, 78.61232231755988664 ) ) ;
#3374 = ORIENTED_EDGE ( 'NONE', *, *, #4952, .T. ) ;
#3375 = CARTESIAN_POINT ( 'NONE',  ( 150.0000000000000000, 102.6326265757460305, -166.9591086312801451 ) ) ;
#3376 = VECTOR ( 'NONE', #2708, 1000.000000000000000 ) ;
#3377 = CARTESIAN_POINT ( 'NONE',  ( 165.3058037334120058, 251.1779164012755245, -135.0576668789799442 ) ) ;
#3378 = EDGE_LOOP ( 'NONE', ( #4601, #3242, #2920, #3537, #2990 ) ) ;
#3379 = CARTESIAN_POINT ( 'NONE',  ( -64.55312319781772601, 219.1367554909552666, -151.5913173628985362 ) ) ;
#3380 = VECTOR ( 'NONE', #799, 1000.000000000000227 ) ;
#3381 = AXIS2_PLACEMENT_3D ( 'NONE', #661, #4155, #249 ) ;
#3382 = CARTESIAN_POINT ( 'NONE',  ( 387.6316607924544542, 34.70000000000000284, 287.7104298776014843 ) ) ;
#3383 = EDGE_CURVE ( 'NONE', #1847, #726, #4361, .T. ) ;
#3384 = CARTESIAN_POINT ( 'NONE',  ( -10.58882345806345882, 260.0000000000000000, -115.5684029200955507 ) ) ;
#3385 = CARTESIAN_POINT ( 'NONE',  ( -63.79800407815685048, 219.2170124066077506, -152.0835314494618160 ) ) ;
#3386 = VERTEX_POINT ( 'NONE', #823 ) ;
#3387 =( BOUNDED_CURVE ( )  B_SPLINE_CURVE ( 3, ( #1279, #4884, #977, #2052 ),
 .UNSPECIFIED., .F., .T. ) 
 B_SPLINE_CURVE_WITH_KNOTS ( ( 4, 4 ),
 ( 2.356346783439926096, 3.926838523739662357 ),
 .UNSPECIFIED. ) 
 CURVE ( )  GEOMETRIC_REPRESENTATION_ITEM ( )  RATIONAL_B_SPLINE_CURVE ( ( 1.000000000000000000, 0.8048096403827852408, 0.8048096403827852408, 1.000000000000000000 ) ) 
 REPRESENTATION_ITEM ( '' )  );
#3388 = DIRECTION ( 'NONE',  ( 4.930380657631332542E-32, 1.000000000000000000, -2.220446049250315053E-16 ) ) ;
#3389 = CIRCLE ( 'NONE', #5096, 25.00000000000006040 ) ;
#3390 = ADVANCED_FACE ( 'NONE', ( #3946 ), #580, .T. ) ;
#3391 = CARTESIAN_POINT ( 'NONE',  ( 59.40000000000004832, 21.48706199460919919, -112.2452830188680082 ) ) ;
#3392 = VERTEX_POINT ( 'NONE', #2822 ) ;
#3393 = LINE ( 'NONE', #644, #2203 ) ;
#3394 = LINE ( 'NONE', #2600, #912 ) ;
#3395 = CARTESIAN_POINT ( 'NONE',  ( 199.5026702917894568, 214.3920473060044287, 87.44247410427301759 ) ) ;
#3396 = AXIS2_PLACEMENT_3D ( 'NONE', #2356, #4680, #3888 ) ;
#3397 = CARTESIAN_POINT ( 'NONE',  ( 64.99852728656189527, 0.2000000000000126676, 22.77607596902185705 ) ) ;
#3398 = CARTESIAN_POINT ( 'NONE',  ( -72.98916281942474882, 221.1090375203123131, 66.14722448338164895 ) ) ;
#3399 = CARTESIAN_POINT ( 'NONE',  ( 231.2412304007277157, 208.1403510078406498, 63.46227918581315208 ) ) ;
#3400 = CARTESIAN_POINT ( 'NONE',  ( 186.1044322383300482, 213.1883911402960905, -152.6385390106094064 ) ) ;
#3401 = CIRCLE ( 'NONE', #3213, 24.99999999999981526 ) ;
#3402 = ORIENTED_EDGE ( 'NONE', *, *, #1897, .T. ) ;
#3403 = CARTESIAN_POINT ( 'NONE',  ( 239.8664890031252810, 213.1335109968283348, 37.55578625953229732 ) ) ;
#3404 = VERTEX_POINT ( 'NONE', #2440 ) ;
#3405 = CARTESIAN_POINT ( 'NONE',  ( 77.50000000000000000, 205.2010617305294886, -165.1687699360678039 ) ) ;
#3406 = CARTESIAN_POINT ( 'NONE',  ( 176.1537773891202789, 253.2720532430279832, -131.0260302241203760 ) ) ;
#3407 = ORIENTED_EDGE ( 'NONE', *, *, #1566, .F. ) ;
#3408 = FACE_OUTER_BOUND ( 'NONE', #3912, .T. ) ;
#3409 = DIRECTION ( 'NONE',  ( 0.9914448613738107152, 0.000000000000000000, -0.1305261922200493807 ) ) ;
#3410 = CARTESIAN_POINT ( 'NONE',  ( -52.25078064019437818, 200.7644377972088137, -165.2462114948861540 ) ) ;
#3411 = ORIENTED_EDGE ( 'NONE', *, *, #1364, .T. ) ;
#3412 = EDGE_CURVE ( 'NONE', #1162, #975, #1487, .T. ) ;
#3413 = CARTESIAN_POINT ( 'NONE',  ( -54.96422233271749747, 44.78789515213150452, -137.9642223327176112 ) ) ;
#3414 = FACE_OUTER_BOUND ( 'NONE', #4235, .T. ) ;
#3415 = ORIENTED_EDGE ( 'NONE', *, *, #4359, .F. ) ;
#3416 = CYLINDRICAL_SURFACE ( 'NONE', #228, 25.00000000000000355 ) ;
#3417 = CYLINDRICAL_SURFACE ( 'NONE', #2710, 50.00000000000006395 ) ;
#3418 = CARTESIAN_POINT ( 'NONE',  ( -14.69694004383174146, 253.1563034989137009, 63.04206936100379011 ) ) ;
#3419 = ADVANCED_FACE ( 'NONE', ( #2110 ), #3998, .T. ) ;
#3420 = CARTESIAN_POINT ( 'NONE',  ( -82.02101072582668451, 213.6661812184709959, 60.51035629233987834 ) ) ;
#3421 = PLANE ( 'NONE',  #1073 ) ;
#3422 = CARTESIAN_POINT ( 'NONE',  ( 177.4494098223790672, 209.2909494951756528, -158.8164721659407235 ) ) ;
#3423 = ORIENTED_EDGE ( 'NONE', *, *, #2516, .T. ) ;
#3424 = CARTESIAN_POINT ( 'NONE',  ( 232.8909766968564838, 220.1090233031439709, 32.71825707460983779 ) ) ;
#3425 = EDGE_LOOP ( 'NONE', ( #2419, #4420, #4525, #424 ) ) ;
#3426 = DIRECTION ( 'NONE',  ( -0.000000000000000000, 0.000000000000000000, -1.000000000000000000 ) ) ;
#3427 = CARTESIAN_POINT ( 'NONE',  ( 195.0397285114948716, 254.5049381322019428, -113.0277027222002459 ) ) ;
#3428 = ORIENTED_EDGE ( 'NONE', *, *, #459, .F. ) ;
#3429 = CARTESIAN_POINT ( 'NONE',  ( -70.57787522876634512, 219.6178108515328233, -143.4580593330358340 ) ) ;
#3430 = CARTESIAN_POINT ( 'NONE',  ( 198.8679526265877655, 225.4399858946563882, -134.8675649031658850 ) ) ;
#3431 = CARTESIAN_POINT ( 'NONE',  ( 58.43147858292696384, 188.1453794111503441, 108.6177101029715288 ) ) ;
#3432 = ORIENTED_EDGE ( 'NONE', *, *, #1881, .T. ) ;
#3433 = CC_DESIGN_PERSON_AND_ORGANIZATION_ASSIGNMENT ( #1573, #3140, ( #3816 ) ) ;
#3434 = DIRECTION ( 'NONE',  ( -0.7071067811865475727, -0.7071067811865475727, 0.000000000000000000 ) ) ;
#3435 = DIRECTION ( 'NONE',  ( 0.3826834323650891712, 0.000000000000000000, 0.9238795325112869605 ) ) ;
#3436 = ORIENTED_EDGE ( 'NONE', *, *, #4041, .F. ) ;
#3437 = CARTESIAN_POINT ( 'NONE',  ( 206.2978264343304318, 214.2489785453128377, 84.86689626815281429 ) ) ;
#3438 = CARTESIAN_POINT ( 'NONE',  ( 189.2639673625338617, 214.1139654201165285, 89.66221838508022302 ) ) ;
#3439 = VECTOR ( 'NONE', #4905, 1000.000000000000000 ) ;
#3440 = LINE ( 'NONE', #2986, #2541 ) ;
#3441 = CARTESIAN_POINT ( 'NONE',  ( 235.3613969091608737, 205.7656286688398382, 55.67362129879751365 ) ) ;
#3442 = CARTESIAN_POINT ( 'NONE',  ( 194.1778608020005379, 218.9937251556198703, -143.3954523166432011 ) ) ;
#3443 = EDGE_CURVE ( 'NONE', #4222, #3955, #1653, .T. ) ;
#3444 = VERTEX_POINT ( 'NONE', #1704 ) ;
#3445 = DIRECTION ( 'NONE',  ( 0.000000000000000000, -0.000000000000000000, 1.000000000000000000 ) ) ;
#3446 = VERTEX_POINT ( 'NONE', #4025 ) ;
#3447 = ADVANCED_FACE ( 'NONE', ( #92 ), #3695, .T. ) ;
#3448 = DIRECTION ( 'NONE',  ( -2.102695122396129916E-16, 0.000000000000000000, 1.000000000000000000 ) ) ;
#3449 = VECTOR ( 'NONE', #3067, 1000.000000000000000 ) ;
#3450 = VECTOR ( 'NONE', #1485, 1000.000000000000000 ) ;
#3451 = CARTESIAN_POINT ( 'NONE',  ( -50.13181451768078034, 184.5287519277913191, 113.2804575592144118 ) ) ;
#3452 = EDGE_CURVE ( 'NONE', #3488, #3927, #2800, .T. ) ;
#3453 = ORIENTED_EDGE ( 'NONE', *, *, #2550, .T. ) ;
#3454 = CARTESIAN_POINT ( 'NONE',  ( -69.42281201955944425, 219.2517430502377920, -146.0707878211229342 ) ) ;
#3455 = DIRECTION ( 'NONE',  ( -0.01744974916068270723, 0.9996954598818874604, -0.01744974916068270723 ) ) ;
#3456 = VECTOR ( 'NONE', #1662, 1000.000000000000000 ) ;
#3457 = VECTOR ( 'NONE', #2908, 1000.000000000000114 ) ;
#3458 = CARTESIAN_POINT ( 'NONE',  ( -21.04024149016174050, 260.0000000000000000, -109.5819417705624090 ) ) ;
#3459 = CARTESIAN_POINT ( 'NONE',  ( 50.87359445664580448, 186.0018899251576272, 112.2722743305519515 ) ) ;
#3460 = EDGE_CURVE ( 'NONE', #4739, #4152, #3617, .T. ) ;
#3461 = EDGE_LOOP ( 'NONE', ( #744, #3263, #3710, #4813 ) ) ;
#3462 =( GEOMETRIC_REPRESENTATION_CONTEXT ( 3 ) GLOBAL_UNCERTAINTY_ASSIGNED_CONTEXT ( ( #1614 ) ) GLOBAL_UNIT_ASSIGNED_CONTEXT ( ( #2675, #724, #1139 ) ) REPRESENTATION_CONTEXT ( 'NONE', 'WORKASPACE' ) );
#3463 = CARTESIAN_POINT ( 'NONE',  ( 62.42073627879124587, 45.19999999999999574, 23.11518301640685991 ) ) ;
#3464 = DIRECTION ( 'NONE',  ( 1.000000000000000000, 0.000000000000000000, -7.077671781985453409E-15 ) ) ;
#3465 = ORIENTED_EDGE ( 'NONE', *, *, #3685, .F. ) ;
#3466 = CARTESIAN_POINT ( 'NONE',  ( 220.5959834699192470, 230.5227485398006593, 60.58551474903084255 ) ) ;
#3467 = CARTESIAN_POINT ( 'NONE',  ( 211.1411493121835861, 213.9184118517597710, 82.39032646068970678 ) ) ;
#3468 = CARTESIAN_POINT ( 'NONE',  ( 126.8845559312060089, 0.2000000000000126676, 87.57922935300992151 ) ) ;
#3469 = CARTESIAN_POINT ( 'NONE',  ( 234.8949542894098101, 206.0354662266556431, 56.69021537144512735 ) ) ;
#3470 = CARTESIAN_POINT ( 'NONE',  ( 62.42077064699000033, 0.2000000000000057288, 23.11544406879394842 ) ) ;
#3471 = VERTEX_POINT ( 'NONE', #480 ) ;
#3472 = DIRECTION ( 'NONE',  ( 0.000000000000000000, 0.000000000000000000, -1.000000000000000000 ) ) ;
#3473 = VERTEX_POINT ( 'NONE', #2879 ) ;
#3474 = AXIS2_PLACEMENT_3D ( 'NONE', #3214, #3719, #4788 ) ;
#3475 = DIRECTION ( 'NONE',  ( 3.749151804555344967E-33, 5.719166459861019712E-18, -1.000000000000000000 ) ) ;
#3476 = ADVANCED_FACE ( 'NONE', ( #1680 ), #4792, .T. ) ;
#3477 = AXIS2_PLACEMENT_3D ( 'NONE', #4668, #4645, #59 ) ;
#3478 = CARTESIAN_POINT ( 'NONE',  ( 126.8848169835904116, 0.2000000000000302924, 87.57926372120833491 ) ) ;
#3479 = VERTEX_POINT ( 'NONE', #2849 ) ;
#3480 = DIRECTION ( 'NONE',  ( 0.000000000000000000, -2.220446049250315053E-16, -1.000000000000000000 ) ) ;
#3481 = CARTESIAN_POINT ( 'NONE',  ( -114.5524090462144073, 45.19999999999999574, -113.0000000000000142 ) ) ;
#3482 = EDGE_CURVE ( 'NONE', #2787, #4856, #932, .T. ) ;
#3483 = EDGE_CURVE ( 'NONE', #1863, #605, #1392, .T. ) ;
#3484 = CARTESIAN_POINT ( 'NONE',  ( 48.74438296906856749, 185.5570812152023734, 113.0279150120928904 ) ) ;
#3485 = ORIENTED_EDGE ( 'NONE', *, *, #2111, .T. ) ;
#3486 = CARTESIAN_POINT ( 'NONE',  ( 104.4170113906848769, 45.19999999999999574, 78.27279392786648771 ) ) ;
#3487 = LINE ( 'NONE', #1591, #4373 ) ;
#3488 = VERTEX_POINT ( 'NONE', #4388 ) ;
#3489 = CARTESIAN_POINT ( 'NONE',  ( 184.9998689130745220, 45.19999999999999574, 87.99800000000000466 ) ) ;
#3490 = CARTESIAN_POINT ( 'NONE',  ( -24.20229904413269750, 260.0000000000000000, 33.86054122474137529 ) ) ;
#3491 = DIRECTION ( 'NONE',  ( -0.000000000000000000, 0.000000000000000000, -1.000000000000000000 ) ) ;
#3492 = CARTESIAN_POINT ( 'NONE',  ( 59.40000000000000568, 21.48706199460918853, -112.2452830188679371 ) ) ;
#3493 = CARTESIAN_POINT ( 'NONE',  ( -18.34518046966486793, 253.6957329455397030, 61.13615003829863070 ) ) ;
#3494 = CARTESIAN_POINT ( 'NONE',  ( -70.05317136555811430, 219.4037753832621434, -144.8109202586157096 ) ) ;
#3495 = ORIENTED_EDGE ( 'NONE', *, *, #2208, .T. ) ;
#3496 = DIRECTION ( 'NONE',  ( 0.3826834323650918912, 0.000000000000000000, 0.9238795325112858503 ) ) ;
#3497 = ORIENTED_EDGE ( 'NONE', *, *, #3941, .F. ) ;
#3498 = DIRECTION ( 'NONE',  ( -0.000000000000000000, 0.000000000000000000, -1.000000000000000000 ) ) ;
#3499 = CARTESIAN_POINT ( 'NONE',  ( 185.3394934538819996, 45.19999999999999574, 90.57774013638609745 ) ) ;
#3500 = CARTESIAN_POINT ( 'NONE',  ( 62.00000000000002842, 15.76603773584899670, -108.6855345911949513 ) ) ;
#3501 = ORIENTED_EDGE ( 'NONE', *, *, #1858, .T. ) ;
#3502 = PLANE ( 'NONE',  #1872 ) ;
#3503 = DIRECTION ( 'NONE',  ( 0.7933533402912349430, 0.000000000000000000, 0.6087614290087208779 ) ) ;
#3504 = CARTESIAN_POINT ( 'NONE',  ( -82.24113785419945089, 201.0551064774688257, 66.69360248455900830 ) ) ;
#3505 = LINE ( 'NONE', #2025, #498 ) ;
#3507 = ADVANCED_FACE ( 'NONE', ( #1263 ), #3671, .T. ) ;
#3506 = EDGE_LOOP ( 'NONE', ( #2978, #4784, #3558, #3172 ) ) ;
#3508 = EDGE_CURVE ( 'NONE', #3027, #4203, #2756, .T. ) ;
#3509 = CARTESIAN_POINT ( 'NONE',  ( -91.39799999999998192, 47.79999999999999005, -135.4000000000000341 ) ) ;
#3510 = ORIENTED_EDGE ( 'NONE', *, *, #1454, .T. ) ;
#3511 = CARTESIAN_POINT ( 'NONE',  ( -57.30643328410890547, 197.0961621085259878, 74.28702549084391649 ) ) ;
#3512 = CARTESIAN_POINT ( 'NONE',  ( -82.02516899797096528, 213.4279539697014911, -137.4099382485338765 ) ) ;
#3513 = FACE_OUTER_BOUND ( 'NONE', #1358, .T. ) ;
#3514 = APPROVAL_DATE_TIME ( #3952, #4505 ) ;
#3515 = FACE_OUTER_BOUND ( 'NONE', #377, .T. ) ;
#3516 = ORIENTED_EDGE ( 'NONE', *, *, #3631, .T. ) ;
#3517 = CARTESIAN_POINT ( 'NONE',  ( 77.50000000000000000, 184.0562701097880449, 115.5378536467014641 ) ) ;
#3518 = VERTEX_POINT ( 'NONE', #3924 ) ;
#3519 = LINE ( 'NONE', #5074, #805 ) ;
#3520 = CARTESIAN_POINT ( 'NONE',  ( 154.3367006972258366, 102.6326265757459595, -166.9591086312801167 ) ) ;
#3521 = CARTESIAN_POINT ( 'NONE',  ( 200.3140647047902405, 228.1174098458462254, -131.8447346125012132 ) ) ;
#3522 = CARTESIAN_POINT ( 'NONE',  ( 238.7181832391650858, 214.2818167608353406, -52.68296379451872724 ) ) ;
#3523 = VERTEX_POINT ( 'NONE', #2377 ) ;
#3524 = CIRCLE ( 'NONE', #4012, 25.00000000000000000 ) ;
#3525 = DIRECTION ( 'NONE',  ( -0.01745226061843369730, 0.9998393412000797786, 0.004087834132748638730 ) ) ;
#3526 = DIRECTION ( 'NONE',  ( 0.6154574548966638137, 0.6154574548966638137, 0.4923659639173308955 ) ) ;
#3527 = VECTOR ( 'NONE', #4718, 1000.000000000000000 ) ;
#3528 = FACE_OUTER_BOUND ( 'NONE', #347, .T. ) ;
#3529 = DIRECTION ( 'NONE',  ( -1.000000000000000000, -4.930380657631319405E-32, -2.601434692661720424E-16 ) ) ;
#3530 = ORIENTED_EDGE ( 'NONE', *, *, #5063, .F. ) ;
#3531 = AXIS2_PLACEMENT_3D ( 'NONE', #3292, #3349, #2943 ) ;
#3532 = EDGE_CURVE ( 'NONE', #22, #2792, #4370, .T. ) ;
#3533 = ADVANCED_FACE ( 'NONE', ( #1940 ), #1580, .T. ) ;
#3534 = VECTOR ( 'NONE', #1300, 1000.000000000000000 ) ;
#3535 = ADVANCED_FACE ( 'N', ( #780 ), #5, .T. ) ;
#3536 = FACE_OUTER_BOUND ( 'NONE', #1193, .T. ) ;
#3537 = ORIENTED_EDGE ( 'NONE', *, *, #631, .T. ) ;
#3538 = DIRECTION ( 'NONE',  ( 6.123031769111878895E-17, -1.000000000000000000, 2.220446049250309876E-16 ) ) ;
#3539 = CARTESIAN_POINT ( 'NONE',  ( 73.78976446696940172, 45.19999999999999574, 44.00000000000000000 ) ) ;
#3540 = AXIS2_PLACEMENT_3D ( 'NONE', #1886, #1912, #4666 ) ;
#3541 = CARTESIAN_POINT ( 'NONE',  ( 162.2715887151093739, 222.4116914987461939, -158.0706468010033063 ) ) ;
#3542 = CARTESIAN_POINT ( 'NONE',  ( -91.39999999999997726, 30.20000000000000284, -115.4000000000000057 ) ) ;
#3543 = CALENDAR_DATE ( 2025, 12, 11 ) ;
#3544 = ORIENTED_EDGE ( 'NONE', *, *, #1128, .T. ) ;
#3545 = CYLINDRICAL_SURFACE ( 'NONE', #44, 2.602000000000006974 ) ;
#3546 = ORIENTED_EDGE ( 'NONE', *, *, #1428, .F. ) ;
#3547 = DIRECTION ( 'NONE',  ( 0.4112257348407318824, -0.4112257348407318824, 0.8135027904127928311 ) ) ;
#3548 = CARTESIAN_POINT ( 'NONE',  ( 193.0000000000001137, 260.0000000000000000, -98.11089324940242307 ) ) ;
#3549 = DIRECTION ( 'NONE',  ( 0.000000000000000000, -2.220446049250315053E-16, -1.000000000000000000 ) ) ;
#3550 = DIRECTION ( 'NONE',  ( 8.454793657513044212E-17, 1.000000000000000000, -1.101850161660789375E-16 ) ) ;
#3551 = VECTOR ( 'NONE', #3097, 1000.000000000000000 ) ;
#3552 = ORIENTED_EDGE ( 'NONE', *, *, #2982, .F. ) ;
#3553 = CARTESIAN_POINT ( 'NONE',  ( 184.2108626946770187, 229.7017263304572623, 83.96994885960781119 ) ) ;
#3554 = LINE ( 'NONE', #3174, #1719 ) ;
#3555 = VECTOR ( 'NONE', #1851, 1000.000000000000000 ) ;
#3556 = CARTESIAN_POINT ( 'NONE',  ( -82.28443382143839813, 198.5746821755873839, 72.39062171889308672 ) ) ;
#3557 = DIRECTION ( 'NONE',  ( 0.9998476951563912696, 0.01745240643728350471, 3.801554562606236669E-16 ) ) ;
#3558 = ORIENTED_EDGE ( 'NONE', *, *, #4080, .F. ) ;
#3559 = CARTESIAN_POINT ( 'NONE',  ( 175.4174627655928020, 238.1066114934733662, -145.5147108052214264 ) ) ;
#3560 = B_SPLINE_CURVE_WITH_KNOTS ( 'NONE', 3,
 ( #3690, #141, #3994, #4811, #2435, #1344, #3667, #4488, #3612, #1367 ),
 .UNSPECIFIED., .F., .F.,
 ( 4, 2, 2, 2, 4 ),
 ( 0.000000000000000000, 0.2500000000000003886, 0.5000000000000000000, 0.7499999999999995559, 1.000000000000000000 ),
 .UNSPECIFIED. ) ;
#3561 = ORIENTED_EDGE ( 'NONE', *, *, #3936, .T. ) ;
#3562 = DIRECTION ( 'NONE',  ( 0.6196481893520108253, -0.7848796859600678522, 3.118678371798637990E-16 ) ) ;
#3563 = CARTESIAN_POINT ( 'NONE',  ( -24.64466094067267221, 260.0000000000000000, 28.72697061619092551 ) ) ;
#3564 = EDGE_CURVE ( 'NONE', #4856, #1075, #3881, .T. ) ;
#3565 = DIRECTION ( 'NONE',  ( 0.000000000000000000, 0.000000000000000000, 1.000000000000000000 ) ) ;
#3566 = DATE_TIME_ROLE ( 'creation_date' ) ;
#3567 = ORIENTED_EDGE ( 'NONE', *, *, #2927, .F. ) ;
#3568 = CARTESIAN_POINT ( 'NONE',  ( 84.66434410162179347, 227.8783399856642404, 85.53285144085910474 ) ) ;
#3569 = ORIENTED_EDGE ( 'NONE', *, *, #1858, .F. ) ;
#3570 = EDGE_CURVE ( 'NONE', #3216, #2316, #1918, .T. ) ;
#3571 = CARTESIAN_POINT ( 'NONE',  ( 177.8000000000000398, 45.19999999999999574, 92.96159885715782423 ) ) ;
#3572 = CARTESIAN_POINT ( 'NONE',  ( 162.9066980702052660, 250.6173761888605327, -135.5060990489117501 ) ) ;
#3573 = CARTESIAN_POINT ( 'NONE',  ( 204.6400135356345515, 232.2428284626350319, -122.9547941515462526 ) ) ;
#3574 = CARTESIAN_POINT ( 'NONE',  ( 224.5395383775681637, 34.70000166437522182, 74.05923022441204751 ) ) ;
#3575 = EDGE_LOOP ( 'NONE', ( #863, #4931, #4790 ) ) ;
#3576 = DIRECTION ( 'NONE',  ( -1.000000000000000000, 0.000000000000000000, 0.000000000000000000 ) ) ;
#3577 = FACE_OUTER_BOUND ( 'NONE', #1362, .T. ) ;
#3578 =( BOUNDED_CURVE ( )  B_SPLINE_CURVE ( 3, ( #3102, #791, #3077, #5039 ),
 .UNSPECIFIED., .F., .T. ) 
 B_SPLINE_CURVE_WITH_KNOTS ( ( 4, 4 ),
 ( 2.831516718596535309, 3.451668588583048702 ),
 .UNSPECIFIED. ) 
 CURVE ( )  GEOMETRIC_REPRESENTATION_ITEM ( )  RATIONAL_B_SPLINE_CURVE ( ( 1.000000000000000000, 0.9682069350097319838, 0.9682069350097319838, 1.000000000000000000 ) ) 
 REPRESENTATION_ITEM ( '' )  );
#3579 = CARTESIAN_POINT ( 'NONE',  ( 186.9905189798362528, 213.9787145513435860, 89.84186328958358558 ) ) ;
#3580 = CARTESIAN_POINT ( 'NONE',  ( 209.6512992265851096, 230.8257600157940317, -112.9000031396360271 ) ) ;
#3581 = VERTEX_POINT ( 'NONE', #5051 ) ;
#3582 = CARTESIAN_POINT ( 'NONE',  ( 213.0829886093190453, 43.00000000000000000, 82.96190479540810259 ) ) ;
#3583 = EDGE_LOOP ( 'NONE', ( #379, #4766, #4301, #2426 ) ) ;
#3584 = CARTESIAN_POINT ( 'NONE',  ( 197.8009810231184815, 222.9258511628044914, -137.1189726384915843 ) ) ;
#3585 = EDGE_CURVE ( 'NONE', #592, #4460, #1195, .T. ) ;
#3586 = CARTESIAN_POINT ( 'NONE',  ( -42.32233047033645335, 252.6776695296635751, 28.72697061619075853 ) ) ;
#3587 = CARTESIAN_POINT ( 'NONE',  ( 184.4556389715115188, 254.6775767577064187, 55.94992004779111738 ) ) ;
#3588 = DIRECTION ( 'NONE',  ( 1.000000000000000000, -2.335930322679035746E-16, 0.000000000000000000 ) ) ;
#3589 = EDGE_CURVE ( 'NONE', #3978, #3444, #2128, .T. ) ;
#3590 = EDGE_LOOP ( 'NONE', ( #1052, #1097, #1602, #3374, #2066, #1623 ) ) ;
#3591 = CARTESIAN_POINT ( 'NONE',  ( -114.5524090462144073, 45.19999999999999574, -72.99999999999998579 ) ) ;
#3592 = ORIENTED_EDGE ( 'NONE', *, *, #3727, .T. ) ;
#3593 = DIRECTION ( 'NONE',  ( 0.000000000000000000, -0.3397628419958382828, 0.9405111435803996667 ) ) ;
#3594 = CARTESIAN_POINT ( 'NONE',  ( 182.6446609407095991, 260.0000000000000000, -100.7761510425808353 ) ) ;
#3595 = ADVANCED_FACE ( 'NONE', ( #757 ), #1555, .F. ) ;
#3596 = ADVANCED_FACE ( 'NONE', ( #544 ), #2070, .F. ) ;
#3597 = CARTESIAN_POINT ( 'NONE',  ( -76.07486774530069340, 199.9919642786485952, -153.5340902642081460 ) ) ;
#3598 = CARTESIAN_POINT ( 'NONE',  ( 84.66434410162179347, 227.8783399856642404, 85.53285144085910474 ) ) ;
#3599 = VERTEX_POINT ( 'NONE', #491 ) ;
#3600 = DIRECTION ( 'NONE',  ( 0.005592798889284129361, -0.9998320577164019340, 0.01745213348475319753 ) ) ;
#3601 = LINE ( 'NONE', #4778, #5076 ) ;
#3602 = B_SPLINE_CURVE_WITH_KNOTS ( 'NONE', 3,
 ( #4908, #1390, #3793, #4180 ),
 .UNSPECIFIED., .F., .F.,
 ( 4, 4 ),
 ( 0.000000000000000000, 1.000000000000000000 ),
 .UNSPECIFIED. ) ;
#3603 = CIRCLE ( 'NONE', #372, 2.602000000000000313 ) ;
#3604 = CARTESIAN_POINT ( 'NONE',  ( 126.8848169835906106, 45.19999999999999574, 87.57926372120834912 ) ) ;
#3605 = EDGE_CURVE ( 'NONE', #1761, #2276, #895, .T. ) ;
#3606 = LINE ( 'NONE', #3580, #1082 ) ;
#3607 = ORIENTED_EDGE ( 'NONE', *, *, #4073, .T. ) ;
#3608 = VECTOR ( 'NONE', #3217, 1000.000000000000227 ) ;
#3609 = CARTESIAN_POINT ( 'NONE',  ( -18.12861991468902545, 253.6628976051631525, 61.24570780507330170 ) ) ;
#3610 = CARTESIAN_POINT ( 'NONE',  ( 180.0000000000000000, 43.00000000000000000, 242.0604443032840152 ) ) ;
#3611 = VECTOR ( 'NONE', #860, 1000.000000000000227 ) ;
#3612 = CARTESIAN_POINT ( 'NONE',  ( -24.64466094068190571, 260.0000000000000000, 31.38921909285704359 ) ) ;
#3613 = CARTESIAN_POINT ( 'NONE',  ( -82.24998126946465504, 200.5484675562413770, -135.2545504147728082 ) ) ;
#3614 = ORIENTED_EDGE ( 'NONE', *, *, #5024, .T. ) ;
#3615 = CARTESIAN_POINT ( 'NONE',  ( 100.0652381821159622, 213.8292407683985346, 90.01816451074947167 ) ) ;
#3616 = CARTESIAN_POINT ( 'NONE',  ( -7.849982925100751352, 260.0000000000000000, -115.9843788128767983 ) ) ;
#3617 = CIRCLE ( 'NONE', #4754, 24.99999999999999289 ) ;
#3618 = CARTESIAN_POINT ( 'NONE',  ( 176.6766117150829700, 253.7454478111818617, 60.96610237086014905 ) ) ;
#3619 = ORIENTED_EDGE ( 'NONE', *, *, #1805, .T. ) ;
#3620 = VECTOR ( 'NONE', #2442, 1000.000000000000114 ) ;
#3621 = CARTESIAN_POINT ( 'NONE',  ( 90.50332329392091424, 45.19999999999999574, 92.96159885715790949 ) ) ;
#3622 = ORIENTED_EDGE ( 'NONE', *, *, #4771, .F. ) ;
#3623 = CARTESIAN_POINT ( 'NONE',  ( 221.3644425233386812, 212.2643081570019490, 74.97101339317096347 ) ) ;
#3624 = CIRCLE ( 'NONE', #3381, 2.602000000000006974 ) ;
#3625 = DIRECTION ( 'NONE',  ( 0.000000000000000000, 0.7592566023652970175, -0.6507913734559680474 ) ) ;
#3626 = CARTESIAN_POINT ( 'NONE',  ( -64.20203725252241611, 200.1843845301720819, -162.7777603309689880 ) ) ;
#3627 = CARTESIAN_POINT ( 'NONE',  ( -82.09089178362724226, 197.1710841631033588, 78.50009836581998002 ) ) ;
#3628 = VERTEX_POINT ( 'NONE', #1742 ) ;
#3629 = CARTESIAN_POINT ( 'NONE',  ( 163.5591062177444996, 235.0000000000000284, 46.50162693823970272 ) ) ;
#3630 = CARTESIAN_POINT ( 'NONE',  ( -94.00000000000000000, -14.80000000000000071, -115.4000000000000057 ) ) ;
#3631 = EDGE_CURVE ( 'NONE', #287, #277, #2858, .T. ) ;
#3632 = DIRECTION ( 'NONE',  ( -3.330669073875486976E-15, 0.000000000000000000, -1.000000000000000000 ) ) ;
#3633 = ORIENTED_EDGE ( 'NONE', *, *, #3314, .F. ) ;
#3634 = LINE ( 'NONE', #82, #457 ) ;
#3635 = ORIENTED_EDGE ( 'NONE', *, *, #1605, .F. ) ;
#3636 = VECTOR ( 'NONE', #3201, 1000.000000000000114 ) ;
#3637 = EDGE_CURVE ( 'NONE', #4358, #150, #881, .T. ) ;
#3638 = CARTESIAN_POINT ( 'NONE',  ( -16.17837090995981342, 252.9510996627489874, -132.0349545439417795 ) ) ;
#3639 = CARTESIAN_POINT ( 'NONE',  ( -39.47897209703726418, 42.34558991221449986, 88.00685292925469128 ) ) ;
#3640 = AXIS2_PLACEMENT_3D ( 'NONE', #699, #2412, #869 ) ;
#3641 = CARTESIAN_POINT ( 'NONE',  ( -67.52309237104125827, 207.0268266342148991, 100.3149704996237119 ) ) ;
#3642 = LINE ( 'NONE', #332, #4863 ) ;
#3643 = ORIENTED_EDGE ( 'NONE', *, *, #690, .F. ) ;
#3644 = DIRECTION ( 'NONE',  ( 0.000000000000000000, -0.9998476951563911586, 0.01745240643728350124 ) ) ;
#3645 = DIRECTION ( 'NONE',  ( -1.110223024625156935E-15, 1.000000000000000000, 0.000000000000000000 ) ) ;
#3646 = CARTESIAN_POINT ( 'NONE',  ( 86.19182354016109571, 0.2000000000000196065, 64.28811542917340205 ) ) ;
#3647 = CARTESIAN_POINT ( 'NONE',  ( -32.98721036079371771, 254.9269362913633188, 49.41633141875046675 ) ) ;
#3648 = COORDINATED_UNIVERSAL_TIME_OFFSET ( 7, 0, .AHEAD. ) ;
#3649 = ORIENTED_EDGE ( 'NONE', *, *, #4560, .F. ) ;
#3650 = CARTESIAN_POINT ( 'NONE',  ( 232.9964073635977115, 220.0035926364022316, 60.48935121204038978 ) ) ;
#3651 = ORIENTED_EDGE ( 'NONE', *, *, #4787, .T. ) ;
#3652 = CARTESIAN_POINT ( 'NONE',  ( 127.2244461357467884, 45.19999999999999574, 84.99952419191360775 ) ) ;
#3653 = DIRECTION ( 'NONE',  ( -1.000000000000000000, -1.047036085699110095E-15, -8.376288685592880165E-16 ) ) ;
#3654 = CARTESIAN_POINT ( 'NONE',  ( 175.4573510601028090, 238.1557816578779239, -145.4753115325086696 ) ) ;
#3655 = CARTESIAN_POINT ( 'NONE',  ( -74.97074098379958684, 208.4506974342760088, 94.02033981912653360 ) ) ;
#3656 = ORIENTED_EDGE ( 'NONE', *, *, #1867, .F. ) ;
#3657 = CARTESIAN_POINT ( 'NONE',  ( -41.27808424709106561, 200.7982281923520418, 108.7443758351267888 ) ) ;
#3658 = CARTESIAN_POINT ( 'NONE',  ( -48.18920116732336822, 184.3938291668500256, 113.9624358799584343 ) ) ;
#3659 = CARTESIAN_POINT ( 'NONE',  ( 195.0592097533388198, 238.9073866555709174, -142.0225365326398332 ) ) ;
#3660 = ORIENTED_EDGE ( 'NONE', *, *, #3175, .F. ) ;
#3661 = LINE ( 'NONE', #4832, #550 ) ;
#3662 = ORIENTED_EDGE ( 'NONE', *, *, #610, .T. ) ;
#3663 = CARTESIAN_POINT ( 'NONE',  ( -24.64466094067260116, 235.0000000000000284, 228.7389185037470156 ) ) ;
#3664 = PRODUCT_DEFINITION_SHAPE ( 'NONE', 'NONE',  #3816 ) ;
#3665 = DIRECTION ( 'NONE',  ( -0.4440944286974304878, 0.000000000000000000, -0.8959799877228858955 ) ) ;
#3666 = EDGE_CURVE ( 'NONE', #2015, #4693, #2369, .T. ) ;
#3667 = CARTESIAN_POINT ( 'NONE',  ( -22.46549118996719940, 260.0000000000000000, 38.24223531043302415 ) ) ;
#3668 = CARTESIAN_POINT ( 'NONE',  ( -70.73659789753958194, 200.0193859989144016, -158.9023713792549870 ) ) ;
#3669 = ORIENTED_EDGE ( 'NONE', *, *, #1045, .T. ) ;
#3670 = DIRECTION ( 'NONE',  ( 0.1305261922200495750, 0.000000000000000000, 0.9914448613738107152 ) ) ;
#3671 = PLANE ( 'NONE',  #2211 ) ;
#3672 = CARTESIAN_POINT ( 'NONE',  ( 106.0000000000000000, 0.2000000000000057288, 76.21023553303064091 ) ) ;
#3673 = VERTEX_POINT ( 'NONE', #1663 ) ;
#3674 = CARTESIAN_POINT ( 'NONE',  ( 205.2782479308069981, 233.1988438845340283, 74.70123492829232248 ) ) ;
#3675 = CARTESIAN_POINT ( 'NONE',  ( 184.6217625997693403, 254.7416577493102352, 56.03739132676268753 ) ) ;
#3676 = CARTESIAN_POINT ( 'NONE',  ( -35.14194650060852609, 205.2010617305296023, -165.1687699360678891 ) ) ;
#3677 = DIRECTION ( 'NONE',  ( 0.000000000000000000, 5.551115123125779004E-17, 1.000000000000000000 ) ) ;
#3678 = CARTESIAN_POINT ( 'NONE',  ( -74.07825796129880302, 199.9876414436556047, -155.8563480093814064 ) ) ;
#3679 = CARTESIAN_POINT ( 'NONE',  ( -64.64458406343001684, 215.2767989481544930, 90.41276080543947558 ) ) ;
#3680 = ORIENTED_EDGE ( 'NONE', *, *, #1677, .T. ) ;
#3681 = CARTESIAN_POINT ( 'NONE',  ( 199.0565164378275256, 45.19999999999999574, 88.77185980109013030 ) ) ;
#3682 = CARTESIAN_POINT ( 'NONE',  ( 87.77460325558369902, 45.19999999999999574, 62.22539674441619439 ) ) ;
#3683 = DIRECTION ( 'NONE',  ( 0.1305261922200495750, 0.000000000000000000, 0.9914448613738107152 ) ) ;
#3684 = ORIENTED_EDGE ( 'NONE', *, *, #4635, .T. ) ;
#3685 = EDGE_CURVE ( 'NONE', #1121, #2945, #2692, .T. ) ;
#3686 = CARTESIAN_POINT ( 'NONE',  ( 230.8993464005750695, 43.00000000000000000, 61.50000000000005684 ) ) ;
#3687 = VECTOR ( 'NONE', #2078, 1000.000000000000000 ) ;
#3688 = DIRECTION ( 'NONE',  ( 0.8137334712067360032, 0.000000000000000000, -0.5812381937190949088 ) ) ;
#3689 = LINE ( 'NONE', #1699, #1228 ) ;
#3690 = CARTESIAN_POINT ( 'NONE',  ( -5.559106217744505862, 260.0000000000000000, 46.50162693823966720 ) ) ;
#3691 = CARTESIAN_POINT ( 'NONE',  ( -66.75429390826427323, 219.0491950059667090, -149.6672462073206304 ) ) ;
#3692 = ORIENTED_EDGE ( 'NONE', *, *, #1364, .F. ) ;
#3693 = CIRCLE ( 'NONE', #1793, 5.000000000000004441 ) ;
#3694 = DIRECTION ( 'NONE',  ( 0.7071067811865510144, 0.7071067811865441310, 0.000000000000000000 ) ) ;
#3695 = PLANE ( 'NONE',  #1055 ) ;
#3696 = ADVANCED_FACE ( 'NONE', ( #100 ), #1355, .T. ) ;
#3697 = VECTOR ( 'NONE', #4981, 1000.000000000000000 ) ;
#3698 = CARTESIAN_POINT ( 'NONE',  ( 186.2179270259081250, 254.8027836324067721, 54.44153900266806545 ) ) ;
#3699 = CARTESIAN_POINT ( 'NONE',  ( -37.98810547761572565, 254.4756166165947491, 41.61747867217302144 ) ) ;
#3700 = ORIENTED_EDGE ( 'NONE', *, *, #3051, .T. ) ;
#3701 = CARTESIAN_POINT ( 'NONE',  ( 226.7922867330426868, 226.2077132669571427, 51.41550455565342048 ) ) ;
#3702 = ORIENTED_EDGE ( 'NONE', *, *, #4391, .F. ) ;
#3703 = CARTESIAN_POINT ( 'NONE',  ( -37.62639033944217459, 205.2010617304613049, -165.1687699360690829 ) ) ;
#3704 = VECTOR ( 'NONE', #3317, 1000.000000000000000 ) ;
#3705 = EDGE_CURVE ( 'NONE', #150, #4336, #3227, .T. ) ;
#3706 = CARTESIAN_POINT ( 'NONE',  ( 73.78976446696928804, 45.19999999999999574, 43.99999999999985789 ) ) ;
#3707 = CIRCLE ( 'NONE', #566, 25.00000000000004619 ) ;
#3708 = CARTESIAN_POINT ( 'NONE',  ( 222.4766594028870088, 45.19999999999999574, 72.47665940288709407 ) ) ;
#3709 = CARTESIAN_POINT ( 'NONE',  ( 71.10080430793965434, 197.1946509935909830, 99.62043033025928196 ) ) ;
#3710 = ORIENTED_EDGE ( 'NONE', *, *, #560, .T. ) ;
#3711 = DIRECTION ( 'NONE',  ( 1.000000000000000000, 0.000000000000000000, 0.000000000000000000 ) ) ;
#3712 = LINE ( 'NONE', #3630, #2289 ) ;
#3713 = AXIS2_PLACEMENT_3D ( 'NONE', #3382, #2162, #2904 ) ;
#3714 = CARTESIAN_POINT ( 'NONE',  ( 201.4480964637544105, 229.8580672380101362, -129.4883595227673823 ) ) ;
#3715 = VERTEX_POINT ( 'NONE', #126 ) ;
#3716 = CARTESIAN_POINT ( 'NONE',  ( 232.8909766968557733, 220.1090233031443972, -40.63669162919148192 ) ) ;
#3717 = FACE_OUTER_BOUND ( 'NONE', #3746, .T. ) ;
#3718 = CARTESIAN_POINT ( 'NONE',  ( 231.8458258630125783, 221.1541741369879048, 40.97601213547808641 ) ) ;
#3719 = DIRECTION ( 'NONE',  ( -0.0001311488343749514941, -0.9999999912509330846, 1.726607160136785069E-05 ) ) ;
#3720 = CARTESIAN_POINT ( 'NONE',  ( -80.88211320832026274, 200.1760638475223288, -144.2511840309258560 ) ) ;
#3721 = VECTOR ( 'NONE', #230, 1000.000000000000114 ) ;
#3722 = ORIENTED_EDGE ( 'NONE', *, *, #2509, .T. ) ;
#3723 = CARTESIAN_POINT ( 'NONE',  ( 178.0888908789308971, 241.3984945225478498, -142.8728088305884114 ) ) ;
#3724 = VECTOR ( 'NONE', #252, 1000.000000000000000 ) ;
#3725 = DIRECTION ( 'NONE',  ( 0.6497304921035751413, -0.7601646450808180466, 0.000000000000000000 ) ) ;
#3726 = CARTESIAN_POINT ( 'NONE',  ( -74.89097669685638436, 220.1090233031435730, -24.00000000000000000 ) ) ;
#3727 = EDGE_CURVE ( 'NONE', #472, #1109, #2913, .T. ) ;
#3728 = ORIENTED_EDGE ( 'NONE', *, *, #1577, .F. ) ;
#3729 = CARTESIAN_POINT ( 'NONE',  ( 197.6697259367614663, 214.3921295742520385, 88.01796665662162411 ) ) ;
#3730 = DIRECTION ( 'NONE',  ( -0.6047078979069521187, 0.6047078979069521187, -0.5183210553488161176 ) ) ;
#3731 = CARTESIAN_POINT ( 'NONE',  ( -53.92122906140221517, 214.0194489323295102, -165.0148444148538829 ) ) ;
#3732 = FACE_OUTER_BOUND ( 'NONE', #4979, .T. ) ;
#3733 = DIRECTION ( 'NONE',  ( 0.000000000000000000, 0.000000000000000000, -1.000000000000000000 ) ) ;
#3734 = CARTESIAN_POINT ( 'NONE',  ( 100.0652381821159906, 222.8287427780080634, 89.86107761885007505 ) ) ;
#3735 = ADVANCED_FACE ( 'NONE', ( #4118 ), #4397, .T. ) ;
#3736 = ORIENTED_EDGE ( 'NONE', *, *, #2580, .T. ) ;
#3737 = CARTESIAN_POINT ( 'NONE',  ( -91.39799999999999613, 45.19800000000000040, -73.00000000000000000 ) ) ;
#3738 = EDGE_CURVE ( 'NONE', #4589, #1920, #1271, .T. ) ;
#3739 = DIRECTION ( 'NONE',  ( 0.000000000000000000, 1.000000000000000000, 1.942890293094056683E-15 ) ) ;
#3740 = CARTESIAN_POINT ( 'NONE',  ( 196.5900513903210367, 251.8979142871636725, -117.8114296867021267 ) ) ;
#3741 = EDGE_LOOP ( 'NONE', ( #1115, #4249, #3436, #5107 ) ) ;
#3742 = CARTESIAN_POINT ( 'NONE',  ( 73.37500000000000000, 260.0000000000000000, 15.37500000000000000 ) ) ;
#3743 = CARTESIAN_POINT ( 'NONE',  ( 185.0000000000000000, 45.19999999999999574, 88.00000000000000000 ) ) ;
#3744 = CARTESIAN_POINT ( 'NONE',  ( -9.677876946347009124, 251.7321376086150622, -134.6142899131081663 ) ) ;
#3745 = CARTESIAN_POINT ( 'NONE',  ( -80.53147052970010122, 212.3950463171258889, -145.1202966188329242 ) ) ;
#3746 = EDGE_LOOP ( 'NONE', ( #734, #202, #3340, #664 ) ) ;
#3747 = CARTESIAN_POINT ( 'NONE',  ( 155.5372155809894821, 220.3821277585208520, -159.6942977931836083 ) ) ;
#3748 =( BOUNDED_SURFACE ( )  B_SPLINE_SURFACE ( 3, 2, ( 
 ( #3701, #3650, #3251 ),
 ( #1624, #123, #1684 ),
 ( #3280, #3191, #2418 ),
 ( #2910, #1241, #67 ),
 ( #2803, #2091, #540 ),
 ( #3223, #3312, #2117 ),
 ( #2828, #4495, #2477 ),
 ( #4419, #2885, #4059 ),
 ( #852, #877, #1711 ),
 ( #4796, #1268, #1324 ),
 ( #4001, #2854, #97 ),
 ( #4448, #2445, #514 ),
 ( #1738, #4032, #487 ),
 ( #4820, #963, #152 ),
 ( #3674, #4970, #2578 ),
 ( #670, #3774, #2650 ),
 ( #232, #2933, #3437 ),
 ( #1811, #1402, #2627 ),
 ( #4543, #1087, #2957 ),
 ( #597, #4919, #3729 ),
 ( #3006, #2171, #4517 ),
 ( #4618, #3341, #3803 ),
 ( #2145, #1015, #4139 ),
 ( #2555, #3752, #4565 ) ),
 .UNSPECIFIED., .F., .F., .F. ) 
 B_SPLINE_SURFACE_WITH_KNOTS ( ( 4, 2, 2, 2, 2, 2, 2, 2, 2, 2, 2, 4 ),
 ( 3, 3 ),
 ( 1.249000902703301108E-16, 0.003653137513597113500, 0.007306275027194102101, 0.009132843783992596401, 0.01095941254079109070, 0.01461255005438807930, 0.01643911881118657187, 0.01735240318958582162, 0.01826568756798506790, 0.02191882508158205650, 0.02557196259517904510, 0.02922510010877603370 ),
 ( 0.000000000000000000, 1.000000000000000000 ),
 .UNSPECIFIED. ) 
 GEOMETRIC_REPRESENTATION_ITEM ( )  RATIONAL_B_SPLINE_SURFACE ( (
 ( 1.000000000000000000, 0.8926767363502449149, 1.000000000000000000),
 ( 1.000000000000000000, 0.8916829463748123796, 1.000000000000000000),
 ( 1.000000000000000000, 0.8909455280006465250, 1.000000000000000000),
 ( 1.000000000000000000, 0.8901993727141400692, 1.000000000000000000),
 ( 1.000000000000000000, 0.8901909640438058213, 1.000000000000000000),
 ( 1.000000000000000000, 0.8908498902334975877, 1.000000000000000000),
 ( 1.000000000000000000, 0.8911816909181908830, 1.000000000000000000),
 ( 1.000000000000000000, 0.8920827866100218273, 1.000000000000000000),
 ( 1.000000000000000000, 0.8926477435584515563, 1.000000000000000000),
 ( 1.000000000000000000, 0.8946826329319099713, 1.000000000000000000),
 ( 1.000000000000000000, 0.8964936216603455188, 1.000000000000000000),
 ( 1.000000000000000000, 0.8998567611865924132, 1.000000000000000000),
 ( 1.000000000000000000, 0.9010853071026823091, 1.000000000000000000),
 ( 1.000000000000000000, 0.9030827585125505985, 1.000000000000000000),
 ( 1.000000000000000000, 0.9037743333571893745, 1.000000000000000000),
 ( 1.000000000000000000, 0.9052077278344120570, 1.000000000000000000),
 ( 1.000000000000000000, 0.9059508683014388941, 1.000000000000000000),
 ( 1.000000000000000000, 0.9097715306391741530, 1.000000000000000000),
 ( 1.000000000000000000, 0.9131502792125342216, 1.000000000000000000),
 ( 1.000000000000000000, 0.9203745146825376144, 1.000000000000000000),
 ( 1.000000000000000000, 0.9242201641202845153, 1.000000000000000000),
 ( 1.000000000000000000, 0.9322031878054779508, 1.000000000000000000),
 ( 1.000000000000000000, 0.9363528585783439384, 1.000000000000000000),
 ( 1.000000000000000000, 0.9404880580729277906, 1.000000000000000000) ) ) 
 REPRESENTATION_ITEM ( '' )  SURFACE ( )  );
#3749 = DIRECTION ( 'NONE',  ( 0.7071067811865474617, -0.7071067811865474617, 0.000000000000000000 ) ) ;
#3750 = CARTESIAN_POINT ( 'NONE',  ( -37.03800226667684825, 254.6281358685713485, 43.39001253583470685 ) ) ;
#3751 = ORIENTED_EDGE ( 'NONE', *, *, #3961, .T. ) ;
#3752 = CARTESIAN_POINT ( 'NONE',  ( 186.1466137774757499, 222.9718683603463489, 89.73839854827451745 ) ) ;
#3753 = DIRECTION ( 'NONE',  ( 0.000000000000000000, -0.000000000000000000, 1.000000000000000000 ) ) ;
#3754 = LINE ( 'NONE', #3805, #2041 ) ;
#3755 = DIRECTION ( 'NONE',  ( -0.01745179249791820736, -0.9998125225936651539, 0.008387765107678224127 ) ) ;
#3756 = CARTESIAN_POINT ( 'NONE',  ( 234.3688289311838275, 206.3394417132507499, 57.78479692525009881 ) ) ;
#3757 = CARTESIAN_POINT ( 'NONE',  ( 188.2211150179234664, 214.4565611420448761, -150.6225216272650300 ) ) ;
#3758 = ORIENTED_EDGE ( 'NONE', *, *, #3141, .T. ) ;
#3759 = CARTESIAN_POINT ( 'NONE',  ( 239.0597959793400662, 203.6022058097296394, 44.46138560434093279 ) ) ;
#3760 = ORIENTED_EDGE ( 'NONE', *, *, #3941, .T. ) ;
#3761 = DIRECTION ( 'NONE',  ( 0.9914448613738103822, 0.000000000000000000, 0.1305261922200522950 ) ) ;
#3762 = EDGE_CURVE ( 'NONE', #206, #4648, #2891, .T. ) ;
#3763 = CARTESIAN_POINT ( 'NONE',  ( -40.76601817404964834, 193.1098745674779309, 115.3343932278751680 ) ) ;
#3764 = ORIENTED_EDGE ( 'NONE', *, *, #3443, .F. ) ;
#3765 = CARTESIAN_POINT ( 'NONE',  ( -67.43144392684266109, 219.0603024223473483, -148.9239519955341962 ) ) ;
#3766 = CARTESIAN_POINT ( 'NONE',  ( 238.7693015622282360, 203.6057908566484969, -52.49482790033901125 ) ) ;
#3767 = CARTESIAN_POINT ( 'NONE',  ( -33.00272665778771142, 254.7884344411997972, -119.3643783624747101 ) ) ;
#3768 = CARTESIAN_POINT ( 'NONE',  ( -69.49967781541350575, 219.2665672262909879, -145.9308362637253254 ) ) ;
#3769 = VERTEX_POINT ( 'NONE', #1687 ) ;
#3770 = CARTESIAN_POINT ( 'NONE',  ( 184.9998689130745220, 45.19999999999999574, 90.60000000000000853 ) ) ;
#3771 = CARTESIAN_POINT ( 'NONE',  ( 64.99862804902130620, 45.19999999999999574, 22.77631923111775336 ) ) ;
#3772 = VECTOR ( 'NONE', #1769, 1000.000000000000114 ) ;
#3773 = ORIENTED_EDGE ( 'NONE', *, *, #3443, .T. ) ;
#3774 = CARTESIAN_POINT ( 'NONE',  ( 207.6047365845619765, 225.9144977998876982, 83.96347803850814273 ) ) ;
#3775 = CARTESIAN_POINT ( 'NONE',  ( 163.5591062177443575, 251.2697843363991694, 65.48304199737212627 ) ) ;
#3776 = CARTESIAN_POINT ( 'NONE',  ( -19.77650362285079666, 260.0000000000000000, 52.52607324449485304 ) ) ;
#3777 = AXIS2_PLACEMENT_3D ( 'NONE', #2245, #3827, #281 ) ;
#3778 = LINE ( 'NONE', #4219, #3947 ) ;
#3779 = CARTESIAN_POINT ( 'NONE',  ( 234.6564156051144323, 206.1733606761716260, 57.19684543787757036 ) ) ;
#3780 = CARTESIAN_POINT ( 'NONE',  ( 190.0814820876728959, 215.6984300403955785, -148.6463030410056376 ) ) ;
#3781 = VERTEX_POINT ( 'NONE', #2449 ) ;
#3782 = AXIS2_PLACEMENT_3D ( 'NONE', #380, #3089, #3593 ) ;
#3783 = CARTESIAN_POINT ( 'NONE',  ( 238.8077240950196085, 214.1922759049808178, 44.72308756145231001 ) ) ;
#3784 = ORIENTED_EDGE ( 'NONE', *, *, #3011, .T. ) ;
#3785 = CARTESIAN_POINT ( 'NONE',  ( -66.19029533911509589, 215.9266239021058027, 88.35624684588550792 ) ) ;
#3786 = AXIS2_PLACEMENT_3D ( 'NONE', #1245, #4453, #855 ) ;
#3787 = CARTESIAN_POINT ( 'NONE',  ( 185.5778653470474069, 254.4612637859149800, -124.6558088406684419 ) ) ;
#3788 = VERTEX_POINT ( 'NONE', #4498 ) ;
#3789 = CARTESIAN_POINT ( 'NONE',  ( -69.92758615802033262, 219.3663370297217057, -145.0878915156646656 ) ) ;
#3790 = EDGE_CURVE ( 'NONE', #740, #619, #4425, .T. ) ;
#3791 = AXIS2_PLACEMENT_3D ( 'NONE', #330, #1546, #3565 ) ;
#3792 = AXIS2_PLACEMENT_3D ( 'NONE', #4660, #1129, #2693 ) ;
#3793 = CARTESIAN_POINT ( 'NONE',  ( 199.5029172899014611, 17.70027738395403105, 88.68290757395381263 ) ) ;
#3794 = CARTESIAN_POINT ( 'NONE',  ( -22.38299290278673581, 260.0000000000000000, -107.6596711836184568 ) ) ;
#3795 = CARTESIAN_POINT ( 'NONE',  ( 56.13288318042745573, 187.3971160996365768, 109.8950001944553350 ) ) ;
#3797 = EDGE_CURVE ( 'NONE', #4712, #2792, #1311, .T. ) ;
#3796 = ORIENTED_EDGE ( 'NONE', *, *, #1132, .T. ) ;
#3798 = SECURITY_CLASSIFICATION ( '', '', #961 ) ;
#3799 = DIRECTION ( 'NONE',  ( 6.123031769111878895E-17, -1.000000000000000000, 2.220446049250305932E-16 ) ) ;
#3800 = CLOSED_SHELL ( 'NONE', ( #84, #2734, #1002, #2394, #2667, #4043, #117, #3735, #2420, #4639, #3130, #4538, #1924, #78, #5007, #4141, #310, #4353, #3507, #5036, #5025, #1429, #1202, #3061, #4008, #2922, #3332, #1953, #2422, #4608, #4906, #1107, #2302, #4354, #1299, #194, #1896, #3274, #4510, #3447, #2335, #1643, #1636, #2273, #3533, #2491, #888, #5094, #2549, #3476, #758, #450, #2236, #879, #3390, #1678, #3883, #3052, #3419, #5080, #3836, #2559, #1130, #1032, #433, #2230, #3283, #4704, #1494, #1100, #4762, #1440, #1296, #4946, #1830, #2396, #3138, #685, #3696, #5062, #12, #1427, #4950, #192, #1866, #4422, #4262, #921, #3596, #363, #2179, #1869, #1350, #2719, #1493, #816, #4377, #195, #4781, #3595, #2450, #4111, #3118, #713, #786, #2250, #523, #4246, #3109, #3084, #2770, #1928, #673, #70, #957, #4265, #3316, #396, #109, #4920, #3326, #3950, #435, #2263, #4816, #21, #1295, #4162, #3535 ) ) ;
#3801 = CARTESIAN_POINT ( 'NONE',  ( -91.39999999999999147, 47.80000000000000426, -135.4000000000000341 ) ) ;
#3802 = ORIENTED_EDGE ( 'NONE', *, *, #3585, .F. ) ;
#3803 = CARTESIAN_POINT ( 'NONE',  ( 191.3242104144893005, 214.2117615362796528, 89.37488592147727218 ) ) ;
#3804 = FACE_OUTER_BOUND ( 'NONE', #2950, .T. ) ;
#3805 = CARTESIAN_POINT ( 'NONE',  ( 149.6605019347873906, 45.19999999999999574, 90.57773952929707661 ) ) ;
#3806 = AXIS2_PLACEMENT_3D ( 'NONE', #3801, #1808, #4238 ) ;
#3807 = CARTESIAN_POINT ( 'NONE',  ( -58.20269769950563443, 45.19999999999999574, 111.3886643826999432 ) ) ;
#3808 = CARTESIAN_POINT ( 'NONE',  ( 236.5059072260892208, 205.1016379761524604, 52.93340057063294068 ) ) ;
#3809 = CARTESIAN_POINT ( 'NONE',  ( 163.8851047363806117, 205.9825170312384159, -164.0071011080495680 ) ) ;
#3810 = ORIENTED_EDGE ( 'NONE', *, *, #85, .F. ) ;
#3811 = CARTESIAN_POINT ( 'NONE',  ( 236.8838328166040128, 216.1161671834217088, 51.69770365701305792 ) ) ;
#3812 = ORIENTED_EDGE ( 'NONE', *, *, #4177, .T. ) ;
#3813 = CARTESIAN_POINT ( 'NONE',  ( -66.70865911838407669, 216.2250727800167169, 87.46941803079943156 ) ) ;
#3814 = CARTESIAN_POINT ( 'NONE',  ( 187.3010831104540443, 254.5834983965267782, -123.0589168285748372 ) ) ;
#3815 = ORIENTED_EDGE ( 'NONE', *, *, #2334, .F. ) ;
#3816 = PRODUCT_DEFINITION ( 'UNKNOWN', '', #4026, #2903 ) ;
#3817 = CARTESIAN_POINT ( 'NONE',  ( -91.39799999999998192, 47.80000000000002558, 90.00000000000000000 ) ) ;
#3818 = CARTESIAN_POINT ( 'NONE',  ( 238.8525013413509157, 203.5638381071239849, -52.15211713912442804 ) ) ;
#3819 = CARTESIAN_POINT ( 'NONE',  ( -8.919569517580001161, 260.0000000000000000, -127.1332747618240120 ) ) ;
#3820 = CARTESIAN_POINT ( 'NONE',  ( 55.78113389539356604, 187.2905473073578833, 110.0768052512121216 ) ) ;
#3821 = ORIENTED_EDGE ( 'NONE', *, *, #118, .T. ) ;
#3822 = EDGE_CURVE ( 'NONE', #2029, #4407, #4823, .T. ) ;
#3823 = PLANE ( 'NONE',  #2047 ) ;
#3824 = FACE_OUTER_BOUND ( 'NONE', #1600, .T. ) ;
#3825 = ORIENTED_EDGE ( 'NONE', *, *, #884, .T. ) ;
#3826 = ORIENTED_EDGE ( 'NONE', *, *, #1251, .F. ) ;
#3827 = DIRECTION ( 'NONE',  ( -3.869679146734180297E-16, 3.869679146734180297E-16, 1.000000000000000000 ) ) ;
#3828 = CARTESIAN_POINT ( 'NONE',  ( -5.559106217744476552, 260.0000000000000000, 46.50162693823956062 ) ) ;
#3829 = DIRECTION ( 'NONE',  ( -0.01744974916068268989, -0.9996954598818874604, -0.01744974916068197865 ) ) ;
#3830 = CARTESIAN_POINT ( 'NONE',  ( 234.0954929871992078, 206.4971987023323265, 58.33033925797510477 ) ) ;
#3831 = CARTESIAN_POINT ( 'NONE',  ( 155.4784803919292528, 205.2132572023626267, -165.1685570633149496 ) ) ;
#3832 = EDGE_LOOP ( 'NONE', ( #3234, #1876, #5073, #765, #1574 ) ) ;
#3833 = PLANE ( 'NONE',  #2285 ) ;
#3834 = ORIENTED_EDGE ( 'NONE', *, *, #459, .T. ) ;
#3835 = CARTESIAN_POINT ( 'NONE',  ( -80.94491683422042172, 45.19999999999999574, 93.19488907492808494 ) ) ;
#3836 = ADVANCED_FACE ( 'NONE', ( #3732 ), #1860, .T. ) ;
#3837 = CARTESIAN_POINT ( 'NONE',  ( -41.27808424709106561, 200.7982281923520418, 108.7443758351267888 ) ) ;
#3838 = ORIENTED_EDGE ( 'NONE', *, *, #4159, .F. ) ;
#3839 = CARTESIAN_POINT ( 'NONE',  ( -70.39544132381320196, 219.5250719758206799, -143.9906788014445453 ) ) ;
#3840 = CARTESIAN_POINT ( 'NONE',  ( 199.0567730392762371, 17.70014964977215755, 88.77182599290179610 ) ) ;
#3841 = CARTESIAN_POINT ( 'NONE',  ( 208.1005908841260350, 232.0014948274478286, -115.9824131535998646 ) ) ;
#3842 = CARTESIAN_POINT ( 'NONE',  ( 55.67684158283853435, 187.2592634375339742, 110.1301713485320022 ) ) ;
#3843 = ORIENTED_EDGE ( 'NONE', *, *, #4530, .F. ) ;
#3844 = DIRECTION ( 'NONE',  ( 0.000000000000000000, 0.000000000000000000, -1.000000000000000000 ) ) ;
#3845 = DIRECTION ( 'NONE',  ( 5.333507996854148187E-14, 0.000000000000000000, -1.000000000000000000 ) ) ;
#3846 = ORIENTED_EDGE ( 'NONE', *, *, #2264, .F. ) ;
#3847 = DIRECTION ( 'NONE',  ( -8.454793657513044212E-17, -1.000000000000000000, 1.101850161660789375E-16 ) ) ;
#3848 = EDGE_CURVE ( 'NONE', #4878, #3313, #674, .T. ) ;
#3849 = CARTESIAN_POINT ( 'NONE',  ( 199.5856286326844042, 214.3921470473536601, 87.41676949888680781 ) ) ;
#3850 = AXIS2_PLACEMENT_3D ( 'NONE', #3048, #1026, #2662 ) ;
#3851 = CARTESIAN_POINT ( 'NONE',  ( 237.8546423442587354, 204.3130858555237239, 48.90233803995884188 ) ) ;
#3852 = CARTESIAN_POINT ( 'NONE',  ( -82.00000000000000000, 40.20000000000000995, -73.00000000000000000 ) ) ;
#3853 = ORIENTED_EDGE ( 'NONE', *, *, #2706, .T. ) ;
#3854 = DIRECTION ( 'NONE',  ( 0.000000000000000000, 0.000000000000000000, 1.000000000000000000 ) ) ;
#3855 = ORIENTED_EDGE ( 'NONE', *, *, #1746, .F. ) ;
#3856 = EDGE_CURVE ( 'NONE', #2386, #3479, #4896, .T. ) ;
#3857 = CARTESIAN_POINT ( 'NONE',  ( -64.64458406342998842, 215.2767989481545214, 90.41276080543946136 ) ) ;
#3858 = AXIS2_PLACEMENT_3D ( 'NONE', #4947, #4994, #1034 ) ;
#3859 = VECTOR ( 'NONE', #4403, 1000.000000000000000 ) ;
#3860 = LINE ( 'NONE', #3020, #2390 ) ;
#3861 = EDGE_LOOP ( 'NONE', ( #3758, #1892, #3465, #4045 ) ) ;
#3862 = CARTESIAN_POINT ( 'NONE',  ( -67.75424002451931926, 219.0740722902747279, -148.5335824153821704 ) ) ;
#3863 = CARTESIAN_POINT ( 'NONE',  ( 62.00200000000000244, 45.19999999999999574, -0.0001310869257836209999 ) ) ;
#3864 = VECTOR ( 'NONE', #2173, 1000.000000000000000 ) ;
#3865 = CARTESIAN_POINT ( 'NONE',  ( -61.39730880494285259, 219.6357332998222773, -153.2351854488954643 ) ) ;
#3866 = ORIENTED_EDGE ( 'NONE', *, *, #989, .F. ) ;
#3867 = VECTOR ( 'NONE', #1676, 1000.000000000000114 ) ;
#3868 = DIRECTION ( 'NONE',  ( -4.266806397483295578E-14, 0.000000000000000000, -1.000000000000000000 ) ) ;
#3869 = ORIENTED_EDGE ( 'NONE', *, *, #665, .T. ) ;
#3870 = CARTESIAN_POINT ( 'NONE',  ( 212.6060712970388238, 232.8011390658643904, 69.00661555585003271 ) ) ;
#3871 = DIRECTION ( 'NONE',  ( -1.000000000000000000, -0.000000000000000000, -0.000000000000000000 ) ) ;
#3872 = EDGE_CURVE ( 'NONE', #2108, #30, #3440, .T. ) ;
#3873 = AXIS2_PLACEMENT_3D ( 'NONE', #2579, #4894, #4948 ) ;
#3874 = LINE ( 'NONE', #2370, #1554 ) ;
#3875 = CARTESIAN_POINT ( 'NONE',  ( 105.0050230758506018, 0.1999999999999918510, 78.61232231755990085 ) ) ;
#3876 = ORIENTED_EDGE ( 'NONE', *, *, #1338, .T. ) ;
#3877 = CARTESIAN_POINT ( 'NONE',  ( 62.00200000000000244, 0.2000000000000196065, -0.0001310869257736289927 ) ) ;
#3878 = ORIENTED_EDGE ( 'NONE', *, *, #4089, .T. ) ;
#3879 = AXIS2_PLACEMENT_3D ( 'NONE', #3361, #2188, #1058 ) ;
#3880 = DIRECTION ( 'NONE',  ( -0.9089354904798345736, -0.4169367747586945061, 0.000000000000000000 ) ) ;
#3881 = LINE ( 'NONE', #5104, #312 ) ;
#3882 = AXIS2_PLACEMENT_3D ( 'NONE', #1309, #1363, #949 ) ;
#3883 = ADVANCED_FACE ( 'NONE', ( #4145 ), #910, .T. ) ;
#3884 = CARTESIAN_POINT ( 'NONE',  ( 240.2093627759468575, 202.8754994913872167, -44.47087389944425695 ) ) ;
#3885 = EDGE_LOOP ( 'NONE', ( #4428, #3633, #4861, #1660 ) ) ;
#3886 = DIRECTION ( 'NONE',  ( 0.6087614290087348667, 0.000000000000000000, -0.7933533402912242849 ) ) ;
#3887 = CARTESIAN_POINT ( 'NONE',  ( 185.4758695373515138, 43.88063838129044569, 35.47586953735159909 ) ) ;
#3888 = DIRECTION ( 'NONE',  ( 0.000000000000000000, 0.000000000000000000, 1.000000000000000000 ) ) ;
#3889 = CARTESIAN_POINT ( 'NONE',  ( -61.54947974600943894, 200.2825764712140142, -163.7841810020313744 ) ) ;
#3890 = EDGE_LOOP ( 'NONE', ( #335, #1022, #2278, #2165, #2454, #4286, #2176 ) ) ;
#3891 = CARTESIAN_POINT ( 'NONE',  ( 175.4174627655931715, 222.4892353046128619, -125.9929905691456753 ) ) ;
#3892 = ORIENTED_EDGE ( 'NONE', *, *, #2664, .F. ) ;
#3893 = CARTESIAN_POINT ( 'NONE',  ( 205.7566932335821264, 233.2054798368465640, 74.37233365307227473 ) ) ;
#3894 = CARTESIAN_POINT ( 'NONE',  ( 240.2094995461023643, 202.8676639344120645, -24.00000000000000000 ) ) ;
#3895 = LINE ( 'NONE', #3468, #1312 ) ;
#3896 = APPROVAL_STATUS ( 'not_yet_approved' ) ;
#3897 = LINE ( 'NONE', #3470, #169 ) ;
#3898 = ORIENTED_EDGE ( 'NONE', *, *, #922, .T. ) ;
#3899 = LINE ( 'NONE', #1551, #3527 ) ;
#3900 = ORIENTED_EDGE ( 'NONE', *, *, #3314, .T. ) ;
#3901 = CARTESIAN_POINT ( 'NONE',  ( 73.79151146357500579, 45.19999999999999574, 43.99899137103934521 ) ) ;
#3902 = CARTESIAN_POINT ( 'NONE',  ( 190.4958497384151599, 99.02147423132386450, -156.7275103220842709 ) ) ;
#3903 =( BOUNDED_CURVE ( )  B_SPLINE_CURVE ( 3, ( #4088, #880, #4423, #3315 ),
 .UNSPECIFIED., .F., .T. ) 
 B_SPLINE_CURVE_WITH_KNOTS ( ( 4, 4 ),
 ( 1.140921674558011301, 1.150884185615573152 ),
 .UNSPECIFIED. ) 
 CURVE ( )  GEOMETRIC_REPRESENTATION_ITEM ( )  RATIONAL_B_SPLINE_CURVE ( ( 1.000000000000000000, 0.9999917290482210896, 0.9999917290482210896, 1.000000000000000000 ) ) 
 REPRESENTATION_ITEM ( '' )  );
#3904 = CARTESIAN_POINT ( 'NONE',  ( -62.69204258379023997, 214.7167947106321719, 92.31669403112900341 ) ) ;
#3905 = VERTEX_POINT ( 'NONE', #996 ) ;
#3906 = CARTESIAN_POINT ( 'NONE',  ( 243.0000000000000000, 43.00000000000000000, 2.000000000000000000 ) ) ;
#3907 = LINE ( 'NONE', #3987, #2209 ) ;
#3908 = EDGE_CURVE ( 'NONE', #3446, #876, #2603, .T. ) ;
#3909 = CARTESIAN_POINT ( 'NONE',  ( -82.21931217945792980, 202.3054985459768886, 62.05492404101602943 ) ) ;
#3910 = VERTEX_POINT ( 'NONE', #1430 ) ;
#3911 = CARTESIAN_POINT ( 'NONE',  ( -74.25616568949756413, 195.9898588447876762, 94.88844284552061481 ) ) ;
#3912 = EDGE_LOOP ( 'NONE', ( #3660, #1435, #5099, #4918 ) ) ;
#3913 = LINE ( 'NONE', #1106, #2622 ) ;
#3914 = EDGE_LOOP ( 'NONE', ( #3826, #1576, #3992, #219 ) ) ;
#3915 = CARTESIAN_POINT ( 'NONE',  ( 199.3855340996215091, 232.8156686277895346, 78.33297486334285509 ) ) ;
#3916 = CARTESIAN_POINT ( 'NONE',  ( 212.4952118775860015, 26.70029929310571859, 83.30133580847312658 ) ) ;
#3917 = EDGE_CURVE ( 'NONE', #2598, #3290, #648, .T. ) ;
#3918 = DIRECTION ( 'NONE',  ( 0.000000000000000000, -2.187571639334703079E-16, -1.000000000000000000 ) ) ;
#3919 = ORIENTED_EDGE ( 'NONE', *, *, #3248, .T. ) ;
#3920 = LINE ( 'NONE', #4694, #4436 ) ;
#3921 = ORIENTED_EDGE ( 'NONE', *, *, #3321, .F. ) ;
#3922 = CARTESIAN_POINT ( 'NONE',  ( 242.6860955018565846, 60.98357665437308839, -48.95346718739040170 ) ) ;
#3923 = VECTOR ( 'NONE', #4552, 999.9999999999998863 ) ;
#3924 = CARTESIAN_POINT ( 'NONE',  ( 198.7174004952892119, 43.00000000000000000, 86.19403559619020427 ) ) ;
#3925 = CARTESIAN_POINT ( 'NONE',  ( 204.1709371877879562, 232.0511953438961825, -123.9087083678476375 ) ) ;
#3926 = DIRECTION ( 'NONE',  ( 8.454793657513041747E-17, 1.000000000000000000, -1.101850161660782349E-16 ) ) ;
#3927 = VERTEX_POINT ( 'NONE', #3807 ) ;
#3928 = CIRCLE ( 'NONE', #134, 25.00000000000000000 ) ;
#3929 = CARTESIAN_POINT ( 'NONE',  ( -91.39999999999997726, 40.20000000000000995, -78.00000000000000000 ) ) ;
#3930 = CARTESIAN_POINT ( 'NONE',  ( 33.19015588595632238, 193.0557721193975738, 115.3807667548021385 ) ) ;
#3931 =( BOUNDED_CURVE ( )  B_SPLINE_CURVE ( 3, ( #4998, #4194, #3038, #212 ),
 .UNSPECIFIED., .F., .T. ) 
 B_SPLINE_CURVE_WITH_KNOTS ( ( 4, 4 ),
 ( 2.804275607631817380, 3.478909699547765744 ),
 .UNSPECIFIED. ) 
 CURVE ( )  GEOMETRIC_REPRESENTATION_ITEM ( )  RATIONAL_B_SPLINE_CURVE ( ( 1.000000000000000000, 0.9624306679403271669, 0.9624306679403271669, 1.000000000000000000 ) ) 
 REPRESENTATION_ITEM ( '' )  );
#3932 = VECTOR ( 'NONE', #497, 1000.000000000000000 ) ;
#3933 = CARTESIAN_POINT ( 'NONE',  ( 185.5058396434948236, 213.8903902697655894, 89.95918067151492892 ) ) ;
#3934 = EDGE_CURVE ( 'NONE', #669, #4911, #3778, .T. ) ;
#3935 = CARTESIAN_POINT ( 'NONE',  ( -76.99427888082622928, 196.2071062200005827, 91.50722855468950456 ) ) ;
#3936 = EDGE_CURVE ( 'NONE', #1142, #3488, #3037, .T. ) ;
#3937 = ORIENTED_EDGE ( 'NONE', *, *, #1644, .T. ) ;
#3938 = VECTOR ( 'NONE', #1578, 1000.000000000000114 ) ;
#3939 = AXIS2_PLACEMENT_3D ( 'NONE', #4515, #641, #1445 ) ;
#3940 = CARTESIAN_POINT ( 'NONE',  ( -57.21330716719260323, 202.4313537734799979, 56.64295309606531248 ) ) ;
#3941 = EDGE_CURVE ( 'NONE', #3404, #2432, #2272, .T. ) ;
#3942 = EDGE_CURVE ( 'NONE', #585, #1817, #451, .T. ) ;
#3943 = CARTESIAN_POINT ( 'NONE',  ( 184.9428171153059282, 222.8813647008536805, 89.81597311352199142 ) ) ;
#3944 = ORIENTED_EDGE ( 'NONE', *, *, #186, .F. ) ;
#3945 = PLANE ( 'NONE',  #3272 ) ;
#3946 = FACE_OUTER_BOUND ( 'NONE', #3461, .T. ) ;
#3947 = VECTOR ( 'NONE', #3829, 1000.000000000000227 ) ;
#3948 = CARTESIAN_POINT ( 'NONE',  ( 175.4174627655928020, 238.1066114934733662, -145.5147108052214264 ) ) ;
#3949 = DIRECTION ( 'NONE',  ( 0.9914448613738103822, 0.000000000000000000, 0.1305261922200522950 ) ) ;
#3950 = ADVANCED_FACE ( 'NONE', ( #211 ), #1785, .T. ) ;
#3951 = AXIS2_PLACEMENT_3D ( 'NONE', #406, #2344, #429 ) ;
#3952 = DATE_AND_TIME ( #3543, #2691 ) ;
#3953 = VERTEX_POINT ( 'NONE', #1598 ) ;
#3954 = CARTESIAN_POINT ( 'NONE',  ( -85.00000000000000000, 43.00000000000000000, -24.00000000000000000 ) ) ;
#3955 = VERTEX_POINT ( 'NONE', #5068 ) ;
#3956 = DIRECTION ( 'NONE',  ( -6.123031769112026807E-17, 1.000000000000000000, -2.220446049250296318E-16 ) ) ;
#3957 = CARTESIAN_POINT ( 'NONE',  ( 199.7126295766759938, 43.00000000000000000, 88.59605481539189498 ) ) ;
#3958 = CARTESIAN_POINT ( 'NONE',  ( 201.0449838985874749, 229.2081152924391176, -130.3272030671280675 ) ) ;
#3959 = CARTESIAN_POINT ( 'NONE',  ( -74.02192771512473257, 208.2416347834423220, 95.00074192776416737 ) ) ;
#3960 = VECTOR ( 'NONE', #4656, 1000.000000000000000 ) ;
#3961 = EDGE_CURVE ( 'NONE', #3581, #1198, #3303, .T. ) ;
#3962 = ORIENTED_EDGE ( 'NONE', *, *, #1288, .T. ) ;
#3963 = DIRECTION ( 'NONE',  ( 1.000000000000000000, -0.000000000000000000, -0.000000000000000000 ) ) ;
#3964 = CARTESIAN_POINT ( 'NONE',  ( 62.00000855513859221, 45.19999999999999574, -5.607335668409995159E-07 ) ) ;
#3965 = CC_DESIGN_PERSON_AND_ORGANIZATION_ASSIGNMENT ( #512, #1239, ( #3798 ) ) ;
#3966 = LINE ( 'NONE', #4707, #3960 ) ;
#3967 = CARTESIAN_POINT ( 'NONE',  ( -82.30627669898404974, 197.3233045590895642, 76.65640515916683739 ) ) ;
#3968 = EDGE_LOOP ( 'NONE', ( #5014, #3684, #520, #2595, #1790, #4993, #4987 ) ) ;
#3969 = CARTESIAN_POINT ( 'NONE',  ( -74.89097669685646963, 220.1090233031436867, 56.64295309606533380 ) ) ;
#3970 = CARTESIAN_POINT ( 'NONE',  ( -34.99999999999993605, 260.0000000000000000, -98.11089324940252254 ) ) ;
#3971 = ORIENTED_EDGE ( 'NONE', *, *, #1132, .F. ) ;
#3972 = CARTESIAN_POINT ( 'NONE',  ( 189.4058578031911964, 231.1884118811219366, -151.0492704948538289 ) ) ;
#3973 = CARTESIAN_POINT ( 'NONE',  ( -74.89097669685632752, 220.1090233031435730, -124.1658102306183906 ) ) ;
#3974 = EDGE_CURVE ( 'NONE', #1346, #4687, #3190, .T. ) ;
#3975 = EDGE_CURVE ( 'NONE', #3523, #3910, #4281, .T. ) ;
#3976 = LINE ( 'NONE', #3672, #3457 ) ;
#3977 = APPLICATION_PROTOCOL_DEFINITION ( 'international standard', 'config_control_design', 1994, #692 ) ;
#3978 = VERTEX_POINT ( 'NONE', #2397 ) ;
#3979 = CARTESIAN_POINT ( 'NONE',  ( 200.3223304703364533, 252.6776695296635182, -98.11089324940266465 ) ) ;
#3980 = ORIENTED_EDGE ( 'NONE', *, *, #4108, .T. ) ;
#3981 = LINE ( 'NONE', #804, #1545 ) ;
#3982 = CARTESIAN_POINT ( 'NONE',  ( 191.0027266577210128, 254.7884344412119049, -119.3643783625145289 ) ) ;
#3983 = CARTESIAN_POINT ( 'NONE',  ( 201.8647482703414937, 230.2001762427586016, -128.6342996856434411 ) ) ;
#3984 = CARTESIAN_POINT ( 'NONE',  ( 87.58218559919164647, 221.1332672129680645, 91.31434238888424204 ) ) ;
#3985 = VERTEX_POINT ( 'NONE', #3542 ) ;
#3986 = DIRECTION ( 'NONE',  ( -0.005809298736038640693, 0.3328145016891080332, -0.9429744214524728996 ) ) ;
#3987 = CARTESIAN_POINT ( 'NONE',  ( 200.3223304703365102, 252.6776695296634614, -98.11089324940272149 ) ) ;
#3988 = B_SPLINE_CURVE_WITH_KNOTS ( 'NONE', 3,
 ( #446, #752, #3085, #477, #4789, #2819 ),
 .UNSPECIFIED., .F., .F.,
 ( 4, 2, 4 ),
 ( 0.000000000000000000, 0.5000000000000000000, 1.000000000000000000 ),
 .UNSPECIFIED. ) ;
#3989 = B_SPLINE_CURVE_WITH_KNOTS ( 'NONE', 3,
 ( #3579, #3933, #2765, #2688 ),
 .UNSPECIFIED., .F., .F.,
 ( 4, 4 ),
 ( 0.000000000000000000, 1.000000000000000000 ),
 .UNSPECIFIED. ) ;
#3990 = CARTESIAN_POINT ( 'NONE',  ( -82.26555863518784406, 199.6560408716516406, 70.11690526382184885 ) ) ;
#3991 = CARTESIAN_POINT ( 'NONE',  ( 43.43086101167467206, 184.6680758929974218, 114.5345333086056314 ) ) ;
#3992 = ORIENTED_EDGE ( 'NONE', *, *, #4142, .F. ) ;
#3993 = FACE_OUTER_BOUND ( 'NONE', #271, .T. ) ;
#3994 = CARTESIAN_POINT ( 'NONE',  ( -11.07128271203762715, 260.0000000000000000, 46.08964883255941203 ) ) ;
#3995 = DIRECTION ( 'NONE',  ( 1.000000000000000000, 0.000000000000000000, 2.220446049250315053E-16 ) ) ;
#3996 = VERTEX_POINT ( 'NONE', #1212 ) ;
#3997 = DIRECTION ( 'NONE',  ( 0.000000000000000000, 0.01745240643728350471, 0.9998476951563912696 ) ) ;
#3998 = CYLINDRICAL_SURFACE ( 'NONE', #3285, 2.602000000000000313 ) ;
#3999 = CARTESIAN_POINT ( 'NONE',  ( 177.4806807992993072, 253.8633053429625761, 60.54140709060395409 ) ) ;
#4000 = ORIENTED_EDGE ( 'NONE', *, *, #421, .F. ) ;
#4001 = CARTESIAN_POINT ( 'NONE',  ( 210.8494105309362681, 233.0175173260923600, 70.52853686211923900 ) ) ;
#4002 = ORIENTED_EDGE ( 'NONE', *, *, #3293, .F. ) ;
#4003 = EDGE_CURVE ( 'NONE', #3116, #3673, #2322, .T. ) ;
#4004 = CARTESIAN_POINT ( 'NONE',  ( 222.0200627908278932, 212.0945928979982114, 74.36901711692215144 ) ) ;
#4005 = CARTESIAN_POINT ( 'NONE',  ( -69.10068030712997711, 218.8211855625670239, 80.77080804611439646 ) ) ;
#4006 = CARTESIAN_POINT ( 'NONE',  ( 202.4461522975690855, 230.8347562944568665, -127.4363494867582176 ) ) ;
#4007 = CARTESIAN_POINT ( 'NONE',  ( -76.17532183442354210, 208.7458870251564633, 92.66191991238129333 ) ) ;
#4008 = ADVANCED_FACE ( 'NONE', ( #306 ), #4290, .F. ) ;
#4009 = EDGE_LOOP ( 'NONE', ( #2398, #3702, #1768, #4977 ) ) ;
#4010 = LINE ( 'NONE', #464, #3093 ) ;
#4011 = DIRECTION ( 'NONE',  ( 6.123031769111878895E-17, -1.000000000000000000, 2.220446049250309876E-16 ) ) ;
#4012 = AXIS2_PLACEMENT_3D ( 'NONE', #3629, #970, #2099 ) ;
#4013 = CARTESIAN_POINT ( 'NONE',  ( 210.0493375841776924, 242.7904742443597854, -111.6266719966557588 ) ) ;
#4014 = EDGE_LOOP ( 'NONE', ( #892, #1690, #3869, #1588, #2871, #682, #643 ) ) ;
#4015 = CARTESIAN_POINT ( 'NONE',  ( -4.906698070205751883, 235.0000000000001705, -115.9843788128360558 ) ) ;
#4016 = ORIENTED_EDGE ( 'NONE', *, *, #3226, .T. ) ;
#4017 = AXIS2_PLACEMENT_3D ( 'NONE', #2373, #408, #1915 ) ;
#4018 = CARTESIAN_POINT ( 'NONE',  ( -31.15078683064884402, 254.6738251612568718, -121.1573179590390907 ) ) ;
#4019 = DIRECTION ( 'NONE',  ( -4.307331433884064998E-16, 0.000000000000000000, 1.000000000000000000 ) ) ;
#4020 = AXIS2_PLACEMENT_3D ( 'NONE', #1533, #4011, #4678 ) ;
#4021 = CARTESIAN_POINT ( 'NONE',  ( 154.9766750101219941, 42.66669077773996577, -117.9982015319202020 ) ) ;
#4022 = LINE ( 'NONE', #3852, #3045 ) ;
#4023 = EDGE_LOOP ( 'NONE', ( #2863, #4338, #4638, #2359 ) ) ;
#4024 = CARTESIAN_POINT ( 'NONE',  ( 177.8000000000000114, 45.19999999999999574, 242.0604443032840152 ) ) ;
#4025 = CARTESIAN_POINT ( 'NONE',  ( -52.25078064019433555, 200.7644377972083305, -165.2462114948861256 ) ) ;
#4026 = PRODUCT_DEFINITION_FORMATION_WITH_SPECIFIED_SOURCE ( 'ANY', '', #4449, .NOT_KNOWN. ) ;
#4027 = VECTOR ( 'NONE', #4772, 1000.000000000000000 ) ;
#4028 = CARTESIAN_POINT ( 'NONE',  ( -41.72950802060932318, 184.9245985171827442, 89.42339963779727441 ) ) ;
#4029 = CARTESIAN_POINT ( 'NONE',  ( 243.0000000000000000, 43.00000000000000000, 15.37500000000000000 ) ) ;
#4030 = ORIENTED_EDGE ( 'NONE', *, *, #4424, .T. ) ;
#4031 = VECTOR ( 'NONE', #4211, 1000.000000000000000 ) ;
#4032 = CARTESIAN_POINT ( 'NONE',  ( 210.8801743058989757, 225.9805045688022744, 82.24869438935515120 ) ) ;
#4033 = CARTESIAN_POINT ( 'NONE',  ( 182.6446609406726509, 260.0000000000000000, 28.72697061619103209 ) ) ;
#4034 = VECTOR ( 'NONE', #577, 1000.000000000000114 ) ;
#4035 = CARTESIAN_POINT ( 'NONE',  ( 486.2811353838490618, 250.6173761888605327, -135.5060990489116080 ) ) ;
#4036 = CARTESIAN_POINT ( 'NONE',  ( -84.96159885715792370, 45.19999999999998863, -137.9661680024662473 ) ) ;
#4037 = CARTESIAN_POINT ( 'NONE',  ( 149.9999999999997442, 45.19999999999999574, 88.00000000000000000 ) ) ;
#4038 = ORIENTED_EDGE ( 'NONE', *, *, #1771, .T. ) ;
#4039 = DIRECTION ( 'NONE',  ( 6.123031769111878895E-17, -1.000000000000000000, 2.220446049250309876E-16 ) ) ;
#4040 = CARTESIAN_POINT ( 'NONE',  ( -66.49648866886977316, 193.9048498153425157, 101.4295741249804905 ) ) ;
#4041 = EDGE_CURVE ( 'NONE', #2524, #4070, #4715, .T. ) ;
#4042 = AXIS2_PLACEMENT_3D ( 'NONE', #4188, #2628, #3753 ) ;
#4043 = ADVANCED_FACE ( 'NONE', ( #3513 ), #3110, .F. ) ;
#4044 = FACE_OUTER_BOUND ( 'NONE', #1414, .T. ) ;
#4045 = ORIENTED_EDGE ( 'NONE', *, *, #2870, .T. ) ;
#4046 = DIRECTION ( 'NONE',  ( -0.9914448613738099381, 0.000000000000000000, -0.1305261922200555702 ) ) ;
#4047 = EDGE_LOOP ( 'NONE', ( #1069, #3047, #453, #943 ) ) ;
#4048 = AXIS2_PLACEMENT_3D ( 'NONE', #5084, #4379, #1181 ) ;
#4049 = CARTESIAN_POINT ( 'NONE',  ( -20.83843960159644837, 253.6852089523216023, -129.5490225474881356 ) ) ;
#4050 = DIRECTION ( 'NONE',  ( -1.000000000000000000, -6.123031769111888756E-17, -2.220446049250315053E-16 ) ) ;
#4051 = VECTOR ( 'NONE', #1277, 1000.000000000000114 ) ;
#4052 = CARTESIAN_POINT ( 'NONE',  ( -69.02613859613910563, 219.1816561298002171, -146.7683322518110458 ) ) ;
#4053 = ORIENTED_EDGE ( 'NONE', *, *, #503, .F. ) ;
#4054 = CARTESIAN_POINT ( 'NONE',  ( -91.39999999999999147, 45.19800000000000040, -135.4000000000000341 ) ) ;
#4055 = CARTESIAN_POINT ( 'NONE',  ( 177.8000000000000114, 45.20000000000003126, -4.233333333333409776 ) ) ;
#4056 = CARTESIAN_POINT ( 'NONE',  ( 193.7171937781219526, 254.7961824605061736, 45.66163131334889158 ) ) ;
#4057 = CARTESIAN_POINT ( 'NONE',  ( -42.50055559938205363, 204.2638499739974236, -165.1851290281296656 ) ) ;
#4058 = EDGE_LOOP ( 'NONE', ( #4871, #2569, #1456, #2975 ) ) ;
#4059 = CARTESIAN_POINT ( 'NONE',  ( 218.5298176552990981, 212.9001931350052814, 77.39253137181439968 ) ) ;
#4060 = CARTESIAN_POINT ( 'NONE',  ( 200.3223304703362828, 252.6776695296636888, 28.72697061619089354 ) ) ;
#4061 = CARTESIAN_POINT ( 'NONE',  ( 232.8909766968560575, 220.1090233031441983, 32.71825707460981647 ) ) ;
#4062 = DIRECTION ( 'NONE',  ( -0.005592798889284130229, 0.9998320577164020451, -0.01745213348475320100 ) ) ;
#4063 = CARTESIAN_POINT ( 'NONE',  ( 197.8009810231183110, 222.9258511628042356, -137.1189726384918117 ) ) ;
#4064 = CARTESIAN_POINT ( 'NONE',  ( -78.28593323905539592, 209.3895077266268174, 89.81791455042576899 ) ) ;
#4065 = VERTEX_POINT ( 'NONE', #4690 ) ;
#4066 = LINE ( 'NONE', #1691, #4185 ) ;
#4067 = CARTESIAN_POINT ( 'NONE',  ( 215.2133071671932498, 202.4313537734803674, -40.63669162919148192 ) ) ;
#4068 = EDGE_CURVE ( 'NONE', #809, #2073, #3895, .T. ) ;
#4069 = CARTESIAN_POINT ( 'NONE',  ( 240.2094995461023927, 202.8676639344121782, 32.71825707460983779 ) ) ;
#4070 = VERTEX_POINT ( 'NONE', #3492 ) ;
#4071 = LINE ( 'NONE', #2901, #133 ) ;
#4073 = EDGE_CURVE ( 'NONE', #22, #3628, #1138, .T. ) ;
#4072 = ORIENTED_EDGE ( 'NONE', *, *, #3018, .T. ) ;
#4074 = DIRECTION ( 'NONE',  ( -1.000000000000000000, 0.000000000000000000, 0.000000000000000000 ) ) ;
#4075 = CARTESIAN_POINT ( 'NONE',  ( 169.0712827120445070, 259.9999999999998863, 46.08964883256698641 ) ) ;
#4076 = CARTESIAN_POINT ( 'NONE',  ( -69.72061224015149605, 219.3144726252325256, -145.5088107261942980 ) ) ;
#4077 = EDGE_CURVE ( 'NONE', #3206, #311, #1166, .T. ) ;
#4078 = ORIENTED_EDGE ( 'NONE', *, *, #3148, .F. ) ;
#4079 = CARTESIAN_POINT ( 'NONE',  ( 175.5937696623695672, 208.5127687782625401, -160.0485128653801041 ) ) ;
#4080 = EDGE_CURVE ( 'NONE', #2288, #409, #4355, .T. ) ;
#4081 = DIRECTION ( 'NONE',  ( -1.000000000000000000, -0.000000000000000000, -2.220446049250315053E-16 ) ) ;
#4082 = CARTESIAN_POINT ( 'NONE',  ( 196.0664814247095080, 254.4612808014115046, 41.46357359683543109 ) ) ;
#4083 = CARTESIAN_POINT ( 'NONE',  ( -29.63873945468138871, 254.8571960655755504, 53.02100127878224356 ) ) ;
#4084 = APPROVAL_ROLE ( '' ) ;
#4085 = ORIENTED_EDGE ( 'NONE', *, *, #884, .F. ) ;
#4086 = LINE ( 'NONE', #3591, #463 ) ;
#4087 = ORIENTED_EDGE ( 'NONE', *, *, #3300, .F. ) ;
#4088 = CARTESIAN_POINT ( 'NONE',  ( -84.91621568834456468, 47.80000000000001137, -72.54508998178239665 ) ) ;
#4089 = EDGE_CURVE ( 'NONE', #2262, #3978, #2298, .T. ) ;
#4090 = DIRECTION ( 'NONE',  ( 0.000000000000000000, 1.000000000000000000, -5.551115123125779004E-17 ) ) ;
#4091 = FACE_OUTER_BOUND ( 'NONE', #1914, .T. ) ;
#4092 = CARTESIAN_POINT ( 'NONE',  ( -74.34247912922867840, 208.3098971914611752, 94.67863759515832101 ) ) ;
#4093 = EDGE_LOOP ( 'NONE', ( #2144, #1059, #885, #3510 ) ) ;
#4094 = CARTESIAN_POINT ( 'NONE',  ( -40.00265215142218977, 200.1145512644782229, 109.3303846304472131 ) ) ;
#4095 = CARTESIAN_POINT ( 'NONE',  ( -57.34450560722442702, 185.3609086784668136, 108.9421466214836727 ) ) ;
#4096 = CARTESIAN_POINT ( 'NONE',  ( 64.99852728656189527, 0.2000000000000057288, 22.77607596902185705 ) ) ;
#4097 = ORIENTED_EDGE ( 'NONE', *, *, #3018, .F. ) ;
#4098 = DIRECTION ( 'NONE',  ( 0.000000000000000000, -0.000000000000000000, -1.000000000000000000 ) ) ;
#4099 = CIRCLE ( 'NONE', #2030, 5.000000000000004441 ) ;
#4100 = CARTESIAN_POINT ( 'NONE',  ( -5.559106217744561818, 251.2697843363991410, 65.48304199737219733 ) ) ;
#4101 = CARTESIAN_POINT ( 'NONE',  ( 232.2369755346182103, 220.7630244653822729, 39.35150883647813203 ) ) ;
#4102 = DIRECTION ( 'NONE',  ( 0.000000000000000000, -0.01745240643728357757, 0.9998476951563912696 ) ) ;
#4103 = CARTESIAN_POINT ( 'NONE',  ( -77.38278520850457198, 211.9063538375095561, -151.2702729379490165 ) ) ;
#4104 = ORIENTED_EDGE ( 'NONE', *, *, #950, .T. ) ;
#4105 = VECTOR ( 'NONE', #61, 1000.000000000000000 ) ;
#4106 = EDGE_CURVE ( 'NONE', #3581, #3027, #5045, .T. ) ;
#4107 = CARTESIAN_POINT ( 'NONE',  ( 37.23606994962068484, 193.1973720700584636, 115.2593953685201882 ) ) ;
#4108 = EDGE_CURVE ( 'NONE', #4381, #3788, #3874, .T. ) ;
#4109 = CIRCLE ( 'NONE', #1877, 2.602000000000000757 ) ;
#4110 = CARTESIAN_POINT ( 'NONE',  ( -94.00000000000000000, -19.80000000000000426, -130.3999999999999773 ) ) ;
#4111 = ADVANCED_FACE ( 'NONE', ( #404 ), #376, .T. ) ;
#4112 = DIRECTION ( 'NONE',  ( 1.094909215936413931E-16, 1.094909215936413931E-16, -1.000000000000000000 ) ) ;
#4113 = ORIENTED_EDGE ( 'NONE', *, *, #2113, .F. ) ;
#4114 = LINE ( 'NONE', #2014, #4673 ) ;
#4115 = CARTESIAN_POINT ( 'NONE',  ( 177.7765036228976214, 260.0000000000000000, 52.52607324455765081 ) ) ;
#4116 = LINE ( 'NONE', #2094, #1063 ) ;
#4117 = AXIS2_PLACEMENT_3D ( 'NONE', #4735, #2724, #746 ) ;
#4118 = FACE_OUTER_BOUND ( 'NONE', #2281, .T. ) ;
#4119 = AXIS2_PLACEMENT_3D ( 'NONE', #2142, #1012, #3725 ) ;
#4120 = CARTESIAN_POINT ( 'NONE',  ( 197.8175103199369289, 222.9471938161469780, -137.0848571477180258 ) ) ;
#4121 = CARTESIAN_POINT ( 'NONE',  ( 165.6802374993369540, 206.2627751755251495, -163.5726722315285144 ) ) ;
#4122 = ORIENTED_EDGE ( 'NONE', *, *, #3325, .F. ) ;
#4123 = DIRECTION ( 'NONE',  ( -0.000000000000000000, -2.220446049250315053E-16, -1.000000000000000000 ) ) ;
#4124 = CARTESIAN_POINT ( 'NONE',  ( 177.8000000000000398, 45.20000000000000995, -4.233333333333417769 ) ) ;
#4125 = AXIS2_PLACEMENT_3D ( 'NONE', #3255, #3288, #3733 ) ;
#4126 = CARTESIAN_POINT ( 'NONE',  ( 198.3467415520963470, 242.0802847657920722, -135.2650866541167431 ) ) ;
#4127 = ORIENTED_EDGE ( 'NONE', *, *, #1923, .F. ) ;
#4128 = CARTESIAN_POINT ( 'NONE',  ( -18.25286821886233923, 253.2881414256830226, -130.9753670735342723 ) ) ;
#4129 = FACE_OUTER_BOUND ( 'NONE', #1145, .T. ) ;
#4130 = CARTESIAN_POINT ( 'NONE',  ( -41.51476874334673539, 253.4852312566532930, -102.7947512665908221 ) ) ;
#4131 = CARTESIAN_POINT ( 'NONE',  ( -68.06902309124282624, 219.0919934140741532, -148.1337072852927577 ) ) ;
#4132 = VECTOR ( 'NONE', #1880, 1000.000000000000227 ) ;
#4133 = EDGE_LOOP ( 'NONE', ( #4730, #339, #5041, #2705 ) ) ;
#4134 = CARTESIAN_POINT ( 'NONE',  ( 203.1683993407557978, 249.8316006592439464, -105.7107036673649390 ) ) ;
#4135 = VECTOR ( 'NONE', #2620, 1000.000000000000000 ) ;
#4136 = LINE ( 'NONE', #4540, #4681 ) ;
#4137 = CARTESIAN_POINT ( 'NONE',  ( -52.25078064019433555, 200.7644377972083305, -165.2462114948861256 ) ) ;
#4138 = ORIENTED_EDGE ( 'NONE', *, *, #3532, .F. ) ;
#4139 = CARTESIAN_POINT ( 'NONE',  ( 189.1567669164201959, 214.1075882522542315, 89.67068921694928463 ) ) ;
#4140 = CARTESIAN_POINT ( 'NONE',  ( 126.8848169835904116, 45.19999999999999574, 87.57926372120830649 ) ) ;
#4141 = ADVANCED_FACE ( 'NONE', ( #2750 ), #873, .F. ) ;
#4142 = EDGE_CURVE ( 'NONE', #1447, #4381, #3707, .T. ) ;
#4143 = CARTESIAN_POINT ( 'NONE',  ( 191.4472431546575137, 214.2158090053409296, 89.35394107242269968 ) ) ;
#4144 = CARTESIAN_POINT ( 'NONE',  ( -57.21330716719278087, 202.4313537734798842, -124.1658102306184475 ) ) ;
#4145 = FACE_OUTER_BOUND ( 'NONE', #1642, .T. ) ;
#4146 = DIRECTION ( 'NONE',  ( 0.9914448613738103822, 0.000000000000000000, 0.1305261922200522950 ) ) ;
#4147 = CARTESIAN_POINT ( 'NONE',  ( 179.2830900837095953, 209.9802303972431332, -157.7262237728788534 ) ) ;
#4148 = ORIENTED_EDGE ( 'NONE', *, *, #4106, .T. ) ;
#4149 = DIRECTION ( 'NONE',  ( 1.066701599370823895E-14, -2.187571639334697656E-16, -1.000000000000000000 ) ) ;
#4150 = LINE ( 'NONE', #2127, #640 ) ;
#4151 = CARTESIAN_POINT ( 'NONE',  ( 195.9482208213213141, 254.3797562530999414, -111.3230210559493258 ) ) ;
#4152 = VERTEX_POINT ( 'NONE', #3247 ) ;
#4153 = CARTESIAN_POINT ( 'NONE',  ( -63.42330592238026554, 219.2634341756241554, -152.3091487078531827 ) ) ;
#4154 = PERSON ( 'UNSPECIFIED', 'UNSPECIFIED', 'UNSPECIFIED', ('UNSPECIFIED'), ('UNSPECIFIED'), ('UNSPECIFIED') ) ;
#4155 = DIRECTION ( 'NONE',  ( -6.123031769111878895E-17, 1.000000000000000000, -2.220446049250309876E-16 ) ) ;
#4156 = CARTESIAN_POINT ( 'NONE',  ( -73.93985337718686424, 211.7802625406557127, -155.5901164964826080 ) ) ;
#4157 = VERTEX_POINT ( 'NONE', #2473 ) ;
#4158 = CARTESIAN_POINT ( 'NONE',  ( 186.2404239073978829, 248.4177850113602517, -133.1472051858497707 ) ) ;
#4159 = EDGE_CURVE ( 'NONE', #3523, #3281, #1348, .T. ) ;
#4160 = LINE ( 'NONE', #3770, #2947 ) ;
#4161 = CARTESIAN_POINT ( 'NONE',  ( 185.0492585574280042, 229.7796319967154375, 83.90317257424364072 ) ) ;
#4162 = ADVANCED_FACE ( 'NONE', ( #3309 ), #94, .T. ) ;
#4163 = ORIENTED_EDGE ( 'NONE', *, *, #3245, .F. ) ;
#4164 = LINE ( 'NONE', #258, #1049 ) ;
#4165 = CARTESIAN_POINT ( 'NONE',  ( -41.35177470908953268, 253.4219093395224718, -102.7082568678283110 ) ) ;
#4166 = CARTESIAN_POINT ( 'NONE',  ( -13.16192566780960860, 260.0000000000000000, 55.90940693312563781 ) ) ;
#4167 = DIRECTION ( 'NONE',  ( 0.000000000000000000, 1.000000000000000000, 9.436895709313874770E-15 ) ) ;
#4168 = CARTESIAN_POINT ( 'NONE',  ( -82.02744019798971919, 213.2978370015712812, 73.19354990896727031 ) ) ;
#4169 = CARTESIAN_POINT ( 'NONE',  ( -82.00000000000000000, 47.80000000000000426, -73.00000000000000000 ) ) ;
#4170 = CARTESIAN_POINT ( 'NONE',  ( 186.9627757157682026, 213.6810926796969170, -151.8556548080460402 ) ) ;
#4171 = ORIENTED_EDGE ( 'NONE', *, *, #3975, .F. ) ;
#4172 = CARTESIAN_POINT ( 'NONE',  ( 232.2369755346182103, 220.7630244653822160, 39.35150883647812492 ) ) ;
#4173 = ORIENTED_EDGE ( 'NONE', *, *, #689, .T. ) ;
#4174 = CARTESIAN_POINT ( 'NONE',  ( 211.5002451612673156, 26.70029547157462702, 80.89924423245619778 ) ) ;
#4175 = EDGE_CURVE ( 'NONE', #628, #2911, #2062, .T. ) ;
#4176 = CARTESIAN_POINT ( 'NONE',  ( -39.73005273855272890, 200.0304500013208724, 109.4024714274392096 ) ) ;
#4177 = EDGE_CURVE ( 'NONE', #4186, #81, #3976, .T. ) ;
#4178 = ORIENTED_EDGE ( 'NONE', *, *, #719, .T. ) ;
#4179 = PLANE ( 'NONE',  #1462 ) ;
#4180 = CARTESIAN_POINT ( 'NONE',  ( 199.7125663743922814, 17.70029221694985466, 88.59608099268815806 ) ) ;
#4181 = CARTESIAN_POINT ( 'NONE',  ( 57.04311706350884492, 187.6829695921643975, 109.4072009839205748 ) ) ;
#4182 = ORIENTED_EDGE ( 'NONE', *, *, #3666, .F. ) ;
#4183 = PLANE ( 'NONE',  #3939 ) ;
#4184 = CARTESIAN_POINT ( 'NONE',  ( 222.4752329861315445, 34.70000000000000284, 72.47523298613170084 ) ) ;
#4185 = VECTOR ( 'NONE', #4879, 1000.000000000000000 ) ;
#4186 = VERTEX_POINT ( 'NONE', #119 ) ;
#4187 = DIRECTION ( 'NONE',  ( 0.7848796859600677411, 0.6196481893520107143, 0.000000000000000000 ) ) ;
#4188 = CARTESIAN_POINT ( 'NONE',  ( -114.5524090462144073, 45.19999999999999574, 242.0604443032840152 ) ) ;
#4189 = CARTESIAN_POINT ( 'NONE',  ( -33.06469335998751546, 254.9883963583939988, 49.59571414149606738 ) ) ;
#4190 = AXIS2_PLACEMENT_3D ( 'NONE', #3511, #1985, #718 ) ;
#4191 = PRODUCT_RELATED_PRODUCT_CATEGORY ( 'detail', '', ( #4449 ) ) ;
#4192 = CC_DESIGN_PERSON_AND_ORGANIZATION_ASSIGNMENT ( #4291, #751, ( #4449 ) ) ;
#4193 = DIRECTION ( 'NONE',  ( 1.000000000000000000, 0.000000000000000000, 0.000000000000000000 ) ) ;
#4194 = CARTESIAN_POINT ( 'NONE',  ( -52.83216076608017886, 45.19999999999999574, 115.6850939294402991 ) ) ;
#4195 = CARTESIAN_POINT ( 'NONE',  ( 193.6333996320024653, 218.4998970424999811, -144.1829755372918385 ) ) ;
#4196 = ORIENTED_EDGE ( 'NONE', *, *, #4966, .F. ) ;
#4197 = VECTOR ( 'NONE', #3426, 1000.000000000000000 ) ;
#4198 = DIRECTION ( 'NONE',  ( -0.000000000000000000, 0.000000000000000000, -1.000000000000000000 ) ) ;
#4199 = ORIENTED_EDGE ( 'NONE', *, *, #3762, .T. ) ;
#4200 = CARTESIAN_POINT ( 'NONE',  ( -66.54486656594012572, 216.1239234095695849, 87.76572763557490475 ) ) ;
#4201 = CIRCLE ( 'NONE', #1220, 5.000000000000004441 ) ;
#4202 = CARTESIAN_POINT ( 'NONE',  ( 62.00200000000000955, 15.76603773584909440, -108.6855345911949513 ) ) ;
#4203 = VERTEX_POINT ( 'NONE', #1656 ) ;
#4204 = FACE_OUTER_BOUND ( 'NONE', #2519, .T. ) ;
#4205 = VECTOR ( 'NONE', #1681, 1000.000000000000114 ) ;
#4206 = EDGE_CURVE ( 'NONE', #3092, #1374, #2498, .T. ) ;
#4207 = VECTOR ( 'NONE', #1039, 1000.000000000000000 ) ;
#4208 = CARTESIAN_POINT ( 'NONE',  ( 149.5151039176281813, 7.700179246586828619, -181.5354496558689164 ) ) ;
#4209 = CARTESIAN_POINT ( 'NONE',  ( 61.15809202869780137, 189.1534922350749355, 106.8948552906888665 ) ) ;
#4210 = ORIENTED_EDGE ( 'NONE', *, *, #861, .F. ) ;
#4211 = DIRECTION ( 'NONE',  ( 0.9914448613738107152, 0.000000000000000000, -0.1305261922200496860 ) ) ;
#4212 = VECTOR ( 'NONE', #2336, 1000.000000000000000 ) ;
#4213 = CARTESIAN_POINT ( 'NONE',  ( 62.59654126449200362, 45.19999999999999574, 23.77129615526721196 ) ) ;
#4214 = ORIENTED_EDGE ( 'NONE', *, *, #773, .T. ) ;
#4215 = DIRECTION ( 'NONE',  ( 0.6919023999939629688, 0.7219910448770082700, 0.000000000000000000 ) ) ;
#4216 = CARTESIAN_POINT ( 'NONE',  ( 215.2133071671931077, 202.4313537734803390, 32.71825707460985200 ) ) ;
#4217 = CARTESIAN_POINT ( 'NONE',  ( 195.6120596501974376, 214.3533284675684172, 88.53857005855367390 ) ) ;
#4218 = AXIS2_PLACEMENT_3D ( 'NONE', #2716, #1979, #2431 ) ;
#4219 = CARTESIAN_POINT ( 'NONE',  ( -82.24998126946462662, 200.5484675562404959, -135.2545504147730355 ) ) ;
#4220 = LINE ( 'NONE', #4622, #3111 ) ;
#4221 = CARTESIAN_POINT ( 'NONE',  ( 175.3527978087003021, 208.5768812382149804, -159.9444416492075050 ) ) ;
#4222 = VERTEX_POINT ( 'NONE', #4817 ) ;
#4223 = CARTESIAN_POINT ( 'NONE',  ( 240.0239965245404790, 212.9760034753904847, 35.13640236622514834 ) ) ;
#4224 = VERTEX_POINT ( 'NONE', #3187 ) ;
#4225 = CARTESIAN_POINT ( 'NONE',  ( 198.7171483380490145, 43.00000000000000000, 86.19410316151909512 ) ) ;
#4226 = EDGE_CURVE ( 'NONE', #3055, #4203, #5060, .T. ) ;
#4227 = CARTESIAN_POINT ( 'NONE',  ( 186.2381889565193944, 254.5136651373188670, -124.0693086064328980 ) ) ;
#4228 = EDGE_LOOP ( 'NONE', ( #1438, #333, #4496, #2469 ) ) ;
#4229 = DIRECTION ( 'NONE',  ( -0.01745179249791745449, -0.9998125225936650429, 0.008387765107678819138 ) ) ;
#4230 = CARTESIAN_POINT ( 'NONE',  ( 226.7922867330426300, 226.2077132669574553, 51.41550455565356970 ) ) ;
#4231 = EDGE_CURVE ( 'NONE', #3673, #4317, #2187, .T. ) ;
#4232 = CARTESIAN_POINT ( 'NONE',  ( -26.43272510185108359, 254.4266570346005381, -125.9307931075741323 ) ) ;
#4233 = CARTESIAN_POINT ( 'NONE',  ( 243.0000000000000000, 43.00000000000002842, 1.999999999999898082 ) ) ;
#4234 = EDGE_CURVE ( 'NONE', #1346, #30, #1807, .T. ) ;
#4235 = EDGE_LOOP ( 'NONE', ( #3156, #2641, #247, #180 ) ) ;
#4236 = DIRECTION ( 'NONE',  ( -2.220446049250315053E-16, 2.220446049250309876E-16, 1.000000000000000000 ) ) ;
#4237 = EDGE_CURVE ( 'NONE', #2810, #4222, #4160, .T. ) ;
#4238 = DIRECTION ( 'NONE',  ( 0.000000000000000000, 1.000000000000000000, -2.220446049250315053E-16 ) ) ;
#4239 = ORIENTED_EDGE ( 'NONE', *, *, #3300, .T. ) ;
#4240 = ORIENTED_EDGE ( 'NONE', *, *, #3705, .F. ) ;
#4241 = PLANE ( 'NONE',  #375 ) ;
#4242 = CARTESIAN_POINT ( 'NONE',  ( 213.4580936153671757, 213.6767829326946639, 80.99717111390769730 ) ) ;
#4243 = CARTESIAN_POINT ( 'NONE',  ( 35.77347157614361350, 200.0092751788739349, 109.4206212752509799 ) ) ;
#4244 = DIRECTION ( 'NONE',  ( 0.000000000000000000, 0.9429903335828895283, 0.3328201177351374773 ) ) ;
#4245 = CYLINDRICAL_SURFACE ( 'NONE', #3477, 25.00000000000000000 ) ;
#4246 = ADVANCED_FACE ( 'NONE', ( #2953 ), #3823, .F. ) ;
#4247 = EDGE_LOOP ( 'NONE', ( #3123, #2892, #4969, #4542 ) ) ;
#4248 = DIRECTION ( 'NONE',  ( 0.9238795325112865164, 0.000000000000000000, 0.3826834323650902814 ) ) ;
#4249 = ORIENTED_EDGE ( 'NONE', *, *, #314, .F. ) ;
#4250 = PLANE ( 'NONE',  #1218 ) ;
#4251 = CARTESIAN_POINT ( 'NONE',  ( -57.34450560743177761, 185.3609086781151518, 108.9421466213256764 ) ) ;
#4252 = ORIENTED_EDGE ( 'NONE', *, *, #5017, .T. ) ;
#4253 = FACE_OUTER_BOUND ( 'NONE', #654, .T. ) ;
#4254 = CARTESIAN_POINT ( 'NONE',  ( 196.5900513903210083, 251.8979142871636725, -117.8114296867020983 ) ) ;
#4255 = CARTESIAN_POINT ( 'NONE',  ( 49.50721924262539630, 185.7090495531260785, 112.7699146970188764 ) ) ;
#4256 = ORIENTED_EDGE ( 'NONE', *, *, #1677, .F. ) ;
#4257 = DIRECTION ( 'NONE',  ( -0.9998476951563913806, 0.01745240643728357757, 0.000000000000000000 ) ) ;
#4258 = LINE ( 'NONE', #3771, #1237 ) ;
#4259 = ORIENTED_EDGE ( 'NONE', *, *, #3246, .F. ) ;
#4260 = LINE ( 'NONE', #5091, #2936 ) ;
#4261 = CARTESIAN_POINT ( 'NONE',  ( -82.20949954610243537, 202.8676639344119792, -124.1658102306185896 ) ) ;
#4262 = ADVANCED_FACE ( 'NONE', ( #4943 ), #1421, .T. ) ;
#4263 = VECTOR ( 'NONE', #3711, 1000.000000000000000 ) ;
#4264 = CARTESIAN_POINT ( 'NONE',  ( 100.0652381821159906, 213.3929306074668375, 65.02197213183963242 ) ) ;
#4265 = ADVANCED_FACE ( 'NONE', ( #3360 ), #4967, .F. ) ;
#4266 = DIRECTION ( 'NONE',  ( 6.123031769111878895E-17, -1.000000000000000000, 2.220446049250309876E-16 ) ) ;
#4267 = EDGE_LOOP ( 'NONE', ( #2437, #1302, #2293, #2782, #4078, #1999, #1633, #1216, #1310 ) ) ;
#4268 = CARTESIAN_POINT ( 'NONE',  ( 38.00000000000000000, 24.12857142857149739, -112.9999999999998721 ) ) ;
#4269 = ORIENTED_EDGE ( 'NONE', *, *, #3872, .F. ) ;
#4270 = DIRECTION ( 'NONE',  ( 0.000000000000000000, -2.220446049250315053E-16, -1.000000000000000000 ) ) ;
#4271 = AXIS2_PLACEMENT_3D ( 'NONE', #91, #3307, #3670 ) ;
#4272 = CARTESIAN_POINT ( 'NONE',  ( 182.6446609406726509, 260.0000000000000000, -98.11089324940253675 ) ) ;
#4273 = VECTOR ( 'NONE', #3498, 1000.000000000000000 ) ;
#4274 = CARTESIAN_POINT ( 'NONE',  ( -54.96616800246623313, 45.19999999999999574, -167.9615988571580090 ) ) ;
#4275 = ORIENTED_EDGE ( 'NONE', *, *, #1183, .F. ) ;
#4276 = CYLINDRICAL_SURFACE ( 'NONE', #4431, 49.99999999999999289 ) ;
#4277 = CARTESIAN_POINT ( 'NONE',  ( 234.9630998100972761, 205.5139594322820358, -62.82721182215132671 ) ) ;
#4278 = AXIS2_PLACEMENT_3D ( 'NONE', #517, #3653, #1715 ) ;
#4279 = EDGE_CURVE ( 'NONE', #3129, #4839, #4136, .T. ) ;
#4280 = CARTESIAN_POINT ( 'NONE',  ( -82.21754487930759581, 202.4067471037802761, 61.51111629625011545 ) ) ;
#4281 = CIRCLE ( 'NONE', #4926, 2.602000000000000313 ) ;
#4282 = CARTESIAN_POINT ( 'NONE',  ( -62.09274327872972776, 219.4816569786295304, -152.9756561130907642 ) ) ;
#4283 = ORIENTED_EDGE ( 'NONE', *, *, #4234, .T. ) ;
#4284 = AXIS2_PLACEMENT_3D ( 'NONE', #980, #1441, #559 ) ;
#4285 = DIRECTION ( 'NONE',  ( -0.2831922132860472119, -0.7489025182966533301, -0.5991220146373196220 ) ) ;
#4286 = ORIENTED_EDGE ( 'NONE', *, *, #5000, .F. ) ;
#4287 = CARTESIAN_POINT ( 'NONE',  ( 208.1096905817613276, 233.1789483702872872, 72.67526136449072283 ) ) ;
#4288 = CARTESIAN_POINT ( 'NONE',  ( -71.57013998060770632, 220.3750774445709624, -139.7872716495413385 ) ) ;
#4289 = CARTESIAN_POINT ( 'NONE',  ( 153.2258954685100036, 220.3821277584581537, -159.6942977932336873 ) ) ;
#4290 = PLANE ( 'NONE',  #3540 ) ;
#4291 = PERSON_AND_ORGANIZATION ( #4154, #3100 ) ;
#4292 = LINE ( 'NONE', #3875, #2964 ) ;
#4293 = EDGE_CURVE ( 'NONE', #585, #462, #473, .T. ) ;
#4294 = ORIENTED_EDGE ( 'NONE', *, *, #2981, .F. ) ;
#4295 = DIRECTION ( 'NONE',  ( 0.000000000000000000, 0.000000000000000000, -1.000000000000000000 ) ) ;
#4296 = ORIENTED_EDGE ( 'NONE', *, *, #503, .T. ) ;
#4297 = VECTOR ( 'NONE', #148, 1000.000000000000000 ) ;
#4298 = FACE_OUTER_BOUND ( 'NONE', #1593, .T. ) ;
#4299 = CIRCLE ( 'NONE', #2564, 2.602000000000000313 ) ;
#4300 = CARTESIAN_POINT ( 'NONE',  ( 234.9630998100973329, 205.5139594322821210, -62.82721182215142619 ) ) ;
#4301 = ORIENTED_EDGE ( 'NONE', *, *, #2585, .T. ) ;
#4302 = CARTESIAN_POINT ( 'NONE',  ( -74.89097669684153402, 220.1090233031584944, -124.1658102306185327 ) ) ;
#4303 = EDGE_CURVE ( 'NONE', #619, #2305, #2575, .T. ) ;
#4304 = DIRECTION ( 'NONE',  ( -0.1305261922200522950, 2.121528223320540678E-16, 0.9914448613738103822 ) ) ;
#4305 = CARTESIAN_POINT ( 'NONE',  ( -82.20950057684552803, 202.8676048831782452, 57.98273103199620238 ) ) ;
#4306 = DIRECTION ( 'NONE',  ( 0.000000000000000000, 0.000000000000000000, -1.000000000000000000 ) ) ;
#4307 = ORIENTED_EDGE ( 'NONE', *, *, #342, .F. ) ;
#4308 = CARTESIAN_POINT ( 'NONE',  ( -57.34450560722442702, 185.3609086784668136, 108.9421466214836727 ) ) ;
#4309 = CARTESIAN_POINT ( 'NONE',  ( 184.0169807106026383, 213.8405436698335791, 90.01796721787101774 ) ) ;
#4310 = ORIENTED_EDGE ( 'NONE', *, *, #532, .T. ) ;
#4311 = CARTESIAN_POINT ( 'NONE',  ( 77.50000000000000000, 220.3821277584580685, -159.6942977932338010 ) ) ;
#4312 = FACE_OUTER_BOUND ( 'NONE', #2053, .T. ) ;
#4313 = LINE ( 'NONE', #1988, #5016 ) ;
#4314 = DIRECTION ( 'NONE',  ( 0.005592798889284120688, -0.9998320577164020451, 0.01745213348475320100 ) ) ;
#4315 = CARTESIAN_POINT ( 'NONE',  ( 190.8840719131300432, 7.700179246586939641, 360.4182679094835180 ) ) ;
#4316 = CARTESIAN_POINT ( 'NONE',  ( -82.07662420648041746, 200.3651278441205079, -139.0373292392747828 ) ) ;
#4317 = VERTEX_POINT ( 'NONE', #229 ) ;
#4318 = FACE_OUTER_BOUND ( 'NONE', #1489, .T. ) ;
#4319 = ORIENTED_EDGE ( 'NONE', *, *, #4068, .T. ) ;
#4320 = DIRECTION ( 'NONE',  ( -0.01744974916068270723, 0.9996954598818874604, -0.01744974916068270723 ) ) ;
#4321 = CARTESIAN_POINT ( 'NONE',  ( 166.9195695174806247, 260.0000000000000000, -127.1332747614960397 ) ) ;
#4322 = CARTESIAN_POINT ( 'NONE',  ( 208.1956632173433093, 231.9499502689292001, -115.7926265026381998 ) ) ;
#4323 = CARTESIAN_POINT ( 'NONE',  ( -94.00000000000000000, -14.80000000000000071, -120.3999999999999915 ) ) ;
#4324 = EDGE_LOOP ( 'NONE', ( #3358, #2118, #4171, #3271 ) ) ;
#4325 = DIRECTION ( 'NONE',  ( 0.000000000000000000, -2.187571639334697656E-16, -1.000000000000000000 ) ) ;
#4326 = CARTESIAN_POINT ( 'NONE',  ( 230.8993464005749843, 41.00000000000000000, 61.50000000000000000 ) ) ;
#4327 = CARTESIAN_POINT ( 'NONE',  ( 162.9066980702057776, 250.6173761888605895, -135.5060990489116932 ) ) ;
#4328 = FACE_OUTER_BOUND ( 'NONE', #2752, .T. ) ;
#4329 = VERTEX_POINT ( 'NONE', #1832 ) ;
#4330 = CARTESIAN_POINT ( 'NONE',  ( -91.39999999999997726, 30.20000000000000284, -110.3999999999999915 ) ) ;
#4331 = ORIENTED_EDGE ( 'NONE', *, *, #1454, .F. ) ;
#4332 = DIRECTION ( 'NONE',  ( 0.1305261922200495750, 0.000000000000000000, 0.9914448613738107152 ) ) ;
#4333 = CARTESIAN_POINT ( 'NONE',  ( 173.4515592645319373, 260.0000000000000000, -113.9363512990392167 ) ) ;
#4334 = CARTESIAN_POINT ( 'NONE',  ( -136.6107995813925697, 21.48706199460922406, -112.2452830188679656 ) ) ;
#4335 = CALENDAR_DATE ( 2025, 12, 11 ) ;
#4336 = VERTEX_POINT ( 'NONE', #2976 ) ;
#4337 = CARTESIAN_POINT ( 'NONE',  ( 149.6605019347781536, 0.2000000000000407008, 90.57773952929586869 ) ) ;
#4338 = ORIENTED_EDGE ( 'NONE', *, *, #4885, .T. ) ;
#4339 = CARTESIAN_POINT ( 'NONE',  ( 185.0000582159205180, 7.700144170351500783, 88.00002783930385419 ) ) ;
#4340 = VECTOR ( 'NONE', #2712, 1000.000000000000114 ) ;
#4341 = CARTESIAN_POINT ( 'NONE',  ( 180.6227692530567026, 253.9910273946552195, -128.7111230566844142 ) ) ;
#4342 = CARTESIAN_POINT ( 'NONE',  ( -80.72342861982993156, 200.1516078608239297, -144.9317957587175272 ) ) ;
#4343 = FACE_OUTER_BOUND ( 'NONE', #2501, .T. ) ;
#4344 = ORIENTED_EDGE ( 'NONE', *, *, #4560, .T. ) ;
#4345 = CIRCLE ( 'NONE', #1951, 2.602000000000006974 ) ;
#4346 = FACE_OUTER_BOUND ( 'NONE', #5030, .T. ) ;
#4347 = FACE_OUTER_BOUND ( 'NONE', #4671, .T. ) ;
#4348 = VECTOR ( 'NONE', #1922, 1000.000000000000000 ) ;
#4349 = CARTESIAN_POINT ( 'NONE',  ( -114.5524090462144073, 45.19999999999999574, -167.9615988571579805 ) ) ;
#4351 = EDGE_CURVE ( 'NONE', #2316, #1043, #1759, .T. ) ;
#4350 = VERTEX_POINT ( 'NONE', #3002 ) ;
#4352 = VECTOR ( 'NONE', #284, 1000.000000000000000 ) ;
#4353 = ADVANCED_FACE ( 'NONE', ( #4562 ), #1030, .T. ) ;
#4354 = ADVANCED_FACE ( 'NONE', ( #1779 ), #4183, .T. ) ;
#4355 = CIRCLE ( 'NONE', #2866, 24.99999999999999289 ) ;
#4356 = CARTESIAN_POINT ( 'NONE',  ( 62.00000000000000000, 45.19999999999999574, -2.000525167682284802E-14 ) ) ;
#4357 = CARTESIAN_POINT ( 'NONE',  ( -24.64466094067260826, 260.0000000000000000, -98.11089324940259360 ) ) ;
#4358 = VERTEX_POINT ( 'NONE', #988 ) ;
#4359 = EDGE_CURVE ( 'NONE', #2645, #1047, #4586, .T. ) ;
#4360 = CARTESIAN_POINT ( 'NONE',  ( 94.89920439799530527, 213.4833460125673810, 90.22493939040727184 ) ) ;
#4361 = LINE ( 'NONE', #3894, #2777 ) ;
#4362 = AXIS2_PLACEMENT_3D ( 'NONE', #3012, #4596, #307 ) ;
#4363 = CARTESIAN_POINT ( 'NONE',  ( -62.69204258379026840, 214.7167947106321435, 92.31669403112908867 ) ) ;
#4364 = APPROVAL_STATUS ( 'not_yet_approved' ) ;
#4365 = EDGE_LOOP ( 'NONE', ( #2666, #166, #1394, #4506 ) ) ;
#4366 = CARTESIAN_POINT ( 'NONE',  ( 73.52106952305265963, 223.9938021574738514, 88.86245529359366913 ) ) ;
#4367 = VERTEX_POINT ( 'NONE', #594 ) ;
#4368 = CARTESIAN_POINT ( 'NONE',  ( 242.9671120088439977, 44.88415175143424563, 35.47586953735170567 ) ) ;
#4369 = AXIS2_PLACEMENT_3D ( 'NONE', #2067, #4797, #1242 ) ;
#4370 = LINE ( 'NONE', #3957, #4520 ) ;
#4371 = CARTESIAN_POINT ( 'NONE',  ( 201.6744329267856415, 229.9837651256059701, -129.0267752449405805 ) ) ;
#4372 = DIRECTION ( 'NONE',  ( 1.075469831095413517E-16, -1.877239573010963313E-18, -1.000000000000000000 ) ) ;
#4373 = VECTOR ( 'NONE', #3158, 1000.000000000000114 ) ;
#4374 = ORIENTED_EDGE ( 'NONE', *, *, #3078, .F. ) ;
#4375 = CARTESIAN_POINT ( 'NONE',  ( 231.0387920539716333, 362.1489172468450874, -29.55621478301018357 ) ) ;
#4376 = DIRECTION ( 'NONE',  ( 0.000000000000000000, 0.000000000000000000, -1.000000000000000000 ) ) ;
#4377 = ADVANCED_FACE ( 'NONE', ( #2623 ), #666, .F. ) ;
#4378 = VECTOR ( 'NONE', #2019, 1000.000000000000000 ) ;
#4379 = DIRECTION ( 'NONE',  ( 6.123031769111878895E-17, -1.000000000000000000, 2.220446049250309876E-16 ) ) ;
#4380 = DIRECTION ( 'NONE',  ( -1.000000000000000000, -3.608428018707960592E-18, -9.239830445147196734E-15 ) ) ;
#4381 = VERTEX_POINT ( 'NONE', #4308 ) ;
#4382 = B_SPLINE_CURVE_WITH_KNOTS ( 'NONE', 3,
 ( #2753, #334, #802, #3568, #2781, #4366, #828, #2399, #1352, #1659 ),
 .UNSPECIFIED., .F., .F.,
 ( 4, 2, 2, 2, 4 ),
 ( 0.000000000000000000, 0.2499999999999998335, 0.4999999999999996669, 0.7499999999999994449, 1.000000000000000000 ),
 .UNSPECIFIED. ) ;
#4383 = EDGE_CURVE ( 'NONE', #4317, #3985, #3107, .T. ) ;
#4384 = LINE ( 'NONE', #2411, #2135 ) ;
#4385 = CARTESIAN_POINT ( 'NONE',  ( -42.32233047033624729, 252.6776695296637456, -98.11089324940246570 ) ) ;
#4386 = ORIENTED_EDGE ( 'NONE', *, *, #1105, .T. ) ;
#4387 = FACE_OUTER_BOUND ( 'NONE', #4598, .T. ) ;
#4388 = CARTESIAN_POINT ( 'NONE',  ( -73.70416510665339160, 45.20000000000000284, 98.98749045698168914 ) ) ;
#4389 = EDGE_CURVE ( 'NONE', #4222, #2316, #896, .T. ) ;
#4390 = CARTESIAN_POINT ( 'NONE',  ( 188.2502137283419756, 254.8797023188006960, 52.40563585518321332 ) ) ;
#4391 = EDGE_CURVE ( 'NONE', #3224, #4899, #369, .T. ) ;
#4392 = APPROVAL_DATE_TIME ( #1266, #34 ) ;
#4393 = ORIENTED_EDGE ( 'NONE', *, *, #3050, .T. ) ;
#4394 = CARTESIAN_POINT ( 'NONE',  ( 101.0085060271422037, 45.19999999999998863, 92.96159885715790949 ) ) ;
#4395 = CARTESIAN_POINT ( 'NONE',  ( 197.9903362845472543, 254.1249399223859484, 37.75359435381003692 ) ) ;
#4396 = FACE_OUTER_BOUND ( 'NONE', #547, .T. ) ;
#4397 = CYLINDRICAL_SURFACE ( 'NONE', #2859, 49.99999999999999289 ) ;
#4398 = EDGE_CURVE ( 'NONE', #1697, #1086, #1906, .T. ) ;
#4399 = CARTESIAN_POINT ( 'NONE',  ( 205.7747734807661004, 232.5170478680443296, -120.6545880394600232 ) ) ;
#4400 = CARTESIAN_POINT ( 'NONE',  ( 78.64745673151448102, 217.4282698691136773, 94.49005439773826254 ) ) ;
#4401 = ORIENTED_EDGE ( 'NONE', *, *, #4293, .T. ) ;
#4402 = CARTESIAN_POINT ( 'NONE',  ( 59.40000000000002700, 15.76603773584899670, -108.6855345911949513 ) ) ;
#4403 = DIRECTION ( 'NONE',  ( 0.6868143107999790109, 0.5005450464273066835, -0.5270111564069923649 ) ) ;
#4404 = CARTESIAN_POINT ( 'NONE',  ( 204.5421572944215995, 232.3394518753301838, -123.1484256413864244 ) ) ;
#4405 = VERTEX_POINT ( 'NONE', #324 ) ;
#4406 = CARTESIAN_POINT ( 'NONE',  ( -74.36731329442307015, 220.6326867055768446, -127.2030579647228166 ) ) ;
#4407 = VERTEX_POINT ( 'NONE', #3157 ) ;
#4408 = CARTESIAN_POINT ( 'NONE',  ( -32.88943529973335700, 254.7098099508991993, -119.1464636058313573 ) ) ;
#4409 = CARTESIAN_POINT ( 'NONE',  ( 182.6446609406726225, 259.9999999999998863, 31.38921909285034673 ) ) ;
#4410 = CARTESIAN_POINT ( 'NONE',  ( 150.0000005607333833, 45.20000000000000284, 87.99999144486139357 ) ) ;
#4411 = VERTEX_POINT ( 'NONE', #3486 ) ;
#4412 = DIRECTION ( 'NONE',  ( 0.000000000000000000, 0.000000000000000000, 1.000000000000000000 ) ) ;
#4413 = CARTESIAN_POINT ( 'NONE',  ( -24.64466094067260826, 260.0000000000000000, -100.7761510425807359 ) ) ;
#4414 = EDGE_CURVE ( 'NONE', #4446, #1863, #3913, .T. ) ;
#4415 = CARTESIAN_POINT ( 'NONE',  ( 182.6446609406725372, 235.0000000000000284, 15.37500000000000000 ) ) ;
#4416 = CARTESIAN_POINT ( 'NONE',  ( -36.59519093376266596, 254.6827871411386184, 44.14433915299035505 ) ) ;
#4417 = CALENDAR_DATE ( 2025, 12, 11 ) ;
#4418 = ORIENTED_EDGE ( 'NONE', *, *, #4980, .F. ) ;
#4419 = CARTESIAN_POINT ( 'NONE',  ( 215.9561241609412150, 232.1012525793203736, 65.76485574399369227 ) ) ;
#4420 = ORIENTED_EDGE ( 'NONE', *, *, #2796, .T. ) ;
#4421 = EDGE_CURVE ( 'NONE', #1781, #3129, #3578, .T. ) ;
#4422 = ADVANCED_FACE ( 'NONE', ( #3536 ), #3056, .T. ) ;
#4423 = CARTESIAN_POINT ( 'NONE',  ( -84.94643710189035346, 46.06861637753315364, -72.55885458473404981 ) ) ;
#4424 = EDGE_CURVE ( 'NONE', #2305, #2911, #3295, .T. ) ;
#4425 = LINE ( 'NONE', #4035, #5083 ) ;
#4426 = CARTESIAN_POINT ( 'NONE',  ( 239.7827686441030437, 203.1598283753970691, 39.67380157550818609 ) ) ;
#4427 = CARTESIAN_POINT ( 'NONE',  ( -67.56201540910420533, 216.9538534948202084, 85.48948629569274260 ) ) ;
#4428 = ORIENTED_EDGE ( 'NONE', *, *, #4485, .T. ) ;
#4429 = DIRECTION ( 'NONE',  ( -0.000000000000000000, 0.000000000000000000, -1.000000000000000000 ) ) ;
#4430 = CARTESIAN_POINT ( 'NONE',  ( 222.4752329861315445, 45.19999999999999574, 72.47523298613170084 ) ) ;
#4431 = AXIS2_PLACEMENT_3D ( 'NONE', #1151, #3525, #735 ) ;
#4432 = DIRECTION ( 'NONE',  ( 1.000000000000000000, 0.000000000000000000, 2.220446049250315053E-16 ) ) ;
#4433 = VERTEX_POINT ( 'NONE', #1567 ) ;
#4434 = CYLINDRICAL_SURFACE ( 'NONE', #1298, 50.00000000000006395 ) ;
#4435 = ORIENTED_EDGE ( 'NONE', *, *, #4749, .F. ) ;
#4436 = VECTOR ( 'NONE', #1937, 1000.000000000000000 ) ;
#4437 = DIRECTION ( 'NONE',  ( 0.5811496683269011809, 0.01745240643728349778, 0.8136095356576646953 ) ) ;
#4438 = CARTESIAN_POINT ( 'NONE',  ( 59.40000000000000568, 24.12857142857146187, -107.9999999999999574 ) ) ;
#4439 = AXIS2_PLACEMENT_3D ( 'NONE', #2401, #1553, #1603 ) ;
#4440 = CARTESIAN_POINT ( 'NONE',  ( -74.10294370141772902, 199.9865542468336628, -155.8523570927598882 ) ) ;
#4441 = ORIENTED_EDGE ( 'NONE', *, *, #1, .F. ) ;
#4442 = CARTESIAN_POINT ( 'NONE',  ( 186.6265946218358636, 228.2614261154216706, -153.3908591075998800 ) ) ;
#4443 = DIRECTION ( 'NONE',  ( 0.3157894736842088435, -0.3157894736842108974, 0.8947368421052637188 ) ) ;
#4444 = AXIS2_PLACEMENT_3D ( 'NONE', #3119, #4090, #3677 ) ;
#4445 = CARTESIAN_POINT ( 'NONE',  ( 196.0204501470095408, 254.4697415901350723, 41.55414489039589654 ) ) ;
#4446 = VERTEX_POINT ( 'NONE', #1879 ) ;
#4447 = VECTOR ( 'NONE', #3344, 1000.000000000000000 ) ;
#4448 = CARTESIAN_POINT ( 'NONE',  ( 208.1096905817612708, 233.1789483702872872, 72.67526136449070862 ) ) ;
#4449 = PRODUCT ( 'M-20iA35M cover J2-M-20iA35M_D\X2\00e9\X0\faut_sldprt', 'M-20iA35M cover J2-M-20iA35M_D\X2\00e9\X0\faut_sldprt', '', ( #1963 ) ) ;
#4450 = CARTESIAN_POINT ( 'NONE',  ( 179.1712057998550165, 260.0000000000000000, 40.15165387687247289 ) ) ;
#4451 = CARTESIAN_POINT ( 'NONE',  ( -52.19045566231240940, 221.5100832653051270, -155.8638052445909068 ) ) ;
#4452 = CIRCLE ( 'NONE', #2460, 5.000000000000004441 ) ;
#4453 = DIRECTION ( 'NONE',  ( 0.6641207079711323180, 0.5676394938893595254, -0.4865481376194486507 ) ) ;
#4454 = EDGE_CURVE ( 'NONE', #4878, #4626, #2133, .T. ) ;
#4455 = CARTESIAN_POINT ( 'NONE',  ( 65.49034559008070744, 207.0131640914627269, 103.4172879216032328 ) ) ;
#4456 = VERTEX_POINT ( 'NONE', #3509 ) ;
#4457 = LINE ( 'NONE', #2835, #3772 ) ;
#4458 = CARTESIAN_POINT ( 'NONE',  ( -55.98811800380104842, 185.1541967301142506, 110.0318774169929554 ) ) ;
#4459 = CARTESIAN_POINT ( 'NONE',  ( 205.6003491839408639, 232.6206928971829200, -121.0024229561643097 ) ) ;
#4460 = VERTEX_POINT ( 'NONE', #1160 ) ;
#4461 = DIRECTION ( 'NONE',  ( -0.6919023999939621916, -0.7219910448770090472, 0.000000000000000000 ) ) ;
#4462 = ORIENTED_EDGE ( 'NONE', *, *, #3848, .T. ) ;
#4463 = AXIS2_PLACEMENT_3D ( 'NONE', #667, #4944, #1780 ) ;
#4464 = CARTESIAN_POINT ( 'NONE',  ( -7.305819615620576357, 251.1779201120818357, -135.0576639103348668 ) ) ;
#4465 = LINE ( 'NONE', #3180, #3867 ) ;
#4466 = CARTESIAN_POINT ( 'NONE',  ( -71.38758820677104211, 211.8105496441735340, -158.0245689168900753 ) ) ;
#4467 = ORIENTED_EDGE ( 'NONE', *, *, #1897, .F. ) ;
#4468 = CARTESIAN_POINT ( 'NONE',  ( 177.5289462519704102, 220.9711041461899867, -159.2231166829935489 ) ) ;
#4469 = DIRECTION ( 'NONE',  ( 1.000000000000000000, 0.000000000000000000, 0.000000000000000000 ) ) ;
#4470 = DIRECTION ( 'NONE',  ( 0.000000000000000000, 0.000000000000000000, -1.000000000000000000 ) ) ;
#4471 = ORIENTED_EDGE ( 'NONE', *, *, #2551, .F. ) ;
#4472 = CARTESIAN_POINT ( 'NONE',  ( 80.49944142196245878, 45.19999999999999574, 96.16749339554760923 ) ) ;
#4473 = EDGE_LOOP ( 'NONE', ( #4719, #4478, #243, #5053 ) ) ;
#4474 = CARTESIAN_POINT ( 'NONE',  ( 221.6686746401112771, 212.1866454007482332, 74.69363578639455170 ) ) ;
#4475 = CARTESIAN_POINT ( 'NONE',  ( 106.0010086289604061, 45.19999999999999574, 76.20848853642479526 ) ) ;
#4476 = CARTESIAN_POINT ( 'NONE',  ( -70.54857120163137552, 200.0186176372971545, -159.1235186113243856 ) ) ;
#4477 = CARTESIAN_POINT ( 'NONE',  ( -64.89340550424385867, 215.3656266743111303, 90.12263048891256290 ) ) ;
#4478 = ORIENTED_EDGE ( 'NONE', *, *, #1154, .F. ) ;
#4479 = CARTESIAN_POINT ( 'NONE',  ( 328.8781384749045742, 35.20000000000000995, -110.3999999999999915 ) ) ;
#4480 = CARTESIAN_POINT ( 'NONE',  ( -50.08274157589495701, 184.5253332422582560, 113.2977384337489042 ) ) ;
#4481 = CARTESIAN_POINT ( 'NONE',  ( 200.0356303517761205, 243.2022076037989393, -131.8135824178335724 ) ) ;
#4482 = ORIENTED_EDGE ( 'NONE', *, *, #388, .F. ) ;
#4483 = DIRECTION ( 'NONE',  ( -1.000000000000000000, -1.226146354017287325E-17, -7.024587757534598879E-16 ) ) ;
#4484 = EDGE_CURVE ( 'NONE', #114, #4648, #3194, .T. ) ;
#4485 = EDGE_CURVE ( 'NONE', #60, #3473, #4851, .T. ) ;
#4486 = CARTESIAN_POINT ( 'NONE',  ( 198.7176526525294662, 17.70033671594098834, 86.19396803086135606 ) ) ;
#4487 = CARTESIAN_POINT ( 'NONE',  ( 232.8909766968448878, 220.1090233031556238, 34.38940455626547532 ) ) ;
#4488 = CARTESIAN_POINT ( 'NONE',  ( -24.20229904413269750, 260.0000000000000000, 33.86054122474137529 ) ) ;
#4489 = CARTESIAN_POINT ( 'NONE',  ( -75.97737038752526928, 211.8314504216803300, -153.1807195024965722 ) ) ;
#4490 = ORIENTED_EDGE ( 'NONE', *, *, #3975, .T. ) ;
#4491 = DIRECTION ( 'NONE',  ( 0.000000000000000000, 0.01745240643728351859, 0.9998476951563912696 ) ) ;
#4492 = DIRECTION ( 'NONE',  ( 0.6209956631728371645, -0.5951159543929325224, 0.5100993894796556072 ) ) ;
#4493 = CARTESIAN_POINT ( 'NONE',  ( -29.43475938939976544, 254.8484857602975637, 53.22098277905724473 ) ) ;
#4494 = EDGE_LOOP ( 'NONE', ( #1702, #1519, #717 ) ) ;
#4495 = CARTESIAN_POINT ( 'NONE',  ( 222.7576400916369153, 224.7340731139549348, 73.40905769542419534 ) ) ;
#4496 = ORIENTED_EDGE ( 'NONE', *, *, #610, .F. ) ;
#4497 = CYLINDRICAL_SURFACE ( 'NONE', #54, 2.602000000000006974 ) ;
#4498 = CARTESIAN_POINT ( 'NONE',  ( -64.44495952378727566, 192.1654544417121997, 103.1096788239566422 ) ) ;
#4499 = CARTESIAN_POINT ( 'NONE',  ( 239.5841751665241759, 203.2823726187511397, 41.12779571237920351 ) ) ;
#4500 = CARTESIAN_POINT ( 'NONE',  ( -82.06148636072509817, 211.3473336455182050, 82.15379292923294940 ) ) ;
#4501 = ORIENTED_EDGE ( 'NONE', *, *, #2830, .F. ) ;
#4502 = CARTESIAN_POINT ( 'NONE',  ( -42.32233047080958954, 252.6776695291904673, -98.11089324940260781 ) ) ;
#4503 = CC_DESIGN_DATE_AND_TIME_ASSIGNMENT ( #850, #3278, ( #3798 ) ) ;
#4504 = DIRECTION ( 'NONE',  ( -0.6087614290087207669, 1.388851733146175650E-16, 0.7933533402912350541 ) ) ;
#4505 = APPROVAL ( #3896, 'UNSPECIFIED' ) ;
#4506 = ORIENTED_EDGE ( 'NONE', *, *, #4177, .F. ) ;
#4507 = PLANE ( 'NONE',  #2684 ) ;
#4508 = CARTESIAN_POINT ( 'NONE',  ( -16.81400010130438716, 253.4577369196734367, 61.88505118467370636 ) ) ;
#4509 = CARTESIAN_POINT ( 'NONE',  ( -35.14194650060854741, 205.2010617305294886, -165.1687699360678891 ) ) ;
#4510 = ADVANCED_FACE ( 'NONE', ( #742 ), #2745, .T. ) ;
#4511 = CARTESIAN_POINT ( 'NONE',  ( -75.74834551288310536, 199.9904767463742417, -153.9331558990854205 ) ) ;
#4512 = ORIENTED_EDGE ( 'NONE', *, *, #4226, .T. ) ;
#4513 = LINE ( 'NONE', #3481, #4348 ) ;
#4514 = CIRCLE ( 'NONE', #383, 24.99999999999957723 ) ;
#4515 = CARTESIAN_POINT ( 'NONE',  ( 62.59644050203259980, 45.19999999999999574, 23.77105289317109893 ) ) ;
#4516 = EDGE_LOOP ( 'NONE', ( #3495, #4873, #4275, #478 ) ) ;
#4517 = CARTESIAN_POINT ( 'NONE',  ( 195.5774757059277817, 214.3536996359376303, 88.54833659124558665 ) ) ;
#4518 = CARTESIAN_POINT ( 'NONE',  ( -38.04727733300116199, 254.3640369610087930, -111.1276806539696906 ) ) ;
#4519 = CARTESIAN_POINT ( 'NONE',  ( 211.2161229750568054, 213.9115064222033311, 82.34743864333974273 ) ) ;
#4520 = VECTOR ( 'NONE', #832, 1000.000000000000114 ) ;
#4521 = CARTESIAN_POINT ( 'NONE',  ( -82.30262566301870208, 197.5324722694581965, 74.28702549084401596 ) ) ;
#4522 = VECTOR ( 'NONE', #4643, 1000.000000000000000 ) ;
#4523 = CARTESIAN_POINT ( 'NONE',  ( 240.1523754157901749, 202.9218698868265847, 35.65287499414061756 ) ) ;
#4524 = CARTESIAN_POINT ( 'NONE',  ( 97.48117754260319145, 213.8364655078241867, 90.01803840245366928 ) ) ;
#4525 = ORIENTED_EDGE ( 'NONE', *, *, #3148, .T. ) ;
#4526 = CARTESIAN_POINT ( 'NONE',  ( 150.0001310869255065, 0.2000000000000404232, 87.99800000000001887 ) ) ;
#4527 = CARTESIAN_POINT ( 'NONE',  ( -47.83634147076343623, 184.3704187505141761, 114.0803800411098337 ) ) ;
#4528 = AXIS2_PLACEMENT_3D ( 'NONE', #87, #3238, #3268 ) ;
#4529 = CARTESIAN_POINT ( 'NONE',  ( 195.7782795127046711, 254.4057465509079066, -111.6536682772304374 ) ) ;
#4530 = EDGE_CURVE ( 'NONE', #2305, #2606, #708, .T. ) ;
#4531 = EDGE_LOOP ( 'NONE', ( #1773, #4653, #75, #5059 ) ) ;
#4532 = DIRECTION ( 'NONE',  ( -0.6047078979069521187, -0.6047078979069521187, 0.5183210553488161176 ) ) ;
#4533 = CARTESIAN_POINT ( 'NONE',  ( 237.5751050193392473, 204.2064494519498226, -56.60508822698459852 ) ) ;
#4534 = CARTESIAN_POINT ( 'NONE',  ( -65.79215800560881178, 219.0669838193242072, -150.5858265772679658 ) ) ;
#4535 = VECTOR ( 'NONE', #1500, 1000.000000000000000 ) ;
#4536 = ORIENTED_EDGE ( 'NONE', *, *, #4073, .F. ) ;
#4537 = CARTESIAN_POINT ( 'NONE',  ( 52.93286187079480953, 197.4725000670683812, 111.5949999425011328 ) ) ;
#4538 = ADVANCED_FACE ( 'NONE', ( #397 ), #6, .T. ) ;
#4539 = CIRCLE ( 'NONE', #2523, 25.00000000000024869 ) ;
#4540 = CARTESIAN_POINT ( 'NONE',  ( 63.02436494061890215, 45.19999999999999574, 108.6496908822214067 ) ) ;
#4541 = CARTESIAN_POINT ( 'NONE',  ( -84.91621568834456468, 47.80000000000001137, -72.54508998178239665 ) ) ;
#4542 = ORIENTED_EDGE ( 'NONE', *, *, #4546, .F. ) ;
#4543 = CARTESIAN_POINT ( 'NONE',  ( 199.3855340996214522, 232.8156686277895346, 78.33297486334286930 ) ) ;
#4544 = CARTESIAN_POINT ( 'NONE',  ( 184.9999993191744352, 43.00000000000000000, 87.99999431523232829 ) ) ;
#4545 = CARTESIAN_POINT ( 'NONE',  ( -5.559106217744476552, 251.2697843363991410, 65.48304199737202680 ) ) ;
#4546 = EDGE_CURVE ( 'NONE', #4336, #4186, #1499, .T. ) ;
#4547 = EDGE_CURVE ( 'NONE', #3066, #4802, #2291, .T. ) ;
#4548 = CARTESIAN_POINT ( 'NONE',  ( -70.51493721037972762, 220.0438658493044386, 75.88568923653379272 ) ) ;
#4549 = CARTESIAN_POINT ( 'NONE',  ( 150.0000000000000000, 45.19999999999999574, -167.9615988571580090 ) ) ;
#4550 = CARTESIAN_POINT ( 'NONE',  ( 96.91909081103487722, 222.8318413307634387, 89.85842171658057964 ) ) ;
#4551 = ORIENTED_EDGE ( 'NONE', *, *, #565, .T. ) ;
#4552 = DIRECTION ( 'NONE',  ( 0.01745226061843357240, -0.9998393412000797786, -0.004087834132748572810 ) ) ;
#4553 = ORIENTED_EDGE ( 'NONE', *, *, #1154, .T. ) ;
#4554 = CARTESIAN_POINT ( 'NONE',  ( 177.8000000000000114, 45.19999999999999574, 242.0604443032840152 ) ) ;
#4555 = CARTESIAN_POINT ( 'NONE',  ( 193.0086924870142866, 254.6668012675319517, -116.3012886804926609 ) ) ;
#4556 = ORIENTED_EDGE ( 'NONE', *, *, #221, .T. ) ;
#4557 = LINE ( 'NONE', #1513, #4741 ) ;
#4558 = CARTESIAN_POINT ( 'NONE',  ( 235.8336553019013024, 205.0787871703919052, -61.08793231567833004 ) ) ;
#4559 = CARTESIAN_POINT ( 'NONE',  ( -55.96698283162150034, 200.5447699919880336, -165.0341914757812560 ) ) ;
#4560 = EDGE_CURVE ( 'NONE', #4669, #289, #4465, .T. ) ;
#4561 = ORIENTED_EDGE ( 'NONE', *, *, #848, .F. ) ;
#4562 = FACE_OUTER_BOUND ( 'NONE', #360, .T. ) ;
#4563 = DIRECTION ( 'NONE',  ( 0.000000000000000000, -3.333442498033824670E-16, -1.000000000000000000 ) ) ;
#4564 = ORIENTED_EDGE ( 'NONE', *, *, #750, .T. ) ;
#4565 = CARTESIAN_POINT ( 'NONE',  ( 186.9905189798363665, 213.9787145513437849, 89.84186328958362822 ) ) ;
#4566 = CARTESIAN_POINT ( 'NONE',  ( 171.1619256677641658, 260.0000000000000000, 55.90940693306102816 ) ) ;
#4567 = CARTESIAN_POINT ( 'NONE',  ( -21.17120579985380147, 260.0000000000000000, 40.15165387687885357 ) ) ;
#4568 = CARTESIAN_POINT ( 'NONE',  ( 173.7641737865409937, 0.2000000000000055067, -0.0001310869257736289927 ) ) ;
#4569 = CARTESIAN_POINT ( 'NONE',  ( 234.2227149300088627, 206.4237828775524122, 58.07796835428065663 ) ) ;
#4570 = CARTESIAN_POINT ( 'NONE',  ( 190.2310295345241968, 215.8041345812551413, -148.4780232486480145 ) ) ;
#4571 = EDGE_CURVE ( 'NONE', #3306, #4856, #1232, .T. ) ;
#4572 = VERTEX_POINT ( 'NONE', #928 ) ;
#4573 = CARTESIAN_POINT ( 'NONE',  ( 235.4321875444701107, 205.7259175990519111, 55.69146372656513932 ) ) ;
#4574 = EDGE_LOOP ( 'NONE', ( #790, #3834, #4030, #2086 ) ) ;
#4575 = EDGE_CURVE ( 'NONE', #4693, #462, #4835, .T. ) ;
#4576 = CARTESIAN_POINT ( 'NONE',  ( -84.96159885715789528, 45.19999999999999574, 242.0604443032840152 ) ) ;
#4577 = B_SPLINE_CURVE_WITH_KNOTS ( 'NONE', 3,
 ( #1547, #2300, #2011, #11, #1990, #35 ),
 .UNSPECIFIED., .F., .F.,
 ( 4, 2, 4 ),
 ( 0.000000000000000000, 0.5000000000000004441, 1.000000000000000000 ),
 .UNSPECIFIED. ) ;
#4578 = CARTESIAN_POINT ( 'NONE',  ( -54.62374222392075040, 184.9798862608507477, 110.9446747895439813 ) ) ;
#4579 = ORIENTED_EDGE ( 'NONE', *, *, #1256, .F. ) ;
#4580 = CARTESIAN_POINT ( 'NONE',  ( -68.17163498608962868, 219.0990867902310697, -147.9980186193504892 ) ) ;
#4581 = CARTESIAN_POINT ( 'NONE',  ( 234.9630998100972761, 205.5139594322820358, -62.82721182215132671 ) ) ;
#4582 = CARTESIAN_POINT ( 'NONE',  ( 198.7174093904336871, 45.19999999999999574, 86.19406879332062488 ) ) ;
#4583 = CARTESIAN_POINT ( 'NONE',  ( -53.16931804110302551, 200.7058814222432943, -165.2472336002131499 ) ) ;
#4584 = ORIENTED_EDGE ( 'NONE', *, *, #4424, .F. ) ;
#4585 = VECTOR ( 'NONE', #3445, 1000.000000000000000 ) ;
#4586 = LINE ( 'NONE', #2216, #2215 ) ;
#4587 = LINE ( 'NONE', #1108, #3721 ) ;
#4588 = CIRCLE ( 'NONE', #886, 5.000000000000004441 ) ;
#4589 = VERTEX_POINT ( 'NONE', #2389 ) ;
#4590 = CYLINDRICAL_SURFACE ( 'NONE', #3777, 24.99999999999999289 ) ;
#4591 = CARTESIAN_POINT ( 'NONE',  ( 167.4659907895939739, 260.0000000000000000, 57.17657447684550220 ) ) ;
#4592 = CARTESIAN_POINT ( 'NONE',  ( 215.6944912503898593, 213.3831791816366774, 79.51271696830129088 ) ) ;
#4593 = AXIS2_PLACEMENT_3D ( 'NONE', #3682, #4504, #919 ) ;
#4594 = CARTESIAN_POINT ( 'NONE',  ( -74.89097669685641279, 220.1090233031439425, 56.64295309606533380 ) ) ;
#4595 = EDGE_CURVE ( 'NONE', #628, #3978, #4384, .T. ) ;
#4596 = DIRECTION ( 'NONE',  ( 1.000000000000000000, 0.000000000000000000, 0.000000000000000000 ) ) ;
#4597 = CARTESIAN_POINT ( 'NONE',  ( 193.1227135481088624, 218.0520070726298627, -144.8970983915376962 ) ) ;
#4598 = EDGE_LOOP ( 'NONE', ( #2774, #2124, #990, #4960 ) ) ;
#4599 = VECTOR ( 'NONE', #2784, 1000.000000000000000 ) ;
#4600 = DIRECTION ( 'NONE',  ( 0.6087614290087226543, 0.000000000000000000, -0.7933533402912336108 ) ) ;
#4601 = ORIENTED_EDGE ( 'NONE', *, *, #3011, .F. ) ;
#4602 = CARTESIAN_POINT ( 'NONE',  ( -84.96159885715795212, 45.19999999999999574, 75.56499407674790803 ) ) ;
#4603 = EDGE_CURVE ( 'NONE', #2090, #136, #1329, .T. ) ;
#4604 = CARTESIAN_POINT ( 'NONE',  ( 167.6227335595696388, 251.6806029544990224, -134.4461882737403755 ) ) ;
#4605 = VERTEX_POINT ( 'NONE', #2027 ) ;
#4606 = CARTESIAN_POINT ( 'NONE',  ( -62.80941932630711477, 219.3523687720833379, -152.6447987261146295 ) ) ;
#4607 = AXIS2_PLACEMENT_3D ( 'NONE', #4765, #3112, #2751 ) ;
#4608 = ADVANCED_FACE ( 'NONE', ( #3993 ), #2464, .F. ) ;
#4609 = AXIS2_PLACEMENT_3D ( 'NONE', #3708, #545, #4897 ) ;
#4610 = CARTESIAN_POINT ( 'NONE',  ( 198.0206604946380935, 223.4734024891379818, -136.6543102071759392 ) ) ;
#4611 = CARTESIAN_POINT ( 'NONE',  ( -40.01838956247225099, 254.0628733845377667, -107.2934969237076501 ) ) ;
#4612 = CARTESIAN_POINT ( 'NONE',  ( 53.28022055610537677, 186.5780424406734994, 111.2917541227567142 ) ) ;
#4613 = VERTEX_POINT ( 'NONE', #2818 ) ;
#4614 = CARTESIAN_POINT ( 'NONE',  ( 163.5591062177444428, 251.2697843363991410, 65.48304199737222575 ) ) ;
#4615 = CIRCLE ( 'NONE', #3396, 5.000000000000004441 ) ;
#4616 = CARTESIAN_POINT ( 'NONE',  ( -67.56201540910424796, 216.9538534948202368, 85.48948629569279944 ) ) ;
#4617 = ORIENTED_EDGE ( 'NONE', *, *, #3452, .F. ) ;
#4618 = CARTESIAN_POINT ( 'NONE',  ( 189.2080515630080697, 230.9245993238181995, 82.74050133383720151 ) ) ;
#4619 = CARTESIAN_POINT ( 'NONE',  ( 200.3945465392378935, 214.3912318236386056, 87.15997913457475477 ) ) ;
#4620 = CIRCLE ( 'NONE', #79, 24.99999999999975486 ) ;
#4621 = CARTESIAN_POINT ( 'NONE',  ( 43.23465590862414132, 202.3627682019546228, 107.4033415411818169 ) ) ;
#4622 = CARTESIAN_POINT ( 'NONE',  ( 355.7899012303038830, 97.21009876969631591, 161.9848884104490025 ) ) ;
#4623 = CARTESIAN_POINT ( 'NONE',  ( 164.7159940865291503, 206.1045826417274043, -163.8182759671853432 ) ) ;
#4624 = ORIENTED_EDGE ( 'NONE', *, *, #2580, .F. ) ;
#4625 = CARTESIAN_POINT ( 'NONE',  ( 236.5589090582709844, 205.0719497334168295, 52.95553220941749117 ) ) ;
#4626 = VERTEX_POINT ( 'NONE', #1648 ) ;
#4627 = CARTESIAN_POINT ( 'NONE',  ( -67.56201540910424796, 216.9538534948202368, 85.48948629569279944 ) ) ;
#4628 =( BOUNDED_SURFACE ( )  B_SPLINE_SURFACE ( 3, 2, ( 
 ( #4914, #1347, #5011 ),
 ( #1395, #984, #2259 ),
 ( #958, #4537, #4632 ),
 ( #2548, #593, #707 ),
 ( #2166, #1491, #1011 ),
 ( #1099, #321, #2141 ),
 ( #1514, #3074, #2907 ),
 ( #2520, #4107, #564 ),
 ( #175, #1758, #2332 ),
 ( #2761, #3930, #1561 ) ),
 .UNSPECIFIED., .F., .F., .F. ) 
 B_SPLINE_SURFACE_WITH_KNOTS ( ( 4, 2, 2, 2, 4 ),
 ( 3, 3 ),
 ( 2.526067729070168966, 2.681105696566797647, 2.836143664063426328, 2.991181631560055010, 3.146219599056683691 ),
 ( 0.000000000000000000, 1.000000000000000000 ),
 .UNSPECIFIED. ) 
 GEOMETRIC_REPRESENTATION_ITEM ( )  RATIONAL_B_SPLINE_SURFACE ( (
 ( 1.000000000000000000, 0.9025232094663484528, 1.000000000000000000),
 ( 1.000000000000000000, 0.9088920121192407553, 1.000000000000000000),
 ( 1.000000000000000000, 0.9144942292158984021, 1.000000000000000000),
 ( 1.000000000000000000, 0.9241183710664975237, 1.000000000000000000),
 ( 1.000000000000000000, 0.9281400832822100933, 1.000000000000000000),
 ( 1.000000000000000000, 0.9345686307525954417, 1.000000000000000000),
 ( 1.000000000000000000, 0.9369754752653365326, 1.000000000000000000),
 ( 1.000000000000000000, 0.9401541060076561429, 1.000000000000000000),
 ( 1.000000000000000000, 0.9409261109140898416, 1.000000000000000000),
 ( 1.000000000000000000, 0.9408769418639839621, 1.000000000000000000) ) ) 
 REPRESENTATION_ITEM ( '' )  SURFACE ( )  );
#4629 = CARTESIAN_POINT ( 'NONE',  ( -56.02869689450983515, 185.1603804845075274, 109.9992760765531585 ) ) ;
#4630 = ORIENTED_EDGE ( 'NONE', *, *, #4454, .F. ) ;
#4631 = CARTESIAN_POINT ( 'NONE',  ( -68.66966751046507511, 219.1382796237177217, -147.3193226748479105 ) ) ;
#4632 = CARTESIAN_POINT ( 'NONE',  ( 57.90398771920352061, 187.9224442401403223, 108.9989354717101691 ) ) ;
#4633 = CARTESIAN_POINT ( 'NONE',  ( -61.17498927979442414, 219.6935053918008123, -153.3014805108819871 ) ) ;
#4635 = EDGE_CURVE ( 'NONE', #926, #4070, #1640, .T. ) ;
#4634 = ORIENTED_EDGE ( 'NONE', *, *, #729, .T. ) ;
#4636 = CARTESIAN_POINT ( 'NONE',  ( 87.77460325558369902, 0.2000000000000057288, 62.22539674441620150 ) ) ;
#4637 = DIRECTION ( 'NONE',  ( -0.6087614290087230984, 1.388851733146169733E-16, 0.7933533402912332777 ) ) ;
#4639 = ADVANCED_FACE ( 'NONE', ( #1729 ), #842, .T. ) ;
#4638 = ORIENTED_EDGE ( 'NONE', *, *, #534, .F. ) ;
#4640 = CARTESIAN_POINT ( 'NONE',  ( 106.0002432620956085, 45.19999999999999574, 76.21033629548981025 ) ) ;
#4641 = CARTESIAN_POINT ( 'NONE',  ( 182.6446609406725656, 260.0000000000000000, -98.11089324940257939 ) ) ;
#4642 = CARTESIAN_POINT ( 'NONE',  ( 174.4172303112713394, 235.4614942590240503, -147.6308045927810042 ) ) ;
#4643 = DIRECTION ( 'NONE',  ( 8.747159535294985672E-17, -1.000000000000000000, 2.111751118235025975E-16 ) ) ;
#4644 = CARTESIAN_POINT ( 'NONE',  ( 238.3114152148743017, 204.0442263354995021, 47.29103950843413884 ) ) ;
#4645 = DIRECTION ( 'NONE',  ( -1.000000000000000000, 0.000000000000000000, 0.000000000000000000 ) ) ;
#4646 = ORIENTED_EDGE ( 'NONE', *, *, #402, .F. ) ;
#4647 = DIRECTION ( 'NONE',  ( -4.307331433884064998E-16, 0.000000000000000000, 1.000000000000000000 ) ) ;
#4648 = VERTEX_POINT ( 'NONE', #3969 ) ;
#4649 = DIRECTION ( 'NONE',  ( 0.4112257348407318269, -0.4112257348407318269, 0.8135027904127927201 ) ) ;
#4650 = CARTESIAN_POINT ( 'NONE',  ( 177.5155188635740160, 259.9999999999998863, -122.3320750709951881 ) ) ;
#4651 = CARTESIAN_POINT ( 'NONE',  ( 230.2446811989865978, 222.7553188010138854, -51.72654204802832822 ) ) ;
#4652 = APPROVAL ( #4845, 'UNSPECIFIED' ) ;
#4653 = ORIENTED_EDGE ( 'NONE', *, *, #1726, .F. ) ;
#4654 = CARTESIAN_POINT ( 'NONE',  ( 211.5000000000000000, 45.19999999999999574, 80.89934640057531112 ) ) ;
#4655 = CARTESIAN_POINT ( 'NONE',  ( 157.8435542036979484, 220.7943084482309644, -159.3645532414154502 ) ) ;
#4656 = DIRECTION ( 'NONE',  ( -0.000000000000000000, -1.000000000000000000, -0.000000000000000000 ) ) ;
#4657 = CARTESIAN_POINT ( 'NONE',  ( -63.54762852413646357, 219.2473418745190088, -152.2361926528040499 ) ) ;
#4658 = ORIENTED_EDGE ( 'NONE', *, *, #1017, .F. ) ;
#4659 = EDGE_CURVE ( 'NONE', #122, #3144, #445, .T. ) ;
#4660 = CARTESIAN_POINT ( 'NONE',  ( 127.2244461357467884, 45.19999999999999574, 84.99952419191360775 ) ) ;
#4661 = EDGE_LOOP ( 'NONE', ( #1420, #5001, #3825, #1936 ) ) ;
#4662 = CARTESIAN_POINT ( 'NONE',  ( 185.3394957595565415, 43.00000000000000000, 90.57773983284039332 ) ) ;
#4663 = CARTESIAN_POINT ( 'NONE',  ( -82.03321879848749631, 212.9667812015124468, -124.1658102306184901 ) ) ;
#4664 = DIRECTION ( 'NONE',  ( -0.5807698771163820606, 0.8104691530694738688, 0.07645980484589488813 ) ) ;
#4665 = VECTOR ( 'NONE', #190, 1000.000000000000114 ) ;
#4666 = DIRECTION ( 'NONE',  ( 0.9238795325112865164, 0.000000000000000000, 0.3826834323650902814 ) ) ;
#4667 = EDGE_CURVE ( 'NONE', #2787, #4802, #3689, .T. ) ;
#4668 = CARTESIAN_POINT ( 'NONE',  ( 486.2811353838490618, 235.0000000000000284, 46.50162693823970272 ) ) ;
#4669 = VERTEX_POINT ( 'NONE', #3212 ) ;
#4670 = DIRECTION ( 'NONE',  ( 6.123031769111878895E-17, -1.000000000000000000, 2.220446049250309876E-16 ) ) ;
#4671 = EDGE_LOOP ( 'NONE', ( #4467, #4269, #2020, #3079, #4196, #3198, #2802, #2488, #1317, #917 ) ) ;
#4672 = CARTESIAN_POINT ( 'NONE',  ( -82.20949954610240695, 202.8676639344114960, -124.1658102306185896 ) ) ;
#4673 = VECTOR ( 'NONE', #936, 1000.000000000000000 ) ;
#4674 = CARTESIAN_POINT ( 'NONE',  ( 192.3372950303606501, 260.0000000000000000, -101.9222548821359879 ) ) ;
#4675 = VECTOR ( 'NONE', #1868, 1000.000000000000000 ) ;
#4676 = ORIENTED_EDGE ( 'NONE', *, *, #4293, .F. ) ;
#4677 = DIRECTION ( 'NONE',  ( 0.7071067811865475727, -0.7071067811865475727, 0.000000000000000000 ) ) ;
#4678 = DIRECTION ( 'NONE',  ( 0.000000000000000000, 0.000000000000000000, -1.000000000000000000 ) ) ;
#4679 = VECTOR ( 'NONE', #3060, 1000.000000000000000 ) ;
#4680 = DIRECTION ( 'NONE',  ( -0.000000000000000000, -1.000000000000000000, 2.220446049250315053E-16 ) ) ;
#4681 = VECTOR ( 'NONE', #617, 1000.000000000000000 ) ;
#4682 = DIRECTION ( 'NONE',  ( -1.000000000000000000, -6.123031769111888756E-17, -4.307331433884064998E-16 ) ) ;
#4683 = EDGE_LOOP ( 'NONE', ( #4148, #2754, #4016, #1071, #4294, #495 ) ) ;
#4684 = VECTOR ( 'NONE', #4146, 1000.000000000000000 ) ;
#4685 = DIRECTION ( 'NONE',  ( 0.7933533402912357202, 0.000000000000000000, -0.6087614290087198787 ) ) ;
#4686 = CARTESIAN_POINT ( 'NONE',  ( -52.19045566231240940, 221.5100832653051270, -155.8638052445909068 ) ) ;
#4687 = VERTEX_POINT ( 'NONE', #2082 ) ;
#4688 = CARTESIAN_POINT ( 'NONE',  ( 205.2782479308070549, 233.1988438845340283, 74.70123492829233669 ) ) ;
#4689 = DIRECTION ( 'NONE',  ( -1.000000000000000000, -1.734723475976805517E-15, 0.000000000000000000 ) ) ;
#4690 = CARTESIAN_POINT ( 'NONE',  ( -5.559106217744505862, 260.0000000000000000, 46.50162693823966720 ) ) ;
#4691 = DIRECTION ( 'NONE',  ( 0.000000000000000000, 0.000000000000000000, 1.000000000000000000 ) ) ;
#4692 = CARTESIAN_POINT ( 'NONE',  ( 71.72704578221220117, 0.2000000000000057288, 45.58277971542261042 ) ) ;
#4693 = VERTEX_POINT ( 'NONE', #2434 ) ;
#4694 = CARTESIAN_POINT ( 'NONE',  ( -94.00000000000000000, 45.19800000000000040, -73.00000000000000000 ) ) ;
#4695 = ORIENTED_EDGE ( 'NONE', *, *, #4595, .F. ) ;
#4696 = VECTOR ( 'NONE', #1534, 1000.000000000000000 ) ;
#4697 = EDGE_CURVE ( 'NONE', #1651, #669, #3029, .T. ) ;
#4698 = LINE ( 'NONE', #2732, #4273 ) ;
#4699 = CARTESIAN_POINT ( 'NONE',  ( 486.2811353838490618, 213.3929306074664964, 65.02197213183991664 ) ) ;
#4700 = CARTESIAN_POINT ( 'NONE',  ( 208.7126102299963009, 231.6583201156028622, -114.7611257109428067 ) ) ;
#4701 = CARTESIAN_POINT ( 'NONE',  ( 199.5188013532214768, 253.4811986467785800, -102.7713621286696650 ) ) ;
#4702 = ORIENTED_EDGE ( 'NONE', *, *, #20, .T. ) ;
#4703 = DIRECTION ( 'NONE',  ( 0.7071067811865474617, 0.7071067811865474617, 0.000000000000000000 ) ) ;
#4704 = ADVANCED_FACE ( 'NONE', ( #4810 ), #422, .T. ) ;
#4705 = DIRECTION ( 'NONE',  ( 4.266806397483295578E-14, -2.187571639334697656E-16, -1.000000000000000000 ) ) ;
#4706 = EDGE_CURVE ( 'NONE', #1374, #3955, #2106, .T. ) ;
#4707 = CARTESIAN_POINT ( 'NONE',  ( -91.39999999999999147, 45.87344242052179766, -115.4000000000000057 ) ) ;
#4708 = DIRECTION ( 'NONE',  ( -2.102695122396129916E-16, 0.000000000000000000, 1.000000000000000000 ) ) ;
#4709 = ORIENTED_EDGE ( 'NONE', *, *, #820, .F. ) ;
#4710 = DIRECTION ( 'NONE',  ( 1.094909215936413931E-16, 1.094909215936413931E-16, -1.000000000000000000 ) ) ;
#4711 = CARTESIAN_POINT ( 'NONE',  ( 186.1466137774758351, 222.9718683603460647, 89.73839854827448903 ) ) ;
#4712 = VERTEX_POINT ( 'NONE', #3582 ) ;
#4713 = CARTESIAN_POINT ( 'NONE',  ( 215.9561241609412718, 232.1012525793203736, 65.76485574399370648 ) ) ;
#4714 = CARTESIAN_POINT ( 'NONE',  ( 168.5888234580690721, 260.0000000000000000, -115.5684029200878058 ) ) ;
#4715 = LINE ( 'NONE', #4334, #1727 ) ;
#4716 = COORDINATED_UNIVERSAL_TIME_OFFSET ( 7, 0, .AHEAD. ) ;
#4717 = ORIENTED_EDGE ( 'NONE', *, *, #2896, .F. ) ;
#4718 = DIRECTION ( 'NONE',  ( -1.000000000000000000, 1.429749992138239913E-17, -8.191032219117840412E-16 ) ) ;
#4719 = ORIENTED_EDGE ( 'NONE', *, *, #2271, .T. ) ;
#4720 = PLANE ( 'NONE',  #4439 ) ;
#4721 = CARTESIAN_POINT ( 'NONE',  ( 180.3829929027784829, 260.0000000000000000, -107.6596711836184426 ) ) ;
#4722 = EDGE_CURVE ( 'NONE', #2226, #619, #1975, .T. ) ;
#4723 = CARTESIAN_POINT ( 'NONE',  ( 59.39999999999998437, 45.19999999999999574, -112.9999999999999858 ) ) ;
#4724 = CARTESIAN_POINT ( 'NONE',  ( -63.86774504627644689, 215.0193700056789226, 91.26491553536969548 ) ) ;
#4725 = VERTEX_POINT ( 'NONE', #1366 ) ;
#4726 = DIRECTION ( 'NONE',  ( 6.123031769111878895E-17, -1.000000000000000000, 2.220446049250309876E-16 ) ) ;
#4727 = CARTESIAN_POINT ( 'NONE',  ( 77.50000000000000000, 43.00000000000000000, 93.00000000000000000 ) ) ;
#4728 = LINE ( 'NONE', #3604, #2472 ) ;
#4729 = DIRECTION ( 'NONE',  ( -4.307331433884064998E-16, 0.000000000000000000, 1.000000000000000000 ) ) ;
#4730 = ORIENTED_EDGE ( 'NONE', *, *, #4237, .F. ) ;
#4731 = CARTESIAN_POINT ( 'NONE',  ( 179.1712057998550733, 260.0000000000000000, 40.15165387687248710 ) ) ;
#4732 = FACE_OUTER_BOUND ( 'NONE', #2661, .T. ) ;
#4733 = ORIENTED_EDGE ( 'NONE', *, *, #4571, .F. ) ;
#4734 = CARTESIAN_POINT ( 'NONE',  ( 193.3250008105066797, 231.8462642759455150, 81.21360059035845325 ) ) ;
#4735 = CARTESIAN_POINT ( 'NONE',  ( 98.25316173555718535, 284.0361601457879601, -44.73982950904131428 ) ) ;
#4736 = CARTESIAN_POINT ( 'NONE',  ( -48.82996193699491982, 207.9989286171610274, 102.5723468995762602 ) ) ;
#4737 = ORIENTED_EDGE ( 'NONE', *, *, #3202, .T. ) ;
#4738 = CARTESIAN_POINT ( 'NONE',  ( -24.64466094067261182, 235.0000000000000000, -98.11089324940260781 ) ) ;
#4739 = VERTEX_POINT ( 'NONE', #4509 ) ;
#4740 = CARTESIAN_POINT ( 'NONE',  ( 185.3394946346143115, 7.700182232036880237, 90.57773998093908574 ) ) ;
#4741 = VECTOR ( 'NONE', #3073, 1000.000000000000000 ) ;
#4742 = CARTESIAN_POINT ( 'NONE',  ( 182.1852924141829533, 260.0000000000000000, -103.2562766284983127 ) ) ;
#4743 = CARTESIAN_POINT ( 'NONE',  ( 198.6832792097061144, 225.0410830840512801, -135.2558304365917934 ) ) ;
#4744 = CARTESIAN_POINT ( 'NONE',  ( 232.8909766968564838, 220.1090233031439425, -40.63669162919146061 ) ) ;
#4745 = ORIENTED_EDGE ( 'NONE', *, *, #1562, .T. ) ;
#4746 = AXIS2_PLACEMENT_3D ( 'NONE', #2060, #3997, #3644 ) ;
#4747 = LINE ( 'NONE', #2000, #972 ) ;
#4748 = PLANE ( 'NONE',  #305 ) ;
#4749 = EDGE_CURVE ( 'NONE', #633, #1410, #3331, .T. ) ;
#4750 = AXIS2_PLACEMENT_3D ( 'NONE', #2001, #3095, #2789 ) ;
#4751 = CARTESIAN_POINT ( 'NONE',  ( 197.8257675369434025, 222.9578580644262331, -137.0677786935690676 ) ) ;
#4752 = CARTESIAN_POINT ( 'NONE',  ( 33.19015588595630817, 184.0562701089251334, 115.5378536467164707 ) ) ;
#4753 = VERTEX_POINT ( 'NONE', #2571 ) ;
#4754 = AXIS2_PLACEMENT_3D ( 'NONE', #145, #3219, #3645 ) ;
#4755 = EDGE_CURVE ( 'NONE', #3088, #3216, #1775, .T. ) ;
#4756 = CARTESIAN_POINT ( 'NONE',  ( 163.5591062177444996, 260.0000000000000000, 46.50162693823969562 ) ) ;
#4757 = CARTESIAN_POINT ( 'NONE',  ( -61.17498927979454493, 219.6935053918008123, -153.3014805108820156 ) ) ;
#4758 = ORIENTED_EDGE ( 'NONE', *, *, #4755, .F. ) ;
#4759 = DIRECTION ( 'NONE',  ( 0.000000000000000000, 0.000000000000000000, -1.000000000000000000 ) ) ;
#4760 = DIRECTION ( 'NONE',  ( 0.000000000000000000, -2.220446049250309630E-16, -1.000000000000000000 ) ) ;
#4761 = AXIS2_PLACEMENT_3D ( 'NONE', #4169, #2632, #1840 ) ;
#4762 = ADVANCED_FACE ( 'NONE', ( #2544 ), #2948, .F. ) ;
#4763 = CARTESIAN_POINT ( 'NONE',  ( 196.2218958455255517, 254.4320331704537068, 41.15478999171993735 ) ) ;
#4764 = CC_DESIGN_SECURITY_CLASSIFICATION ( #3798, ( #4026 ) ) ;
#4765 = CARTESIAN_POINT ( 'NONE',  ( 231.0387920539714912, 345.8791329104459464, -48.53762984214269949 ) ) ;
#4766 = ORIENTED_EDGE ( 'NONE', *, *, #4912, .F. ) ;
#4767 = CARTESIAN_POINT ( 'NONE',  ( 62.59644050203259980, 0.2000000000000126676, 23.77105289317109893 ) ) ;
#4768 = CARTESIAN_POINT ( 'NONE',  ( 182.2022990441471677, 260.0000000000000000, 33.86054122475035655 ) ) ;
#4769 = CARTESIAN_POINT ( 'NONE',  ( 100.0724216623621032, 395.0724216623623875, -93.32567406897926787 ) ) ;
#4770 = VECTOR ( 'NONE', #37, 1000.000000000000000 ) ;
#4771 = EDGE_CURVE ( 'NONE', #4157, #315, #3624, .T. ) ;
#4772 = DIRECTION ( 'NONE',  ( 3.145244514199646236E-17, -1.000000000000000000, -4.140792958174324308E-18 ) ) ;
#4773 = CARTESIAN_POINT ( 'NONE',  ( 208.0063259335406940, 232.0509123208151721, -116.1706544786665631 ) ) ;
#4774 = CARTESIAN_POINT ( 'NONE',  ( -76.73561949413129923, 208.9000838852587378, 91.96633046759605179 ) ) ;
#4775 = AXIS2_PLACEMENT_3D ( 'NONE', #2742, #442, #1203 ) ;
#4776 = ORIENTED_EDGE ( 'NONE', *, *, #1105, .F. ) ;
#4777 = DIRECTION ( 'NONE',  ( 0.3826370165140560720, -3.267999580260515962E-05, 0.9238987566423281228 ) ) ;
#4778 = CARTESIAN_POINT ( 'NONE',  ( 213.0829886093179937, 43.00000000000000000, 82.96190479540891261 ) ) ;
#4779 = AXIS2_PLACEMENT_3D ( 'NONE', #4323, #5078, #2404 ) ;
#4780 = CARTESIAN_POINT ( 'NONE',  ( 205.1026418240374483, 244.5163095473446617, -121.5390139553423410 ) ) ;
#4781 = ADVANCED_FACE ( 'NONE', ( #4129 ), #4963, .F. ) ;
#4782 = ORIENTED_EDGE ( 'NONE', *, *, #1799, .T. ) ;
#4783 = CARTESIAN_POINT ( 'NONE',  ( 176.8624147333009944, 1.275601570199694113, 90.60000000000000853 ) ) ;
#4784 = ORIENTED_EDGE ( 'NONE', *, *, #2388, .T. ) ;
#4785 = DIRECTION ( 'NONE',  ( 0.5540279718501399664, 0.4144096354647097691, -0.7220233101788521290 ) ) ;
#4786 = CARTESIAN_POINT ( 'NONE',  ( 150.0000000000000000, 102.6326265757460305, -166.9591086312800030 ) ) ;
#4787 = EDGE_CURVE ( 'NONE', #2340, #1086, #736, .T. ) ;
#4788 = DIRECTION ( 'NONE',  ( 0.9999999913999916279, -0.0001311488343945003369, 0.000000000000000000 ) ) ;
#4789 = CARTESIAN_POINT ( 'NONE',  ( -82.23659548056407687, 201.3153388887500626, -133.3208798615874286 ) ) ;
#4790 = ORIENTED_EDGE ( 'NONE', *, *, #1168, .T. ) ;
#4791 = CARTESIAN_POINT ( 'NONE',  ( -5.559106217744524514, 235.0000000000000284, 46.50162693823970272 ) ) ;
#4792 = CYLINDRICAL_SURFACE ( 'NONE', #1630, 25.00000000000000711 ) ;
#4793 = CARTESIAN_POINT ( 'NONE',  ( 189.2464726360534826, 254.9059875555878989, 51.35743982008580133 ) ) ;
#4794 = CARTESIAN_POINT ( 'NONE',  ( -46.11372361838838430, 203.3268441445667634, -165.2014845257205025 ) ) ;
#4795 = ORIENTED_EDGE ( 'NONE', *, *, #2148, .F. ) ;
#4796 = CARTESIAN_POINT ( 'NONE',  ( 212.6060712970387669, 232.8011390658643904, 69.00661555585001850 ) ) ;
#4797 = DIRECTION ( 'NONE',  ( 0.3826834323650903369, 2.285742939336334087E-16, 0.9238795325112866275 ) ) ;
#4798 = CARTESIAN_POINT ( 'NONE',  ( -42.15900157087605749, 214.6803974965218060, -165.0033075147659645 ) ) ;
#4799 = CARTESIAN_POINT ( 'NONE',  ( 33.98054905343504828, 41.88401740539615048, 68.01186314645210018 ) ) ;
#4800 = CARTESIAN_POINT ( 'NONE',  ( 239.9817406575161556, 203.0342891379428352, 37.84860407852298181 ) ) ;
#4801 = CARTESIAN_POINT ( 'NONE',  ( 75.79896605948353283, 215.7556808282603242, 95.92370214710111043 ) ) ;
#4802 = VERTEX_POINT ( 'NONE', #274 ) ;
#4803 = CARTESIAN_POINT ( 'NONE',  ( -70.71789838265000583, 219.7246723077311685, -142.9400571901826140 ) ) ;
#4804 = DIRECTION ( 'NONE',  ( 0.7933550506015025761, 1.279304757406722323E-06, 0.6087592000811574700 ) ) ;
#4805 = CARTESIAN_POINT ( 'NONE',  ( 62.27028708390318457, 357.2702870839033835, -14.43679920601103994 ) ) ;
#4806 = ORIENTED_EDGE ( 'NONE', *, *, #2823, .F. ) ;
#4807 = CARTESIAN_POINT ( 'NONE',  ( -48.82996193696480702, 191.7291442807798205, 83.59093184042805547 ) ) ;
#4808 = ORIENTED_EDGE ( 'NONE', *, *, #2012, .T. ) ;
#4809 = CARTESIAN_POINT ( 'NONE',  ( -18.21901452007172750, 253.2826522693576976, -130.9927093795870405 ) ) ;
#4810 = FACE_OUTER_BOUND ( 'NONE', #4826, .T. ) ;
#4811 = CARTESIAN_POINT ( 'NONE',  ( -15.77613104993799986, 260.0000000000000000, 44.47213426962858307 ) ) ;
#4812 = CARTESIAN_POINT ( 'NONE',  ( -75.23533694179580777, 211.8046127038522286, -154.1098315236522467 ) ) ;
#4813 = ORIENTED_EDGE ( 'NONE', *, *, #1201, .T. ) ;
#4814 = FACE_OUTER_BOUND ( 'NONE', #3230, .T. ) ;
#4815 = CARTESIAN_POINT ( 'NONE',  ( -4.906698070205766093, 260.0000000000000000, -115.9843788128359847 ) ) ;
#4816 = ADVANCED_FACE ( 'NONE', ( #589 ), #4865, .T. ) ;
#4817 = CARTESIAN_POINT ( 'NONE',  ( 184.9998689130745220, 43.00000000000000000, 90.60000000000000853 ) ) ;
#4818 = CARTESIAN_POINT ( 'NONE',  ( 230.8993464005749843, 45.19999999999999574, 61.50000000000000000 ) ) ;
#4819 = ORIENTED_EDGE ( 'NONE', *, *, #3738, .F. ) ;
#4820 = CARTESIAN_POINT ( 'NONE',  ( 205.7566932335820695, 233.2054798368465640, 74.37233365307226052 ) ) ;
#4821 = ORIENTED_EDGE ( 'NONE', *, *, #1077, .T. ) ;
#4822 = CARTESIAN_POINT ( 'NONE',  ( -39.17017836186228408, 221.3233034271120232, -158.9413572583107452 ) ) ;
#4823 = LINE ( 'NONE', #966, #3023 ) ;
#4824 = CARTESIAN_POINT ( 'NONE',  ( 239.2988502797728358, 203.4564728883115379, 42.95146500184781502 ) ) ;
#4825 = CARTESIAN_POINT ( 'NONE',  ( -65.58818775301939752, 215.6407709447699688, 89.24078084655316445 ) ) ;
#4826 = EDGE_LOOP ( 'NONE', ( #4386, #420, #3878, #4695, #1461 ) ) ;
#4827 = CARTESIAN_POINT ( 'NONE',  ( 177.8000000000000114, 45.19999999999999574, 242.0604443032840152 ) ) ;
#4828 = FACE_OUTER_BOUND ( 'NONE', #4247, .T. ) ;
#4829 = CIRCLE ( 'NONE', #2610, 2.602000000000000757 ) ;
#4830 = CARTESIAN_POINT ( 'NONE',  ( 33.19015588595623001, 183.6199599488561205, 90.54166126779180956 ) ) ;
#4831 = ORIENTED_EDGE ( 'NONE', *, *, #3934, .T. ) ;
#4832 = CARTESIAN_POINT ( 'NONE',  ( -84.98542282152013172, 43.83512599580010516, 75.57644446598598620 ) ) ;
#4833 = ORIENTED_EDGE ( 'NONE', *, *, #2295, .F. ) ;
#4834 = DIRECTION ( 'NONE',  ( -1.000000000000000000, 0.000000000000000000, 0.000000000000000000 ) ) ;
#4835 = LINE ( 'NONE', #57, #4933 ) ;
#4836 = AXIS2_PLACEMENT_3D ( 'NONE', #1968, #3547, #336 ) ;
#4837 = CARTESIAN_POINT ( 'NONE',  ( -62.00960452963826697, 204.5661818619504118, 104.7807645246770392 ) ) ;
#4838 = CARTESIAN_POINT ( 'NONE',  ( -69.64847152741153025, 219.2979036470410676, -145.6500703341615974 ) ) ;
#4839 = VERTEX_POINT ( 'NONE', #4937 ) ;
#4840 = FACE_OUTER_BOUND ( 'NONE', #4574, .T. ) ;
#4841 = DIRECTION ( 'NONE',  ( 8.192279943033363927E-16, 0.01745240643728350471, -0.9998476951563912696 ) ) ;
#4842 = VECTOR ( 'NONE', #4443, 999.9999999999998863 ) ;
#4843 = DIRECTION ( 'NONE',  ( -1.000000000000000000, 0.000000000000000000, 0.000000000000000000 ) ) ;
#4844 = CARTESIAN_POINT ( 'NONE',  ( -37.76874945445998577, 254.5142066123380857, 42.04150063157391060 ) ) ;
#4845 = APPROVAL_STATUS ( 'not_yet_approved' ) ;
#4846 = ORIENTED_EDGE ( 'NONE', *, *, #3209, .T. ) ;
#4847 = VECTOR ( 'NONE', #766, 1000.000000000000000 ) ;
#4848 = FACE_OUTER_BOUND ( 'NONE', #4228, .T. ) ;
#4849 = ORIENTED_EDGE ( 'NONE', *, *, #4546, .T. ) ;
#4850 = CARTESIAN_POINT ( 'NONE',  ( 222.9024814851196084, 211.8492313884653129, 73.52868869388041162 ) ) ;
#4851 = CIRCLE ( 'NONE', #3792, 2.602000000000006974 ) ;
#4852 = DIRECTION ( 'NONE',  ( 1.000000000000000000, -0.000000000000000000, -0.000000000000000000 ) ) ;
#4853 = CARTESIAN_POINT ( 'NONE',  ( -65.96619101684521524, 200.1283302478056783, -161.9487570170880417 ) ) ;
#4854 = CARTESIAN_POINT ( 'NONE',  ( -77.66611325633435570, 196.2860665124300965, 90.36250416089151827 ) ) ;
#4855 = EDGE_CURVE ( 'NONE', #2495, #3628, #3602, .T. ) ;
#4856 = VERTEX_POINT ( 'NONE', #2972 ) ;
#4857 = CARTESIAN_POINT ( 'NONE',  ( 222.4766351009007224, 43.00000000000000000, 72.47663510090104921 ) ) ;
#4858 = CARTESIAN_POINT ( 'NONE',  ( 212.4947336620535054, 43.00000000000000000, 83.30153394756398200 ) ) ;
#4859 = VECTOR ( 'NONE', #3296, 1000.000000000000000 ) ;
#4860 = CARTESIAN_POINT ( 'NONE',  ( -39.68935711567231550, 193.0594617015430856, 115.3776042558118888 ) ) ;
#4861 = ORIENTED_EDGE ( 'NONE', *, *, #2735, .T. ) ;
#4862 = LINE ( 'NONE', #925, #1661 ) ;
#4863 = VECTOR ( 'NONE', #2702, 1000.000000000000000 ) ;
#4864 = LINE ( 'NONE', #4486, #743 ) ;
#4865 = PLANE ( 'NONE',  #3713 ) ;
#4866 = CARTESIAN_POINT ( 'NONE',  ( -78.36312653573001796, 200.0289041298992743, -150.1861906174776777 ) ) ;
#4867 = EDGE_LOOP ( 'NONE', ( #161, #27, #4296 ) ) ;
#4868 = LINE ( 'NONE', #2799, #4105 ) ;
#4869 = CARTESIAN_POINT ( 'NONE',  ( 197.8257675369434025, 222.9578580644262331, -137.0677786935690676 ) ) ;
#4870 = CARTESIAN_POINT ( 'NONE',  ( -36.38199560388682841, 205.2010080147220492, -165.1687708736808418 ) ) ;
#4871 = ORIENTED_EDGE ( 'NONE', *, *, #560, .F. ) ;
#4872 = LINE ( 'NONE', #4767, #2120 ) ;
#4873 = ORIENTED_EDGE ( 'NONE', *, *, #1577, .T. ) ;
#4874 = CARTESIAN_POINT ( 'NONE',  ( 85.71172428090672213, 45.19999999999999574, 63.80796756594831010 ) ) ;
#4875 = CARTESIAN_POINT ( 'NONE',  ( -74.89097669685646963, 220.1090233031436867, 56.64295309606533380 ) ) ;
#4876 = CARTESIAN_POINT ( 'NONE',  ( 240.2093052777689763, 202.8787935597708270, 34.18529177995558399 ) ) ;
#4877 = CARTESIAN_POINT ( 'NONE',  ( 87.28521274534045915, 210.9995393743738532, 91.66383208593278198 ) ) ;
#4878 = VERTEX_POINT ( 'NONE', #2998 ) ;
#4879 = DIRECTION ( 'NONE',  ( 6.123031769111989829E-17, -1.000000000000000000, 2.220446049250319490E-16 ) ) ;
#4880 = CARTESIAN_POINT ( 'NONE',  ( -68.72491113312952393, 195.1350883714339659, 99.61933615150559262 ) ) ;
#4881 = EDGE_CURVE ( 'NONE', #2490, #1847, #273, .T. ) ;
#4882 = CARTESIAN_POINT ( 'NONE',  ( 209.6512992265850244, 230.8257600157939464, -112.9000031396360413 ) ) ;
#4883 = EDGE_LOOP ( 'NONE', ( #2940, #3853, #827, #3432 ) ) ;
#4884 = CARTESIAN_POINT ( 'NONE',  ( -72.53819281196147983, 45.19999999999999574, -167.9615988571580090 ) ) ;
#4885 = EDGE_CURVE ( 'NONE', #3257, #4405, #3028, .T. ) ;
#4886 = CARTESIAN_POINT ( 'NONE',  ( -16.04562820037304505, 253.3311395365126373, 62.22943554736628613 ) ) ;
#4887 = CARTESIAN_POINT ( 'NONE',  ( 239.7661114494345043, 203.1030092448336575, -48.28785139925193448 ) ) ;
#4888 = CARTESIAN_POINT ( 'NONE',  ( -72.67105208877424616, 199.9947499172849064, -157.2721780629468356 ) ) ;
#4889 = VERTEX_POINT ( 'NONE', #4723 ) ;
#4890 = CARTESIAN_POINT ( 'NONE',  ( 62.00000000000000000, 21.48706199460918853, -112.2452830188679371 ) ) ;
#4891 = CARTESIAN_POINT ( 'NONE',  ( 107.6795134202190098, 26.70029929310565109, -169.7461449569100012 ) ) ;
#4892 = ORIENTED_EDGE ( 'NONE', *, *, #575, .F. ) ;
#4893 = FACE_OUTER_BOUND ( 'NONE', #3914, .T. ) ;
#4894 = DIRECTION ( 'NONE',  ( 0.000000000000000000, 1.000000000000000000, -2.220446049250315053E-16 ) ) ;
#4895 = CARTESIAN_POINT ( 'NONE',  ( -35.14194650060850478, 213.7250203948291016, -165.0199836841370882 ) ) ;
#4896 = LINE ( 'NONE', #1839, #4447 ) ;
#4897 = DIRECTION ( 'NONE',  ( 0.6087614290087226543, 0.000000000000000000, -0.7933533402912336108 ) ) ;
#4898 = CARTESIAN_POINT ( 'NONE',  ( 189.2495106353285053, 215.1270547432579008, -149.5557510070057106 ) ) ;
#4899 = VERTEX_POINT ( 'NONE', #358 ) ;
#4900 = CARTESIAN_POINT ( 'NONE',  ( 182.5269220392569309, 213.8292407683985346, 90.01816451074950010 ) ) ;
#4901 = FACE_OUTER_BOUND ( 'NONE', #2554, .T. ) ;
#4902 = EDGE_CURVE ( 'NONE', #628, #3471, #3152, .T. ) ;
#4903 = CARTESIAN_POINT ( 'NONE',  ( 176.0752982846486532, 253.2592710747677529, -131.0659675096559340 ) ) ;
#4904 = ORIENTED_EDGE ( 'NONE', *, *, #3508, .F. ) ;
#4905 = DIRECTION ( 'NONE',  ( 6.123031769111896152E-17, -1.000000000000000000, 2.220446049250318011E-16 ) ) ;
#4906 = ADVANCED_FACE ( 'NONE', ( #384 ), #807, .T. ) ;
#4907 = VECTOR ( 'NONE', #2811, 1000.000000000000000 ) ;
#4908 = CARTESIAN_POINT ( 'NONE',  ( 199.0567730392762371, 17.70014964977215755, 88.77182599290179610 ) ) ;
#4909 = CARTESIAN_POINT ( 'NONE',  ( -69.09563163820016030, 200.0494356792458177, -160.0965204763370764 ) ) ;
#4910 = EDGE_CURVE ( 'NONE', #669, #3446, #1693, .T. ) ;
#4912 = EDGE_CURVE ( 'NONE', #3088, #3392, #2482, .T. ) ;
#4911 = VERTEX_POINT ( 'NONE', #4036 ) ;
#4913 = VECTOR ( 'NONE', #3503, 1000.000000000000000 ) ;
#4914 = CARTESIAN_POINT ( 'NONE',  ( 47.68788108007253612, 205.4346075435244927, 104.7703363912647916 ) ) ;
#4915 = CIRCLE ( 'NONE', #48, 2.602000000000006974 ) ;
#4916 = CARTESIAN_POINT ( 'NONE',  ( 168.2480643232208877, 252.3189150215580128, 64.58378712437914260 ) ) ;
#4917 = CARTESIAN_POINT ( 'NONE',  ( 21.99992303977717611, 140.1208465350770496, 160.7535601127909501 ) ) ;
#4918 = ORIENTED_EDGE ( 'NONE', *, *, #47, .F. ) ;
#4919 = CARTESIAN_POINT ( 'NONE',  ( 197.4964733228128750, 225.0157651863556225, 87.83730573563099142 ) ) ;
#4920 = ADVANCED_FACE ( 'NONE', ( #2860 ), #2513, .T. ) ;
#4921 = FACE_OUTER_BOUND ( 'NONE', #53, .T. ) ;
#4922 = CARTESIAN_POINT ( 'NONE',  ( -8.417698140286541175, 260.0000000000000000, 46.50162693823956062 ) ) ;
#4923 = VECTOR ( 'NONE', #9, 1000.000000000000227 ) ;
#4924 = DIRECTION ( 'NONE',  ( 6.030616127508601416E-15, 9.513844685036590462E-15, -1.000000000000000000 ) ) ;
#4925 = CARTESIAN_POINT ( 'NONE',  ( -82.03321879848746789, 212.9667812015127311, 56.64295309606532669 ) ) ;
#4926 = AXIS2_PLACEMENT_3D ( 'NONE', #5023, #723, #3918 ) ;
#4927 = PLANE ( 'NONE',  #1479 ) ;
#4928 = CARTESIAN_POINT ( 'NONE',  ( 176.9280194728370645, 209.1076781337316675, -159.1061245450883916 ) ) ;
#4929 = ORIENTED_EDGE ( 'NONE', *, *, #1831, .F. ) ;
#4930 = DIRECTION ( 'NONE',  ( -0.3826834323650903369, 1.817106376559491550E-16, 0.9238795325112866275 ) ) ;
#4931 = ORIENTED_EDGE ( 'NONE', *, *, #222, .F. ) ;
#4932 = CARTESIAN_POINT ( 'NONE',  ( -63.86774504627641846, 215.0193700056789510, 91.26491553536968127 ) ) ;
#4933 = VECTOR ( 'NONE', #2056, 1000.000000000000114 ) ;
#4934 = CARTESIAN_POINT ( 'NONE',  ( -50.40695113056681009, 194.9637568995691481, 113.7453512289186222 ) ) ;
#4935 = ORIENTED_EDGE ( 'NONE', *, *, #341, .F. ) ;
#4936 = CARTESIAN_POINT ( 'NONE',  ( -63.92431520598007921, 219.2027528945994561, -152.0036432073144397 ) ) ;
#4937 = CARTESIAN_POINT ( 'NONE',  ( 71.95102261079723860, 45.19999999999999574, 102.2735068320941565 ) ) ;
#4938 = CARTESIAN_POINT ( 'NONE',  ( -14.24468192407278622, 252.6436431106725422, -133.0531337259822067 ) ) ;
#4939 = CARTESIAN_POINT ( 'NONE',  ( -63.05291532066046045, 219.3145371924689186, -152.5182994573902420 ) ) ;
#4940 = VECTOR ( 'NONE', #3031, 1000.000000000000114 ) ;
#4941 = ORIENTED_EDGE ( 'NONE', *, *, #4485, .F. ) ;
#4942 = EDGE_CURVE ( 'NONE', #4203, #4605, #2096, .T. ) ;
#4943 = FACE_OUTER_BOUND ( 'NONE', #817, .T. ) ;
#4944 = DIRECTION ( 'NONE',  ( -0.6087614290087207669, 1.388851733146175650E-16, 0.7933533402912350541 ) ) ;
#4945 = EDGE_LOOP ( 'NONE', ( #4717, #4344, #430, #2670 ) ) ;
#4946 = ADVANCED_FACE ( 'NONE', ( #997 ), #72, .T. ) ;
#4947 = CARTESIAN_POINT ( 'NONE',  ( 77.50000000000000000, 204.7647515695975073, -140.1725775571580073 ) ) ;
#4948 = DIRECTION ( 'NONE',  ( 0.000000000000000000, 0.000000000000000000, 1.000000000000000000 ) ) ;
#4949 = CARTESIAN_POINT ( 'NONE',  ( 218.2449249531603641, 212.9719812909671361, 77.65422585265177702 ) ) ;
#4950 = ADVANCED_FACE ( 'NONE', ( #4091 ), #1664, .F. ) ;
#4951 = CARTESIAN_POINT ( 'NONE',  ( -82.06148636072524027, 211.3473336455183755, 82.15379292923289256 ) ) ;
#4952 = EDGE_CURVE ( 'NONE', #726, #3179, #5055, .T. ) ;
#4953 = DIRECTION ( 'NONE',  ( -3.869679146734180297E-16, 3.869679146734180297E-16, 1.000000000000000000 ) ) ;
#4954 = CARTESIAN_POINT ( 'NONE',  ( 190.1687748149675485, 215.7600323395620023, -148.5482341675607643 ) ) ;
#4955 = ORIENTED_EDGE ( 'NONE', *, *, #3202, .F. ) ;
#4956 = CARTESIAN_POINT ( 'NONE',  ( 235.1389744343075847, 217.8610255656674326, 56.18721177243772047 ) ) ;
#4957 = ORIENTED_EDGE ( 'NONE', *, *, #3108, .T. ) ;
#4958 = CARTESIAN_POINT ( 'NONE',  ( -65.58818775301934068, 215.6407709447699972, 89.24078084655315024 ) ) ;
#4959 = CARTESIAN_POINT ( 'NONE',  ( 194.5913756400809405, 254.5508632364649770, -113.7966514237893279 ) ) ;
#4960 = ORIENTED_EDGE ( 'NONE', *, *, #2982, .T. ) ;
#4961 = CARTESIAN_POINT ( 'NONE',  ( -65.05213501148699606, 219.1000783857159036, -151.2179120834875050 ) ) ;
#4962 = EDGE_CURVE ( 'NONE', #81, #3004, #4975, .T. ) ;
#4963 = PLANE ( 'NONE',  #4284 ) ;
#4964 = CARTESIAN_POINT ( 'NONE',  ( -58.06271237881372826, 213.2240675596452206, -165.0287278484009903 ) ) ;
#4965 = ORIENTED_EDGE ( 'NONE', *, *, #1264, .T. ) ;
#4966 = EDGE_CURVE ( 'NONE', #3363, #3996, #4452, .T. ) ;
#4967 = PLANE ( 'NONE',  #1885 ) ;
#4968 = CARTESIAN_POINT ( 'NONE',  ( 176.8624147333008523, 1.275601570199860646, 360.4182679094835180 ) ) ;
#4969 = ORIENTED_EDGE ( 'NONE', *, *, #1654, .T. ) ;
#4970 = CARTESIAN_POINT ( 'NONE',  ( 208.7065388907867032, 225.9497642787414122, 83.41190348403401345 ) ) ;
#4971 = CARTESIAN_POINT ( 'NONE',  ( 172.6969400437641582, 253.1563034989493417, 63.04206936098430702 ) ) ;
#4972 = EDGE_CURVE ( 'NONE', #3996, #2577, #2962, .T. ) ;
#4973 = CARTESIAN_POINT ( 'NONE',  ( 204.6030222174122741, 214.3183802903101309, 85.61008406152214434 ) ) ;
#4974 = CARTESIAN_POINT ( 'NONE',  ( -38.61449668278009284, 184.0562701097884997, 115.5378536467014499 ) ) ;
#4975 = LINE ( 'NONE', #285, #4684 ) ;
#4976 = CARTESIAN_POINT ( 'NONE',  ( 190.2061345266900219, 215.7864865835946375, -148.5061190303412104 ) ) ;
#4977 = ORIENTED_EDGE ( 'NONE', *, *, #3631, .F. ) ;
#4978 = CARTESIAN_POINT ( 'NONE',  ( 234.1267140869269383, 218.8732859132869919, 58.38094723992615798 ) ) ;
#4980 = EDGE_CURVE ( 'NONE', #4329, #3404, #1887, .T. ) ;
#4979 = EDGE_LOOP ( 'NONE', ( #3072, #2186, #345, #4992 ) ) ;
#4981 = DIRECTION ( 'NONE',  ( 0.6087634458469187715, 1.469858248103957259E-06, 0.7933517927114207557 ) ) ;
#4982 = CARTESIAN_POINT ( 'NONE',  ( 174.4048285479869378, 252.9792049480851119, -131.8791821058693472 ) ) ;
#4983 = ORIENTED_EDGE ( 'NONE', *, *, #3460, .T. ) ;
#4984 = CARTESIAN_POINT ( 'NONE',  ( -67.86024793024434132, 219.0794854347695662, -148.4015722280832676 ) ) ;
#4985 = CARTESIAN_POINT ( 'NONE',  ( 205.3764717166699256, 232.4551947396262790, -121.4606104458372187 ) ) ;
#4986 = CARTESIAN_POINT ( 'NONE',  ( 55.71070453570012404, 187.2694017922594298, 110.1128769036753852 ) ) ;
#4987 = ORIENTED_EDGE ( 'NONE', *, *, #3078, .T. ) ;
#4988 = VECTOR ( 'NONE', #3151, 1000.000000000000000 ) ;
#4989 = DIRECTION ( 'NONE',  ( -0.8571259060821851961, -0.5151069608564740054, 0.000000000000000000 ) ) ;
#4990 = CARTESIAN_POINT ( 'NONE',  ( 230.8993464005752116, 41.00000000000000000, 61.50000000000018474 ) ) ;
#4991 = CIRCLE ( 'NONE', #4190, 25.00000000000001776 ) ;
#4992 = ORIENTED_EDGE ( 'NONE', *, *, #922, .F. ) ;
#4993 = ORIENTED_EDGE ( 'NONE', *, *, #3282, .T. ) ;
#4994 = DIRECTION ( 'NONE',  ( 1.000000000000000000, 1.047036085699110095E-15, 8.376288685592880165E-16 ) ) ;
#4995 = CARTESIAN_POINT ( 'NONE',  ( -5.559106217744477441, 260.0000000000000000, 57.99999999999989342 ) ) ;
#4996 = CIRCLE ( 'NONE', #2448, 2.602000000000006974 ) ;
#4997 = DIRECTION ( 'NONE',  ( -0.000000000000000000, 0.000000000000000000, -1.000000000000000000 ) ) ;
#4998 = CARTESIAN_POINT ( 'NONE',  ( -58.20269769950563443, 45.19999999999999574, 111.3886643826999432 ) ) ;
#4999 = CARTESIAN_POINT ( 'NONE',  ( 166.0922925185339523, 206.3339531670566203, -163.4620021717944383 ) ) ;
#5000 = EDGE_CURVE ( 'NONE', #1234, #3257, #2604, .T. ) ;
#5001 = ORIENTED_EDGE ( 'NONE', *, *, #1477, .T. ) ;
#5002 = VECTOR ( 'NONE', #3871, 1000.000000000000000 ) ;
#5003 = CARTESIAN_POINT ( 'NONE',  ( 232.8909766968448878, 220.1090233031555670, 34.38940455626546822 ) ) ;
#5004 = EDGE_LOOP ( 'NONE', ( #367, #96, #4561, #2868 ) ) ;
#5005 = LINE ( 'NONE', #4225, #4675 ) ;
#5006 = VECTOR ( 'NONE', #2168, 1000.000000000000000 ) ;
#5007 = ADVANCED_FACE ( 'NONE', ( #698 ), #3064, .T. ) ;
#5008 = CARTESIAN_POINT ( 'NONE',  ( 183.3002853485330945, 254.2497860076886127, -126.5392384785632203 ) ) ;
#5009 = ORIENTED_EDGE ( 'NONE', *, *, #4575, .F. ) ;
#5010 = CARTESIAN_POINT ( 'NONE',  ( -62.09274327872972776, 219.4816569786295304, -152.9756561130907642 ) ) ;
#5011 = CARTESIAN_POINT ( 'NONE',  ( 62.21662278824498316, 189.6011333680573330, 106.1291597235740340 ) ) ;
#5012 = CARTESIAN_POINT ( 'NONE',  ( -17.57435200890311933, 260.0000000000000000, -112.7204381804538684 ) ) ;
#5013 = CARTESIAN_POINT ( 'NONE',  ( -62.47670751330642958, 200.2462174288035328, -163.4662584869744535 ) ) ;
#5014 = ORIENTED_EDGE ( 'NONE', *, *, #309, .F. ) ;
#5015 = CARTESIAN_POINT ( 'NONE',  ( 175.4440585902759437, 238.1394020224471433, -145.4884573296372423 ) ) ;
#5016 = VECTOR ( 'NONE', #3062, 1000.000000000000000 ) ;
#5017 = EDGE_CURVE ( 'NONE', #3927, #2432, #3931, .T. ) ;
#5018 = DIRECTION ( 'NONE',  ( -0.7933533402912522625, 0.000000000000000000, -0.6087614290086983404 ) ) ;
#5019 = EDGE_LOOP ( 'NONE', ( #4307, #563, #688, #907 ) ) ;
#5020 = CARTESIAN_POINT ( 'NONE',  ( 187.1212593721590736, 230.3823773682775879, 83.38653368433351432 ) ) ;
#5021 = CARTESIAN_POINT ( 'NONE',  ( 211.1711468042302897, 213.9156532949890845, 82.37317739151441742 ) ) ;
#5022 = CIRCLE ( 'NONE', #410, 24.99999999999998579 ) ;
#5023 = CARTESIAN_POINT ( 'NONE',  ( 87.77602967233920594, 0.2000000000000334843, 62.22397032766070879 ) ) ;
#5024 = EDGE_CURVE ( 'NONE', #4405, #3055, #4220, .T. ) ;
#5025 = ADVANCED_FACE ( 'NONE', ( #1090 ), #3421, .F. ) ;
#5026 = CARTESIAN_POINT ( 'NONE',  ( 229.4983957784033066, 209.1382683165005574, 65.87688878627373867 ) ) ;
#5027 = CARTESIAN_POINT ( 'NONE',  ( -70.39544132381320196, 219.5250719758206799, -143.9906788014445453 ) ) ;
#5028 = ORIENTED_EDGE ( 'NONE', *, *, #630, .T. ) ;
#5029 = FACE_OUTER_BOUND ( 'NONE', #1381, .T. ) ;
#5030 = EDGE_LOOP ( 'NONE', ( #3042, #2900, #4122, #1010 ) ) ;
#5031 = LINE ( 'NONE', #1095, #978 ) ;
#5032 = CARTESIAN_POINT ( 'NONE',  ( -69.43471923094926979, 207.4780348424329759, 98.77558297874317361 ) ) ;
#5033 = ORIENTED_EDGE ( 'NONE', *, *, #176, .F. ) ;
#5034 = CARTESIAN_POINT ( 'NONE',  ( -41.72950802060932318, 201.1943828535819705, 108.4048146969297193 ) ) ;
#5035 = CARTESIAN_POINT ( 'NONE',  ( 204.9328806154740619, 248.0671193845259097, -101.7993333655129504 ) ) ;
#5036 = ADVANCED_FACE ( 'NONE', ( #3369 ), #4927, .T. ) ;
#5037 = CARTESIAN_POINT ( 'NONE',  ( 48.59347780298446651, 185.5277745775572953, 113.0776533410156617 ) ) ;
#5038 = VERTEX_POINT ( 'NONE', #624 ) ;
#5039 = CARTESIAN_POINT ( 'NONE',  ( 63.02436494061883110, 45.19999999999998863, 108.6496908822215630 ) ) ;
#5040 = CARTESIAN_POINT ( 'NONE',  ( -56.68567898695817320, 220.8601003823047790, -154.6401803310558307 ) ) ;
#5041 = ORIENTED_EDGE ( 'NONE', *, *, #3570, .T. ) ;
#5042 = DIRECTION ( 'NONE',  ( 0.000000000000000000, -2.830315352765160168E-16, -1.000000000000000000 ) ) ;
#5043 = CARTESIAN_POINT ( 'NONE',  ( -72.35222052035486229, 220.7353804804881179, -136.6122117305242796 ) ) ;
#5044 = CARTESIAN_POINT ( 'NONE',  ( 164.3927348309587728, 223.6167349882140343, -157.1066120094290284 ) ) ;
#5045 = LINE ( 'NONE', #1523, #2697 ) ;
#5046 = PLANE ( 'NONE',  #2314 ) ;
#5047 = ORIENTED_EDGE ( 'NONE', *, *, #660, .F. ) ;
#5048 = CARTESIAN_POINT ( 'NONE',  ( 149.6605019347781536, 45.19999999999999574, 90.57773952929589711 ) ) ;
#5049 = ORIENTED_EDGE ( 'NONE', *, *, #3917, .F. ) ;
#5050 = CARTESIAN_POINT ( 'NONE',  ( -93.99999999999997158, 35.20000000000000284, -78.00000000000000000 ) ) ;
#5051 = CARTESIAN_POINT ( 'NONE',  ( -48.82996193699491982, 207.9989286171610274, 102.5723468995762602 ) ) ;
#5052 = CARTESIAN_POINT ( 'NONE',  ( 239.7623467117574876, 203.1049100545477870, -48.30377483652933535 ) ) ;
#5053 = ORIENTED_EDGE ( 'NONE', *, *, #2981, .T. ) ;
#5054 = CARTESIAN_POINT ( 'NONE',  ( 185.0001299654585125, 7.700179246586941417, 360.4182679094835180 ) ) ;
#5055 = B_SPLINE_CURVE_WITH_KNOTS ( 'NONE', 3,
 ( #1743, #4876, #4523, #4800, #2832, #4426, #882, #2452, #4499, #4824, #602, #1113, #4644, #2224, #3851, #1888, #1067, #2174, #1861, #1406, #3808, #1480, #3441, #3469, #3779, #3756, #4569, #1452, #675, #3830, #1431, #3399, #5026 ),
 .UNSPECIFIED., .F., .F.,
 ( 4, 2, 2, 2, 2, 2, 2, 1, 1, 2, 2, 2, 2, 1, 1, 1, 2, 2, 4 ),
 ( 0.000000000000000000, 0.1249999999999935885, 0.1874999999999906464, 0.2187499999999894251, 0.2499999999999881761, 0.3749999999999817368, 0.4374999999999782951, 0.4687499999999763522, 0.4843749999999750755, 0.4921874999999739653, 0.4999999999999728550, 0.6249999999999645839, 0.6874999999999606981, 0.7187499999999588107, 0.7343749999999573674, 0.7421874999999561462, 0.7460937499999560352, 0.7499999999999560352, 1.000000000000000000 ),
 .UNSPECIFIED. ) ;
#5056 = DIRECTION ( 'NONE',  ( 0.000000000000000000, 0.000000000000000000, -1.000000000000000000 ) ) ;
#5057 = CARTESIAN_POINT ( 'NONE',  ( -82.22408116830770552, 202.0322833577558299, 63.33353125490881297 ) ) ;
#5058 = LINE ( 'NONE', #4783, #1007 ) ;
#5059 = ORIENTED_EDGE ( 'NONE', *, *, #427, .F. ) ;
#5060 = B_SPLINE_CURVE_WITH_KNOTS ( 'NONE', 3,
 ( #1706, #428, #849, #1289, #3276, #905, #1321, #2851, #4763, #2801, #4082, #2881, #4445, #2009, #4056, #510, #3220, #537, #4793, #2112, #4390, #933, #3698, #3587, #2089, #33, #1622, #2416, #3999, #452, #2034, #3618, #65, #2552, #1397, #3030, #4916, #4614 ),
 .UNSPECIFIED., .F., .F.,
 ( 4, 2, 2, 1, 1, 1, 1, 2, 2, 2, 2, 1, 2, 2, 2, 2, 1, 1, 1, 1, 1, 2, 2, 4 ),
 ( 0.000000000000000000, 0.1249999999999948652, 0.1874999999999924505, 0.2187499999999908129, 0.2343749999999898415, 0.2421874999999897027, 0.2460937499999892308, 0.2480468749999893974, 0.2499999999999895639, 0.3749999999999738542, 0.4374999999999660272, 0.4687499999999623079, 0.4843749999999605871, 0.4999999999999588107, 0.6249999999999477085, 0.6874999999999421574, 0.7187499999999398259, 0.7343749999999381606, 0.7421874999999381606, 0.7460937499999388267, 0.7480468749999396039, 0.7490234374999398259, 0.7499999999999400480, 1.000000000000000000 ),
 .UNSPECIFIED. ) ;
#5061 = DIRECTION ( 'NONE',  ( 0.000000000000000000, 1.000000000000000000, -1.589637512531474944E-16 ) ) ;
#5062 = ADVANCED_FACE ( 'NONE', ( #2195 ), #239, .T. ) ;
#5063 = EDGE_CURVE ( 'NONE', #22, #1043, #904, .T. ) ;
#5064 = EDGE_LOOP ( 'NONE', ( #1712, #1094, #5033, #2392 ) ) ;
#5065 = DIRECTION ( 'NONE',  ( 0.01082760929546845372, -0.9997890838048474338, -0.01745138337233675951 ) ) ;
#5066 = CARTESIAN_POINT ( 'NONE',  ( -82.23663355074293690, 201.3131578496684995, -133.3265338151535673 ) ) ;
#5067 = AXIS2_PLACEMENT_3D ( 'NONE', #3929, #387, #2685 ) ;
#5068 = CARTESIAN_POINT ( 'NONE',  ( 180.0000000000000284, 43.00000000000000000, 90.59999999999999432 ) ) ;
#5069 = DIRECTION ( 'NONE',  ( 6.123031769111878895E-17, -1.000000000000000000, 2.220446049250309876E-16 ) ) ;
#5070 = FACE_OUTER_BOUND ( 'NONE', #353, .T. ) ;
#5071 = EDGE_LOOP ( 'NONE', ( #1248, #2325, #2218, #1512 ) ) ;
#5072 = CARTESIAN_POINT ( 'NONE',  ( 59.39999999999999858, 0.2000000000000057288, -2.112515784963269995E-14 ) ) ;
#5073 = ORIENTED_EDGE ( 'NONE', *, *, #3589, .T. ) ;
#5074 = CARTESIAN_POINT ( 'NONE',  ( 222.4766594028870372, 45.19999999999999574, 72.47665940288706565 ) ) ;
#5075 = CARTESIAN_POINT ( 'NONE',  ( 167.6778769463775234, 251.7321376084539679, -134.6142899132370303 ) ) ;
#5076 = VECTOR ( 'NONE', #1250, 1000.000000000000114 ) ;
#5077 = CARTESIAN_POINT ( 'NONE',  ( 200.4024823837886231, 228.2565988183963270, -131.6608772654586801 ) ) ;
#5078 = DIRECTION ( 'NONE',  ( -1.000000000000000000, 0.000000000000000000, 0.000000000000000000 ) ) ;
#5079 = ORIENTED_EDGE ( 'NONE', *, *, #1705, .T. ) ;
#5080 = ADVANCED_FACE ( 'NONE', ( #826 ), #1213, .T. ) ;
#5081 = LINE ( 'NONE', #1559, #4988 ) ;
#5082 = DIRECTION ( 'NONE',  ( -0.7071067811865474617, 0.7071067811865474617, 0.000000000000000000 ) ) ;
#5083 = VECTOR ( 'NONE', #2040, 1000.000000000000000 ) ;
#5084 = CARTESIAN_POINT ( 'NONE',  ( 198.7168872856645407, 45.19999999999999574, 86.19212027179629843 ) ) ;
#5085 = AXIS2_PLACEMENT_3D ( 'NONE', #1952, #1539, #3868 ) ;
#5086 = DIRECTION ( 'NONE',  ( 0.000000000000000000, 0.000000000000000000, 1.000000000000000000 ) ) ;
#5087 = ORIENTED_EDGE ( 'NONE', *, *, #2897, .T. ) ;
#5088 = AXIS2_PLACEMENT_3D ( 'NONE', #3188, #5069, #1190 ) ;
#5089 = DIRECTION ( 'NONE',  ( 0.6087614290087198787, 2.134344847072243135E-16, 0.7933533402912357202 ) ) ;
#5090 = ORIENTED_EDGE ( 'NONE', *, *, #4910, .T. ) ;
#5091 = CARTESIAN_POINT ( 'NONE',  ( 86.19203243405719661, 45.19999999999999574, 64.28827571909749850 ) ) ;
#5092 = CARTESIAN_POINT ( 'NONE',  ( -24.64466094068190571, 260.0000000000000000, 31.38921909285704359 ) ) ;
#5093 = EDGE_CURVE ( 'NONE', #4224, #1234, #4577, .T. ) ;
#5094 = ADVANCED_FACE ( 'NONE', ( #1599 ), #2727, .T. ) ;
#5095 = CARTESIAN_POINT ( 'NONE',  ( 59.42226047070514738, 45.19999999999999574, 0.3394980652295520596 ) ) ;
#5096 = AXIS2_PLACEMENT_3D ( 'NONE', #1698, #86, #927 ) ;
#5097 = CARTESIAN_POINT ( 'NONE',  ( 328.8781384749045742, 35.20000000000000284, -78.00000000000000000 ) ) ;
#5098 = DIRECTION ( 'NONE',  ( 1.000000000000000000, 0.000000000000000000, 0.000000000000000000 ) ) ;
#5099 = ORIENTED_EDGE ( 'NONE', *, *, #3917, .T. ) ;
#5100 = CARTESIAN_POINT ( 'NONE',  ( -82.00000000000000000, 47.80000000000000426, -73.00000000000000000 ) ) ;
#5101 = ORIENTED_EDGE ( 'NONE', *, *, #3353, .T. ) ;
#5102 = CIRCLE ( 'NONE', #1412, 2.602000000000006974 ) ;
#5103 = LINE ( 'NONE', #1172, #3938 ) ;
#5104 = CARTESIAN_POINT ( 'NONE',  ( 506.9319480955999211, 43.00000000000003553, 1.999999999999902078 ) ) ;
#5105 = CARTESIAN_POINT ( 'NONE',  ( 207.3421532644853471, 232.3378398468520345, -117.4993743254796641 ) ) ;
#5106 = CARTESIAN_POINT ( 'NONE',  ( 232.8909766969096893, 220.1090233030907370, -42.55379993310749853 ) ) ;
#5107 = ORIENTED_EDGE ( 'NONE', *, *, #1, .T. ) ;
#5108 = CARTESIAN_POINT ( 'NONE',  ( 183.3692414656715641, 229.6627149438655806, 84.00338719097207729 ) ) ;
#5109 = LINE ( 'NONE', #1635, #3859 ) ;
ENDSEC;
END-ISO-10303-21;
