ISO-10303-21;
HEADER;
FILE_DESCRIPTION (( 'STEP AP203' ),
    '1' );
FILE_NAME ('M-20iA35M axis5-M-20iA35M_Défaut_sldprt.STEP',
    '2025-11-12T15:55:28',
    ( '' ),
    ( '' ),
    'SwSTEP 2.0',
    'SolidWorks 2023',
    '' );
FILE_SCHEMA (( 'CONFIG_CONTROL_DESIGN' ));
ENDSEC;

DATA;
#1 = EDGE_CURVE ( 'NONE', #3182, #1714, #2588, .T. ) ;
#2 = CIRCLE ( 'NONE', #2115, 25.39999999999999858 ) ;
#3 = CIRCLE ( 'NONE', #465, 15.00000000000000000 ) ;
#4 = ORIENTED_EDGE ( 'NONE', *, *, #3242, .T. ) ;
#5 = ORIENTED_EDGE ( 'NONE', *, *, #2230, .F. ) ;
#6 = VECTOR ( 'NONE', #2580, 1000.000000000000114 ) ;
#7 = DIRECTION ( 'NONE',  ( 0.000000000000000000, 0.000000000000000000, 1.000000000000000000 ) ) ;
#8 = LINE ( 'NONE', #3328, #2563 ) ;
#9 = AXIS2_PLACEMENT_3D ( 'NONE', #1154, #554, #1673 ) ;
#10 = DIRECTION ( 'NONE',  ( -1.000000000000000000, 0.000000000000000000, 0.000000000000000000 ) ) ;
#11 = DIRECTION ( 'NONE',  ( 0.9838986587422088315, -0.04295794316710538352, 0.1734878798191221982 ) ) ;
#12 = VECTOR ( 'NONE', #1689, 1000.000000000000000 ) ;
#13 = CARTESIAN_POINT ( 'NONE',  ( 29.00000000000000355, 44.50000000000000000, 7.347638122934260394E-15 ) ) ;
#14 = ORIENTED_EDGE ( 'NONE', *, *, #265, .T. ) ;
#15 = DIRECTION ( 'NONE',  ( -6.123031769111888756E-17, -1.000000000000000000, 0.000000000000000000 ) ) ;
#16 = CARTESIAN_POINT ( 'NONE',  ( 23.75105241894646824, 60.03699334368088358, -14.12096389918431427 ) ) ;
#17 = CARTESIAN_POINT ( 'NONE',  ( -44.75000000000000000, 20.66858934169290052, -51.50000000000000711 ) ) ;
#18 = VECTOR ( 'NONE', #2891, 1000.000000000000000 ) ;
#19 = ORIENTED_EDGE ( 'NONE', *, *, #2954, .F. ) ;
#20 = DIRECTION ( 'NONE',  ( -0.9650679815140736917, 0.04213577804371839569, -0.2585891862878295644 ) ) ;
#21 = AXIS2_PLACEMENT_3D ( 'NONE', #2201, #2752, #264 ) ;
#22 = DIRECTION ( 'NONE',  ( 1.000000000000000000, 0.000000000000000000, -0.000000000000000000 ) ) ;
#23 = ORIENTED_EDGE ( 'NONE', *, *, #1881, .F. ) ;
#24 = VERTEX_POINT ( 'NONE', #2323 ) ;
#25 = ADVANCED_FACE ( 'NONE', ( #883 ), #1510, .F. ) ;
#26 = EDGE_CURVE ( 'NONE', #1974, #1877, #3073, .T. ) ;
#27 = CARTESIAN_POINT ( 'NONE',  ( 89.50000000000000000, 5.551115123125779547E-14, 7.843419788940609499E-14 ) ) ;
#28 = DIRECTION ( 'NONE',  ( 0.000000000000000000, 0.000000000000000000, 1.000000000000000000 ) ) ;
#29 = DIRECTION ( 'NONE',  ( 0.000000000000000000, 0.000000000000000000, -1.000000000000000000 ) ) ;
#30 = CARTESIAN_POINT ( 'NONE',  ( 16.31960893229434006, 22.19917178653028245, -55.67348127635714405 ) ) ;
#31 = DIRECTION ( 'NONE',  ( -0.000000000000000000, 0.000000000000000000, 1.000000000000000000 ) ) ;
#32 = ORIENTED_EDGE ( 'NONE', *, *, #3115, .T. ) ;
#33 = DIRECTION ( 'NONE',  ( -0.9995720928243299053, 0.01305815709954879014, 0.02617471642544514157 ) ) ;
#34 = CARTESIAN_POINT ( 'NONE',  ( 3.612588743776015278E-15, 59.00000000000000000, 7.347638122934260394E-15 ) ) ;
#35 = DIRECTION ( 'NONE',  ( -1.000000000000000000, 0.000000000000000000, -0.000000000000000000 ) ) ;
#36 = EDGE_LOOP ( 'NONE', ( #2605, #347, #1217, #1068 ) ) ;
#37 = FACE_OUTER_BOUND ( 'NONE', #231, .T. ) ;
#38 = CARTESIAN_POINT ( 'NONE',  ( 35.25000000000000000, -22.98408746478896347, 30.25692851911662018 ) ) ;
#39 = ORIENTED_EDGE ( 'NONE', *, *, #2092, .T. ) ;
#40 = ORIENTED_EDGE ( 'NONE', *, *, #1857, .T. ) ;
#41 =( BOUNDED_SURFACE ( )  B_SPLINE_SURFACE ( 3, 3, ( 
 ( #1752, #418, #1460, #74 ),
 ( #2843, #1540, #664, #1774 ),
 ( #363, #1483, #2332, #2579 ),
 ( #3107, #624, #1186, #1223 ) ),
 .UNSPECIFIED., .F., .F., .F. ) 
 B_SPLINE_SURFACE_WITH_KNOTS ( ( 4, 4 ),
 ( 4, 4 ),
 ( 0.000000000000000000, 1.000000000000000000 ),
 ( 0.000000000000000000, 1.000000000000000000 ),
 .UNSPECIFIED. ) 
 GEOMETRIC_REPRESENTATION_ITEM ( )  RATIONAL_B_SPLINE_SURFACE ( (
 ( 1.000000000000000000, 0.3333333333333334259, 0.3333333333333334259, 1.000000000000000000),
 ( 0.8047378541243649375, 0.2682459513747884050, 0.2682459513747884050, 0.8047378541243649375),
 ( 0.8047378541243649375, 0.2682459513747884050, 0.2682459513747884050, 0.8047378541243649375),
 ( 1.000000000000000000, 0.3333333333333334259, 0.3333333333333334259, 1.000000000000000000) ) ) 
 REPRESENTATION_ITEM ( '' )  SURFACE ( )  );
#42 = CARTESIAN_POINT ( 'NONE',  ( -95.49999999999997158, 16.68272272492937347, 34.79133171471205088 ) ) ;
#43 = DIRECTION ( 'NONE',  ( 0.6937271617725917494, 0.5317768888714882181, -0.4857529881339950339 ) ) ;
#44 = EDGE_LOOP ( 'NONE', ( #888, #1469, #2157, #1283, #738 ) ) ;
#45 = CARTESIAN_POINT ( 'NONE',  ( -3.489804432490196451, 38.48556251952520313, -35.69890776701549129 ) ) ;
#46 = FACE_OUTER_BOUND ( 'NONE', #846, .T. ) ;
#47 = CARTESIAN_POINT ( 'NONE',  ( -5.643565774175240968, -38.21454835940824069, 32.00625197289674873 ) ) ;
#48 = ADVANCED_FACE ( 'NONE', ( #203 ), #2658, .T. ) ;
#49 = ADVANCED_FACE ( 'NONE', ( #2372 ), #2639, .T. ) ;
#50 = ORIENTED_EDGE ( 'NONE', *, *, #2192, .T. ) ;
#51 = CARTESIAN_POINT ( 'NONE',  ( -44.75000000000000000, 37.40512627446505434, 0.000000000000000000 ) ) ;
#52 = CARTESIAN_POINT ( 'NONE',  ( -95.03863442835850606, 38.81147537059541719, -8.503073525490423279 ) ) ;
#53 = CARTESIAN_POINT ( 'NONE',  ( 35.50000000000000711, -44.50000000000000000, -12.00000000000000000 ) ) ;
#54 = VERTEX_POINT ( 'NONE', #3223 ) ;
#55 = CARTESIAN_POINT ( 'NONE',  ( -92.46509788471892932, 20.40144712261930948, 32.15566246358973501 ) ) ;
#56 = DIRECTION ( 'NONE',  ( 0.000000000000000000, 0.000000000000000000, 1.000000000000000000 ) ) ;
#57 = VERTEX_POINT ( 'NONE', #1253 ) ;
#58 = ORIENTED_EDGE ( 'NONE', *, *, #1797, .F. ) ;
#59 = CARTESIAN_POINT ( 'NONE',  ( 48.00000000000000000, -40.00000000000000000, -22.47372055837109528 ) ) ;
#60 = AXIS2_PLACEMENT_3D ( 'NONE', #501, #2411, #2975 ) ;
#61 = DIRECTION ( 'NONE',  ( 1.000000000000000000, 0.000000000000000000, 0.000000000000000000 ) ) ;
#62 = ORIENTED_EDGE ( 'NONE', *, *, #2062, .F. ) ;
#63 = CARTESIAN_POINT ( 'NONE',  ( 23.11788603124840691, -44.49999999999998579, -43.00000000000000000 ) ) ;
#64 = VECTOR ( 'NONE', #225, 1000.000000000000114 ) ;
#65 = VECTOR ( 'NONE', #462, 1000.000000000000114 ) ;
#66 = CARTESIAN_POINT ( 'NONE',  ( 3.673819061467134930E-15, 60.00000000000000000, 26.50000000000000000 ) ) ;
#67 = CARTESIAN_POINT ( 'NONE',  ( -95.50000000000001421, 17.99205735532046546, -34.26954266231695101 ) ) ;
#68 = AXIS2_PLACEMENT_3D ( 'NONE', #2994, #2712, #1858 ) ;
#69 = EDGE_LOOP ( 'NONE', ( #2434, #2391, #2800, #1612, #2245, #2471 ) ) ;
#70 = DIRECTION ( 'NONE',  ( -6.123031769111888756E-17, -1.000000000000000000, 0.000000000000000000 ) ) ;
#71 = B_SPLINE_CURVE_WITH_KNOTS ( 'NONE', 3,
 ( #759, #3232, #746, #2976 ),
 .UNSPECIFIED., .F., .F.,
 ( 4, 4 ),
 ( 6.938893903907228378E-18, 0.0001612088135398798095 ),
 .UNSPECIFIED. ) ;
#72 = AXIS2_PLACEMENT_3D ( 'NONE', #1511, #1196, #1708 ) ;
#73 = EDGE_CURVE ( 'NONE', #1468, #238, #1251, .T. ) ;
#74 = CARTESIAN_POINT ( 'NONE',  ( 15.79999999999999893, -44.50000000000000000, -3.869883885305636046E-15 ) ) ;
#75 = CARTESIAN_POINT ( 'NONE',  ( 75.30000000000001137, 5.551115123125779547E-14, 7.843419788940609499E-14 ) ) ;
#76 = ORIENTED_EDGE ( 'NONE', *, *, #470, .F. ) ;
#77 = DIRECTION ( 'NONE',  ( 1.000000000000000000, 0.000000000000000000, 0.000000000000000000 ) ) ;
#78 = AXIS2_PLACEMENT_3D ( 'NONE', #1505, #2791, #2261 ) ;
#79 = CARTESIAN_POINT ( 'NONE',  ( 24.44999999999998863, 44.02846181658804170, 4.353376699018980026E-15 ) ) ;
#80 = ORIENTED_EDGE ( 'NONE', *, *, #3350, .F. ) ;
#81 = AXIS2_PLACEMENT_3D ( 'NONE', #2218, #2687, #1313 ) ;
#82 = ORIENTED_EDGE ( 'NONE', *, *, #1239, .F. ) ;
#83 = PLANE ( 'NONE',  #2171 ) ;
#84 = DATE_TIME_ROLE ( 'creation_date' ) ;
#85 = ORIENTED_EDGE ( 'NONE', *, *, #921, .F. ) ;
#86 = CARTESIAN_POINT ( 'NONE',  ( 48.00000000000000000, 49.50000000000000000, 5.000000000000099476 ) ) ;
#87 = FACE_OUTER_BOUND ( 'NONE', #216, .T. ) ;
#88 = CARTESIAN_POINT ( 'NONE',  ( -95.50000000000000000, -21.21360261539622982, -32.26502630494227475 ) ) ;
#89 = VERTEX_POINT ( 'NONE', #2358 ) ;
#90 = CARTESIAN_POINT ( 'NONE',  ( -44.75000000000000000, -31.65474851953635493, -21.01729992565443794 ) ) ;
#91 = CARTESIAN_POINT ( 'NONE',  ( -88.42144711968516901, 39.10038800789439506, -35.52192769111541537 ) ) ;
#92 = CARTESIAN_POINT ( 'NONE',  ( -92.49999999999997158, 36.07861565274350113, 11.92244777341366380 ) ) ;
#93 = ORIENTED_EDGE ( 'NONE', *, *, #1, .F. ) ;
#94 = DIRECTION ( 'NONE',  ( 1.000000000000000000, -0.000000000000000000, -0.000000000000000000 ) ) ;
#95 = CARTESIAN_POINT ( 'NONE',  ( 15.79999999999999893, -44.50000000000000000, 0.000000000000000000 ) ) ;
#96 = EDGE_LOOP ( 'NONE', ( #1688, #634, #2795 ) ) ;
#97 = ADVANCED_FACE ( 'NONE', ( #169 ), #1316, .T. ) ;
#98 = EDGE_CURVE ( 'NONE', #2692, #352, #3487, .T. ) ;
#99 = EDGE_LOOP ( 'NONE', ( #112, #1754, #863, #2698 ) ) ;
#100 = CARTESIAN_POINT ( 'NONE',  ( 3.469446951953614978E-15, 45.80000000000000426, 7.347638122934260394E-15 ) ) ;
#101 = ORIENTED_EDGE ( 'NONE', *, *, #1921, .F. ) ;
#102 = FACE_OUTER_BOUND ( 'NONE', #408, .T. ) ;
#103 = DIRECTION ( 'NONE',  ( -1.000000000000000000, -0.000000000000000000, 0.000000000000000000 ) ) ;
#104 = CARTESIAN_POINT ( 'NONE',  ( -95.49999999999995737, -26.56278162118851682, -27.99564239255927589 ) ) ;
#105 = ORIENTED_EDGE ( 'NONE', *, *, #873, .T. ) ;
#106 = CARTESIAN_POINT ( 'NONE',  ( 3.567765040262536948E-15, 58.26794919243120319, 7.347638122934260394E-15 ) ) ;
#107 = CARTESIAN_POINT ( 'NONE',  ( -88.75841492432618907, 35.96792478851303798, -38.13117083763387427 ) ) ;
#108 = CARTESIAN_POINT ( 'NONE',  ( 27.50000000000000355, 58.26794919243120319, 7.347638122934260394E-15 ) ) ;
#109 = ORIENTED_EDGE ( 'NONE', *, *, #2127, .T. ) ;
#110 = CYLINDRICAL_SURFACE ( 'NONE', #195, 42.50000000000000000 ) ;
#111 = EDGE_CURVE ( 'NONE', #2149, #1722, #2873, .T. ) ;
#112 = ORIENTED_EDGE ( 'NONE', *, *, #806, .F. ) ;
#113 = DIRECTION ( 'NONE',  ( 0.000000000000000000, -1.000000000000000000, 0.000000000000000000 ) ) ;
#114 = APPROVAL ( #1819, 'UNSPECIFIED' ) ;
#115 = ADVANCED_FACE ( 'NONE', ( #2963 ), #725, .F. ) ;
#116 = DIRECTION ( 'NONE',  ( 0.9996573249755572599, 0.000000000000000000, -0.02617694830787315949 ) ) ;
#117 = CARTESIAN_POINT ( 'NONE',  ( -2.969670408019264851E-15, -48.50000000000000000, 1.224606353822378047E-15 ) ) ;
#118 = ORIENTED_EDGE ( 'NONE', *, *, #714, .F. ) ;
#119 = FACE_OUTER_BOUND ( 'NONE', #1742, .T. ) ;
#120 = AXIS2_PLACEMENT_3D ( 'NONE', #3162, #380, #1843 ) ;
#121 = DIRECTION ( 'NONE',  ( 0.02617694830787311092, -0.9996573249755573709, 0.000000000000000000 ) ) ;
#122 = CARTESIAN_POINT ( 'NONE',  ( -95.50000000000001421, -8.695948810993284539, -37.71491902672401153 ) ) ;
#123 = CIRCLE ( 'NONE', #3201, 10.00000000000000000 ) ;
#124 = AXIS2_PLACEMENT_3D ( 'NONE', #337, #29, #2761 ) ;
#125 = ORIENTED_EDGE ( 'NONE', *, *, #2771, .T. ) ;
#126 = DIRECTION ( 'NONE',  ( -6.123031769111888756E-17, -1.000000000000000000, 0.000000000000000000 ) ) ;
#127 = FACE_OUTER_BOUND ( 'NONE', #1555, .T. ) ;
#128 = VECTOR ( 'NONE', #1051, 1000.000000000000000 ) ;
#129 = DIRECTION ( 'NONE',  ( 7.001654668438602136E-18, -1.000000000000000000, 1.603642569769965638E-16 ) ) ;
#130 = VERTEX_POINT ( 'NONE', #1580 ) ;
#131 = DIRECTION ( 'NONE',  ( -1.000000000000000000, -0.000000000000000000, 0.000000000000000000 ) ) ;
#132 = CIRCLE ( 'NONE', #2677, 0.7999999999999986011 ) ;
#133 = AXIS2_PLACEMENT_3D ( 'NONE', #632, #390, #2074 ) ;
#134 = VERTEX_POINT ( 'NONE', #2946 ) ;
#135 = DIRECTION ( 'NONE',  ( -6.123031769111888756E-17, -1.000000000000000000, 0.000000000000000000 ) ) ;
#136 = VECTOR ( 'NONE', #1284, 1000.000000000000000 ) ;
#137 = FACE_OUTER_BOUND ( 'NONE', #1760, .T. ) ;
#138 = ORIENTED_EDGE ( 'NONE', *, *, #205, .F. ) ;
#139 = EDGE_CURVE ( 'NONE', #3018, #400, #188, .T. ) ;
#140 = PLANE ( 'NONE',  #2433 ) ;
#141 = CARTESIAN_POINT ( 'NONE',  ( 27.50000000000000355, 46.80000000000001137, 7.347638122934260394E-15 ) ) ;
#142 = CARTESIAN_POINT ( 'NONE',  ( 35.25000000000000000, 44.50000000000000000, 39.50000000000000711 ) ) ;
#143 = ORIENTED_EDGE ( 'NONE', *, *, #2153, .F. ) ;
#144 = ADVANCED_FACE ( 'NONE', ( #2931 ), #3238, .F. ) ;
#145 = LINE ( 'NONE', #715, #2960 ) ;
#146 = CARTESIAN_POINT ( 'NONE',  ( -88.84966884919509766, 29.74557762841137531, -43.34713899870978082 ) ) ;
#147 = CARTESIAN_POINT ( 'NONE',  ( -92.70419002334995184, -34.69426218396906592, 29.08500577215348315 ) ) ;
#148 = ORIENTED_EDGE ( 'NONE', *, *, #3047, .T. ) ;
#149 = LINE ( 'NONE', #2135, #1070 ) ;
#150 = VERTEX_POINT ( 'NONE', #975 ) ;
#151 = DIRECTION ( 'NONE',  ( 6.123031769111888756E-17, 1.000000000000000000, -0.000000000000000000 ) ) ;
#152 = DIRECTION ( 'NONE',  ( -0.9989223391205670488, 0.01587415820401514785, 0.04361389121838039201 ) ) ;
#153 = DATE_AND_TIME ( #1286, #1174 ) ;
#154 = EDGE_LOOP ( 'NONE', ( #1458, #827, #1356 ) ) ;
#155 = FACE_OUTER_BOUND ( 'NONE', #3408, .T. ) ;
#156 = CARTESIAN_POINT ( 'NONE',  ( -90.21410314295643218, -34.96073422832053978, 35.32934554062326526 ) ) ;
#157 = CARTESIAN_POINT ( 'NONE',  ( -95.50000000000005684, 38.25365806140770530, 5.263618503556869221 ) ) ;
#158 = ORIENTED_EDGE ( 'NONE', *, *, #3167, .T. ) ;
#159 = LINE ( 'NONE', #999, #3425 ) ;
#160 = CARTESIAN_POINT ( 'NONE',  ( 35.25000000000000000, -40.00000000000000000, -6.000000000000000000 ) ) ;
#161 = ADVANCED_FACE ( 'NONE', ( #1010 ), #2125, .T. ) ;
#162 = CARTESIAN_POINT ( 'NONE',  ( 24.44999999999988916, 44.02846181658803459, 14.29931050276386273 ) ) ;
#163 = EDGE_CURVE ( 'NONE', #1786, #1916, #1304, .T. ) ;
#164 = EDGE_LOOP ( 'NONE', ( #629, #595, #2334, #2322 ) ) ;
#165 = CARTESIAN_POINT ( 'NONE',  ( -87.96808633159551505, -16.04190644315180592, -51.12018216738012200 ) ) ;
#166 = ADVANCED_FACE ( 'NONE', ( #1598 ), #2691, .T. ) ;
#167 = DIRECTION ( 'NONE',  ( -3.423166786531911698E-18, 1.000000000000000000, 7.840340951190356043E-17 ) ) ;
#168 = EDGE_LOOP ( 'NONE', ( #82, #622, #2486, #329 ) ) ;
#169 = FACE_OUTER_BOUND ( 'NONE', #2872, .T. ) ;
#170 = VERTEX_POINT ( 'NONE', #685 ) ;
#171 = DIRECTION ( 'NONE',  ( 1.000000000000000000, -0.000000000000000000, -0.000000000000000000 ) ) ;
#172 = CARTESIAN_POINT ( 'NONE',  ( -95.50000000000001421, 38.58572807630552859, 0.6899321895277336081 ) ) ;
#173 = EDGE_CURVE ( 'NONE', #2932, #617, #2621, .T. ) ;
#174 = LINE ( 'NONE', #1828, #2720 ) ;
#175 = AXIS2_PLACEMENT_3D ( 'NONE', #1751, #2578, #2008 ) ;
#176 = CARTESIAN_POINT ( 'NONE',  ( 93.00000000000000000, 5.551115123125779547E-14, 7.843419788940609499E-14 ) ) ;
#177 = CARTESIAN_POINT ( 'NONE',  ( -92.16367786405849927, -31.66355542461011296, -22.48423513228435411 ) ) ;
#178 = VECTOR ( 'NONE', #1691, 1000.000000000000114 ) ;
#179 = ORIENTED_EDGE ( 'NONE', *, *, #402, .T. ) ;
#180 = CARTESIAN_POINT ( 'NONE',  ( -97.05459675448062740, 21.13607862175134144, 11.56163610049676116 ) ) ;
#181 = EDGE_CURVE ( 'NONE', #54, #1252, #2913, .T. ) ;
#182 = VECTOR ( 'NONE', #2133, 1000.000000000000227 ) ;
#183 = AXIS2_PLACEMENT_3D ( 'NONE', #844, #1955, #1897 ) ;
#184 = DIRECTION ( 'NONE',  ( -1.000000000000000000, 0.000000000000000000, -0.000000000000000000 ) ) ;
#185 =( GEOMETRIC_REPRESENTATION_CONTEXT ( 3 ) GLOBAL_UNCERTAINTY_ASSIGNED_CONTEXT ( ( #1506 ) ) GLOBAL_UNIT_ASSIGNED_CONTEXT ( ( #2590, #2818, #3155 ) ) REPRESENTATION_CONTEXT ( 'NONE', 'WORKASPACE' ) );
#186 = CIRCLE ( 'NONE', #1645, 42.50000000000000000 ) ;
#187 = ORIENTED_EDGE ( 'NONE', *, *, #631, .T. ) ;
#188 = LINE ( 'NONE', #702, #136 ) ;
#189 = CONICAL_SURFACE ( 'NONE', #1179, 42.49999999999999289, 0.7853981633974482790 ) ;
#190 = ORIENTED_EDGE ( 'NONE', *, *, #3564, .T. ) ;
#191 = CARTESIAN_POINT ( 'NONE',  ( -107.1280217055716406, 16.92394366309506637, -24.76080809891915990 ) ) ;
#192 = EDGE_CURVE ( 'NONE', #1173, #2456, #2719, .T. ) ;
#193 = AXIS2_PLACEMENT_3D ( 'NONE', #1565, #3515, #1524 ) ;
#194 = CARTESIAN_POINT ( 'NONE',  ( -44.74999999999999289, -15.90132679960204420, 32.15474851953637625 ) ) ;
#195 = AXIS2_PLACEMENT_3D ( 'NONE', #1226, #2071, #3169 ) ;
#196 = DIRECTION ( 'NONE',  ( 0.000000000000000000, 0.000000000000000000, 1.000000000000000000 ) ) ;
#197 = DIRECTION ( 'NONE',  ( -0.9994557258037737313, -0.02617166924777246037, -0.02008222813427541428 ) ) ;
#198 = CARTESIAN_POINT ( 'NONE',  ( -27.49999999999999645, 46.80000000000001137, 1.071541682058948170E-14 ) ) ;
#199 = VERTEX_POINT ( 'NONE', #3038 ) ;
#200 = DIRECTION ( 'NONE',  ( 0.000000000000000000, 0.000000000000000000, 1.000000000000000000 ) ) ;
#201 = DIRECTION ( 'NONE',  ( -0.04361938736533599315, -1.605170336253453680E-16, -0.9990482215818577982 ) ) ;
#202 = VERTEX_POINT ( 'NONE', #1387 ) ;
#203 = FACE_OUTER_BOUND ( 'NONE', #1737, .T. ) ;
#204 = EDGE_CURVE ( 'NONE', #403, #3342, #1030, .T. ) ;
#205 = EDGE_CURVE ( 'NONE', #1801, #2287, #1902, .T. ) ;
#206 = ORIENTED_EDGE ( 'NONE', *, *, #2510, .T. ) ;
#207 = APPLICATION_CONTEXT ( 'configuration controlled 3d designs of mechanical parts and assemblies' ) ;
#208 = DIRECTION ( 'NONE',  ( -1.000000000000000000, 0.000000000000000000, 0.000000000000000000 ) ) ;
#209 = CARTESIAN_POINT ( 'NONE',  ( -90.92117936724289962, -28.69648160252002711, 30.31161507146498479 ) ) ;
#210 = DIRECTION ( 'NONE',  ( 6.123233995736836294E-17, -0.8660254037844352659, 0.5000000000000057732 ) ) ;
#211 = CARTESIAN_POINT ( 'NONE',  ( 93.00000000000000000, 5.551115123125779547E-14, 42.50000000000007816 ) ) ;
#212 = ORIENTED_EDGE ( 'NONE', *, *, #785, .T. ) ;
#213 = DIRECTION ( 'NONE',  ( 1.000000000000000000, -0.000000000000000000, -0.000000000000000000 ) ) ;
#214 = CARTESIAN_POINT ( 'NONE',  ( 2.724749137254790583E-15, 44.50000000000000000, 7.347638122934260394E-15 ) ) ;
#215 = CARTESIAN_POINT ( 'NONE',  ( 35.25000000000000000, -35.07313565425739910, -26.40284772500110222 ) ) ;
#216 = EDGE_LOOP ( 'NONE', ( #1360, #431, #3497, #2478 ) ) ;
#217 = DIRECTION ( 'NONE',  ( 0.000000000000000000, 0.000000000000000000, 1.000000000000000000 ) ) ;
#218 = ORIENTED_EDGE ( 'NONE', *, *, #2821, .T. ) ;
#219 = VERTEX_POINT ( 'NONE', #495 ) ;
#220 = EDGE_CURVE ( 'NONE', #1428, #754, #2986, .T. ) ;
#221 = CARTESIAN_POINT ( 'NONE',  ( 35.25000000000000000, -40.00000000000000711, 37.00000000000001421 ) ) ;
#222 = CARTESIAN_POINT ( 'NONE',  ( -95.49999999999998579, 37.72277959003508840, 8.248632300673927276 ) ) ;
#223 = CARTESIAN_POINT ( 'NONE',  ( 48.00000000000000000, 45.50000000000000000, -4.999999999999920952 ) ) ;
#224 = CARTESIAN_POINT ( 'NONE',  ( 35.50000000000000711, -40.00000000000000000, 22.47372055837124805 ) ) ;
#225 = DIRECTION ( 'NONE',  ( 0.9993150019883697555, 0.02616798426497842986, -0.02616798426497986968 ) ) ;
#226 = ORIENTED_EDGE ( 'NONE', *, *, #2303, .F. ) ;
#227 = DIRECTION ( 'NONE',  ( -1.000000000000000000, -1.632680918566406547E-16, 2.665646981850845532E-32 ) ) ;
#228 = CARTESIAN_POINT ( 'NONE',  ( 35.50000000000000711, -35.00000000000000000, -56.50000000000000000 ) ) ;
#229 = AXIS2_PLACEMENT_3D ( 'NONE', #1720, #2793, #3341 ) ;
#230 = CARTESIAN_POINT ( 'NONE',  ( -95.50000000000000000, -33.35143464357656029, 19.50988431805230050 ) ) ;
#231 = EDGE_LOOP ( 'NONE', ( #2894, #3077, #3133, #3056 ) ) ;
#232 = VECTOR ( 'NONE', #1106, 1000.000000000000000 ) ;
#233 = CARTESIAN_POINT ( 'NONE',  ( -5.643565774175232974, -44.50000000000007105, 32.00625197289674873 ) ) ;
#234 = VECTOR ( 'NONE', #1007, 1000.000000000000000 ) ;
#235 = APPROVAL_PERSON_ORGANIZATION ( #1197, #558, #2055 ) ;
#236 = VECTOR ( 'NONE', #11, 1000.000000000000114 ) ;
#237 = ORIENTED_EDGE ( 'NONE', *, *, #2366, .T. ) ;
#238 = VERTEX_POINT ( 'NONE', #233 ) ;
#239 = CIRCLE ( 'NONE', #721, 28.50000000000000000 ) ;
#240 = CARTESIAN_POINT ( 'NONE',  ( 13.62634506136579837, 32.43376466773775491, -44.43376466773776201 ) ) ;
#241 = CARTESIAN_POINT ( 'NONE',  ( 3.469446951953614189E-15, 45.80000000000000426, 7.347638122934260394E-15 ) ) ;
#242 = ORIENTED_EDGE ( 'NONE', *, *, #514, .T. ) ;
#243 = EDGE_CURVE ( 'NONE', #150, #3418, #1067, .T. ) ;
#244 = DIRECTION ( 'NONE',  ( 0.000000000000000000, 0.000000000000000000, 1.000000000000000000 ) ) ;
#245 = CIRCLE ( 'NONE', #894, 37.99671038392669686 ) ;
#246 = CARTESIAN_POINT ( 'NONE',  ( -92.02363181514662926, -25.91975964610529104, 29.48323170882751754 ) ) ;
#247 = CARTESIAN_POINT ( 'NONE',  ( -90.53135711397413843, 36.20629924774758024, -23.19918745374997116 ) ) ;
#248 = EDGE_CURVE ( 'NONE', #383, #488, #284, .T. ) ;
#249 = VECTOR ( 'NONE', #15, 1000.000000000000000 ) ;
#250 = VERTEX_POINT ( 'NONE', #255 ) ;
#251 = CARTESIAN_POINT ( 'NONE',  ( 35.50000000000000711, -41.33974596215564645, -17.47372055837111660 ) ) ;
#252 = CARTESIAN_POINT ( 'NONE',  ( 2.865578867944365466E-15, 46.80000000000001137, 7.347638122934260394E-15 ) ) ;
#253 = PLANE ( 'NONE',  #300 ) ;
#254 = ORIENTED_EDGE ( 'NONE', *, *, #286, .F. ) ;
#255 = CARTESIAN_POINT ( 'NONE',  ( -92.50000000000000000, 35.91945648794768431, -12.39123261061775949 ) ) ;
#256 = EDGE_LOOP ( 'NONE', ( #2134, #2985, #1623, #58 ) ) ;
#257 = ORIENTED_EDGE ( 'NONE', *, *, #2307, .T. ) ;
#258 = FACE_OUTER_BOUND ( 'NONE', #1679, .T. ) ;
#259 = DIRECTION ( 'NONE',  ( -1.000000000000000000, 0.000000000000000000, 0.000000000000000000 ) ) ;
#260 = DIRECTION ( 'NONE',  ( 3.423166786531911698E-18, -1.000000000000000000, -7.840340951190356043E-17 ) ) ;
#261 = DIRECTION ( 'NONE',  ( 0.3420201433256691570, -2.094200203259270095E-17, 0.9396926207859083169 ) ) ;
#262 = LINE ( 'NONE', #13, #232 ) ;
#263 = EDGE_LOOP ( 'NONE', ( #899, #2341 ) ) ;
#264 = DIRECTION ( 'NONE',  ( 1.000000000000000000, 0.000000000000000000, 0.000000000000000000 ) ) ;
#265 = EDGE_CURVE ( 'NONE', #1436, #2945, #2978, .T. ) ;
#266 = ADVANCED_FACE ( 'N', ( #3553 ), #1669, .T. ) ;
#267 = DIRECTION ( 'NONE',  ( 0.9996573249755572599, 0.02617694830787310745, 0.000000000000000000 ) ) ;
#268 = ORIENTED_EDGE ( 'NONE', *, *, #2816, .T. ) ;
#269 = DIRECTION ( 'NONE',  ( 0.000000000000000000, 0.9659258262890686453, 0.2588190451025195182 ) ) ;
#270 = VERTEX_POINT ( 'NONE', #2155 ) ;
#271 = ORIENTED_EDGE ( 'NONE', *, *, #3114, .T. ) ;
#272 = CARTESIAN_POINT ( 'NONE',  ( -14.50870616770669308, 58.36653620833541112, 24.24509794509181759 ) ) ;
#273 = DIRECTION ( 'NONE',  ( 0.000000000000000000, 0.000000000000000000, -1.000000000000000000 ) ) ;
#274 = PLANE ( 'NONE',  #124 ) ;
#275 = CARTESIAN_POINT ( 'NONE',  ( -2.724749137254785061E-15, -44.50000000000000000, 32.50000000000000000 ) ) ;
#276 = PERSON ( 'UNSPECIFIED', 'UNSPECIFIED', 'UNSPECIFIED', ('UNSPECIFIED'), ('UNSPECIFIED'), ('UNSPECIFIED') ) ;
#277 = CARTESIAN_POINT ( 'NONE',  ( -87.56001754762574762, -3.171925579685870300, -48.28410651258740671 ) ) ;
#278 = EDGE_LOOP ( 'NONE', ( #2226, #2846, #3426, #2815, #3383, #1297, #842, #2045, #1135, #1004 ) ) ;
#279 = DIRECTION ( 'NONE',  ( -0.9996190448053043909, 0.02617594590633737922, 0.008751292386809984142 ) ) ;
#280 = DIRECTION ( 'NONE',  ( 0.000000000000000000, 0.000000000000000000, 1.000000000000000000 ) ) ;
#281 = DIRECTION ( 'NONE',  ( 0.000000000000000000, 0.000000000000000000, -1.000000000000000000 ) ) ;
#282 = VERTEX_POINT ( 'NONE', #2504 ) ;
#283 = ADVANCED_FACE ( 'NONE', ( #1613, #2470 ), #1084, .F. ) ;
#284 = LINE ( 'NONE', #789, #2508 ) ;
#285 = AXIS2_PLACEMENT_3D ( 'NONE', #2096, #2864, #2651 ) ;
#286 = EDGE_CURVE ( 'NONE', #2190, #57, #1421, .T. ) ;
#287 = CARTESIAN_POINT ( 'NONE',  ( 85.00000000000000000, 3.110602869834276865E-15, 25.39999999999999858 ) ) ;
#288 = VECTOR ( 'NONE', #31, 1000.000000000000000 ) ;
#289 = VECTOR ( 'NONE', #1378, 1000.000000000000000 ) ;
#290 = VERTEX_POINT ( 'NONE', #3533 ) ;
#291 = ORIENTED_EDGE ( 'NONE', *, *, #2816, .F. ) ;
#292 = ADVANCED_FACE ( 'NONE', ( #1628 ), #1063, .F. ) ;
#293 = VECTOR ( 'NONE', #259, 1000.000000000000000 ) ;
#294 = VECTOR ( 'NONE', #3565, 1000.000000000000114 ) ;
#295 = DIRECTION ( 'NONE',  ( 1.000000000000000000, 0.000000000000000000, -0.000000000000000000 ) ) ;
#296 = DIRECTION ( 'NONE',  ( -0.000000000000000000, -1.000000000000000000, 0.000000000000000000 ) ) ;
#297 = AXIS2_PLACEMENT_3D ( 'NONE', #3443, #3405, #1748 ) ;
#298 = CARTESIAN_POINT ( 'NONE',  ( 3.469446951953614189E-15, 58.26794919243120319, 7.347638122934260394E-15 ) ) ;
#299 = DIRECTION ( 'NONE',  ( -1.000000000000000000, -0.000000000000000000, -0.000000000000000000 ) ) ;
#300 = AXIS2_PLACEMENT_3D ( 'NONE', #215, #2641, #3188 ) ;
#301 = DIRECTION ( 'NONE',  ( 1.000000000000000000, -0.000000000000000000, -0.000000000000000000 ) ) ;
#302 = VERTEX_POINT ( 'NONE', #804 ) ;
#303 = CARTESIAN_POINT ( 'NONE',  ( -44.75000000000001421, -15.13504905501270237, -49.40512627446499749 ) ) ;
#304 = CARTESIAN_POINT ( 'NONE',  ( -95.54325998415009735, 38.78944294301383877, 2.737353912985027282 ) ) ;
#305 = CARTESIAN_POINT ( 'NONE',  ( -95.49999999999998579, -34.29133171471202957, -17.68769541889464492 ) ) ;
#306 = VECTOR ( 'NONE', #20, 1000.000000000000114 ) ;
#307 = ORIENTED_EDGE ( 'NONE', *, *, #3569, .T. ) ;
#308 = CARTESIAN_POINT ( 'NONE',  ( 35.25000000000000000, -40.50000000000000000, 44.50000000000000000 ) ) ;
#309 = CARTESIAN_POINT ( 'NONE',  ( 35.50000000000000711, -35.00000000000000000, -56.50000000000000000 ) ) ;
#310 = VERTEX_POINT ( 'NONE', #1917 ) ;
#311 = ORIENTED_EDGE ( 'NONE', *, *, #560, .F. ) ;
#312 = EDGE_CURVE ( 'NONE', #488, #3484, #526, .T. ) ;
#313 = ADVANCED_FACE ( 'NONE', ( #548 ), #2205, .T. ) ;
#314 = DIRECTION ( 'NONE',  ( 0.000000000000000000, 0.000000000000000000, -1.000000000000000000 ) ) ;
#315 = EDGE_CURVE ( 'NONE', #511, #555, #3583, .T. ) ;
#316 = DIRECTION ( 'NONE',  ( 1.000000000000000000, 0.000000000000000000, 0.000000000000000000 ) ) ;
#317 = ORIENTED_EDGE ( 'NONE', *, *, #1676, .F. ) ;
#318 = EDGE_CURVE ( 'NONE', #1974, #474, #245, .T. ) ;
#319 = DIRECTION ( 'NONE',  ( -6.455868710809846044E-17, -1.000000000000000000, -9.219936031131869671E-17 ) ) ;
#320 = LINE ( 'NONE', #2313, #2911 ) ;
#321 = DIRECTION ( 'NONE',  ( 1.000000000000000000, -0.000000000000000000, -0.000000000000000000 ) ) ;
#322 = VERTEX_POINT ( 'NONE', #667 ) ;
#323 = CARTESIAN_POINT ( 'NONE',  ( -91.45664488703619099, 38.78713072225965419, -11.45602882070837225 ) ) ;
#324 = CARTESIAN_POINT ( 'NONE',  ( 8.804541250089330973, 32.30750129131369164, -44.30750129131367032 ) ) ;
#325 = CARTESIAN_POINT ( 'NONE',  ( -90.62265476094353289, -31.70390853472458659, 27.97135369803643812 ) ) ;
#326 = EDGE_LOOP ( 'NONE', ( #562, #551, #956, #291 ) ) ;
#327 = DIRECTION ( 'NONE',  ( 0.000000000000000000, -1.000000000000000000, 0.000000000000000000 ) ) ;
#328 = CARTESIAN_POINT ( 'NONE',  ( 15.79999999999999893, -44.50000000000000000, -31.59999999999999787 ) ) ;
#329 = ORIENTED_EDGE ( 'NONE', *, *, #952, .F. ) ;
#330 = ORIENTED_EDGE ( 'NONE', *, *, #2453, .T. ) ;
#331 = CARTESIAN_POINT ( 'NONE',  ( 42.50000000000000000, 45.50000000000000000, -4.999999999999919176 ) ) ;
#332 = CARTESIAN_POINT ( 'NONE',  ( 35.50000000000000711, 44.50000000000000000, 6.000000000000102141 ) ) ;
#333 = VERTEX_POINT ( 'NONE', #1208 ) ;
#334 = ADVANCED_FACE ( 'NONE', ( #1719 ), #877, .T. ) ;
#335 = EDGE_CURVE ( 'NONE', #986, #290, #1190, .T. ) ;
#336 = EDGE_CURVE ( 'NONE', #219, #1617, #1542, .T. ) ;
#337 = CARTESIAN_POINT ( 'NONE',  ( 42.50000000000000000, 49.50000000000000000, -4.999999999999920064 ) ) ;
#338 = CARTESIAN_POINT ( 'NONE',  ( -44.75000000000000000, 4.701939657373010454E-15, 32.15474851953639757 ) ) ;
#339 = DIRECTION ( 'NONE',  ( -0.000000000000000000, 0.7481640027489749878, 0.6635138468718129179 ) ) ;
#340 = ORIENTED_EDGE ( 'NONE', *, *, #1476, .F. ) ;
#341 = CARTESIAN_POINT ( 'NONE',  ( -90.06937275132898435, 38.19878303312798806, -24.52299785058256276 ) ) ;
#342 = PLANE ( 'NONE',  #2783 ) ;
#343 = CARTESIAN_POINT ( 'NONE',  ( 94.00000000000000000, 5.551115123125779547E-14, 7.843419788940609499E-14 ) ) ;
#344 = VERTEX_POINT ( 'NONE', #2870 ) ;
#345 = PLANE ( 'NONE',  #78 ) ;
#346 = CARTESIAN_POINT ( 'NONE',  ( -1.159791932095232347, 58.94936239066706918, -24.44565651571079457 ) ) ;
#347 = ORIENTED_EDGE ( 'NONE', *, *, #2445, .T. ) ;
#348 = EDGE_LOOP ( 'NONE', ( #912, #1028, #3391, #1512 ) ) ;
#349 = CARTESIAN_POINT ( 'NONE',  ( -0.3494737905491006047, 58.98474164478282233, -24.44750228693586891 ) ) ;
#350 = AXIS2_PLACEMENT_3D ( 'NONE', #3231, #3559, #1309 ) ;
#351 = PERSON_AND_ORGANIZATION_ROLE ( 'creator' ) ;
#352 = VERTEX_POINT ( 'NONE', #2304 ) ;
#353 = CARTESIAN_POINT ( 'NONE',  ( 13.62634506136580193, -7.345103013018400169E-16, -47.68376466773779754 ) ) ;
#354 = AXIS2_PLACEMENT_3D ( 'NONE', #1220, #2329, #412 ) ;
#355 = VECTOR ( 'NONE', #1862, 1000.000000000000000 ) ;
#356 = DIRECTION ( 'NONE',  ( 0.9980991556472293968, -0.04357795025174873715, 0.04357795025174775183 ) ) ;
#357 = CARTESIAN_POINT ( 'NONE',  ( -95.50000000000001421, 9.438597856687859888, -37.41993184854567289 ) ) ;
#358 = EDGE_CURVE ( 'NONE', #617, #511, #2001, .T. ) ;
#359 = CIRCLE ( 'NONE', #3258, 36.14999999999999858 ) ;
#360 = ORIENTED_EDGE ( 'NONE', *, *, #2601, .T. ) ;
#361 = LINE ( 'NONE', #51, #648 ) ;
#362 = VECTOR ( 'NONE', #2529, 1000.000000000000000 ) ;
#363 = CARTESIAN_POINT ( 'NONE',  ( -15.00000000000000355, -44.83137084989847665, 1.836970198721029983E-15 ) ) ;
#364 = ADVANCED_FACE ( 'NONE', ( #37 ), #860, .T. ) ;
#365 = CARTESIAN_POINT ( 'NONE',  ( -90.84928098699911914, -34.00006809826096799, 34.63240553959391832 ) ) ;
#366 = EDGE_CURVE ( 'NONE', #1076, #2528, #3413, .T. ) ;
#367 = ORIENTED_EDGE ( 'NONE', *, *, #2366, .F. ) ;
#368 = DIRECTION ( 'NONE',  ( -1.000000000000000000, 0.000000000000000000, -0.000000000000000000 ) ) ;
#369 = CLOSED_SHELL ( 'NONE', ( #2838, #1777, #1161, #2781, #924, #2086 ) ) ;
#370 = VERTEX_POINT ( 'NONE', #2828 ) ;
#371 = CIRCLE ( 'NONE', #1941, 4.999999999999997335 ) ;
#372 = ORIENTED_EDGE ( 'NONE', *, *, #1551, .T. ) ;
#373 = DIRECTION ( 'NONE',  ( -1.000000000000000000, 0.000000000000000000, 0.000000000000000000 ) ) ;
#374 = APPROVAL_STATUS ( 'not_yet_approved' ) ;
#375 = ORIENTED_EDGE ( 'NONE', *, *, #1097, .F. ) ;
#376 = CYLINDRICAL_SURFACE ( 'NONE', #2721, 10.00000000000000000 ) ;
#377 = LINE ( 'NONE', #2550, #2786 ) ;
#378 = CARTESIAN_POINT ( 'NONE',  ( 13.62634506136580015, 20.66858934169289697, -51.50000000000000711 ) ) ;
#379 = ORIENTED_EDGE ( 'NONE', *, *, #2324, .T. ) ;
#380 = DIRECTION ( 'NONE',  ( 6.123031769111888756E-17, 1.000000000000000000, 0.000000000000000000 ) ) ;
#381 = CARTESIAN_POINT ( 'NONE',  ( -94.30422931626684147, 23.86367096046718572, 34.01065816850557155 ) ) ;
#382 = CARTESIAN_POINT ( 'NONE',  ( -92.50000000000000000, 36.00017748656355110, 12.15724019932497946 ) ) ;
#383 = VERTEX_POINT ( 'NONE', #1429 ) ;
#384 = CARTESIAN_POINT ( 'NONE',  ( 35.25000000000000000, 35.91945648794764878, 12.39123261061780212 ) ) ;
#385 = PRODUCT_DEFINITION ( 'UNKNOWN', '', #1989, #1780 ) ;
#386 = EDGE_CURVE ( 'NONE', #1252, #3219, #627, .T. ) ;
#387 = ADVANCED_FACE ( 'NONE', ( #3340 ), #345, .T. ) ;
#388 = ORIENTED_EDGE ( 'NONE', *, *, #1216, .T. ) ;
#389 = DIRECTION ( 'NONE',  ( 0.6937271617725907502, -0.5317768888714896613, -0.4857529881339948674 ) ) ;
#390 = DIRECTION ( 'NONE',  ( -1.000000000000000000, 6.123031769111888756E-17, 0.000000000000000000 ) ) ;
#391 = DIRECTION ( 'NONE',  ( 1.000000000000000000, 0.000000000000000000, 0.000000000000000000 ) ) ;
#392 = ORIENTED_EDGE ( 'NONE', *, *, #1901, .F. ) ;
#393 = CARTESIAN_POINT ( 'NONE',  ( 14.99999999999999467, -44.83137084989847665, 0.000000000000000000 ) ) ;
#394 = DIRECTION ( 'NONE',  ( 0.000000000000000000, 0.000000000000000000, 1.000000000000000000 ) ) ;
#395 = CARTESIAN_POINT ( 'NONE',  ( -86.91578179035418827, 33.48143369583990392, -36.58241788876080136 ) ) ;
#396 = ORIENTED_EDGE ( 'NONE', *, *, #2253, .F. ) ;
#397 = DIRECTION ( 'NONE',  ( 1.000000000000000000, 0.000000000000000000, 0.000000000000000000 ) ) ;
#398 = PLANE ( 'NONE',  #2966 ) ;
#399 = CARTESIAN_POINT ( 'NONE',  ( -92.90220546672202317, -28.51458752909188377, 34.63240553959391121 ) ) ;
#400 = VERTEX_POINT ( 'NONE', #901 ) ;
#401 = CARTESIAN_POINT ( 'NONE',  ( -95.82849875989242605, 26.76618856673291802, 11.56163610049676294 ) ) ;
#402 = EDGE_CURVE ( 'NONE', #344, #1974, #1133, .T. ) ;
#403 = VERTEX_POINT ( 'NONE', #55 ) ;
#404 = DIRECTION ( 'NONE',  ( -0.000000000000000000, 0.000000000000000000, -1.000000000000000000 ) ) ;
#405 = CARTESIAN_POINT ( 'NONE',  ( 35.25000000000000000, 39.50000000000000000, -1.734723475976804925E-15 ) ) ;
#406 = CARTESIAN_POINT ( 'NONE',  ( -87.96808633159551505, -16.04190644315180592, -51.12018216738012200 ) ) ;
#407 = VECTOR ( 'NONE', #951, 1000.000000000000000 ) ;
#408 = EDGE_LOOP ( 'NONE', ( #1486, #3084, #2509, #2577 ) ) ;
#409 = DIRECTION ( 'NONE',  ( 0.000000000000000000, 0.000000000000000000, 1.000000000000000000 ) ) ;
#410 = VECTOR ( 'NONE', #674, 1000.000000000000000 ) ;
#411 = DIRECTION ( 'NONE',  ( 1.000000000000000000, 0.000000000000000000, -0.000000000000000000 ) ) ;
#412 = DIRECTION ( 'NONE',  ( 0.000000000000000000, 0.000000000000000000, 1.000000000000000000 ) ) ;
#413 = ADVANCED_FACE ( 'NONE', ( #1446 ), #3357, .T. ) ;
#414 = CIRCLE ( 'NONE', #1343, 10.00000000000000178 ) ;
#415 = AXIS2_PLACEMENT_3D ( 'NONE', #1933, #3353, #2480 ) ;
#416 = ORIENTED_EDGE ( 'NONE', *, *, #2601, .F. ) ;
#417 = LINE ( 'NONE', #1274, #3195 ) ;
#418 = CARTESIAN_POINT ( 'NONE',  ( -15.80000000000000959, -44.50000000000000000, -31.59999999999999787 ) ) ;
#419 = CC_DESIGN_APPROVAL ( #114, ( #1822 ) ) ;
#420 = AXIS2_PLACEMENT_3D ( 'NONE', #1789, #2878, #394 ) ;
#421 = DIRECTION ( 'NONE',  ( 0.000000000000000000, 0.000000000000000000, -1.000000000000000000 ) ) ;
#422 = EDGE_LOOP ( 'NONE', ( #1148, #425, #3282, #2657 ) ) ;
#423 = CARTESIAN_POINT ( 'NONE',  ( -91.17672491828315628, 37.29089191603234354, 18.61935873674606157 ) ) ;
#424 = VECTOR ( 'NONE', #3009, 1000.000000000000227 ) ;
#425 = ORIENTED_EDGE ( 'NONE', *, *, #1337, .T. ) ;
#426 = CARTESIAN_POINT ( 'NONE',  ( 89.20000000000000284, 5.551115123125779547E-14, 42.50000000000007816 ) ) ;
#427 = VECTOR ( 'NONE', #444, 1000.000000000000000 ) ;
#428 = FACE_OUTER_BOUND ( 'NONE', #2811, .T. ) ;
#429 = PERSON_AND_ORGANIZATION ( #276, #3429 ) ;
#430 = AXIS2_PLACEMENT_3D ( 'NONE', #987, #2401, #3479 ) ;
#431 = ORIENTED_EDGE ( 'NONE', *, *, #2465, .T. ) ;
#432 = CARTESIAN_POINT ( 'NONE',  ( 35.25000000000000000, -40.00000000000000000, -6.000000000000000000 ) ) ;
#433 = EDGE_CURVE ( 'NONE', #310, #845, #1463, .T. ) ;
#434 = EDGE_CURVE ( 'NONE', #1903, #1031, #2283, .T. ) ;
#435 = CARTESIAN_POINT ( 'NONE',  ( -99.00561941033410562, 15.64077725467027058, 35.32934554062326526 ) ) ;
#436 = DIRECTION ( 'NONE',  ( -0.04361938736533588906, 0.9990482215818577982, 0.000000000000000000 ) ) ;
#437 = ORIENTED_EDGE ( 'NONE', *, *, #335, .F. ) ;
#438 = LINE ( 'NONE', #1499, #3529 ) ;
#439 = LINE ( 'NONE', #716, #1292 ) ;
#440 = CARTESIAN_POINT ( 'NONE',  ( -98.90846842177654707, -17.71412994125009632, 23.38847391397107600 ) ) ;
#441 = ORIENTED_EDGE ( 'NONE', *, *, #585, .F. ) ;
#442 = CARTESIAN_POINT ( 'NONE',  ( -87.96808633159551505, -16.04190644315180592, -51.12018216738012200 ) ) ;
#443 = ORIENTED_EDGE ( 'NONE', *, *, #537, .F. ) ;
#444 = DIRECTION ( 'NONE',  ( -0.7071067811865475727, 0.000000000000000000, 0.7071067811865474617 ) ) ;
#445 = ORIENTED_EDGE ( 'NONE', *, *, #2770, .T. ) ;
#446 = CARTESIAN_POINT ( 'NONE',  ( -49.99104234646445377, -36.27829571664894814, -16.39052621141284050 ) ) ;
#447 = CARTESIAN_POINT ( 'NONE',  ( -95.49999999999997158, 16.68272272492937347, 34.79133171471205088 ) ) ;
#448 = EDGE_CURVE ( 'NONE', #130, #1448, #1834, .T. ) ;
#449 = CARTESIAN_POINT ( 'NONE',  ( 94.00000000000000000, 5.993824941017548622E-14, -36.14999999999992752 ) ) ;
#450 = CARTESIAN_POINT ( 'NONE',  ( 35.25000000000000000, 20.24406450408055136, 32.15474851953640467 ) ) ;
#451 = DIRECTION ( 'NONE',  ( 0.000000000000000000, -3.469446951953613400E-15, 1.000000000000000000 ) ) ;
#452 = ORIENTED_EDGE ( 'NONE', *, *, #996, .T. ) ;
#453 = CARTESIAN_POINT ( 'NONE',  ( -89.72705287827754717, 36.69798222985976111, 25.54995867943437560 ) ) ;
#454 = DIRECTION ( 'NONE',  ( 0.000000000000000000, 0.000000000000000000, 1.000000000000000000 ) ) ;
#455 = ORIENTED_EDGE ( 'NONE', *, *, #470, .T. ) ;
#456 = DIRECTION ( 'NONE',  ( -1.000000000000000000, 0.000000000000000000, 1.734723475976804876E-16 ) ) ;
#457 = VERTEX_POINT ( 'NONE', #3395 ) ;
#458 = CARTESIAN_POINT ( 'NONE',  ( -28.49999999999999289, 45.80000000000000426, 1.083788150050421685E-14 ) ) ;
#459 = CARTESIAN_POINT ( 'NONE',  ( -95.50000000000002842, 23.22647649473015719, 30.84764876403793821 ) ) ;
#460 = PLANE ( 'NONE',  #60 ) ;
#461 = VECTOR ( 'NONE', #2807, 1000.000000000000227 ) ;
#462 = DIRECTION ( 'NONE',  ( -0.7531649069781201078, 0.6261113124822383913, -0.2018099285922486386 ) ) ;
#463 = FACE_OUTER_BOUND ( 'NONE', #1838, .T. ) ;
#464 = CIRCLE ( 'NONE', #72, 0.7999999999999986011 ) ;
#465 = AXIS2_PLACEMENT_3D ( 'NONE', #1620, #1035, #3262 ) ;
#466 = EDGE_LOOP ( 'NONE', ( #3552, #2644, #1619, #2469 ) ) ;
#467 = CARTESIAN_POINT ( 'NONE',  ( -88.25678393021814827, 14.49656981976329817, -51.10757735800884660 ) ) ;
#468 = CONICAL_SURFACE ( 'NONE', #2617, 42.50000000000002132, 0.7853981633974714827 ) ;
#469 = EDGE_CURVE ( 'NONE', #282, #2692, #2295, .T. ) ;
#470 = EDGE_CURVE ( 'NONE', #1490, #1252, #371, .T. ) ;
#471 = CARTESIAN_POINT ( 'NONE',  ( -88.89121404600611243, 36.24924790548765685, 28.00614382084091147 ) ) ;
#472 = EDGE_CURVE ( 'NONE', #333, #457, #3184, .T. ) ;
#473 = VECTOR ( 'NONE', #3475, 1000.000000000000000 ) ;
#474 = VERTEX_POINT ( 'NONE', #957 ) ;
#475 = B_SPLINE_CURVE_WITH_KNOTS ( 'NONE', 3,
 ( #906, #1434, #649, #349 ),
 .UNSPECIFIED., .F., .F.,
 ( 4, 4 ),
 ( 0.000000000000000000, 1.000000000000000000 ),
 .UNSPECIFIED. ) ;
#476 = DIRECTION ( 'NONE',  ( -6.123031769111888756E-17, -1.000000000000000000, 0.000000000000000000 ) ) ;
#477 = VECTOR ( 'NONE', #3131, 1000.000000000000000 ) ;
#478 = ORIENTED_EDGE ( 'NONE', *, *, #2571, .T. ) ;
#479 = LINE ( 'NONE', #1033, #1118 ) ;
#480 = VECTOR ( 'NONE', #773, 1000.000000000000000 ) ;
#481 = CARTESIAN_POINT ( 'NONE',  ( -91.77642803686153172, -25.83091501842120152, 30.31161507146498479 ) ) ;
#482 = EDGE_CURVE ( 'NONE', #1155, #601, #837, .T. ) ;
#483 = CIRCLE ( 'NONE', #1188, 25.39999999999999858 ) ;
#484 = LINE ( 'NONE', #2695, #2964 ) ;
#485 = DIRECTION ( 'NONE',  ( 0.000000000000000000, -0.7660444431189782355, -0.6427876096865390299 ) ) ;
#486 = DIRECTION ( 'NONE',  ( 0.000000000000000000, 1.000000000000000000, -0.000000000000000000 ) ) ;
#487 = EDGE_CURVE ( 'NONE', #2456, #1771, #2100, .T. ) ;
#488 = VERTEX_POINT ( 'NONE', #1810 ) ;
#489 = CARTESIAN_POINT ( 'NONE',  ( 75.00000000000000000, 5.551115123125779547E-14, -42.19999999999993179 ) ) ;
#490 = CYLINDRICAL_SURFACE ( 'NONE', #769, 25.39999999999999858 ) ;
#491 = CARTESIAN_POINT ( 'NONE',  ( 48.00000000000000000, 44.50000000000000000, -51.50000000000000711 ) ) ;
#492 = ORIENTED_EDGE ( 'NONE', *, *, #2669, .F. ) ;
#493 = CC_DESIGN_DATE_AND_TIME_ASSIGNMENT ( #153, #3470, ( #1822 ) ) ;
#494 = EDGE_CURVE ( 'NONE', #504, #3449, #3200, .T. ) ;
#495 = CARTESIAN_POINT ( 'NONE',  ( 74.70000000000000284, 5.551115123125779547E-14, 42.50000000000007816 ) ) ;
#496 = ORIENTED_EDGE ( 'NONE', *, *, #2583, .F. ) ;
#497 = EDGE_LOOP ( 'NONE', ( #330, #3414, #2758, #1649 ) ) ;
#498 = CARTESIAN_POINT ( 'NONE',  ( -91.82367715192702917, -9.709938774670229478, -51.62563065769103332 ) ) ;
#499 = CARTESIAN_POINT ( 'NONE',  ( -95.50000000000001421, 26.69144614740008237, 27.90413219383770382 ) ) ;
#500 = ORIENTED_EDGE ( 'NONE', *, *, #1365, .F. ) ;
#501 = CARTESIAN_POINT ( 'NONE',  ( -8.863886245925289842, 44.50000000000000000, -38.03980811409979879 ) ) ;
#502 = DIRECTION ( 'NONE',  ( 6.123031769111888756E-17, 1.000000000000000000, -0.000000000000000000 ) ) ;
#503 = PLANE ( 'NONE',  #1640 ) ;
#504 = VERTEX_POINT ( 'NONE', #1005 ) ;
#505 = DIRECTION ( 'NONE',  ( 0.000000000000000000, 0.000000000000000000, -1.000000000000000000 ) ) ;
#506 = CARTESIAN_POINT ( 'NONE',  ( 35.25000000000000000, -40.50000000000000000, -56.50000000000000000 ) ) ;
#507 = CARTESIAN_POINT ( 'NONE',  ( -94.68577689994548052, 20.75311977549444009, 34.82688146299831544 ) ) ;
#508 = ORIENTED_EDGE ( 'NONE', *, *, #3439, .T. ) ;
#509 = CARTESIAN_POINT ( 'NONE',  ( 48.00000000000000000, 5.551115123125779547E-14, 7.843419788940609499E-14 ) ) ;
#510 = EDGE_CURVE ( 'NONE', #3484, #2456, #149, .T. ) ;
#511 = VERTEX_POINT ( 'NONE', #2637 ) ;
#512 = EDGE_LOOP ( 'NONE', ( #2029, #792, #2899, #1319 ) ) ;
#513 = ADVANCED_FACE ( 'NONE', ( #1024 ), #657, .F. ) ;
#514 = EDGE_CURVE ( 'NONE', #202, #3178, #2667, .T. ) ;
#515 = CARTESIAN_POINT ( 'NONE',  ( 22.67738662368719815, -44.49999999999998579, 37.00000000000000000 ) ) ;
#516 = CYLINDRICAL_SURFACE ( 'NONE', #350, 29.00000000000000000 ) ;
#517 = DIRECTION ( 'NONE',  ( 6.123031769111888756E-17, 1.000000000000000000, 0.000000000000000000 ) ) ;
#518 = CARTESIAN_POINT ( 'NONE',  ( -91.38604227037674832, -31.68391852927565822, -25.39134862088150868 ) ) ;
#519 = ORIENTED_EDGE ( 'NONE', *, *, #679, .F. ) ;
#520 = FACE_OUTER_BOUND ( 'NONE', #326, .T. ) ;
#521 = EDGE_CURVE ( 'NONE', #3567, #1919, #1853, .T. ) ;
#522 = CARTESIAN_POINT ( 'NONE',  ( -0.3494737905491033247, 58.98474164478282233, 24.44750228693589733 ) ) ;
#523 = AXIS2_PLACEMENT_3D ( 'NONE', #86, #409, #3190 ) ;
#524 = DIRECTION ( 'NONE',  ( 0.000000000000000000, 0.000000000000000000, 1.000000000000000000 ) ) ;
#525 = VERTEX_POINT ( 'NONE', #3433 ) ;
#526 = LINE ( 'NONE', #1099, #1480 ) ;
#527 = CONICAL_SURFACE ( 'NONE', #1529, 42.49999999999999289, 0.7853981633974482790 ) ;
#528 = VECTOR ( 'NONE', #1126, 1000.000000000000000 ) ;
#529 = ORIENTED_EDGE ( 'NONE', *, *, #265, .F. ) ;
#530 = ORIENTED_EDGE ( 'NONE', *, *, #487, .T. ) ;
#531 = AXIS2_PLACEMENT_3D ( 'NONE', #3285, #802, #1915 ) ;
#532 = EDGE_CURVE ( 'NONE', #3567, #1479, #2374, .T. ) ;
#533 = PLANE ( 'NONE',  #1707 ) ;
#534 = DIRECTION ( 'NONE',  ( -1.000000000000000000, 0.000000000000000000, 0.000000000000000000 ) ) ;
#535 = ADVANCED_FACE ( 'NONE', ( #2356 ), #110, .T. ) ;
#536 = EDGE_CURVE ( 'NONE', #1076, #1132, #728, .T. ) ;
#537 = EDGE_CURVE ( 'NONE', #250, #1877, #2447, .T. ) ;
#538 = LINE ( 'NONE', #2163, #994 ) ;
#539 = VECTOR ( 'NONE', #2542, 1000.000000000000000 ) ;
#540 = CARTESIAN_POINT ( 'NONE',  ( 35.25000000000000000, 44.50000000000000000, -6.000000000000000000 ) ) ;
#541 = CARTESIAN_POINT ( 'NONE',  ( -86.32848249591492618, -14.59187827194451792, -48.31635539286119041 ) ) ;
#542 = VECTOR ( 'NONE', #2370, 1000.000000000000000 ) ;
#543 = ORIENTED_EDGE ( 'NONE', *, *, #386, .T. ) ;
#544 = CARTESIAN_POINT ( 'NONE',  ( 35.25000000000000000, -39.99999999999999289, -51.50000000000002132 ) ) ;
#545 = CARTESIAN_POINT ( 'NONE',  ( 3.567765040262536948E-15, 58.26794919243120319, 7.347638122934260394E-15 ) ) ;
#546 = DIRECTION ( 'NONE',  ( -1.000000000000000000, 0.000000000000000000, 0.000000000000000000 ) ) ;
#547 = ORIENTED_EDGE ( 'NONE', *, *, #286, .T. ) ;
#548 = FACE_OUTER_BOUND ( 'NONE', #699, .T. ) ;
#549 = ADVANCED_BREP_SHAPE_REPRESENTATION ( 'M-20iA35M axis5-M-20iA35M_D\X2\00e9\X0\faut_sldprt', ( #1981, #1347 ), #185 ) ;
#550 = EDGE_LOOP ( 'NONE', ( #2544, #2355, #1832, #2041 ) ) ;
#551 = ORIENTED_EDGE ( 'NONE', *, *, #536, .T. ) ;
#552 =( BOUNDED_SURFACE ( )  B_SPLINE_SURFACE ( 3, 3, ( 
 ( #1273, #481, #209, #997 ),
 ( #2710, #3473, #1335, #2181 ),
 ( #710, #1825, #1959, #3345 ),
 ( #1435, #1634, #1906, #3059 ) ),
 .UNSPECIFIED., .F., .F., .F. ) 
 B_SPLINE_SURFACE_WITH_KNOTS ( ( 4, 4 ),
 ( 4, 4 ),
 ( 0.000000000000000000, 1.000000000000000000 ),
 ( 0.000000000000000000, 1.000000000000000000 ),
 .UNSPECIFIED. ) 
 GEOMETRIC_REPRESENTATION_ITEM ( )  RATIONAL_B_SPLINE_SURFACE ( (
 ( 1.000000000000000000, 0.9992621018282127343, 0.9992621018282127343, 1.000000000000000000),
 ( 0.9992195755386383826, 0.9984822532406343321, 0.9984822532406343321, 0.9992195755386383826),
 ( 0.9992195755386383826, 0.9984822532406343321, 0.9984822532406343321, 0.9992195755386383826),
 ( 1.000000000000000000, 0.9992621018282127343, 0.9992621018282127343, 1.000000000000000000) ) ) 
 REPRESENTATION_ITEM ( '' )  SURFACE ( )  );
#553 = CARTESIAN_POINT ( 'NONE',  ( -94.71030122611372803, -34.32581070779367138, 21.88461879184515624 ) ) ;
#554 = DIRECTION ( 'NONE',  ( -1.000000000000000000, -1.632680918566406547E-16, 2.665646981850845532E-32 ) ) ;
#555 = VERTEX_POINT ( 'NONE', #2736 ) ;
#556 = DIRECTION ( 'NONE',  ( 6.123031769111888756E-17, 1.000000000000000000, 0.000000000000000000 ) ) ;
#557 = CARTESIAN_POINT ( 'NONE',  ( -90.62265476094353289, -31.70390853472458659, 27.97135369803643812 ) ) ;
#558 = APPROVAL ( #374, 'UNSPECIFIED' ) ;
#559 = CARTESIAN_POINT ( 'NONE',  ( 35.25000000000000000, -50.55079849446719464, 31.51009063798820264 ) ) ;
#560 = EDGE_CURVE ( 'NONE', #403, #1653, #3512, .T. ) ;
#561 = B_SPLINE_CURVE_WITH_KNOTS ( 'NONE', 3,
 ( #557, #1677, #246, #1439 ),
 .UNSPECIFIED., .F., .F.,
 ( 4, 4 ),
 ( 1.430489624538199204E-17, 0.009207798700072464954 ),
 .UNSPECIFIED. ) ;
#562 = ORIENTED_EDGE ( 'NONE', *, *, #366, .F. ) ;
#563 = PLANE ( 'NONE',  #1600 ) ;
#564 = LINE ( 'NONE', #840, #3481 ) ;
#565 = CARTESIAN_POINT ( 'NONE',  ( -93.48755732631734361, -34.37919685939438352, -26.75309236206284069 ) ) ;
#566 = ORIENTED_EDGE ( 'NONE', *, *, #494, .F. ) ;
#567 = CARTESIAN_POINT ( 'NONE',  ( -88.89121404600611243, 36.24924790548765685, 28.00614382084091147 ) ) ;
#568 = FACE_OUTER_BOUND ( 'NONE', #1601, .T. ) ;
#569 = EDGE_LOOP ( 'NONE', ( #2744, #1096, #3063, #1630 ) ) ;
#570 = ORIENTED_EDGE ( 'NONE', *, *, #2866, .F. ) ;
#571 = DIRECTION ( 'NONE',  ( -6.123031769111888756E-17, -1.000000000000000000, 0.000000000000000000 ) ) ;
#572 = CARTESIAN_POINT ( 'NONE',  ( 6.586173055783628127E-15, 60.00000000000000000, -25.44999999999999574 ) ) ;
#573 = LINE ( 'NONE', #353, #2048 ) ;
#574 = DIRECTION ( 'NONE',  ( -1.000000000000000000, 6.123031769111888756E-17, 0.000000000000000000 ) ) ;
#575 = CARTESIAN_POINT ( 'NONE',  ( 89.50000000000000000, 5.551115123125779547E-14, 7.979727989493312634E-14 ) ) ;
#576 = ORIENTED_EDGE ( 'NONE', *, *, #1918, .F. ) ;
#577 = CARTESIAN_POINT ( 'NONE',  ( -82.47597782596390914, -29.00030635866340134, -48.54580633540633272 ) ) ;
#578 = CARTESIAN_POINT ( 'NONE',  ( -95.32694127201924061, 38.79888762195422913, -4.289215480369302114 ) ) ;
#579 = LINE ( 'NONE', #1384, #889 ) ;
#580 = EDGE_LOOP ( 'NONE', ( #819, #2853, #2228, #2463, #1561, #1370, #2928, #706, #2689, #1550, #143, #2179, #748, #1432, #1820, #791, #871, #2686 ) ) ;
#581 = DIRECTION ( 'NONE',  ( 0.000000000000000000, -0.000000000000000000, -1.000000000000000000 ) ) ;
#582 = ADVANCED_FACE ( 'NONE', ( #3549 ), #767, .T. ) ;
#583 = ADVANCED_FACE ( 'NONE', ( #3579 ), #1109, .T. ) ;
#584 = PRODUCT_DEFINITION_SHAPE ( 'NONE', 'NONE',  #385 ) ;
#585 = EDGE_CURVE ( 'NONE', #1782, #1809, #839, .T. ) ;
#586 = VECTOR ( 'NONE', #279, 1000.000000000000000 ) ;
#587 = CARTESIAN_POINT ( 'NONE',  ( 14.99999999999999822, -45.29999999999999716, 29.99999999999999645 ) ) ;
#588 = VECTOR ( 'NONE', #28, 1000.000000000000000 ) ;
#589 = CIRCLE ( 'NONE', #1869, 37.99671038392669686 ) ;
#590 = EDGE_LOOP ( 'NONE', ( #2599, #2302, #437, #3174, #1287, #3273 ) ) ;
#591 = CARTESIAN_POINT ( 'NONE',  ( -44.75000000000000000, 35.91945648794764878, 12.39123261061780212 ) ) ;
#592 = AXIS2_PLACEMENT_3D ( 'NONE', #214, #2416, #2188 ) ;
#593 = CARTESIAN_POINT ( 'NONE',  ( 35.25000000000000000, -1.133566014385430265E-14, -51.50000000000000711 ) ) ;
#594 = FACE_OUTER_BOUND ( 'NONE', #3019, .T. ) ;
#595 = ORIENTED_EDGE ( 'NONE', *, *, #1097, .T. ) ;
#596 = CIRCLE ( 'NONE', #420, 25.45000000000000284 ) ;
#597 = LINE ( 'NONE', #618, #1756 ) ;
#598 = CARTESIAN_POINT ( 'NONE',  ( -44.75000000000000000, 35.91945648794764878, 12.39123261061781633 ) ) ;
#599 = VECTOR ( 'NONE', #3551, 1000.000000000000000 ) ;
#600 = CARTESIAN_POINT ( 'NONE',  ( 8.804541250089334525, 32.30750129131369874, -44.30750129131367032 ) ) ;
#601 = VERTEX_POINT ( 'NONE', #489 ) ;
#602 = AXIS2_PLACEMENT_3D ( 'NONE', #2104, #151, #2388 ) ;
#603 = CARTESIAN_POINT ( 'NONE',  ( 23.11788603124844954, -44.49999999999998579, -43.00000000000000711 ) ) ;
#604 = CARTESIAN_POINT ( 'NONE',  ( 23.75105241894647534, 60.03699334368087648, 4.353376699018980026E-15 ) ) ;
#605 = ADVANCED_FACE ( 'NONE', ( #2464 ), #1358, .T. ) ;
#606 = CARTESIAN_POINT ( 'NONE',  ( -92.50000000000000000, -31.65474851953635493, 21.01729992565440597 ) ) ;
#607 = AXIS2_PLACEMENT_3D ( 'NONE', #2848, #368, #1487 ) ;
#608 = ORIENTED_EDGE ( 'NONE', *, *, #163, .T. ) ;
#609 = CARTESIAN_POINT ( 'NONE',  ( 75.30000000000001137, 6.071590012763404557E-14, 42.50000000000010658 ) ) ;
#610 = EDGE_CURVE ( 'NONE', #1886, #1336, #483, .T. ) ;
#611 = CARTESIAN_POINT ( 'NONE',  ( -15.80000000000000959, -44.50000000000000000, -31.59999999999999787 ) ) ;
#612 = EDGE_CURVE ( 'NONE', #322, #799, #1056, .T. ) ;
#613 = VERTEX_POINT ( 'NONE', #2415 ) ;
#614 = CARTESIAN_POINT ( 'NONE',  ( -10.18496614732763916, 42.51626653699140235, -37.11477800856061293 ) ) ;
#615 = DIRECTION ( 'NONE',  ( 0.7531649069781194417, 0.6261113124822391685, 0.2018099285922487218 ) ) ;
#616 = DIRECTION ( 'NONE',  ( 1.000000000000000000, 0.000000000000000000, 0.000000000000000000 ) ) ;
#617 = VERTEX_POINT ( 'NONE', #544 ) ;
#618 = CARTESIAN_POINT ( 'NONE',  ( 35.50000000000000711, -40.00000000000000000, 19.79422863406005106 ) ) ;
#619 = EDGE_CURVE ( 'NONE', #2281, #2091, #1128, .T. ) ;
#620 = LINE ( 'NONE', #2835, #885 ) ;
#621 = LINE ( 'NONE', #1440, #2495 ) ;
#622 = ORIENTED_EDGE ( 'NONE', *, *, #3398, .T. ) ;
#623 = FACE_OUTER_BOUND ( 'NONE', #3189, .T. ) ;
#624 = CARTESIAN_POINT ( 'NONE',  ( -15.00000000000000888, -45.29999999999999716, -29.99999999999999289 ) ) ;
#625 = CARTESIAN_POINT ( 'NONE',  ( -91.96304943376836150, -31.66880906495023140, 23.35931552810669487 ) ) ;
#626 = ORIENTED_EDGE ( 'NONE', *, *, #636, .F. ) ;
#627 = LINE ( 'NONE', #1781, #2119 ) ;
#628 = DIRECTION ( 'NONE',  ( 1.000000000000000000, -0.000000000000000000, -0.000000000000000000 ) ) ;
#629 = ORIENTED_EDGE ( 'NONE', *, *, #3114, .F. ) ;
#630 = EDGE_LOOP ( 'NONE', ( #2140, #670, #2438, #936, #3152 ) ) ;
#631 = EDGE_CURVE ( 'NONE', #2797, #2056, #3283, .T. ) ;
#632 = CARTESIAN_POINT ( 'NONE',  ( 35.25000000000000000, -40.00000000000000000, 44.50000000000000000 ) ) ;
#633 = CARTESIAN_POINT ( 'NONE',  ( 35.25000000000000000, -40.00000000000000000, 44.50000000000000000 ) ) ;
#634 = ORIENTED_EDGE ( 'NONE', *, *, #315, .F. ) ;
#635 = CARTESIAN_POINT ( 'NONE',  ( 75.00000000000000000, 42.20000000000006679, 8.498365908932216365E-14 ) ) ;
#636 = EDGE_CURVE ( 'NONE', #661, #926, #2452, .T. ) ;
#637 = CARTESIAN_POINT ( 'NONE',  ( -27.49999999999999645, 58.26794919243120319, 1.071541682058948170E-14 ) ) ;
#638 = CARTESIAN_POINT ( 'NONE',  ( -86.93877826908054374, 27.85958273761821857, -41.29892485897045873 ) ) ;
#639 = EDGE_LOOP ( 'NONE', ( #1930, #268, #1608, #960, #148, #2075 ) ) ;
#640 = DIRECTION ( 'NONE',  ( 0.000000000000000000, 0.000000000000000000, -1.000000000000000000 ) ) ;
#641 = FACE_OUTER_BOUND ( 'NONE', #677, .T. ) ;
#642 = CARTESIAN_POINT ( 'NONE',  ( -96.37972484811203344, -23.33296918973052314, 29.08500577215349026 ) ) ;
#643 = VERTEX_POINT ( 'NONE', #251 ) ;
#644 = CARTESIAN_POINT ( 'NONE',  ( 14.04470647358653146, -39.07415688998499803, 43.57415688998501224 ) ) ;
#645 = PLANE ( 'NONE',  #708 ) ;
#646 = EDGE_LOOP ( 'NONE', ( #2918, #1706, #3039, #1988, #3141 ) ) ;
#647 = VERTEX_POINT ( 'NONE', #1896 ) ;
#648 = VECTOR ( 'NONE', #1680, 1000.000000000000000 ) ;
#649 = CARTESIAN_POINT ( 'NONE',  ( -0.2333108665778829971, 53.64346401506606554, -24.44917220760960319 ) ) ;
#650 = VECTOR ( 'NONE', #2286, 1000.000000000000000 ) ;
#651 = EDGE_LOOP ( 'NONE', ( #684, #2034 ) ) ;
#652 = DIRECTION ( 'NONE',  ( 0.000000000000000000, 0.000000000000000000, 1.000000000000000000 ) ) ;
#653 = CIRCLE ( 'NONE', #2674, 4.999999999999997335 ) ;
#654 = AXIS2_PLACEMENT_3D ( 'NONE', #1110, #1968, #896 ) ;
#655 = CARTESIAN_POINT ( 'NONE',  ( 14.04470647358652435, -39.07415688998499803, 43.57415688998501935 ) ) ;
#656 = CARTESIAN_POINT ( 'NONE',  ( -95.49999999999995737, 28.72030848362312483, -25.81072906821477631 ) ) ;
#657 =( BOUNDED_SURFACE ( )  B_SPLINE_SURFACE ( 3, 3, ( 
 ( #736, #2929, #1847, #720 ),
 ( #453, #3464, #2906, #683 ),
 ( #423, #1544, #1522, #3450 ),
 ( #2887, #973, #401, #180 ) ),
 .UNSPECIFIED., .F., .F., .F. ) 
 B_SPLINE_SURFACE_WITH_KNOTS ( ( 4, 4 ),
 ( 4, 4 ),
 ( 0.000000000000000000, 1.000000000000000000 ),
 ( 0.000000000000000000, 1.000000000000000000 ),
 .UNSPECIFIED. ) 
 GEOMETRIC_REPRESENTATION_ITEM ( )  RATIONAL_B_SPLINE_SURFACE ( (
 ( 1.000000000000000000, 0.9974840905314182882, 0.9974840905314182882, 1.000000000000000000),
 ( 0.9962313609553913318, 0.9937249330414655857, 0.9937249330414655857, 0.9962313609553913318),
 ( 0.9962313609553913318, 0.9937249330414655857, 0.9937249330414655857, 0.9962313609553913318),
 ( 1.000000000000000000, 0.9974840905314182882, 0.9974840905314182882, 1.000000000000000000) ) ) 
 REPRESENTATION_ITEM ( '' )  SURFACE ( )  );
#658 = CIRCLE ( 'NONE', #1763, 42.50000000000001421 ) ;
#659 = EDGE_CURVE ( 'NONE', #1462, #219, #2232, .T. ) ;
#660 = ADVANCED_FACE ( 'NONE', ( #520 ), #1346, .F. ) ;
#661 = VERTEX_POINT ( 'NONE', #1593 ) ;
#662 = DIRECTION ( 'NONE',  ( -1.000000000000000000, -0.000000000000000000, -0.000000000000000000 ) ) ;
#663 = AXIS2_PLACEMENT_3D ( 'NONE', #343, #546, #818 ) ;
#664 = CARTESIAN_POINT ( 'NONE',  ( 15.33137084989846954, -44.49999999999999289, -30.66274169979695685 ) ) ;
#665 = CARTESIAN_POINT ( 'NONE',  ( 35.25000000000000000, -40.50000000000000000, -56.50000000000000000 ) ) ;
#666 = EDGE_LOOP ( 'NONE', ( #2209, #3109, #2743, #566 ) ) ;
#667 = CARTESIAN_POINT ( 'NONE',  ( 42.50000000000000000, 49.50000000000000711, 5.000000000000099476 ) ) ;
#668 = EDGE_LOOP ( 'NONE', ( #3130, #2568 ) ) ;
#669 = AXIS2_PLACEMENT_3D ( 'NONE', #2538, #640, #3336 ) ;
#670 = ORIENTED_EDGE ( 'NONE', *, *, #1142, .F. ) ;
#671 = DIRECTION ( 'NONE',  ( 1.000000000000000000, 0.000000000000000000, 0.000000000000000000 ) ) ;
#672 = DIRECTION ( 'NONE',  ( 0.000000000000000000, 0.000000000000000000, -1.000000000000000000 ) ) ;
#673 = ORIENTED_EDGE ( 'NONE', *, *, #510, .T. ) ;
#674 = DIRECTION ( 'NONE',  ( -0.7071067811865475727, 8.659560562354931626E-17, -0.7071067811865474617 ) ) ;
#675 = CARTESIAN_POINT ( 'NONE',  ( 16.31960893229439336, 43.67348127635709432, -55.67348127635712984 ) ) ;
#676 = CARTESIAN_POINT ( 'NONE',  ( -95.49999999999997158, 26.60589768256730636, -27.98528297037608326 ) ) ;
#677 = EDGE_LOOP ( 'NONE', ( #2178, #179, #3572, #443 ) ) ;
#678 = CARTESIAN_POINT ( 'NONE',  ( 93.00000000000000000, 5.551115123125779547E-14, 42.50000000000007816 ) ) ;
#679 = EDGE_CURVE ( 'NONE', #2923, #2281, #2004, .T. ) ;
#680 = CARTESIAN_POINT ( 'NONE',  ( -91.34725326046826410, 38.97264455302027386, 27.45491702070450302 ) ) ;
#681 = DIRECTION ( 'NONE',  ( -1.000000000000000000, -0.000000000000000000, -0.000000000000000000 ) ) ;
#682 = ORIENTED_EDGE ( 'NONE', *, *, #3420, .F. ) ;
#683 = CARTESIAN_POINT ( 'NONE',  ( -94.72154767908932627, 20.62799852730081795, 25.54995867943437560 ) ) ;
#684 = ORIENTED_EDGE ( 'NONE', *, *, #2643, .T. ) ;
#685 = CARTESIAN_POINT ( 'NONE',  ( -28.38455848906311729, 41.72165517480071628, 32.20526960779697845 ) ) ;
#686 = PLANE ( 'NONE',  #3314 ) ;
#687 = MECHANICAL_CONTEXT ( 'NONE', #2255, 'mechanical' ) ;
#688 = ORIENTED_EDGE ( 'NONE', *, *, #1388, .T. ) ;
#689 = ADVANCED_FACE ( 'NONE', ( #1382 ), #2479, .T. ) ;
#690 = CARTESIAN_POINT ( 'NONE',  ( 14.99999999999999822, -44.83137084989847665, 29.99999999999999645 ) ) ;
#691 = DIRECTION ( 'NONE',  ( -0.8186286446871511302, -0.03574209851895818885, 0.5732099480043408857 ) ) ;
#692 = CARTESIAN_POINT ( 'NONE',  ( -95.50000000000001421, -15.86997362122111532, -35.17783781299677770 ) ) ;
#693 = ORIENTED_EDGE ( 'NONE', *, *, #2308, .F. ) ;
#694 = CARTESIAN_POINT ( 'NONE',  ( 35.25000000000000000, 44.50000000000000000, -6.000000000000000000 ) ) ;
#695 = CARTESIAN_POINT ( 'NONE',  ( 3.469446951953614189E-15, 60.00000000000001421, -26.50000000000001776 ) ) ;
#696 = CARTESIAN_POINT ( 'NONE',  ( -94.45127239632164162, -22.86610210007659560, 34.63240553959391121 ) ) ;
#697 = ORIENTED_EDGE ( 'NONE', *, *, #2708, .T. ) ;
#698 = EDGE_CURVE ( 'NONE', #2923, #2357, #931, .T. ) ;
#699 = EDGE_LOOP ( 'NONE', ( #3161, #2650, #1414, #3436 ) ) ;
#700 = ADVANCED_FACE ( 'NONE', ( #1983 ), #2765, .F. ) ;
#701 = ADVANCED_FACE ( 'NONE', ( #1442 ), #563, .F. ) ;
#702 = CARTESIAN_POINT ( 'NONE',  ( 93.00000000000000000, 5.551115123125779547E-14, 36.15000000000007674 ) ) ;
#703 = DIRECTION ( 'NONE',  ( -1.000000000000000000, -0.000000000000000000, -0.000000000000000000 ) ) ;
#704 = PERSON_AND_ORGANIZATION ( #276, #3429 ) ;
#705 = CIRCLE ( 'NONE', #938, 42.20000000000000995 ) ;
#706 = ORIENTED_EDGE ( 'NONE', *, *, #2407, .T. ) ;
#707 = FACE_OUTER_BOUND ( 'NONE', #348, .T. ) ;
#708 = AXIS2_PLACEMENT_3D ( 'NONE', #1210, #862, #2525 ) ;
#709 = LINE ( 'NONE', #458, #3204 ) ;
#710 = CARTESIAN_POINT ( 'NONE',  ( -94.24948222220730543, -23.36296684708702287, 24.11685512223280625 ) ) ;
#711 = VECTOR ( 'NONE', #3524, 1000.000000000000000 ) ;
#712 = AXIS2_PLACEMENT_3D ( 'NONE', #1314, #750, #737 ) ;
#713 = ORIENTED_EDGE ( 'NONE', *, *, #3228, .T. ) ;
#714 = EDGE_CURVE ( 'NONE', #2863, #1445, #361, .T. ) ;
#715 = CARTESIAN_POINT ( 'NONE',  ( 74.70000000000000284, 42.50000000000004974, 8.500202879130937014E-14 ) ) ;
#716 = CARTESIAN_POINT ( 'NONE',  ( 48.00000000000000000, -40.00000000000000000, 44.50000000000000000 ) ) ;
#717 = VECTOR ( 'NONE', #2077, 1000.000000000000000 ) ;
#718 = FACE_OUTER_BOUND ( 'NONE', #2124, .T. ) ;
#719 = ORIENTED_EDGE ( 'NONE', *, *, #3185, .T. ) ;
#720 = CARTESIAN_POINT ( 'NONE',  ( -92.48080266934395866, 20.14001996388373072, 32.27507913992199917 ) ) ;
#721 = AXIS2_PLACEMENT_3D ( 'NONE', #2054, #3154, #671 ) ;
#722 = EDGE_CURVE ( 'NONE', #1468, #1129, #872, .T. ) ;
#723 = EDGE_CURVE ( 'NONE', #2311, #1891, #1715, .T. ) ;
#724 = VERTEX_POINT ( 'NONE', #2842 ) ;
#725 = PLANE ( 'NONE',  #3263 ) ;
#726 = ADVANCED_FACE ( 'NONE', ( #1163 ), #1425, .T. ) ;
#727 = LINE ( 'NONE', #3172, #1351 ) ;
#728 = CIRCLE ( 'NONE', #2742, 1.000000000000000000 ) ;
#729 = ORIENTED_EDGE ( 'NONE', *, *, #1082, .T. ) ;
#730 = DIRECTION ( 'NONE',  ( 0.000000000000000000, -0.000000000000000000, 1.000000000000000000 ) ) ;
#731 = CARTESIAN_POINT ( 'NONE',  ( -95.49999999999998579, 32.82256675934024059, -20.29791652076206532 ) ) ;
#732 = DIRECTION ( 'NONE',  ( -0.7071067811865477948, 0.7071067811865473507, 8.659560562354935323E-17 ) ) ;
#733 = LINE ( 'NONE', #450, #881 ) ;
#734 = LINE ( 'NONE', #2665, #182 ) ;
#735 = ORIENTED_EDGE ( 'NONE', *, *, #1775, .F. ) ;
#736 = CARTESIAN_POINT ( 'NONE',  ( -87.60445827438316257, 35.82985008290756923, 32.27507913992199917 ) ) ;
#737 = DIRECTION ( 'NONE',  ( 0.000000000000000000, 0.000000000000000000, 1.000000000000000000 ) ) ;
#738 = ORIENTED_EDGE ( 'NONE', *, *, #2949, .T. ) ;
#739 = CARTESIAN_POINT ( 'NONE',  ( 2.724749137254790583E-15, 44.50000000000000000, 7.347638122934260394E-15 ) ) ;
#740 = ORIENTED_EDGE ( 'NONE', *, *, #98, .T. ) ;
#741 = CARTESIAN_POINT ( 'NONE',  ( -99.67770636567222198, -10.54046686029412960, 35.32934554062326526 ) ) ;
#742 = CARTESIAN_POINT ( 'NONE',  ( 35.25000000000000000, 39.50000000000002842, 44.50000000000000000 ) ) ;
#743 = EDGE_CURVE ( 'NONE', #1108, #3478, #1481, .T. ) ;
#744 = ADVANCED_FACE ( 'NONE', ( #2256 ), #895, .F. ) ;
#745 = FACE_OUTER_BOUND ( 'NONE', #1798, .T. ) ;
#746 = CARTESIAN_POINT ( 'NONE',  ( -92.47677696674919900, 20.34899626606976852, 32.15535663606363670 ) ) ;
#747 = CARTESIAN_POINT ( 'NONE',  ( 48.00000000000000000, -35.00000000000000000, -56.50000000000000000 ) ) ;
#748 = ORIENTED_EDGE ( 'NONE', *, *, #2087, .T. ) ;
#749 = CARTESIAN_POINT ( 'NONE',  ( -88.50089336412642638, 12.96456811199001002, -51.09691930995152376 ) ) ;
#750 = DIRECTION ( 'NONE',  ( -1.000000000000000000, 0.000000000000000000, 0.000000000000000000 ) ) ;
#751 = VERTEX_POINT ( 'NONE', #90 ) ;
#752 = CARTESIAN_POINT ( 'NONE',  ( 42.50000000000000000, 49.50000000000000000, 5.000000000000099476 ) ) ;
#753 = DATE_AND_TIME ( #2109, #3254 ) ;
#754 = VERTEX_POINT ( 'NONE', #3106 ) ;
#755 = DIRECTION ( 'NONE',  ( 1.000000000000000000, 0.000000000000000000, 0.000000000000000000 ) ) ;
#756 = CARTESIAN_POINT ( 'NONE',  ( -95.49999999999995737, 34.67542401602491964, -16.99025277303180559 ) ) ;
#757 = CARTESIAN_POINT ( 'NONE',  ( 14.04470647358650659, -39.07415688998499803, 43.57415688998501224 ) ) ;
#758 = AXIS2_PLACEMENT_3D ( 'NONE', #1293, #2925, #2611 ) ;
#759 = CARTESIAN_POINT ( 'NONE',  ( -92.49999999999998579, 20.24406450408057623, 32.15474851953638336 ) ) ;
#760 = CC_DESIGN_PERSON_AND_ORGANIZATION_ASSIGNMENT ( #2705, #3516, ( #1989 ) ) ;
#761 = CARTESIAN_POINT ( 'NONE',  ( 14.34563078445283857, 43.58729552914152805, 24.44999999999999929 ) ) ;
#762 = EDGE_CURVE ( 'NONE', #525, #170, #2498, .T. ) ;
#763 = VECTOR ( 'NONE', #2746, 1000.000000000000000 ) ;
#764 = ADVANCED_FACE ( 'NONE', ( #623 ), #1027, .F. ) ;
#765 = VECTOR ( 'NONE', #2919, 1000.000000000000000 ) ;
#766 = ORIENTED_EDGE ( 'NONE', *, *, #2607, .F. ) ;
#767 = PLANE ( 'NONE',  #2924 ) ;
#768 = VECTOR ( 'NONE', #2875, 1000.000000000000000 ) ;
#769 = AXIS2_PLACEMENT_3D ( 'NONE', #1610, #2700, #2787 ) ;
#770 = CARTESIAN_POINT ( 'NONE',  ( 35.50000000000000711, 44.50000000000000000, -5.999999999999921840 ) ) ;
#771 = VECTOR ( 'NONE', #3294, 1000.000000000000114 ) ;
#772 = ORIENTED_EDGE ( 'NONE', *, *, #2552, .T. ) ;
#773 = DIRECTION ( 'NONE',  ( 0.000000000000000000, 0.5000000000000069944, 0.8660254037844345998 ) ) ;
#774 = EDGE_CURVE ( 'NONE', #3449, #2638, #1696, .T. ) ;
#775 = VECTOR ( 'NONE', #1672, 1000.000000000000000 ) ;
#776 = ORIENTED_EDGE ( 'NONE', *, *, #996, .F. ) ;
#777 = ORIENTED_EDGE ( 'NONE', *, *, #3521, .F. ) ;
#778 = CARTESIAN_POINT ( 'NONE',  ( -91.20454677809402710, 14.40837408285964294, -51.62563065769103332 ) ) ;
#779 = DIRECTION ( 'NONE',  ( -6.123031769111888756E-17, -1.000000000000000000, 0.000000000000000000 ) ) ;
#780 = DIRECTION ( 'NONE',  ( 1.000000000000000000, -0.000000000000000000, -0.000000000000000000 ) ) ;
#781 = CARTESIAN_POINT ( 'NONE',  ( -95.49999999999997158, -40.50000000000000000, 34.79133171471205088 ) ) ;
#782 = DIRECTION ( 'NONE',  ( 0.000000000000000000, -0.000000000000000000, 1.000000000000000000 ) ) ;
#783 = ORIENTED_EDGE ( 'NONE', *, *, #3332, .T. ) ;
#784 = DIRECTION ( 'NONE',  ( -6.123031769111888756E-17, -1.000000000000000000, 0.000000000000000000 ) ) ;
#785 = EDGE_CURVE ( 'NONE', #601, #3275, #3525, .T. ) ;
#786 = CARTESIAN_POINT ( 'NONE',  ( 74.70000000000000284, -42.49999999999994316, 7.979727989493312634E-14 ) ) ;
#787 = DIRECTION ( 'NONE',  ( -0.000000000000000000, 1.000000000000000000, 1.363240452634032948E-16 ) ) ;
#788 = ORIENTED_EDGE ( 'NONE', *, *, #1631, .T. ) ;
#789 = CARTESIAN_POINT ( 'NONE',  ( -90.62265476094353289, -31.70390853472458659, 27.97135369803646299 ) ) ;
#790 = EDGE_CURVE ( 'NONE', #370, #882, #2881, .T. ) ;
#791 = ORIENTED_EDGE ( 'NONE', *, *, #2890, .F. ) ;
#792 = ORIENTED_EDGE ( 'NONE', *, *, #3042, .F. ) ;
#793 = DIRECTION ( 'NONE',  ( 0.1736481776669299981, -1.063253308503000148E-17, -0.9848077530122081313 ) ) ;
#794 = DIRECTION ( 'NONE',  ( 8.659560562354948882E-17, 0.7071067811865464625, -0.7071067811865486830 ) ) ;
#795 = ORIENTED_EDGE ( 'NONE', *, *, #1260, .F. ) ;
#796 = FACE_BOUND ( 'NONE', #1400, .T. ) ;
#797 = CARTESIAN_POINT ( 'NONE',  ( 35.25000000000000000, -7.755436427660550459E-15, 35.50000000000000711 ) ) ;
#798 = DIRECTION ( 'NONE',  ( 0.000000000000000000, 1.000000000000000000, 0.000000000000000000 ) ) ;
#799 = VERTEX_POINT ( 'NONE', #2116 ) ;
#800 = DIRECTION ( 'NONE',  ( 0.000000000000000000, -0.9659258262890679791, -0.2588190451025214611 ) ) ;
#801 = DIRECTION ( 'NONE',  ( 1.000000000000000000, 0.000000000000000000, 0.000000000000000000 ) ) ;
#802 = DIRECTION ( 'NONE',  ( 1.000000000000000000, -0.000000000000000000, -0.000000000000000000 ) ) ;
#803 = ORIENTED_EDGE ( 'NONE', *, *, #536, .F. ) ;
#804 = CARTESIAN_POINT ( 'NONE',  ( 48.00000000000000711, -44.50000000000000711, -12.00000000000000178 ) ) ;
#805 = EDGE_CURVE ( 'NONE', #310, #1155, #705, .T. ) ;
#806 = EDGE_CURVE ( 'NONE', #199, #1490, #174, .T. ) ;
#807 = ORIENTED_EDGE ( 'NONE', *, *, #1503, .T. ) ;
#808 = ORIENTED_EDGE ( 'NONE', *, *, #2640, .F. ) ;
#809 = CARTESIAN_POINT ( 'NONE',  ( -92.30206761097691981, -34.43095645817445671, 30.06389116721151922 ) ) ;
#810 = CARTESIAN_POINT ( 'NONE',  ( -44.74999999999999289, -16.06594215396609826, 33.40512627446505434 ) ) ;
#811 = LINE ( 'NONE', #3541, #2618 ) ;
#812 = PLANE ( 'NONE',  #1995 ) ;
#813 = CARTESIAN_POINT ( 'NONE',  ( -86.66475878278211553, 36.30754968838773777, -34.21960579474070840 ) ) ;
#814 = EDGE_LOOP ( 'NONE', ( #1391, #3375, #93 ) ) ;
#815 = DIRECTION ( 'NONE',  ( 0.000000000000000000, 0.000000000000000000, 1.000000000000000000 ) ) ;
#816 = CARTESIAN_POINT ( 'NONE',  ( 35.25000000000000000, 44.50000000000000000, -56.50000000000002842 ) ) ;
#817 = CIRCLE ( 'NONE', #3303, 24.45000000000000284 ) ;
#818 = DIRECTION ( 'NONE',  ( 0.000000000000000000, 0.000000000000000000, 1.000000000000000000 ) ) ;
#819 = ORIENTED_EDGE ( 'NONE', *, *, #2889, .F. ) ;
#820 = CIRCLE ( 'NONE', #2778, 26.50000000000002487 ) ;
#821 = DIRECTION ( 'NONE',  ( -0.04361938736533602090, -0.6421758183121907271, -0.7653153385506793471 ) ) ;
#822 = VECTOR ( 'NONE', #2597, 1000.000000000000114 ) ;
#823 = EDGE_CURVE ( 'NONE', #1155, #1617, #145, .T. ) ;
#824 = CONICAL_SURFACE ( 'NONE', #9, 42.49999999999999289, 0.7853981633974482790 ) ;
#825 = AXIS2_PLACEMENT_3D ( 'NONE', #2250, #1979, #1712 ) ;
#826 = EDGE_LOOP ( 'NONE', ( #2485, #1741, #608 ) ) ;
#827 = ORIENTED_EDGE ( 'NONE', *, *, #1992, .F. ) ;
#828 = CONICAL_SURFACE ( 'NONE', #3089, 25.45000000000000284, 0.7853981633974500554 ) ;
#829 = EDGE_CURVE ( 'NONE', #1895, #54, #3194, .T. ) ;
#830 = EDGE_CURVE ( 'NONE', #1413, #1895, #2331, .T. ) ;
#831 = DIRECTION ( 'NONE',  ( -0.9848077530122081313, 0.000000000000000000, -0.1736481776669299981 ) ) ;
#832 = CARTESIAN_POINT ( 'NONE',  ( 35.25000000000000000, 5.637851296924619901E-15, -8.673617379884040205E-15 ) ) ;
#833 = FACE_OUTER_BOUND ( 'NONE', #2435, .T. ) ;
#834 = AXIS2_PLACEMENT_3D ( 'NONE', #1547, #1813, #3171 ) ;
#835 = CARTESIAN_POINT ( 'NONE',  ( 75.30000000000001137, 5.551115123125779547E-14, 7.843419788940609499E-14 ) ) ;
#836 = CARTESIAN_POINT ( 'NONE',  ( -92.50000000000000000, -31.65474851953636204, -21.01729992565444505 ) ) ;
#837 = CIRCLE ( 'NONE', #430, 42.20000000000000995 ) ;
#838 = VERTEX_POINT ( 'NONE', #3474 ) ;
#839 = LINE ( 'NONE', #3032, #2069 ) ;
#840 = CARTESIAN_POINT ( 'NONE',  ( 35.50000000000000711, -44.50000000000000000, 12.00000000000000000 ) ) ;
#841 = DIRECTION ( 'NONE',  ( -0.9980991556472295079, 0.04357795025174766163, 0.04357795025174766163 ) ) ;
#842 = ORIENTED_EDGE ( 'NONE', *, *, #1656, .F. ) ;
#843 = CARTESIAN_POINT ( 'NONE',  ( -92.46509788471892932, 20.40144712261930948, 32.15566246358973501 ) ) ;
#844 = CARTESIAN_POINT ( 'NONE',  ( 3.469446951953614189E-15, 58.26794919243120319, 7.347638122934260394E-15 ) ) ;
#845 = VERTEX_POINT ( 'NONE', #1539 ) ;
#846 = EDGE_LOOP ( 'NONE', ( #3126, #3346, #3517 ) ) ;
#847 = CARTESIAN_POINT ( 'NONE',  ( -5.643565774175229421, -44.50000000000009237, 32.00625197289674873 ) ) ;
#848 = CARTESIAN_POINT ( 'NONE',  ( 3.469446951953614189E-15, 60.00000000000001421, 7.566156610023292385E-15 ) ) ;
#849 = LINE ( 'NONE', #2294, #3079 ) ;
#850 = CARTESIAN_POINT ( 'NONE',  ( 3.469446951953614189E-15, 59.00000000000000000, 24.45000000000000995 ) ) ;
#851 = CARTESIAN_POINT ( 'NONE',  ( 16.31960893229436138, -17.69917178653029666, -55.67348127635710142 ) ) ;
#852 = EDGE_CURVE ( 'NONE', #2091, #1809, #1229, .T. ) ;
#853 = B_SPLINE_CURVE_WITH_KNOTS ( 'NONE', 3,
 ( #2788, #3052, #565, #1683, #305 ),
 .UNSPECIFIED., .F., .F.,
 ( 4, 1, 4 ),
 ( 1.387778780781445676E-17, 0.009267108508603624090, 0.01853421701720723430 ),
 .UNSPECIFIED. ) ;
#854 = EDGE_CURVE ( 'NONE', #3418, #3329, #417, .T. ) ;
#855 = VERTEX_POINT ( 'NONE', #2364 ) ;
#856 = CARTESIAN_POINT ( 'NONE',  ( -44.75000000000001421, -32.90512627446503302, -25.79962979938906287 ) ) ;
#857 = CYLINDRICAL_SURFACE ( 'NONE', #2558, 4.999999999999997335 ) ;
#858 = LINE ( 'NONE', #1969, #6 ) ;
#859 = VERTEX_POINT ( 'NONE', #2066 ) ;
#860 = PLANE ( 'NONE',  #1184 ) ;
#861 = ADVANCED_FACE ( 'NONE', ( #1222, #967 ), #3427, .T. ) ;
#862 = DIRECTION ( 'NONE',  ( 0.02617694830787320112, 0.2587303542799144207, -0.9655948276329348046 ) ) ;
#863 = ORIENTED_EDGE ( 'NONE', *, *, #2454, .F. ) ;
#864 = ORIENTED_EDGE ( 'NONE', *, *, #2805, .T. ) ;
#865 = DIRECTION ( 'NONE',  ( -0.9848077530122081313, 0.000000000000000000, -0.1736481776669299981 ) ) ;
#866 = DIRECTION ( 'NONE',  ( 1.000000000000000000, 0.000000000000000000, 0.000000000000000000 ) ) ;
#867 = ORIENTED_EDGE ( 'NONE', *, *, #1433, .T. ) ;
#868 = DIRECTION ( 'NONE',  ( 0.000000000000000000, -0.4999999999999998890, -0.8660254037844387076 ) ) ;
#869 = DIRECTION ( 'NONE',  ( 0.9396926207859083169, 0.000000000000000000, -0.3420201433256691570 ) ) ;
#870 = CARTESIAN_POINT ( 'NONE',  ( 48.00000000000000000, -40.00000000000000000, 39.50000000000000000 ) ) ;
#871 = ORIENTED_EDGE ( 'NONE', *, *, #3302, .T. ) ;
#872 = LINE ( 'NONE', #603, #2269 ) ;
#873 = EDGE_CURVE ( 'NONE', #352, #845, #2080, .T. ) ;
#874 = FACE_OUTER_BOUND ( 'NONE', #1960, .T. ) ;
#875 = CARTESIAN_POINT ( 'NONE',  ( -24.44999999999999574, 57.93248994588690692, -14.16067897482126270 ) ) ;
#876 = VERTEX_POINT ( 'NONE', #449 ) ;
#877 = PLANE ( 'NONE',  #1305 ) ;
#878 = AXIS2_PLACEMENT_3D ( 'NONE', #2567, #628, #2772 ) ;
#879 = CARTESIAN_POINT ( 'NONE',  ( -14.99999999999999822, -45.29999999999999716, 29.99999999999999645 ) ) ;
#880 = CIRCLE ( 'NONE', #2049, 42.50000000000000000 ) ;
#881 = VECTOR ( 'NONE', #1294, 1000.000000000000000 ) ;
#882 = VERTEX_POINT ( 'NONE', #3459 ) ;
#883 = FACE_OUTER_BOUND ( 'NONE', #934, .T. ) ;
#884 = LOCAL_TIME ( 22, 55, 28.00000000000000000, #1785 ) ;
#885 = VECTOR ( 'NONE', #910, 1000.000000000000000 ) ;
#886 = LINE ( 'NONE', #1153, #2850 ) ;
#887 = LINE ( 'NONE', #332, #1001 ) ;
#888 = ORIENTED_EDGE ( 'NONE', *, *, #1280, .F. ) ;
#889 = VECTOR ( 'NONE', #841, 1000.000000000000000 ) ;
#890 = CARTESIAN_POINT ( 'NONE',  ( -5.996004064170059600, 44.50000000000000000, -33.94404789265485078 ) ) ;
#891 = LINE ( 'NONE', #675, #2284 ) ;
#892 = CARTESIAN_POINT ( 'NONE',  ( 48.00000000000000000, -40.00000000000000000, 44.50000000000000000 ) ) ;
#893 = EDGE_LOOP ( 'NONE', ( #1178, #2841 ) ) ;
#894 = AXIS2_PLACEMENT_3D ( 'NONE', #935, #1971, #3070 ) ;
#895 = PLANE ( 'NONE',  #175 ) ;
#896 = DIRECTION ( 'NONE',  ( 0.000000000000000000, 0.000000000000000000, -1.000000000000000000 ) ) ;
#897 = DIRECTION ( 'NONE',  ( -6.123031769111888756E-17, -1.000000000000000000, 0.000000000000000000 ) ) ;
#898 = AXIS2_PLACEMENT_3D ( 'NONE', #2980, #2170, #3267 ) ;
#899 = ORIENTED_EDGE ( 'NONE', *, *, #3115, .F. ) ;
#900 = ADVANCED_FACE ( 'NONE', ( #1518 ), #983, .F. ) ;
#901 = CARTESIAN_POINT ( 'NONE',  ( 89.50000000000000000, 5.551115123125779547E-14, 36.15000000000007674 ) ) ;
#902 = DIRECTION ( 'NONE',  ( -6.123031769111888756E-17, -1.000000000000000000, 0.000000000000000000 ) ) ;
#903 = ORIENTED_EDGE ( 'NONE', *, *, #3203, .F. ) ;
#904 = EDGE_CURVE ( 'NONE', #3219, #199, #1866, .T. ) ;
#905 = ORIENTED_EDGE ( 'NONE', *, *, #922, .T. ) ;
#906 = CARTESIAN_POINT ( 'NONE',  ( 5.249365376591294543E-15, 42.96095176247493441, -24.44999999999999929 ) ) ;
#907 = PERSON_AND_ORGANIZATION ( #276, #3429 ) ;
#908 = ORIENTED_EDGE ( 'NONE', *, *, #2014, .F. ) ;
#909 = DIRECTION ( 'NONE',  ( -0.5735764363510459374, 1.125546361681193966E-16, -0.8191520442889920206 ) ) ;
#910 = DIRECTION ( 'NONE',  ( -0.000000000000000000, 0.000000000000000000, 1.000000000000000000 ) ) ;
#911 = CARTESIAN_POINT ( 'NONE',  ( -95.50000000000002842, -28.18136747456442492, -26.36558369197486584 ) ) ;
#912 = ORIENTED_EDGE ( 'NONE', *, *, #2505, .T. ) ;
#913 = CARTESIAN_POINT ( 'NONE',  ( -88.49993932141704533, -31.11845922530255137, -37.04616838700318482 ) ) ;
#914 = CARTESIAN_POINT ( 'NONE',  ( -92.49999999999998579, 20.24406450408057623, 32.15474851953638336 ) ) ;
#915 = DIRECTION ( 'NONE',  ( 0.000000000000000000, 0.000000000000000000, 1.000000000000000000 ) ) ;
#916 = EDGE_LOOP ( 'NONE', ( #1318, #2587, #1576, #788 ) ) ;
#917 = DIRECTION ( 'NONE',  ( 0.000000000000000000, 0.000000000000000000, 1.000000000000000000 ) ) ;
#918 = CARTESIAN_POINT ( 'NONE',  ( -92.50000000000000000, 36.00017748656360794, -12.15724019932490307 ) ) ;
#919 = ORIENTED_EDGE ( 'NONE', *, *, #2884, .T. ) ;
#920 = ORIENTED_EDGE ( 'NONE', *, *, #1239, .T. ) ;
#921 = EDGE_CURVE ( 'NONE', #613, #1076, #438, .T. ) ;
#922 = EDGE_CURVE ( 'NONE', #3329, #1207, #3447, .T. ) ;
#923 = LINE ( 'NONE', #3099, #1246 ) ;
#924 = ADVANCED_FACE ( 'NONE', ( #2396 ), #2352, .T. ) ;
#925 = LINE ( 'NONE', #1726, #768 ) ;
#926 = VERTEX_POINT ( 'NONE', #1557 ) ;
#927 = LINE ( 'NONE', #2348, #1233 ) ;
#928 = CARTESIAN_POINT ( 'NONE',  ( 35.25000000000000000, 33.00000000000000000, -1.734723475976804925E-15 ) ) ;
#929 = CARTESIAN_POINT ( 'NONE',  ( -95.50000000000004263, -1.874129904006587077, -38.54632814444791933 ) ) ;
#930 = ORIENTED_EDGE ( 'NONE', *, *, #482, .F. ) ;
#931 = LINE ( 'NONE', #3352, #249 ) ;
#932 = CARTESIAN_POINT ( 'NONE',  ( -90.44032974753154974, 39.01224168874098552, 30.12626351834928684 ) ) ;
#933 = CARTESIAN_POINT ( 'NONE',  ( -94.79902994948052708, -29.09678218711123066, 29.08500577215349026 ) ) ;
#934 = EDGE_LOOP ( 'NONE', ( #1441, #795, #1381, #2241, #1345, #1301, #3554, #2979 ) ) ;
#935 = CARTESIAN_POINT ( 'NONE',  ( -44.75000000000000000, 5.637851296924619901E-15, -8.673617379884040205E-15 ) ) ;
#936 = ORIENTED_EDGE ( 'NONE', *, *, #1211, .F. ) ;
#937 = ORIENTED_EDGE ( 'NONE', *, *, #366, .T. ) ;
#938 = AXIS2_PLACEMENT_3D ( 'NONE', #2596, #2939, #3179 ) ;
#939 = DIRECTION ( 'NONE',  ( -5.987766851903286315E-18, -1.371424081346605940E-16, 1.000000000000000000 ) ) ;
#940 = AXIS2_PLACEMENT_3D ( 'NONE', #1667, #2540, #267 ) ;
#941 = COORDINATED_UNIVERSAL_TIME_OFFSET ( 7, 0, .AHEAD. ) ;
#942 = EDGE_LOOP ( 'NONE', ( #719, #2654, #2740, #3234 ) ) ;
#943 = EDGE_CURVE ( 'NONE', #1684, #3237, #159, .T. ) ;
#944 = CARTESIAN_POINT ( 'NONE',  ( 35.25000000000000000, -40.00000000000000711, 39.50000000000001421 ) ) ;
#945 = VECTOR ( 'NONE', #1536, 1000.000000000000114 ) ;
#946 = VECTOR ( 'NONE', #3034, 1000.000000000000000 ) ;
#947 = DIRECTION ( 'NONE',  ( -7.796510004390139868E-17, -1.000000000000000000, 0.000000000000000000 ) ) ;
#948 = CARTESIAN_POINT ( 'NONE',  ( -95.50000000000000000, -24.86379295783608612, -29.54473288858607916 ) ) ;
#949 = AXIS2_PLACEMENT_3D ( 'NONE', #2660, #2422, #3490 ) ;
#950 = ORIENTED_EDGE ( 'NONE', *, *, #1065, .F. ) ;
#951 = DIRECTION ( 'NONE',  ( 0.000000000000000000, -0.000000000000000000, 1.000000000000000000 ) ) ;
#952 = EDGE_CURVE ( 'NONE', #134, #400, #2840, .T. ) ;
#953 = CIRCLE ( 'NONE', #3029, 37.99671038392669686 ) ;
#954 = CARTESIAN_POINT ( 'NONE',  ( -44.75000000000000000, 37.40512627446505434, -34.73141416224015643 ) ) ;
#955 = LINE ( 'NONE', #3462, #1816 ) ;
#956 = ORIENTED_EDGE ( 'NONE', *, *, #1556, .T. ) ;
#957 = CARTESIAN_POINT ( 'NONE',  ( -44.75000000000000000, 20.24406450408055846, 32.15474851953639757 ) ) ;
#958 = AXIS2_PLACEMENT_3D ( 'NONE', #1936, #1371, #1331 ) ;
#959 = ORIENTED_EDGE ( 'NONE', *, *, #1921, .T. ) ;
#960 = ORIENTED_EDGE ( 'NONE', *, *, #1456, .T. ) ;
#961 = FACE_OUTER_BOUND ( 'NONE', #154, .T. ) ;
#962 = ORIENTED_EDGE ( 'NONE', *, *, #358, .T. ) ;
#963 = FACE_OUTER_BOUND ( 'NONE', #580, .T. ) ;
#964 = DIRECTION ( 'NONE',  ( 0.000000000000000000, 1.000000000000000000, 0.000000000000000000 ) ) ;
#965 = CARTESIAN_POINT ( 'NONE',  ( -90.32441217534648104, -34.51730275924222013, -35.48318440338920965 ) ) ;
#966 = ORIENTED_EDGE ( 'NONE', *, *, #2315, .F. ) ;
#967 = FACE_BOUND ( 'NONE', #651, .T. ) ;
#968 = CARTESIAN_POINT ( 'NONE',  ( -90.44032974753154974, 39.01224168874098552, 30.12626351834928684 ) ) ;
#969 = EDGE_CURVE ( 'NONE', #370, #986, #2993, .T. ) ;
#970 = CARTESIAN_POINT ( 'NONE',  ( -97.43335255352030799, -17.44994230812183744, 29.08500577215348315 ) ) ;
#971 = ADVANCED_FACE ( 'NONE', ( #745, #796 ), #2475, .T. ) ;
#972 = EDGE_LOOP ( 'NONE', ( #2531, #2572, #2419, #1183, #1119, #1543 ) ) ;
#973 = CARTESIAN_POINT ( 'NONE',  ( -94.11835879187555065, 32.26863125836588608, 11.56163610049676294 ) ) ;
#974 = VERTEX_POINT ( 'NONE', #1924 ) ;
#975 = CARTESIAN_POINT ( 'NONE',  ( 48.00000000000000000, 39.50000000000000000, 44.50000000000000000 ) ) ;
#976 = CARTESIAN_POINT ( 'NONE',  ( 89.50000000000000000, 5.551115123125779547E-14, 42.20000000000008811 ) ) ;
#977 = ORIENTED_EDGE ( 'NONE', *, *, #2938, .F. ) ;
#978 = LINE ( 'NONE', #1788, #410 ) ;
#979 = CARTESIAN_POINT ( 'NONE',  ( 35.50000000000000711, -40.00000000000000000, 19.79422863406005106 ) ) ;
#980 = CARTESIAN_POINT ( 'NONE',  ( -44.75000000000000000, -15.90132679960199980, 32.15474851953639757 ) ) ;
#981 = B_SPLINE_CURVE_WITH_KNOTS ( 'NONE', 3,
 ( #606, #625, #2810, #325 ),
 .UNSPECIFIED., .F., .F.,
 ( 4, 4 ),
 ( 3.469446951953614189E-18, 0.007203173309235459502 ),
 .UNSPECIFIED. ) ;
#982 = ORIENTED_EDGE ( 'NONE', *, *, #2704, .T. ) ;
#983 = CYLINDRICAL_SURFACE ( 'NONE', #285, 25.39999999999999858 ) ;
#984 = CARTESIAN_POINT ( 'NONE',  ( 35.25000000000000000, -24.72178751731754787, 52.88509063798819909 ) ) ;
#985 = CARTESIAN_POINT ( 'NONE',  ( -97.83888906422092191, -23.68622433494786250, 23.38847391397107955 ) ) ;
#986 = VERTEX_POINT ( 'NONE', #757 ) ;
#987 = CARTESIAN_POINT ( 'NONE',  ( 75.00000000000000000, 5.551115123125779547E-14, 7.843419788940609499E-14 ) ) ;
#988 = EDGE_CURVE ( 'NONE', #2545, #3250, #3140, .T. ) ;
#989 = ORIENTED_EDGE ( 'NONE', *, *, #790, .T. ) ;
#990 = DIRECTION ( 'NONE',  ( -1.000000000000000000, 0.000000000000000000, 0.000000000000000000 ) ) ;
#991 = CARTESIAN_POINT ( 'NONE',  ( -95.50000000000000000, -19.04448980406826308, 33.61935732567299340 ) ) ;
#992 = APPROVAL_ROLE ( '' ) ;
#993 = EDGE_LOOP ( 'NONE', ( #1227, #1330, #2158, #2298, #1850, #158 ) ) ;
#994 = VECTOR ( 'NONE', #1659, 1000.000000000000000 ) ;
#995 = CARTESIAN_POINT ( 'NONE',  ( -92.50000000000000000, 5.637851296924619901E-15, -8.673617379884040205E-15 ) ) ;
#996 = EDGE_CURVE ( 'NONE', #238, #3276, #1605, .T. ) ;
#997 = CARTESIAN_POINT ( 'NONE',  ( -89.93208997537897176, -31.51864820102028020, 30.31161507146499190 ) ) ;
#998 = VECTOR ( 'NONE', #2094, 1000.000000000000227 ) ;
#999 = CARTESIAN_POINT ( 'NONE',  ( -24.44999999999999574, 44.50000000000000000, 1.034189954684953918E-14 ) ) ;
#1000 = CARTESIAN_POINT ( 'NONE',  ( -90.32441217534650946, -34.51730275924224145, -35.48318440338920254 ) ) ;
#1001 = VECTOR ( 'NONE', #61, 1000.000000000000000 ) ;
#1002 = AXIS2_PLACEMENT_3D ( 'NONE', #3519, #208, #3212 ) ;
#1003 = CARTESIAN_POINT ( 'NONE',  ( 94.00000000000000000, 5.551115123125779547E-14, 36.15000000000007674 ) ) ;
#1004 = ORIENTED_EDGE ( 'NONE', *, *, #315, .T. ) ;
#1005 = CARTESIAN_POINT ( 'NONE',  ( -44.75000000000000711, 19.91767714802791289, -49.40512627446501881 ) ) ;
#1006 = VECTOR ( 'NONE', #1166, 1000.000000000000000 ) ;
#1007 = DIRECTION ( 'NONE',  ( -1.000000000000000000, -0.000000000000000000, -0.000000000000000000 ) ) ;
#1008 = ADVANCED_FACE ( 'NONE', ( #1089 ), #516, .T. ) ;
#1009 = ORIENTED_EDGE ( 'NONE', *, *, #1191, .F. ) ;
#1010 = FACE_OUTER_BOUND ( 'NONE', #639, .T. ) ;
#1011 = AXIS2_PLACEMENT_3D ( 'NONE', #2769, #1685, #217 ) ;
#1012 = EDGE_CURVE ( 'NONE', #3343, #2400, #538, .T. ) ;
#1013 = EDGE_CURVE ( 'NONE', #1617, #3211, #1637, .T. ) ;
#1014 = VECTOR ( 'NONE', #1878, 1000.000000000000000 ) ;
#1015 = EDGE_CURVE ( 'NONE', #3484, #1653, #2747, .T. ) ;
#1016 = EDGE_LOOP ( 'NONE', ( #3300, #492, #206, #62 ) ) ;
#1017 = DIRECTION ( 'NONE',  ( -0.7071067811865464625, -0.7071067811865486830, 8.659560562354918067E-17 ) ) ;
#1018 = CARTESIAN_POINT ( 'NONE',  ( -95.49999999999998579, 18.05810256578674355, 34.10637845342875352 ) ) ;
#1019 = DIRECTION ( 'NONE',  ( -6.123031769111888756E-17, -1.000000000000000000, 0.000000000000000000 ) ) ;
#1020 = CARTESIAN_POINT ( 'NONE',  ( 35.25000000000000000, 33.90333897540920560, -40.40442602488325008 ) ) ;
#1021 = LINE ( 'NONE', #2118, #711 ) ;
#1022 = PRODUCT ( 'M-20iA35M axis5-M-20iA35M_D\X2\00e9\X0\faut_sldprt', 'M-20iA35M axis5-M-20iA35M_D\X2\00e9\X0\faut_sldprt', '', ( #687 ) ) ;
#1023 = EDGE_LOOP ( 'NONE', ( #2175, #2773, #2185, #937 ) ) ;
#1024 = FACE_OUTER_BOUND ( 'NONE', #3156, .T. ) ;
#1025 = CARTESIAN_POINT ( 'NONE',  ( -11.11565465808423525, -44.49999999999999289, -30.54001017554201169 ) ) ;
#1026 = B_SPLINE_CURVE_WITH_KNOTS ( 'NONE', 3,
 ( #2845, #382, #92, #3181 ),
 .UNSPECIFIED., .F., .F.,
 ( 4, 4 ),
 ( 6.938893903907227607E-18, 0.0007425731973628373972 ),
 .UNSPECIFIED. ) ;
#1027 =( BOUNDED_SURFACE ( )  B_SPLINE_SURFACE ( 3, 3, ( 
 ( #323, #1734, #2825, #2317 ),
 ( #341, #1459, #2555, #3409 ),
 ( #2042, #2519, #2238, #913 ),
 ( #3064, #1185, #2299, #577 ) ),
 .UNSPECIFIED., .F., .F., .F. ) 
 B_SPLINE_SURFACE_WITH_KNOTS ( ( 4, 4 ),
 ( 4, 4 ),
 ( 0.000000000000000000, 1.000000000000000000 ),
 ( 0.000000000000000000, 1.000000000000000000 ),
 .UNSPECIFIED. ) 
 GEOMETRIC_REPRESENTATION_ITEM ( )  RATIONAL_B_SPLINE_SURFACE ( (
 ( 1.000000000000000000, 0.9549776767054432014, 0.9549776767054432014, 1.000000000000000000),
 ( 0.9872307604220846855, 0.9427833379600304431, 0.9427833379600304431, 0.9872307604220846855),
 ( 0.9872307604220846855, 0.9427833379600304431, 0.9427833379600304431, 0.9872307604220846855),
 ( 1.000000000000000000, 0.9549776767054432014, 0.9549776767054432014, 1.000000000000000000) ) ) 
 REPRESENTATION_ITEM ( '' )  SURFACE ( )  );
#1028 = ORIENTED_EDGE ( 'NONE', *, *, #2629, .T. ) ;
#1029 = CARTESIAN_POINT ( 'NONE',  ( 93.00000000000000000, 5.551115123125779547E-14, 7.843419788940609499E-14 ) ) ;
#1030 = B_SPLINE_CURVE_WITH_KNOTS ( 'NONE', 3,
 ( #843, #1953, #2703, #567 ),
 .UNSPECIFIED., .F., .F.,
 ( 4, 4 ),
 ( 0.000000000000000000, 0.01676734744414318939 ),
 .UNSPECIFIED. ) ;
#1031 = VERTEX_POINT ( 'NONE', #2441 ) ;
#1032 = ADVANCED_FACE ( 'NONE', ( #2952 ), #460, .T. ) ;
#1033 = CARTESIAN_POINT ( 'NONE',  ( 85.00000000000000000, 0.000000000000000000, -25.39999999999999858 ) ) ;
#1034 = CARTESIAN_POINT ( 'NONE',  ( -95.49999999999994316, 32.57982923711436740, 20.89501294794874653 ) ) ;
#1035 = DIRECTION ( 'NONE',  ( -6.123031769111888756E-17, -1.000000000000000000, 0.000000000000000000 ) ) ;
#1036 = CARTESIAN_POINT ( 'NONE',  ( -95.49999999999998579, -16.24843956234394327, 34.79133171471205799 ) ) ;
#1037 = LINE ( 'NONE', #2684, #1053 ) ;
#1038 = EDGE_LOOP ( 'NONE', ( #2503, #2237, #1092, #500, #930 ) ) ;
#1039 = DIRECTION ( 'NONE',  ( 0.9996513887072170368, 0.003446240159006891141, 0.02617679286121593271 ) ) ;
#1040 = CARTESIAN_POINT ( 'NONE',  ( 35.25000000000000000, -40.50000000000000000, 44.50000000000000000 ) ) ;
#1041 = ORIENTED_EDGE ( 'NONE', *, *, #2866, .T. ) ;
#1042 = CARTESIAN_POINT ( 'NONE',  ( -95.50000000000002842, -49.07328642006192609, 25.99594050751123930 ) ) ;
#1043 = PERSON_AND_ORGANIZATION_ROLE ( 'design_supplier' ) ;
#1044 = EDGE_LOOP ( 'NONE', ( #3112, #2514, #1366, #2169 ) ) ;
#1045 = VERTEX_POINT ( 'NONE', #3508 ) ;
#1046 = DIRECTION ( 'NONE',  ( -1.000000000000000000, 0.000000000000000000, 0.000000000000000000 ) ) ;
#1047 = CARTESIAN_POINT ( 'NONE',  ( -95.50000000000001421, 38.58277441047685130, -0.8390091745578077687 ) ) ;
#1048 = EDGE_CURVE ( 'NONE', #333, #3000, #3, .T. ) ;
#1049 = DIRECTION ( 'NONE',  ( -7.796510004390139868E-17, -1.000000000000000000, 0.000000000000000000 ) ) ;
#1050 = VECTOR ( 'NONE', #1892, 1000.000000000000000 ) ;
#1051 = DIRECTION ( 'NONE',  ( -1.000000000000000000, 0.000000000000000000, 0.000000000000000000 ) ) ;
#1052 = CARTESIAN_POINT ( 'NONE',  ( 29.00000000000000355, 44.22711910682179592, 7.347638122934260394E-15 ) ) ;
#1053 = VECTOR ( 'NONE', #486, 1000.000000000000000 ) ;
#1054 = AXIS2_PLACEMENT_3D ( 'NONE', #298, #2490, #1945 ) ;
#1055 = ORIENTED_EDGE ( 'NONE', *, *, #3287, .T. ) ;
#1056 = LINE ( 'NONE', #2699, #1014 ) ;
#1057 = VECTOR ( 'NONE', #794, 1000.000000000000000 ) ;
#1058 = VECTOR ( 'NONE', #1893, 1000.000000000000000 ) ;
#1059 = CYLINDRICAL_SURFACE ( 'NONE', #712, 42.50000000000000000 ) ;
#1060 = CARTESIAN_POINT ( 'NONE',  ( -95.50000000000000000, -32.27991125420392393, 21.23306602749560312 ) ) ;
#1061 = VECTOR ( 'NONE', #831, 1000.000000000000114 ) ;
#1062 = ORIENTED_EDGE ( 'NONE', *, *, #823, .F. ) ;
#1063 = PLANE ( 'NONE',  #1885 ) ;
#1064 = AXIS2_PLACEMENT_3D ( 'NONE', #75, #1427, #2203 ) ;
#1065 = EDGE_CURVE ( 'NONE', #344, #1771, #589, .T. ) ;
#1066 = ORIENTED_EDGE ( 'NONE', *, *, #3185, .F. ) ;
#1067 = CIRCLE ( 'NONE', #1011, 4.999999999999997335 ) ;
#1068 = ORIENTED_EDGE ( 'NONE', *, *, #2126, .T. ) ;
#1069 = DIRECTION ( 'NONE',  ( -0.04361938736533595151, 0.6421758183121896169, -0.7653153385506802353 ) ) ;
#1070 = VECTOR ( 'NONE', #2943, 1000.000000000000114 ) ;
#1071 = CARTESIAN_POINT ( 'NONE',  ( -95.49999999999995737, 38.56429387982425538, 1.459972522349270552 ) ) ;
#1072 = CARTESIAN_POINT ( 'NONE',  ( 24.45000000000009166, 44.02846181658804170, -14.29931050276364246 ) ) ;
#1073 = EDGE_CURVE ( 'NONE', #89, #2281, #484, .T. ) ;
#1074 = CARTESIAN_POINT ( 'NONE',  ( 3.469446951953614978E-15, 45.80000000000000426, 7.347638122934260394E-15 ) ) ;
#1075 = LINE ( 'NONE', #3281, #3365 ) ;
#1076 = VERTEX_POINT ( 'NONE', #223 ) ;
#1077 = DIRECTION ( 'NONE',  ( 0.000000000000000000, -0.2588190451025215166, 0.9659258262890680902 ) ) ;
#1078 = EDGE_CURVE ( 'NONE', #2945, #3343, #2197, .T. ) ;
#1079 = EDGE_CURVE ( 'NONE', #2056, #2987, #1395, .T. ) ;
#1080 = FACE_OUTER_BOUND ( 'NONE', #2706, .T. ) ;
#1081 = CARTESIAN_POINT ( 'NONE',  ( -44.75000000000000000, 5.637851296924619901E-15, -8.673617379884040205E-15 ) ) ;
#1082 = EDGE_CURVE ( 'NONE', #1651, #1445, #811, .T. ) ;
#1083 = EDGE_LOOP ( 'NONE', ( #1385, #3113, #729, #118, #3500, #807 ) ) ;
#1084 = PLANE ( 'NONE',  #3093 ) ;
#1085 = ORIENTED_EDGE ( 'NONE', *, *, #1415, .F. ) ;
#1086 = EDGE_LOOP ( 'NONE', ( #50, #3122, #1567, #1668, #3454, #989, #2064, #905, #3531, #3489 ) ) ;
#1087 = FACE_OUTER_BOUND ( 'NONE', #3360, .T. ) ;
#1088 = LINE ( 'NONE', #2474, #293 ) ;
#1089 = FACE_OUTER_BOUND ( 'NONE', #497, .T. ) ;
#1090 = CARTESIAN_POINT ( 'NONE',  ( -5.643565774175233862, -38.21454835940825490, 32.00625197289676294 ) ) ;
#1091 = DIRECTION ( 'NONE',  ( -0.9990482215818577982, 0.04361938736533607641, -0.000000000000000000 ) ) ;
#1092 = ORIENTED_EDGE ( 'NONE', *, *, #2038, .T. ) ;
#1093 = DIRECTION ( 'NONE',  ( -1.000000000000000000, 0.000000000000000000, 0.000000000000000000 ) ) ;
#1094 = FACE_OUTER_BOUND ( 'NONE', #422, .T. ) ;
#1095 = DIRECTION ( 'NONE',  ( 0.04361938736533588906, -0.9990482215818577982, 0.000000000000000000 ) ) ;
#1096 = ORIENTED_EDGE ( 'NONE', *, *, #3224, .T. ) ;
#1097 = EDGE_CURVE ( 'NONE', #2079, #3193, #3027, .T. ) ;
#1098 = ADVANCED_FACE ( 'NONE', ( #833 ), #1420, .T. ) ;
#1099 = CARTESIAN_POINT ( 'NONE',  ( -44.75000000000000000, -32.90512627446505434, 28.89308048817839847 ) ) ;
#1100 = ORIENTED_EDGE ( 'NONE', *, *, #1572, .F. ) ;
#1101 = ORIENTED_EDGE ( 'NONE', *, *, #1509, .T. ) ;
#1102 = DIRECTION ( 'NONE',  ( 0.000000000000000000, 0.7660444431189786796, 0.6427876096865384747 ) ) ;
#1103 = LINE ( 'NONE', #2530, #3535 ) ;
#1104 = CARTESIAN_POINT ( 'NONE',  ( -0.1168246139297603736, 48.30220050218418493, 24.45000000000002061 ) ) ;
#1105 = CARTESIAN_POINT ( 'NONE',  ( 35.50000000000000711, -41.33974596215558961, 17.47372055837129778 ) ) ;
#1106 = DIRECTION ( 'NONE',  ( -6.123031769111888756E-17, -1.000000000000000000, 0.000000000000000000 ) ) ;
#1107 = AXIS2_PLACEMENT_3D ( 'NONE', #1966, #70, #2274 ) ;
#1108 = VERTEX_POINT ( 'NONE', #3364 ) ;
#1109 = CYLINDRICAL_SURFACE ( 'NONE', #3097, 4.999999999999997335 ) ;
#1110 = CARTESIAN_POINT ( 'NONE',  ( 48.00000000000000000, 45.50000000000000000, 6.000000000000099476 ) ) ;
#1111 = CIRCLE ( 'NONE', #229, 4.999999999999997335 ) ;
#1112 = CARTESIAN_POINT ( 'NONE',  ( 24.45000000000000639, 59.00000000000000000, 1.034189954684953918E-14 ) ) ;
#1113 = EDGE_LOOP ( 'NONE', ( #1198, #445, #547, #23, #1225 ) ) ;
#1114 = VECTOR ( 'NONE', #3406, 1000.000000000000000 ) ;
#1115 = CARTESIAN_POINT ( 'NONE',  ( 35.25000000000000000, -40.50000000000000000, -56.50000000000000000 ) ) ;
#1116 = ADVANCED_FACE ( 'NONE', ( #1180 ), #1340, .T. ) ;
#1117 = AXIS2_PLACEMENT_3D ( 'NONE', #848, #2760, #273 ) ;
#1118 = VECTOR ( 'NONE', #171, 1000.000000000000000 ) ;
#1119 = ORIENTED_EDGE ( 'NONE', *, *, #2992, .T. ) ;
#1120 = ORIENTED_EDGE ( 'NONE', *, *, #3227, .T. ) ;
#1121 = ADVANCED_FACE ( 'NONE', ( #3388 ), #274, .T. ) ;
#1122 = EDGE_CURVE ( 'NONE', #1684, #2012, #817, .T. ) ;
#1123 = DIRECTION ( 'NONE',  ( 6.123031769111888756E-17, 1.000000000000000000, -0.000000000000000000 ) ) ;
#1124 = FACE_OUTER_BOUND ( 'NONE', #3548, .T. ) ;
#1125 = CARTESIAN_POINT ( 'NONE',  ( -3.489804432490207553, 38.48556251952518892, -35.69890776701549839 ) ) ;
#1126 = DIRECTION ( 'NONE',  ( -1.000000000000000000, 0.000000000000000000, 0.000000000000000000 ) ) ;
#1127 = CARTESIAN_POINT ( 'NONE',  ( -91.31925777753869511, -28.73639013364586603, -29.30970764626798797 ) ) ;
#1128 = CIRCLE ( 'NONE', #898, 27.50000000000000000 ) ;
#1129 = VERTEX_POINT ( 'NONE', #63 ) ;
#1130 = DIRECTION ( 'NONE',  ( -1.000000000000000000, 0.000000000000000000, 0.000000000000000000 ) ) ;
#1131 = CYLINDRICAL_SURFACE ( 'NONE', #2789, 24.44999999999999929 ) ;
#1132 = VERTEX_POINT ( 'NONE', #3347 ) ;
#1133 = LINE ( 'NONE', #384, #539 ) ;
#1134 = CARTESIAN_POINT ( 'NONE',  ( 13.37508901058585309, 59.58396899768747801, 24.71966501988796239 ) ) ;
#1135 = ORIENTED_EDGE ( 'NONE', *, *, #3165, .T. ) ;
#1136 = VERTEX_POINT ( 'NONE', #2534 ) ;
#1137 = DIRECTION ( 'NONE',  ( 0.000000000000000000, 0.000000000000000000, 1.000000000000000000 ) ) ;
#1138 = DIRECTION ( 'NONE',  ( -1.000000000000000000, 6.123031769111888756E-17, 0.000000000000000000 ) ) ;
#1139 = EDGE_CURVE ( 'NONE', #1045, #2154, #597, .T. ) ;
#1140 = DIRECTION ( 'NONE',  ( -0.8191520442889919096, 0.000000000000000000, 0.5735764363510458264 ) ) ;
#1141 = LINE ( 'NONE', #30, #771 ) ;
#1142 = EDGE_CURVE ( 'NONE', #2459, #3356, #849, .T. ) ;
#1143 = CARTESIAN_POINT ( 'NONE',  ( -92.00481979525271470, 36.16771526954050131, -15.56607546015880494 ) ) ;
#1144 = ORIENTED_EDGE ( 'NONE', *, *, #698, .T. ) ;
#1145 = CARTESIAN_POINT ( 'NONE',  ( 35.25000000000000000, -40.00000000000000000, 44.50000000000000000 ) ) ;
#1146 = DIRECTION ( 'NONE',  ( 0.000000000000000000, 0.000000000000000000, 1.000000000000000000 ) ) ;
#1147 = CARTESIAN_POINT ( 'NONE',  ( 42.50000000000000000, 45.50000000000000000, -5.999999999999920064 ) ) ;
#1148 = ORIENTED_EDGE ( 'NONE', *, *, #2016, .F. ) ;
#1149 = CARTESIAN_POINT ( 'NONE',  ( 35.50000000000000711, 45.50000000000000000, -4.999999999999920064 ) ) ;
#1150 = LINE ( 'NONE', #38, #2673 ) ;
#1151 = ORIENTED_EDGE ( 'NONE', *, *, #2792, .F. ) ;
#1152 = ORIENTED_EDGE ( 'NONE', *, *, #2439, .F. ) ;
#1153 = CARTESIAN_POINT ( 'NONE',  ( -3.489804432490202668, 38.48556251952521734, -35.69890776701549129 ) ) ;
#1154 = CARTESIAN_POINT ( 'NONE',  ( 74.70000000000000284, 5.551115123125779547E-14, 7.979727989493312634E-14 ) ) ;
#1155 = VERTEX_POINT ( 'NONE', #635 ) ;
#1156 = CARTESIAN_POINT ( 'NONE',  ( 42.50000000000000000, 49.50000000000000000, -4.999999999999920064 ) ) ;
#1157 = EDGE_CURVE ( 'NONE', #3250, #302, #2820, .T. ) ;
#1158 = FACE_BOUND ( 'NONE', #1354, .T. ) ;
#1159 = CARTESIAN_POINT ( 'NONE',  ( -92.50000000000000000, 36.15474851953636914, -11.68692258420011854 ) ) ;
#1160 = B_SPLINE_CURVE_WITH_KNOTS ( 'NONE', 3,
 ( #3580, #2539, #2239, #3318, #1950, #3067, #52, #3051, #578, #304, #1164, #2277, #3373, #1205, #680, #932 ),
 .UNSPECIFIED., .F., .F.,
 ( 4, 2, 2, 2, 2, 2, 2, 4 ),
 ( 2.081668171172168513E-17, 0.01668799243503751167, 0.02503198865255626404, 0.02920398676131564022, 0.03337598487007501641, 0.05006397730511252114, 0.05840797352263128045, 0.06675196974015004669 ),
 .UNSPECIFIED. ) ;
#1161 = ADVANCED_FACE ( 'NONE', ( #2003 ), #3101, .F. ) ;
#1162 = VERTEX_POINT ( 'NONE', #1396 ) ;
#1163 = FACE_OUTER_BOUND ( 'NONE', #1333, .T. ) ;
#1164 = CARTESIAN_POINT ( 'NONE',  ( -95.21213954935265633, 38.80389997341339381, 8.299330850385072011 ) ) ;
#1165 = EDGE_CURVE ( 'NONE', #2287, #3290, #3407, .T. ) ;
#1166 = DIRECTION ( 'NONE',  ( -3.423166786531911698E-18, 1.000000000000000000, 7.840340951190356043E-17 ) ) ;
#1167 = VECTOR ( 'NONE', #33, 1000.000000000000227 ) ;
#1168 = ORIENTED_EDGE ( 'NONE', *, *, #3269, .F. ) ;
#1169 = DIRECTION ( 'NONE',  ( 0.7071067811865311414, 8.659560562355133771E-17, 0.7071067811865638930 ) ) ;
#1170 = VECTOR ( 'NONE', #3044, 1000.000000000000000 ) ;
#1171 = AXIS2_PLACEMENT_3D ( 'NONE', #2598, #3125, #1753 ) ;
#1172 = ORIENTED_EDGE ( 'NONE', *, *, #1280, .T. ) ;
#1173 = VERTEX_POINT ( 'NONE', #1730 ) ;
#1174 = LOCAL_TIME ( 22, 55, 28.00000000000000000, #1566 ) ;
#1175 = VECTOR ( 'NONE', #411, 1000.000000000000000 ) ;
#1176 = DIRECTION ( 'NONE',  ( 1.000000000000000000, -0.000000000000000000, -0.000000000000000000 ) ) ;
#1177 = PERSON_AND_ORGANIZATION ( #276, #3429 ) ;
#1178 = ORIENTED_EDGE ( 'NONE', *, *, #2453, .F. ) ;
#1179 = AXIS2_PLACEMENT_3D ( 'NONE', #3385, #1764, #2019 ) ;
#1180 = FACE_OUTER_BOUND ( 'NONE', #3562, .T. ) ;
#1181 = FACE_OUTER_BOUND ( 'NONE', #263, .T. ) ;
#1182 = CARTESIAN_POINT ( 'NONE',  ( -95.49999999999998579, -17.93199644968744266, -34.17267682096657921 ) ) ;
#1183 = ORIENTED_EDGE ( 'NONE', *, *, #434, .T. ) ;
#1184 = AXIS2_PLACEMENT_3D ( 'NONE', #2321, #327, #581 ) ;
#1185 = CARTESIAN_POINT ( 'NONE',  ( -89.09529448245793048, 13.83665553015485727, -48.54580633540633983 ) ) ;
#1186 = CARTESIAN_POINT ( 'NONE',  ( 14.99999999999999289, -45.29999999999999716, -30.00000000000000355 ) ) ;
#1187 = DIRECTION ( 'NONE',  ( -0.000000000000000000, 1.000000000000000000, 1.363240452634032948E-16 ) ) ;
#1188 = AXIS2_PLACEMENT_3D ( 'NONE', #3050, #3248, #505 ) ;
#1189 = VERTEX_POINT ( 'NONE', #1125 ) ;
#1190 = LINE ( 'NONE', #644, #306 ) ;
#1191 = EDGE_CURVE ( 'NONE', #2722, #2888, #1728, .T. ) ;
#1192 = EDGE_CURVE ( 'NONE', #2871, #1714, #1711, .T. ) ;
#1193 = CARTESIAN_POINT ( 'NONE',  ( 14.07403659163935927, 43.57543747059479955, 24.71966501988796239 ) ) ;
#1194 = ORIENTED_EDGE ( 'NONE', *, *, #714, .T. ) ;
#1195 = ORIENTED_EDGE ( 'NONE', *, *, #2385, .T. ) ;
#1196 = DIRECTION ( 'NONE',  ( -1.224646799147353207E-16, 7.498551257120429422E-33, -1.000000000000000000 ) ) ;
#1197 = PERSON_AND_ORGANIZATION ( #276, #3429 ) ;
#1198 = ORIENTED_EDGE ( 'NONE', *, *, #1013, .T. ) ;
#1199 = CARTESIAN_POINT ( 'NONE',  ( 35.50000000000000711, 39.50000000000000000, -51.50000000000000711 ) ) ;
#1200 = CARTESIAN_POINT ( 'NONE',  ( 29.00000000000000355, 44.22711910682179592, 7.347638122934260394E-15 ) ) ;
#1201 = CARTESIAN_POINT ( 'NONE',  ( -95.50000000000002842, 23.11042252879233772, -30.90701658664597318 ) ) ;
#1202 = B_SPLINE_CURVE_WITH_KNOTS ( 'NONE', 3,
 ( #2236, #2749, #3334, #3315, #1713, #277, #1947, #1364, #1398 ),
 .UNSPECIFIED., .F., .F.,
 ( 4, 2, 1, 2, 4 ),
 ( 2.081668171172168513E-17, 0.008534332295351195266, 0.01706866459070236972, 0.02560299688605354590, 0.03413732918140471861 ),
 .UNSPECIFIED. ) ;
#1203 = EDGE_LOOP ( 'NONE', ( #2666, #808, #1332, #2947, #919 ) ) ;
#1204 = CARTESIAN_POINT ( 'NONE',  ( -90.44032974753154974, 39.01224168874098552, 30.12626351834931526 ) ) ;
#1205 = CARTESIAN_POINT ( 'NONE',  ( -92.13351629653497810, 38.93831556749147182, 24.74008635164766545 ) ) ;
#1206 = FACE_OUTER_BOUND ( 'NONE', #1315, .T. ) ;
#1207 = VERTEX_POINT ( 'NONE', #2234 ) ;
#1208 = CARTESIAN_POINT ( 'NONE',  ( 14.99999999999999822, -45.29999999999999716, 0.000000000000000000 ) ) ;
#1209 = CC_DESIGN_PERSON_AND_ORGANIZATION_ASSIGNMENT ( #1177, #2893, ( #1022 ) ) ;
#1210 = CARTESIAN_POINT ( 'NONE',  ( 35.25000000000000000, -9.969688842319669675, 37.20738529518954607 ) ) ;
#1211 = EDGE_CURVE ( 'NONE', #1718, #2869, #573, .T. ) ;
#1212 = ORIENTED_EDGE ( 'NONE', *, *, #521, .T. ) ;
#1213 = VERTEX_POINT ( 'NONE', #1475 ) ;
#1214 = CARTESIAN_POINT ( 'NONE',  ( 85.00000000000000000, 0.000000000000000000, 0.000000000000000000 ) ) ;
#1215 = DIRECTION ( 'NONE',  ( -6.123031769111888756E-17, -1.000000000000000000, 0.000000000000000000 ) ) ;
#1216 = EDGE_CURVE ( 'NONE', #1189, #2079, #1437, .T. ) ;
#1217 = ORIENTED_EDGE ( 'NONE', *, *, #472, .T. ) ;
#1218 = CARTESIAN_POINT ( 'NONE',  ( 35.50000000000000711, -50.00000000000000000, -22.47372055837109883 ) ) ;
#1219 = DIRECTION ( 'NONE',  ( 0.9996573249755572599, 0.02617694830787310745, 0.000000000000000000 ) ) ;
#1220 = CARTESIAN_POINT ( 'NONE',  ( 74.70000000000000284, 5.551115123125779547E-14, 7.843419788940609499E-14 ) ) ;
#1221 = VERTEX_POINT ( 'NONE', #2573 ) ;
#1222 = FACE_OUTER_BOUND ( 'NONE', #893, .T. ) ;
#1223 = CARTESIAN_POINT ( 'NONE',  ( 15.00000000000000000, -45.29999999999999716, -3.673940397442059967E-15 ) ) ;
#1224 = FACE_OUTER_BOUND ( 'NONE', #512, .T. ) ;
#1225 = ORIENTED_EDGE ( 'NONE', *, *, #336, .T. ) ;
#1226 = CARTESIAN_POINT ( 'NONE',  ( 93.00000000000000000, 5.551115123125779547E-14, 7.843419788940609499E-14 ) ) ;
#1227 = ORIENTED_EDGE ( 'NONE', *, *, #1012, .F. ) ;
#1228 = EDGE_LOOP ( 'NONE', ( #693, #2128, #2824, #2482 ) ) ;
#1229 = CIRCLE ( 'NONE', #1399, 27.50000000000000000 ) ;
#1230 = EDGE_CURVE ( 'NONE', #799, #613, #2211, .T. ) ;
#1231 = CARTESIAN_POINT ( 'NONE',  ( -95.50000000000000000, -40.00000000000000000, 44.50000000000000000 ) ) ;
#1232 = VECTOR ( 'NONE', #129, 1000.000000000000000 ) ;
#1233 = VECTOR ( 'NONE', #3404, 1000.000000000000114 ) ;
#1234 = PERSON_AND_ORGANIZATION ( #276, #3429 ) ;
#1235 = EDGE_LOOP ( 'NONE', ( #2942, #864, #307, #1267 ) ) ;
#1236 = CARTESIAN_POINT ( 'NONE',  ( 93.00000000000000000, 5.993824941017548622E-14, -36.14999999999992752 ) ) ;
#1237 = AXIS2_PLACEMENT_3D ( 'NONE', #3402, #616, #672 ) ;
#1238 = VECTOR ( 'NONE', #1735, 1000.000000000000000 ) ;
#1239 = EDGE_CURVE ( 'NONE', #876, #134, #1532, .T. ) ;
#1240 = EDGE_CURVE ( 'NONE', #1523, #3511, #3442, .T. ) ;
#1241 = DIRECTION ( 'NONE',  ( 6.123031769111888756E-17, 1.000000000000000000, -0.000000000000000000 ) ) ;
#1242 = CARTESIAN_POINT ( 'NONE',  ( -95.50000000000001421, -17.25317285474953266, -34.52049191972635356 ) ) ;
#1243 = AXIS2_PLACEMENT_3D ( 'NONE', #979, #2142, #1272 ) ;
#1244 = VERTEX_POINT ( 'NONE', #1802 ) ;
#1245 = DIRECTION ( 'NONE',  ( -0.000000000000000000, -0.000000000000000000, -1.000000000000000000 ) ) ;
#1246 = VECTOR ( 'NONE', #2817, 1000.000000000000000 ) ;
#1247 = CARTESIAN_POINT ( 'NONE',  ( 35.25000000000000000, 35.91945648794764878, 12.39123261061780212 ) ) ;
#1248 = DIRECTION ( 'NONE',  ( 0.000000000000000000, 0.000000000000000000, 1.000000000000000000 ) ) ;
#1249 = ORIENTED_EDGE ( 'NONE', *, *, #829, .F. ) ;
#1250 = CARTESIAN_POINT ( 'NONE',  ( -89.34748998864915848, 5.315028648778013398, -51.05995610306174370 ) ) ;
#1251 = CIRCLE ( 'NONE', #602, 32.50000000000000000 ) ;
#1252 = VERTEX_POINT ( 'NONE', #944 ) ;
#1253 = CARTESIAN_POINT ( 'NONE',  ( 48.00000000000000000, 5.551115123125779547E-14, 42.50000000000007816 ) ) ;
#1254 = CARTESIAN_POINT ( 'NONE',  ( -0.6989475810535029643, 58.96948328956759866, 7.347638122934260394E-15 ) ) ;
#1255 = ORIENTED_EDGE ( 'NONE', *, *, #722, .F. ) ;
#1256 = DIRECTION ( 'NONE',  ( -0.000000000000000000, -0.000000000000000000, -1.000000000000000000 ) ) ;
#1257 = LINE ( 'NONE', #3456, #3086 ) ;
#1258 = CARTESIAN_POINT ( 'NONE',  ( -85.33200922536327937, 19.53089423830471461, -48.34244896376966949 ) ) ;
#1259 = ADVANCED_FACE ( 'NONE', ( #119 ), #2627, .T. ) ;
#1260 = EDGE_CURVE ( 'NONE', #2996, #3418, #2896, .T. ) ;
#1261 = ORIENTED_EDGE ( 'NONE', *, *, #2421, .T. ) ;
#1262 = DIRECTION ( 'NONE',  ( 0.9980991556472295079, 0.04357795025174769632, 0.04357795025174639181 ) ) ;
#1263 = CARTESIAN_POINT ( 'NONE',  ( 75.30000000000001137, 5.551115123125779547E-14, 7.979727989493312634E-14 ) ) ;
#1264 = PLANE ( 'NONE',  #1466 ) ;
#1265 = ORIENTED_EDGE ( 'NONE', *, *, #1840, .F. ) ;
#1266 = CARTESIAN_POINT ( 'NONE',  ( -86.99882484173694763, 20.55730925238788487, -51.16250103795224646 ) ) ;
#1267 = ORIENTED_EDGE ( 'NONE', *, *, #472, .F. ) ;
#1268 = DIRECTION ( 'NONE',  ( 1.000000000000000000, 0.000000000000000000, 0.000000000000000000 ) ) ;
#1269 = CARTESIAN_POINT ( 'NONE',  ( 16.31960893229435072, -17.69917178653029310, -55.67348127635710853 ) ) ;
#1270 = ORIENTED_EDGE ( 'NONE', *, *, #3307, .F. ) ;
#1271 = CARTESIAN_POINT ( 'NONE',  ( -15.80000000000000426, -44.50000000000000000, 1.934941942652818023E-15 ) ) ;
#1272 = DIRECTION ( 'NONE',  ( 0.000000000000000000, -0.4999999999999998890, -0.8660254037844387076 ) ) ;
#1273 = CARTESIAN_POINT ( 'NONE',  ( -92.49594272494572067, -22.92829193775445162, 30.31161507146499190 ) ) ;
#1274 = CARTESIAN_POINT ( 'NONE',  ( 35.50000000000000711, 44.50000000000000000, 39.49999999999999289 ) ) ;
#1275 = ADVANCED_FACE ( 'NONE', ( #102 ), #376, .F. ) ;
#1276 = FACE_OUTER_BOUND ( 'NONE', #1044, .T. ) ;
#1277 = CARTESIAN_POINT ( 'NONE',  ( 89.50000000000000000, 5.551115123125779547E-14, 36.14999999999999858 ) ) ;
#1278 = EDGE_LOOP ( 'NONE', ( #3403, #2446, #2885, #317, #3415, #2751, #1212, #2912 ) ) ;
#1279 = CARTESIAN_POINT ( 'NONE',  ( -89.10799945654333953, 8.373211068569347049, -51.07041248551109902 ) ) ;
#1280 = EDGE_CURVE ( 'NONE', #1162, #855, #3136, .T. ) ;
#1281 = CARTESIAN_POINT ( 'NONE',  ( 29.00000000000000355, 45.79999999999999716, 7.347638122934260394E-15 ) ) ;
#1282 =( BOUNDED_CURVE ( )  B_SPLINE_CURVE ( 3, ( #2935, #446, #1553, #3472 ),
 .UNSPECIFIED., .F., .F. ) 
 B_SPLINE_CURVE_WITH_KNOTS ( ( 4, 4 ),
 ( 1.919862177193765618, 4.537856055185259585 ),
 .UNSPECIFIED. ) 
 CURVE ( )  GEOMETRIC_REPRESENTATION_ITEM ( )  RATIONAL_B_SPLINE_CURVE ( ( 1.000000000000000000, 0.5058793634016806040, 0.5058793634016806040, 1.000000000000000000 ) ) 
 REPRESENTATION_ITEM ( '' )  );
#1283 = ORIENTED_EDGE ( 'NONE', *, *, #3033, .T. ) ;
#1284 = DIRECTION ( 'NONE',  ( -1.000000000000000000, 0.000000000000000000, 0.000000000000000000 ) ) ;
#1285 = EDGE_CURVE ( 'NONE', #170, #370, #927, .T. ) ;
#1286 = CALENDAR_DATE ( 2025, 12, 11 ) ;
#1287 = ORIENTED_EDGE ( 'NONE', *, *, #1285, .F. ) ;
#1288 = AXIS2_PLACEMENT_3D ( 'NONE', #2515, #10, #1961 ) ;
#1289 = CYLINDRICAL_SURFACE ( 'NONE', #1002, 36.14999999999999858 ) ;
#1290 = CARTESIAN_POINT ( 'NONE',  ( -95.49999999999997158, 36.46609793804320532, 12.63175038552224017 ) ) ;
#1291 = VECTOR ( 'NONE', #2398, 1000.000000000000114 ) ;
#1292 = VECTOR ( 'NONE', #502, 1000.000000000000000 ) ;
#1293 = CARTESIAN_POINT ( 'NONE',  ( 48.00000000000000000, -35.00000000000000000, 39.50000000000000000 ) ) ;
#1294 = DIRECTION ( 'NONE',  ( 1.000000000000000000, -0.000000000000000000, -0.000000000000000000 ) ) ;
#1295 = AXIS2_PLACEMENT_3D ( 'NONE', #275, #517, #574 ) ;
#1296 = PLANE ( 'NONE',  #1528 ) ;
#1297 = ORIENTED_EDGE ( 'NONE', *, *, #1192, .F. ) ;
#1298 = CARTESIAN_POINT ( 'NONE',  ( -88.92203603031016712, -19.06345458370022072, -48.53043157527121565 ) ) ;
#1299 = VECTOR ( 'NONE', #2745, 1000.000000000000000 ) ;
#1300 = DIRECTION ( 'NONE',  ( -0.000000000000000000, -0.000000000000000000, -1.000000000000000000 ) ) ;
#1301 = ORIENTED_EDGE ( 'NONE', *, *, #2704, .F. ) ;
#1302 = EDGE_CURVE ( 'NONE', #282, #2095, #978, .T. ) ;
#1303 = ADVANCED_FACE ( 'NONE', ( #963 ), #140, .T. ) ;
#1304 = LINE ( 'NONE', #2405, #2399 ) ;
#1305 = AXIS2_PLACEMENT_3D ( 'NONE', #308, #3127, #3110 ) ;
#1306 = ORIENTED_EDGE ( 'NONE', *, *, #1013, .F. ) ;
#1307 = CARTESIAN_POINT ( 'NONE',  ( -107.8552465476393252, -11.40520476839304465, -24.76080809891915990 ) ) ;
#1308 = CARTESIAN_POINT ( 'NONE',  ( -95.49999999999995737, 38.43186746809117693, 3.753224184207617498 ) ) ;
#1309 = DIRECTION ( 'NONE',  ( 1.000000000000000000, 0.000000000000000000, 0.000000000000000000 ) ) ;
#1310 = PLANE ( 'NONE',  #3255 ) ;
#1311 = CARTESIAN_POINT ( 'NONE',  ( 48.00000000000000000, -35.00000000000000000, -56.50000000000000000 ) ) ;
#1312 = ORIENTED_EDGE ( 'NONE', *, *, #2252, .F. ) ;
#1313 = DIRECTION ( 'NONE',  ( 0.000000000000000000, 0.000000000000000000, 1.000000000000000000 ) ) ;
#1314 = CARTESIAN_POINT ( 'NONE',  ( 93.00000000000000000, 5.551115123125779547E-14, 7.843419788940609499E-14 ) ) ;
#1315 = EDGE_LOOP ( 'NONE', ( #2340, #1449, #2101 ) ) ;
#1316 = CYLINDRICAL_SURFACE ( 'NONE', #2921, 37.99671038392669686 ) ;
#1317 = ADVANCED_FACE ( 'NONE', ( #155 ), #2327, .T. ) ;
#1318 = ORIENTED_EDGE ( 'NONE', *, *, #1857, .F. ) ;
#1319 = ORIENTED_EDGE ( 'NONE', *, *, #3270, .F. ) ;
#1320 = LINE ( 'NONE', #1602, #3150 ) ;
#1321 = CARTESIAN_POINT ( 'NONE',  ( -95.49999999999997158, 35.93570132584352450, 14.06992490558738673 ) ) ;
#1322 = DIRECTION ( 'NONE',  ( -1.000000000000000000, -0.000000000000000000, -0.000000000000000000 ) ) ;
#1323 = PLANE ( 'NONE',  #3306 ) ;
#1324 = LINE ( 'NONE', #747, #2215 ) ;
#1325 = EDGE_LOOP ( 'NONE', ( #1970, #2930, #1699, #2880, #959 ) ) ;
#1326 = DIRECTION ( 'NONE',  ( 0.000000000000000000, 0.000000000000000000, 1.000000000000000000 ) ) ;
#1327 = ADVANCED_FACE ( 'NONE', ( #707 ), #2895, .F. ) ;
#1328 = FACE_OUTER_BOUND ( 'NONE', #2018, .T. ) ;
#1329 = DIRECTION ( 'NONE',  ( -1.000000000000000000, 0.000000000000000000, 0.000000000000000000 ) ) ;
#1330 = ORIENTED_EDGE ( 'NONE', *, *, #2792, .T. ) ;
#1331 = DIRECTION ( 'NONE',  ( 0.000000000000000000, 0.000000000000000000, -1.000000000000000000 ) ) ;
#1332 = ORIENTED_EDGE ( 'NONE', *, *, #785, .F. ) ;
#1333 = EDGE_LOOP ( 'NONE', ( #2774, #1101, #1100, #1538, #1546 ) ) ;
#1334 = LINE ( 'NONE', #2512, #2395 ) ;
#1335 = CARTESIAN_POINT ( 'NONE',  ( -91.85453920200808398, -28.99106800706593745, 27.23609548369637423 ) ) ;
#1336 = VERTEX_POINT ( 'NONE', #287 ) ;
#1337 = EDGE_CURVE ( 'NONE', #754, #3582, #1814, .T. ) ;
#1338 = ADVANCED_FACE ( 'NONE', ( #2262 ), #3384, .T. ) ;
#1339 = CARTESIAN_POINT ( 'NONE',  ( 89.50000000000000000, 5.551115123125779547E-14, 7.843419788940609499E-14 ) ) ;
#1340 = CONICAL_SURFACE ( 'NONE', #1054, 27.50000000000000000, 0.5235987755983056990 ) ;
#1341 = CARTESIAN_POINT ( 'NONE',  ( -10.18496614732764094, -38.01626653699136682, -37.11477800856054898 ) ) ;
#1342 = CARTESIAN_POINT ( 'NONE',  ( 35.25000000000000000, 10.27113168380470221, 38.33238529518956028 ) ) ;
#1343 = AXIS2_PLACEMENT_3D ( 'NONE', #1876, #2977, #451 ) ;
#1344 = CIRCLE ( 'NONE', #3202, 27.50000000000000000 ) ;
#1345 = ORIENTED_EDGE ( 'NONE', *, *, #1556, .F. ) ;
#1346 = CYLINDRICAL_SURFACE ( 'NONE', #3493, 1.000000000000000000 ) ;
#1347 = AXIS2_PLACEMENT_3D ( 'NONE', #1530, #3362, #1451 ) ;
#1348 = VECTOR ( 'NONE', #947, 1000.000000000000000 ) ;
#1349 = DIRECTION ( 'NONE',  ( 1.000000000000000000, 0.000000000000000000, 0.000000000000000000 ) ) ;
#1350 = PLANE ( 'NONE',  #2502 ) ;
#1351 = VECTOR ( 'NONE', #2189, 1000.000000000000000 ) ;
#1352 = EDGE_LOOP ( 'NONE', ( #311, #2217, #1265, #2569 ) ) ;
#1353 = CARTESIAN_POINT ( 'NONE',  ( -44.75000000000000000, 5.637851296924619901E-15, -8.673617379884040205E-15 ) ) ;
#1354 = EDGE_LOOP ( 'NONE', ( #2244, #1779 ) ) ;
#1355 = VECTOR ( 'NONE', #404, 1000.000000000000000 ) ;
#1356 = ORIENTED_EDGE ( 'NONE', *, *, #1389, .F. ) ;
#1357 = DIRECTION ( 'NONE',  ( 1.000000000000000000, 0.000000000000000000, 0.000000000000000000 ) ) ;
#1358 = CONICAL_SURFACE ( 'NONE', #2574, 42.49999999999999289, 0.7853981633974482790 ) ;
#1359 = CARTESIAN_POINT ( 'NONE',  ( -44.75000000000000711, -15.13504905501269349, -49.40512627446500460 ) ) ;
#1360 = ORIENTED_EDGE ( 'NONE', *, *, #612, .F. ) ;
#1361 = CARTESIAN_POINT ( 'NONE',  ( 14.04470647358650304, -40.50000000000000000, 43.57415688998501935 ) ) ;
#1362 = FACE_OUTER_BOUND ( 'NONE', #3037, .T. ) ;
#1363 = EDGE_CURVE ( 'NONE', #130, #1722, #2829, .T. ) ;
#1364 = CARTESIAN_POINT ( 'NONE',  ( -86.81914759884810451, -11.73154875062868285, -48.30350687495904793 ) ) ;
#1365 = EDGE_CURVE ( 'NONE', #601, #2523, #2243, .T. ) ;
#1366 = ORIENTED_EDGE ( 'NONE', *, *, #2038, .F. ) ;
#1367 = DIRECTION ( 'NONE',  ( 0.000000000000000000, -1.000000000000000000, 0.000000000000000000 ) ) ;
#1368 = DIRECTION ( 'NONE',  ( 0.000000000000000000, 0.000000000000000000, 1.000000000000000000 ) ) ;
#1369 = CARTESIAN_POINT ( 'NONE',  ( -95.49999999999998579, -34.29133171471202957, 17.68769541889460228 ) ) ;
#1370 = ORIENTED_EDGE ( 'NONE', *, *, #2276, .T. ) ;
#1371 = DIRECTION ( 'NONE',  ( 1.000000000000000000, 0.000000000000000000, 0.000000000000000000 ) ) ;
#1372 = EDGE_CURVE ( 'NONE', #250, #3511, #2373, .T. ) ;
#1373 = B_SPLINE_CURVE_WITH_KNOTS ( 'NONE', 3,
 ( #1159, #1143, #247, #3081, #813 ),
 .UNSPECIFIED., .F., .F.,
 ( 4, 1, 4 ),
 ( 0.000000000000000000, 0.01163824730067739358, 0.02327649460135478715 ),
 .UNSPECIFIED. ) ;
#1374 = ORIENTED_EDGE ( 'NONE', *, *, #1880, .T. ) ;
#1375 = ORIENTED_EDGE ( 'NONE', *, *, #2934, .T. ) ;
#1376 = CARTESIAN_POINT ( 'NONE',  ( 15.79999999999999893, -44.50000000000000000, 31.59999999999999787 ) ) ;
#1377 = CARTESIAN_POINT ( 'NONE',  ( 35.25000000000000000, -44.50000000000000000, 44.50000000000000000 ) ) ;
#1378 = DIRECTION ( 'NONE',  ( 7.796510004390139868E-17, 1.000000000000000000, -0.000000000000000000 ) ) ;
#1379 = CARTESIAN_POINT ( 'NONE',  ( -10.18496614732765337, 42.51626653699135261, -37.11477800856056319 ) ) ;
#1380 = CARTESIAN_POINT ( 'NONE',  ( -44.75000000000000000, -31.65474851953635493, 21.01729992565439886 ) ) ;
#1381 = ORIENTED_EDGE ( 'NONE', *, *, #3570, .F. ) ;
#1382 = FACE_OUTER_BOUND ( 'NONE', #3296, .T. ) ;
#1383 = CARTESIAN_POINT ( 'NONE',  ( -86.66475878278211553, 36.30754968838773777, -34.21960579474070840 ) ) ;
#1384 = CARTESIAN_POINT ( 'NONE',  ( 35.25000000000000000, -40.00000000000000000, -56.50000000000000000 ) ) ;
#1385 = ORIENTED_EDGE ( 'NONE', *, *, #1240, .T. ) ;
#1386 = B_SPLINE_CURVE_WITH_KNOTS ( 'NONE', 3,
 ( #1800, #230, #1060, #1626, #2701, #3014, #2717, #2984, #2375, #3453, #2173, #3469, #991, #1815 ),
 .UNSPECIFIED., .F., .F.,
 ( 4, 2, 2, 2, 2, 2, 4 ),
 ( 1.250926888277100303E-17, 0.006063632210978876086, 0.01212726442195773309, 0.01364317247470244604, 0.01515908052744715899, 0.01819089663293659356, 0.02425452884391546271 ),
 .UNSPECIFIED. ) ;
#1387 = CARTESIAN_POINT ( 'NONE',  ( 48.00000000000000000, 39.50000000000000711, -56.50000000000000000 ) ) ;
#1388 = EDGE_CURVE ( 'NONE', #1436, #1173, #1150, .T. ) ;
#1389 = EDGE_CURVE ( 'NONE', #3178, #1207, #1111, .T. ) ;
#1390 = ORIENTED_EDGE ( 'NONE', *, *, #434, .F. ) ;
#1391 = ORIENTED_EDGE ( 'NONE', *, *, #2192, .F. ) ;
#1392 = CARTESIAN_POINT ( 'NONE',  ( -0.3494737905491033247, 58.98474164478282233, 24.44750228693589733 ) ) ;
#1393 = LINE ( 'NONE', #515, #2847 ) ;
#1394 = ADVANCED_FACE ( 'NONE', ( #568 ), #3358, .F. ) ;
#1395 =( BOUNDED_CURVE ( )  B_SPLINE_CURVE ( 3, ( #3008, #1072, #2182, #3279 ),
 .UNSPECIFIED., .F., .F. ) 
 B_SPLINE_CURVE_WITH_KNOTS ( ( 4, 4 ),
 ( 0.5000000000000000000, 1.000000000000000000 ),
 .UNSPECIFIED. ) 
 CURVE ( )  GEOMETRIC_REPRESENTATION_ITEM ( )  RATIONAL_B_SPLINE_CURVE ( ( 1.000000000000001998, 0.8029011233393579250, 0.8003086541227354411, 0.9922225923501382105 ) ) 
 REPRESENTATION_ITEM ( '' )  );
#1396 = CARTESIAN_POINT ( 'NONE',  ( -94.68577689994548052, 20.75311977549444009, 34.82688146299831544 ) ) ;
#1397 = LINE ( 'NONE', #540, #2392 ) ;
#1398 = CARTESIAN_POINT ( 'NONE',  ( -86.32848249591492618, -14.59187827194451792, -48.31635539286119041 ) ) ;
#1399 = AXIS2_PLACEMENT_3D ( 'NONE', #106, #1570, #397 ) ;
#1400 = EDGE_LOOP ( 'NONE', ( #2707, #1564, #14, #1635, #1733, #2526, #1997 ) ) ;
#1401 = DIRECTION ( 'NONE',  ( -0.9389027322402907494, 0.04099337858898931264, 0.3417326474066773034 ) ) ;
#1402 = DIRECTION ( 'NONE',  ( 1.000000000000000000, 0.000000000000000000, 0.000000000000000000 ) ) ;
#1403 = CIRCLE ( 'NONE', #3424, 36.14999999999999858 ) ;
#1404 = AXIS2_PLACEMENT_3D ( 'NONE', #890, #909, #1140 ) ;
#1405 = PLANE ( 'NONE',  #2491 ) ;
#1406 = ORIENTED_EDGE ( 'NONE', *, *, #1604, .T. ) ;
#1407 = AXIS2_PLACEMENT_3D ( 'NONE', #3430, #2098, #421 ) ;
#1408 = DIRECTION ( 'NONE',  ( 0.9994557258037737313, -0.02617166924777251588, 0.02008222813427502224 ) ) ;
#1409 = AXIS2_PLACEMENT_3D ( 'NONE', #928, #121, #1219 ) ;
#1410 = CC_DESIGN_PERSON_AND_ORGANIZATION_ASSIGNMENT ( #907, #351, ( #385 ) ) ;
#1411 = CARTESIAN_POINT ( 'NONE',  ( 24.44999999999998863, 44.02846181658804880, -14.53746348845889358 ) ) ;
#1412 = ADVANCED_FACE ( 'NONE', ( #3055 ), #645, .T. ) ;
#1413 = VERTEX_POINT ( 'NONE', #1996 ) ;
#1414 = ORIENTED_EDGE ( 'NONE', *, *, #3485, .F. ) ;
#1415 = EDGE_CURVE ( 'NONE', #2472, #1684, #3198, .T. ) ;
#1416 = CIRCLE ( 'NONE', #531, 37.99671038392669686 ) ;
#1417 = DIRECTION ( 'NONE',  ( 1.000000000000000000, 0.000000000000000000, 0.000000000000000000 ) ) ;
#1418 = FACE_OUTER_BOUND ( 'NONE', #3205, .T. ) ;
#1419 = ORIENTED_EDGE ( 'NONE', *, *, #318, .F. ) ;
#1420 = CYLINDRICAL_SURFACE ( 'NONE', #1288, 4.999999999999997335 ) ;
#1421 = CIRCLE ( 'NONE', #3379, 42.50000000000000000 ) ;
#1422 = LINE ( 'NONE', #1379, #424 ) ;
#1423 = LINE ( 'NONE', #1380, #288 ) ;
#1424 = ORIENTED_EDGE ( 'NONE', *, *, #494, .T. ) ;
#1425 = CYLINDRICAL_SURFACE ( 'NONE', #1107, 27.50000000000000000 ) ;
#1426 = DIRECTION ( 'NONE',  ( -6.123031769111888756E-17, -1.000000000000000000, 0.000000000000000000 ) ) ;
#1427 = DIRECTION ( 'NONE',  ( -1.000000000000000000, -0.000000000000000000, -0.000000000000000000 ) ) ;
#1428 = VERTEX_POINT ( 'NONE', #2851 ) ;
#1429 = CARTESIAN_POINT ( 'NONE',  ( -90.62265476094353289, -31.70390853472458659, 27.97135369803643812 ) ) ;
#1430 = CARTESIAN_POINT ( 'NONE',  ( 24.44999999999999218, 44.02846181658804880, 14.53746348845889891 ) ) ;
#1431 = ORIENTED_EDGE ( 'NONE', *, *, #2956, .F. ) ;
#1432 = ORIENTED_EDGE ( 'NONE', *, *, #2368, .T. ) ;
#1433 = EDGE_CURVE ( 'NONE', #3129, #2718, #3268, .T. ) ;
#1434 = CARTESIAN_POINT ( 'NONE',  ( -0.1168246139297635100, 48.30220050218419203, -24.45000000000000995 ) ) ;
#1435 = CARTESIAN_POINT ( 'NONE',  ( -94.90610165662170061, -23.52573249540336064, 20.96119698151114363 ) ) ;
#1436 = VERTEX_POINT ( 'NONE', #3324 ) ;
#1437 = LINE ( 'NONE', #45, #178 ) ;
#1438 = ADVANCED_FACE ( 'NONE', ( #2813 ), #1759, .T. ) ;
#1439 = CARTESIAN_POINT ( 'NONE',  ( -92.49999999999982947, -22.98408746478898479, 30.25692851911660597 ) ) ;
#1440 = CARTESIAN_POINT ( 'NONE',  ( 35.25000000000000000, -39.99999999999999289, -43.00000000000001421 ) ) ;
#1441 = ORIENTED_EDGE ( 'NONE', *, *, #854, .F. ) ;
#1442 = FACE_OUTER_BOUND ( 'NONE', #96, .T. ) ;
#1443 = CARTESIAN_POINT ( 'NONE',  ( 74.70000000000000284, 42.50000000000004974, 8.500202879130937014E-14 ) ) ;
#1444 = DIRECTION ( 'NONE',  ( 0.000000000000000000, 0.000000000000000000, 1.000000000000000000 ) ) ;
#1445 = VERTEX_POINT ( 'NONE', #2656 ) ;
#1446 = FACE_OUTER_BOUND ( 'NONE', #550, .T. ) ;
#1447 = CARTESIAN_POINT ( 'NONE',  ( -1.159791932095221245, 58.94936239066706918, 24.44565651571080878 ) ) ;
#1448 = VERTEX_POINT ( 'NONE', #1281 ) ;
#1449 = ORIENTED_EDGE ( 'NONE', *, *, #1165, .F. ) ;
#1450 = DIRECTION ( 'NONE',  ( 0.6878316922954468282, -0.5430699624642025825, -0.4816249359648140937 ) ) ;
#1451 = DIRECTION ( 'NONE',  ( 1.000000000000000000, 0.000000000000000000, 0.000000000000000000 ) ) ;
#1452 = ORIENTED_EDGE ( 'NONE', *, *, #2750, .F. ) ;
#1453 = DIRECTION ( 'NONE',  ( 7.796510004390139868E-17, 1.000000000000000000, 0.000000000000000000 ) ) ;
#1454 = DIRECTION ( 'NONE',  ( 6.123031769111888756E-17, 1.000000000000000000, 0.000000000000000000 ) ) ;
#1455 = CARTESIAN_POINT ( 'NONE',  ( -95.50000000000000000, -4.928636992280351237, -38.27582562898628993 ) ) ;
#1456 = EDGE_CURVE ( 'NONE', #2408, #1213, #2162, .T. ) ;
#1457 = ADVANCED_FACE ( 'NONE', ( #1328 ), #1882, .T. ) ;
#1458 = ORIENTED_EDGE ( 'NONE', *, *, #2981, .F. ) ;
#1459 = CARTESIAN_POINT ( 'NONE',  ( -99.70279546614328581, 15.48401904132135165, -24.52299785058256276 ) ) ;
#1460 = CARTESIAN_POINT ( 'NONE',  ( 15.79999999999999005, -44.50000000000000000, -31.60000000000000142 ) ) ;
#1461 = DIRECTION ( 'NONE',  ( 0.000000000000000000, 0.5000000000000003331, -0.8660254037844383745 ) ) ;
#1462 = VERTEX_POINT ( 'NONE', #786 ) ;
#1463 = LINE ( 'NONE', #609, #3215 ) ;
#1464 = AXIS2_PLACEMENT_3D ( 'NONE', #1339, #2732, #244 ) ;
#1465 = CARTESIAN_POINT ( 'NONE',  ( -0.4608443510417254974, 42.94083086357438361, -24.44565651571079457 ) ) ;
#1466 = AXIS2_PLACEMENT_3D ( 'NONE', #2333, #2927, #1484 ) ;
#1467 = AXIS2_PLACEMENT_3D ( 'NONE', #984, #2556, #2043 ) ;
#1468 = VERTEX_POINT ( 'NONE', #1025 ) ;
#1469 = ORIENTED_EDGE ( 'NONE', *, *, #2648, .F. ) ;
#1470 = VECTOR ( 'NONE', #103, 1000.000000000000000 ) ;
#1471 = FACE_OUTER_BOUND ( 'NONE', #2961, .T. ) ;
#1472 = DATE_AND_TIME ( #3117, #3082 ) ;
#1473 = ORIENTED_EDGE ( 'NONE', *, *, #2690, .T. ) ;
#1474 = CIRCLE ( 'NONE', #2681, 27.50000000000000000 ) ;
#1475 = CARTESIAN_POINT ( 'NONE',  ( 42.50000000000000000, 45.50000000000000000, 5.000000000000099476 ) ) ;
#1476 = EDGE_CURVE ( 'NONE', #882, #3329, #3499, .T. ) ;
#1477 = CARTESIAN_POINT ( 'NONE',  ( 35.50000000000000711, -44.50000000000003553, 12.00000000000001599 ) ) ;
#1478 = CARTESIAN_POINT ( 'NONE',  ( -95.50000000000001421, -32.88195412744975243, -20.42007141313883878 ) ) ;
#1479 = VERTEX_POINT ( 'NONE', #2386 ) ;
#1480 = VECTOR ( 'NONE', #269, 1000.000000000000000 ) ;
#1481 = LINE ( 'NONE', #3372, #3137 ) ;
#1482 = ADVANCED_FACE ( 'NONE', ( #2429 ), #3221, .T. ) ;
#1483 = CARTESIAN_POINT ( 'NONE',  ( -15.00000000000000711, -44.83137084989847665, -29.99999999999998934 ) ) ;
#1484 = DIRECTION ( 'NONE',  ( 1.000000000000000000, 0.000000000000000000, -0.000000000000000000 ) ) ;
#1485 = VECTOR ( 'NONE', #784, 1000.000000000000000 ) ;
#1486 = ORIENTED_EDGE ( 'NONE', *, *, #2230, .T. ) ;
#1487 = DIRECTION ( 'NONE',  ( 0.000000000000000000, 0.000000000000000000, 1.000000000000000000 ) ) ;
#1488 = CARTESIAN_POINT ( 'NONE',  ( -15.80000000000000782, -44.50000000000000000, 9.674709713264090115E-16 ) ) ;
#1489 = ORIENTED_EDGE ( 'NONE', *, *, #1433, .F. ) ;
#1490 = VERTEX_POINT ( 'NONE', #1625 ) ;
#1491 = DIRECTION ( 'NONE',  ( 0.000000000000000000, 0.000000000000000000, 1.000000000000000000 ) ) ;
#1492 = DIRECTION ( 'NONE',  ( 6.123031769111888756E-17, 1.000000000000000000, -0.000000000000000000 ) ) ;
#1493 = ADVANCED_FACE ( 'NONE', ( #2716 ), #1059, .T. ) ;
#1494 = ORIENTED_EDGE ( 'NONE', *, *, #220, .T. ) ;
#1495 = CARTESIAN_POINT ( 'NONE',  ( 15.33137084989847665, -44.49999999999999289, 0.000000000000000000 ) ) ;
#1496 = DIRECTION ( 'NONE',  ( 0.000000000000000000, -0.000000000000000000, 1.000000000000000000 ) ) ;
#1497 = CARTESIAN_POINT ( 'NONE',  ( -95.50000000000000000, 31.11414524898040312, -22.83086623538082449 ) ) ;
#1498 = VERTEX_POINT ( 'NONE', #2172 ) ;
#1499 = CARTESIAN_POINT ( 'NONE',  ( 48.00000000000000000, -40.00000000000000000, -4.999999999999920952 ) ) ;
#1500 = EDGE_CURVE ( 'NONE', #511, #3118, #3482, .T. ) ;
#1501 = CARTESIAN_POINT ( 'NONE',  ( -87.81000007236070815, 23.60587228484202527, -48.55821973552505710 ) ) ;
#1502 = CARTESIAN_POINT ( 'NONE',  ( -96.23426285185820461, -29.53729997690837195, 23.38847391397107955 ) ) ;
#1503 = EDGE_CURVE ( 'NONE', #3342, #1523, #2933, .T. ) ;
#1504 = EDGE_LOOP ( 'NONE', ( #2036, #2316 ) ) ;
#1505 = CARTESIAN_POINT ( 'NONE',  ( -8.863886245925289842, 44.50000000000000000, -38.03980811409979879 ) ) ;
#1506 = UNCERTAINTY_MEASURE_WITH_UNIT (LENGTH_MEASURE( 1.000000000000000082E-05 ), #2590, 'distance_accuracy_value', 'NONE');
#1507 = ORIENTED_EDGE ( 'NONE', *, *, #3020, .T. ) ;
#1508 = ADVANCED_FACE ( 'NONE', ( #2670 ), #527, .T. ) ;
#1509 = EDGE_CURVE ( 'NONE', #2091, #3004, #2944, .T. ) ;
#1510 = PLANE ( 'NONE',  #3491 ) ;
#1511 = CARTESIAN_POINT ( 'NONE',  ( -15.80000000000000426, -45.29999999999999716, 1.934941942652818023E-15 ) ) ;
#1512 = ORIENTED_EDGE ( 'NONE', *, *, #2421, .F. ) ;
#1513 = CARTESIAN_POINT ( 'NONE',  ( -14.99999999999999822, -44.83137084989847665, 29.99999999999999645 ) ) ;
#1514 = LINE ( 'NONE', #2608, #717 ) ;
#1515 = CARTESIAN_POINT ( 'NONE',  ( -92.50000000000000000, -31.65474851953635493, 21.01729992565440597 ) ) ;
#1516 = ADVANCED_FACE ( 'NONE', ( #1080 ), #1596, .T. ) ;
#1517 = ORIENTED_EDGE ( 'NONE', *, *, #2643, .F. ) ;
#1518 = FACE_OUTER_BOUND ( 'NONE', #3199, .T. ) ;
#1519 = DIRECTION ( 'NONE',  ( 7.796510004390139868E-17, 1.000000000000000000, 0.000000000000000000 ) ) ;
#1520 = LINE ( 'NONE', #2319, #1758 ) ;
#1521 = ORIENTED_EDGE ( 'NONE', *, *, #1797, .T. ) ;
#1522 = CARTESIAN_POINT ( 'NONE',  ( -95.03595547050137782, 26.54482056654863342, 18.61935873674605801 ) ) ;
#1523 = VERTEX_POINT ( 'NONE', #3236 ) ;
#1524 = DIRECTION ( 'NONE',  ( -6.123031769111888756E-17, -1.000000000000000000, 0.000000000000000000 ) ) ;
#1525 = VECTOR ( 'NONE', #2268, 1000.000000000000000 ) ;
#1526 = ADVANCED_FACE ( 'NONE', ( #2688 ), #3271, .T. ) ;
#1527 = DIRECTION ( 'NONE',  ( 0.02617694830787311092, -0.9996573249755573709, 0.000000000000000000 ) ) ;
#1528 = AXIS2_PLACEMENT_3D ( 'NONE', #3496, #798, #782 ) ;
#1529 = AXIS2_PLACEMENT_3D ( 'NONE', #3249, #184, #454 ) ;
#1530 = CARTESIAN_POINT ( 'NONE',  ( 0.000000000000000000, 0.000000000000000000, 0.000000000000000000 ) ) ;
#1531 = ORIENTED_EDGE ( 'NONE', *, *, #1551, .F. ) ;
#1532 = LINE ( 'NONE', #1236, #2105 ) ;
#1533 = CIRCLE ( 'NONE', #1117, 26.50000000000002487 ) ;
#1534 = AXIS2_PLACEMENT_3D ( 'NONE', #3094, #2586, #1757 ) ;
#1535 = LINE ( 'NONE', #2593, #1470 ) ;
#1536 = DIRECTION ( 'NONE',  ( 0.000000000000000000, -0.9659258262890670910, -0.2588190451025250693 ) ) ;
#1537 = CIRCLE ( 'NONE', #3538, 15.00000000000000000 ) ;
#1538 = ORIENTED_EDGE ( 'NONE', *, *, #698, .F. ) ;
#1539 = CARTESIAN_POINT ( 'NONE',  ( 75.30000000000001137, 6.071590012763404557E-14, 42.50000000000009237 ) ) ;
#1540 = CARTESIAN_POINT ( 'NONE',  ( -15.33137084989848553, -44.49999999999999289, -30.66274169979694619 ) ) ;
#1541 = CARTESIAN_POINT ( 'NONE',  ( 35.50000000000000711, -50.00000000000000000, -22.47372055837109883 ) ) ;
#1542 = CIRCLE ( 'NONE', #3542, 42.50000000000000000 ) ;
#1543 = ORIENTED_EDGE ( 'NONE', *, *, #2839, .F. ) ;
#1544 = CARTESIAN_POINT ( 'NONE',  ( -93.33995910248984273, 32.00175566819587658, 18.61935873674605801 ) ) ;
#1545 = VECTOR ( 'NONE', #1796, 1000.000000000000000 ) ;
#1546 = ORIENTED_EDGE ( 'NONE', *, *, #679, .T. ) ;
#1547 = CARTESIAN_POINT ( 'NONE',  ( 35.25000000000000000, -35.00000000000000000, -6.543857864823401051E-15 ) ) ;
#1548 = CARTESIAN_POINT ( 'NONE',  ( -95.25810244394723725, 18.04543606521438548, 34.80189319009657822 ) ) ;
#1549 = COORDINATED_UNIVERSAL_TIME_OFFSET ( 7, 0, .AHEAD. ) ;
#1550 = ORIENTED_EDGE ( 'NONE', *, *, #2750, .T. ) ;
#1551 = EDGE_CURVE ( 'NONE', #1705, #1490, #3013, .T. ) ;
#1552 = DIRECTION ( 'NONE',  ( 0.9990482215818577982, -0.04361938736533607641, 0.000000000000000000 ) ) ;
#1553 = CARTESIAN_POINT ( 'NONE',  ( -46.38538107634592222, -36.43572228751103381, 24.82237069208305513 ) ) ;
#1554 = DIRECTION ( 'NONE',  ( 0.000000000000000000, 1.000000000000000000, 0.000000000000000000 ) ) ;
#1555 = EDGE_LOOP ( 'NONE', ( #2320, #1579, #3571, #1172 ) ) ;
#1556 = EDGE_CURVE ( 'NONE', #1132, #3015, #1578, .T. ) ;
#1557 = CARTESIAN_POINT ( 'NONE',  ( 94.00000000000000000, 3.110602869834276865E-15, 25.39999999999999858 ) ) ;
#1558 = CARTESIAN_POINT ( 'NONE',  ( 85.00000000000000000, 0.000000000000000000, -25.39999999999999858 ) ) ;
#1559 = ADVANCED_FACE ( 'NONE', ( #1848 ), #490, .F. ) ;
#1560 = CARTESIAN_POINT ( 'NONE',  ( -28.99999999999999645, 41.69478441812810132, -58.00000000000001421 ) ) ;
#1561 = ORIENTED_EDGE ( 'NONE', *, *, #743, .T. ) ;
#1562 = CARTESIAN_POINT ( 'NONE',  ( -90.26062232029660493, -25.16506637791944456, -43.33427822440307864 ) ) ;
#1563 = CARTESIAN_POINT ( 'NONE',  ( -2.969670408019264851E-15, -48.50000000000000000, 1.224606353822378047E-15 ) ) ;
#1564 = ORIENTED_EDGE ( 'NONE', *, *, #3320, .T. ) ;
#1565 = CARTESIAN_POINT ( 'NONE',  ( 35.25000000000000000, -40.00000000000000000, 44.50000000000000000 ) ) ;
#1566 = COORDINATED_UNIVERSAL_TIME_OFFSET ( 7, 0, .AHEAD. ) ;
#1567 = ORIENTED_EDGE ( 'NONE', *, *, #1676, .T. ) ;
#1568 = DIRECTION ( 'NONE',  ( -1.000000000000000000, 0.000000000000000000, 0.000000000000000000 ) ) ;
#1569 = CARTESIAN_POINT ( 'NONE',  ( 35.25000000000000000, 44.50000000000000000, -6.000000000000000000 ) ) ;
#1570 = DIRECTION ( 'NONE',  ( -6.123031769111888756E-17, -1.000000000000000000, 0.000000000000000000 ) ) ;
#1571 = DIRECTION ( 'NONE',  ( 0.02617694830787311092, -0.6425673424266782341, 0.7657819388207083300 ) ) ;
#1572 = EDGE_CURVE ( 'NONE', #2357, #3004, #3083, .T. ) ;
#1573 = CARTESIAN_POINT ( 'NONE',  ( -95.49999999999997158, -16.24843956234393971, 34.79133171471205088 ) ) ;
#1574 = ADVANCED_FACE ( 'NONE', ( #1094 ), #2258, .F. ) ;
#1575 = EDGE_CURVE ( 'NONE', #3193, #2869, #2520, .T. ) ;
#1576 = ORIENTED_EDGE ( 'NONE', *, *, #3570, .T. ) ;
#1577 = CARTESIAN_POINT ( 'NONE',  ( 35.50000000000000711, 39.50000000000000711, -56.50000000000000000 ) ) ;
#1578 = LINE ( 'NONE', #770, #234 ) ;
#1579 = ORIENTED_EDGE ( 'NONE', *, *, #762, .F. ) ;
#1580 = CARTESIAN_POINT ( 'NONE',  ( -28.99999999999999645, 45.79999999999999716, 1.089911384046158442E-14 ) ) ;
#1581 = DATE_AND_TIME ( #1865, #884 ) ;
#1582 = ORIENTED_EDGE ( 'NONE', *, *, #139, .F. ) ;
#1583 = VECTOR ( 'NONE', #939, 1000.000000000000000 ) ;
#1584 = AXIS2_PLACEMENT_3D ( 'NONE', #2131, #1856, #2682 ) ;
#1585 = CARTESIAN_POINT ( 'NONE',  ( -95.54578467793784569, 42.78745642257756288, -24.76080809891915990 ) ) ;
#1586 = CARTESIAN_POINT ( 'NONE',  ( -95.49999999999995737, 33.98208527409864388, -18.33775055574044899 ) ) ;
#1587 = CIRCLE ( 'NONE', #1171, 25.45000000000000284 ) ;
#1588 = DIRECTION ( 'NONE',  ( -1.000000000000000000, 7.796510004390139868E-17, 0.000000000000000000 ) ) ;
#1589 = DIRECTION ( 'NONE',  ( -1.000000000000000000, 0.000000000000000000, 0.000000000000000000 ) ) ;
#1590 = CIRCLE ( 'NONE', #68, 24.45000000000000284 ) ;
#1591 = FACE_OUTER_BOUND ( 'NONE', #1352, .T. ) ;
#1592 = ORIENTED_EDGE ( 'NONE', *, *, #3066, .F. ) ;
#1593 = CARTESIAN_POINT ( 'NONE',  ( 94.00000000000000000, 0.000000000000000000, -25.39999999999999858 ) ) ;
#1594 = AXIS2_PLACEMENT_3D ( 'NONE', #3539, #1069, #1102 ) ;
#1595 = ADVANCED_FACE ( 'NONE', ( #874 ), #857, .T. ) ;
#1596 = CYLINDRICAL_SURFACE ( 'NONE', #592, 29.00000000000000000 ) ;
#1597 = ORIENTED_EDGE ( 'NONE', *, *, #2144, .F. ) ;
#1598 = FACE_OUTER_BOUND ( 'NONE', #993, .T. ) ;
#1599 = AXIS2_PLACEMENT_3D ( 'NONE', #752, #456, #2672 ) ;
#1600 = AXIS2_PLACEMENT_3D ( 'NONE', #1145, #3123, #3085 ) ;
#1601 = EDGE_LOOP ( 'NONE', ( #2204, #2615, #2072, #3359 ) ) ;
#1602 = CARTESIAN_POINT ( 'NONE',  ( -92.50000000000000000, 35.91945648794764878, 12.39123261061780212 ) ) ;
#1603 = CARTESIAN_POINT ( 'NONE',  ( -95.50000000000001421, 25.57438643280286783, 28.93090740394038818 ) ) ;
#1604 = EDGE_CURVE ( 'NONE', #1849, #2722, #1908, .T. ) ;
#1605 = LINE ( 'NONE', #2460, #1050 ) ;
#1606 = LINE ( 'NONE', #211, #128 ) ;
#1607 = DIRECTION ( 'NONE',  ( 0.000000000000000000, 0.000000000000000000, 1.000000000000000000 ) ) ;
#1608 = ORIENTED_EDGE ( 'NONE', *, *, #2406, .T. ) ;
#1609 = DIRECTION ( 'NONE',  ( 0.000000000000000000, -0.8660254037844352659, -0.5000000000000059952 ) ) ;
#1610 = CARTESIAN_POINT ( 'NONE',  ( 85.00000000000000000, 0.000000000000000000, 0.000000000000000000 ) ) ;
#1611 = LINE ( 'NONE', #3530, #2346 ) ;
#1612 = ORIENTED_EDGE ( 'NONE', *, *, #659, .F. ) ;
#1613 = FACE_OUTER_BOUND ( 'NONE', #2099, .T. ) ;
#1614 = EDGE_CURVE ( 'NONE', #2154, #1498, #564, .T. ) ;
#1615 = EDGE_CURVE ( 'NONE', #3118, #2932, #2279, .T. ) ;
#1616 = ORIENTED_EDGE ( 'NONE', *, *, #1082, .F. ) ;
#1617 = VERTEX_POINT ( 'NONE', #1443 ) ;
#1618 = CARTESIAN_POINT ( 'NONE',  ( 48.00000000000000000, -44.50000000000000000, 44.50000000000000000 ) ) ;
#1619 = ORIENTED_EDGE ( 'NONE', *, *, #3465, .F. ) ;
#1620 = CARTESIAN_POINT ( 'NONE',  ( -2.773733391407680072E-15, -45.29999999999999716, 0.000000000000000000 ) ) ;
#1621 = FACE_BOUND ( 'NONE', #2591, .T. ) ;
#1622 = DIRECTION ( 'NONE',  ( 1.000000000000000000, 0.000000000000000000, 0.000000000000000000 ) ) ;
#1623 = ORIENTED_EDGE ( 'NONE', *, *, #2103, .F. ) ;
#1624 = CARTESIAN_POINT ( 'NONE',  ( 48.00000000000000000, 45.50000000000000000, -5.999999999999920064 ) ) ;
#1625 = CARTESIAN_POINT ( 'NONE',  ( 35.25000000000000000, -35.00000000000000000, 44.50000000000000000 ) ) ;
#1626 = CARTESIAN_POINT ( 'NONE',  ( -95.50000000000002842, -29.88462081370391132, 24.48969583985077847 ) ) ;
#1627 = ORIENTED_EDGE ( 'NONE', *, *, #2445, .F. ) ;
#1628 = FACE_OUTER_BOUND ( 'NONE', #590, .T. ) ;
#1629 = ORIENTED_EDGE ( 'NONE', *, *, #969, .T. ) ;
#1630 = ORIENTED_EDGE ( 'NONE', *, *, #1967, .F. ) ;
#1631 = EDGE_CURVE ( 'NONE', #2996, #974, #2390, .T. ) ;
#1632 = ADVANCED_FACE ( 'NONE', ( #3087 ), #1716, .T. ) ;
#1633 = CARTESIAN_POINT ( 'NONE',  ( -92.50000000000000000, -31.65474851953636204, -21.01729992565444505 ) ) ;
#1634 = CARTESIAN_POINT ( 'NONE',  ( -94.16783863535802368, -26.50398897940717546, 20.96119698151114363 ) ) ;
#1635 = ORIENTED_EDGE ( 'NONE', *, *, #3210, .F. ) ;
#1636 = CARTESIAN_POINT ( 'NONE',  ( 8.804541250089336302, 44.50000000000000000, -44.30750129131367032 ) ) ;
#1637 = CIRCLE ( 'NONE', #1584, 42.50000000000000000 ) ;
#1638 = DIRECTION ( 'NONE',  ( 0.000000000000000000, -0.000000000000000000, -1.000000000000000000 ) ) ;
#1639 = CARTESIAN_POINT ( 'NONE',  ( -91.79235862085076292, -31.67327876118985230, -23.94225136402670628 ) ) ;
#1640 = AXIS2_PLACEMENT_3D ( 'NONE', #1277, #1622, #1845 ) ;
#1641 = AXIS2_PLACEMENT_3D ( 'NONE', #34, #2809, #1130 ) ;
#1642 = ORIENTED_EDGE ( 'NONE', *, *, #1, .T. ) ;
#1643 = CARTESIAN_POINT ( 'NONE',  ( 35.50000000000000711, 45.50000000000000000, -5.999999999999920064 ) ) ;
#1644 = B_SPLINE_CURVE_WITH_KNOTS ( 'NONE', 3,
 ( #1807, #1501, #146, #107, #91 ),
 .UNSPECIFIED., .F., .F.,
 ( 4, 1, 4 ),
 ( 1.250926888277100303E-17, 0.01215007364685923366, 0.02430014729371846732 ),
 .UNSPECIFIED. ) ;
#1645 = AXIS2_PLACEMENT_3D ( 'NONE', #2160, #1568, #1889 ) ;
#1646 = CARTESIAN_POINT ( 'NONE',  ( 48.00000000000000000, -35.00000000000000000, -51.50000000000000711 ) ) ;
#1647 = DIRECTION ( 'NONE',  ( -1.000000000000000000, 0.000000000000000000, 0.000000000000000000 ) ) ;
#1648 = VECTOR ( 'NONE', #1461, 1000.000000000000114 ) ;
#1649 = ORIENTED_EDGE ( 'NONE', *, *, #3228, .F. ) ;
#1650 = CARTESIAN_POINT ( 'NONE',  ( -92.49999999999994316, -9.103874048518274975, 33.97612049477798024 ) ) ;
#1651 = VERTEX_POINT ( 'NONE', #1383 ) ;
#1652 = VECTOR ( 'NONE', #3092, 1000.000000000000000 ) ;
#1653 = VERTEX_POINT ( 'NONE', #3298 ) ;
#1654 = CARTESIAN_POINT ( 'NONE',  ( -15.80000000000000071, -44.50000000000000000, 31.59999999999999787 ) ) ;
#1655 = LINE ( 'NONE', #1377, #588 ) ;
#1656 = EDGE_CURVE ( 'NONE', #3057, #2871, #2221, .T. ) ;
#1657 =( BOUNDED_SURFACE ( )  B_SPLINE_SURFACE ( 3, 3, ( 
 ( #2646, #435, #741, #156 ),
 ( #2950, #1851, #2378, #2113 ),
 ( #1585, #191, #1307, #2409 ),
 ( #3259, #778, #498, #2630 ) ),
 .UNSPECIFIED., .F., .F., .T. ) 
 B_SPLINE_SURFACE_WITH_KNOTS ( ( 4, 4 ),
 ( 4, 4 ),
 ( 0.000000000000000000, 1.000000000000000000 ),
 ( 0.000000000000000000, 1.000000000000000000 ),
 .UNSPECIFIED. ) 
 GEOMETRIC_REPRESENTATION_ITEM ( )  RATIONAL_B_SPLINE_SURFACE ( (
 ( 1.000000000000000000, 0.9485679019632776710, 0.9485679019632776710, 1.000000000000000000),
 ( 0.9371921576899633344, 0.8889903987564058419, 0.8889903987564058419, 0.9371921576899633344),
 ( 0.9371921576899633344, 0.8889903987564058419, 0.8889903987564058419, 0.9371921576899633344),
 ( 1.000000000000000000, 0.9485679019632776710, 0.9485679019632776710, 1.000000000000000000) ) ) 
 REPRESENTATION_ITEM ( '' )  SURFACE ( )  );
#1658 = B_SPLINE_CURVE_WITH_KNOTS ( 'NONE', 3,
 ( #809, #3277, #553, #1922 ),
 .UNSPECIFIED., .F., .F.,
 ( 4, 4 ),
 ( 1.040834085586084257E-17, 0.01278344585135037480 ),
 .UNSPECIFIED. ) ;
#1659 = DIRECTION ( 'NONE',  ( 0.000000000000000000, -0.000000000000000000, -1.000000000000000000 ) ) ;
#1660 = PLANE ( 'NONE',  #3311 ) ;
#1661 = CARTESIAN_POINT ( 'NONE',  ( -91.38604227037674832, -31.68391852927565822, -25.39134862088150868 ) ) ;
#1662 = EDGE_CURVE ( 'NONE', #1809, #2923, #1344, .T. ) ;
#1663 = EDGE_CURVE ( 'NONE', #2797, #2472, #2908, .T. ) ;
#1664 = EDGE_LOOP ( 'NONE', ( #3256, #1750, #740, #396 ) ) ;
#1665 = DIRECTION ( 'NONE',  ( -1.000000000000000000, 0.000000000000000000, 0.000000000000000000 ) ) ;
#1666 = DIRECTION ( 'NONE',  ( -6.123031769111888756E-17, -1.000000000000000000, 0.000000000000000000 ) ) ;
#1667 = CARTESIAN_POINT ( 'NONE',  ( 35.25000000000000000, 39.50000000000000000, -1.734723475976804925E-15 ) ) ;
#1668 = ORIENTED_EDGE ( 'NONE', *, *, #762, .T. ) ;
#1669 = PLANE ( 'NONE',  #958 ) ;
#1670 = ORIENTED_EDGE ( 'NONE', *, *, #3033, .F. ) ;
#1671 = ORIENTED_EDGE ( 'NONE', *, *, #3047, .F. ) ;
#1672 = DIRECTION ( 'NONE',  ( -7.001654668438602136E-18, 1.000000000000000000, -1.603642569769965638E-16 ) ) ;
#1673 = DIRECTION ( 'NONE',  ( 0.000000000000000000, -1.000000000000000000, 0.000000000000000000 ) ) ;
#1674 = EDGE_LOOP ( 'NONE', ( #1195, #2497 ) ) ;
#1675 = CARTESIAN_POINT ( 'NONE',  ( -95.49999999999998579, -17.20941442412823008, 34.53383927655031016 ) ) ;
#1676 = EDGE_CURVE ( 'NONE', #859, #525, #1160, .T. ) ;
#1677 = CARTESIAN_POINT ( 'NONE',  ( -91.39785006879444040, -28.82636666941723291, 28.72137343513409746 ) ) ;
#1678 = DIRECTION ( 'NONE',  ( 0.000000000000000000, -0.9659258262890680902, -0.2588190451025211281 ) ) ;
#1679 = EDGE_LOOP ( 'NONE', ( #776, #1152, #1973, #3387 ) ) ;
#1680 = DIRECTION ( 'NONE',  ( -0.000000000000000000, -0.000000000000000000, -1.000000000000000000 ) ) ;
#1681 = ADVANCED_FACE ( 'NONE', ( #127 ), #3461, .T. ) ;
#1682 = DIRECTION ( 'NONE',  ( 0.000000000000000000, -0.000000000000000000, -1.000000000000000000 ) ) ;
#1683 = CARTESIAN_POINT ( 'NONE',  ( -94.92610051866621745, -34.31638870720178858, -20.73773453074574746 ) ) ;
#1684 = VERTEX_POINT ( 'NONE', #2902 ) ;
#1685 = DIRECTION ( 'NONE',  ( -1.000000000000000000, 0.000000000000000000, 0.000000000000000000 ) ) ;
#1686 = DIRECTION ( 'NONE',  ( -1.000000000000000000, 0.000000000000000000, 0.000000000000000000 ) ) ;
#1687 = ORIENTED_EDGE ( 'NONE', *, *, #1615, .F. ) ;
#1688 = ORIENTED_EDGE ( 'NONE', *, *, #2532, .F. ) ;
#1689 = DIRECTION ( 'NONE',  ( 1.000000000000000000, -0.000000000000000000, -0.000000000000000000 ) ) ;
#1690 = DIRECTION ( 'NONE',  ( 0.000000000000000000, 0.000000000000000000, 1.000000000000000000 ) ) ;
#1691 = DIRECTION ( 'NONE',  ( 0.8189636579305195063, 0.02144531811458270931, -0.5734445268027478226 ) ) ;
#1692 = PLANE ( 'NONE',  #825 ) ;
#1693 = CARTESIAN_POINT ( 'NONE',  ( -90.39429920273215657, -22.94213038656148385, -37.04698524593333531 ) ) ;
#1694 = VECTOR ( 'NONE', #2633, 1000.000000000000000 ) ;
#1695 = ORIENTED_EDGE ( 'NONE', *, *, #204, .F. ) ;
#1696 = LINE ( 'NONE', #303, #1167 ) ;
#1697 = CARTESIAN_POINT ( 'NONE',  ( 23.75105241894648245, 60.03699334368086227, 14.12096389918432848 ) ) ;
#1698 = DIRECTION ( 'NONE',  ( -6.123031769111888756E-17, -1.000000000000000000, 0.000000000000000000 ) ) ;
#1699 = ORIENTED_EDGE ( 'NONE', *, *, #312, .F. ) ;
#1700 = ADVANCED_FACE ( 'NONE', ( #641 ), #342, .T. ) ;
#1701 = DIRECTION ( 'NONE',  ( 1.000000000000000000, 0.000000000000000000, -0.000000000000000000 ) ) ;
#1702 = VECTOR ( 'NONE', #2132, 1000.000000000000000 ) ;
#1703 = VECTOR ( 'NONE', #1940, 1000.000000000000114 ) ;
#1704 = CARTESIAN_POINT ( 'NONE',  ( -92.50000000000000000, 36.15474851953636914, -11.68692258420011854 ) ) ;
#1705 = VERTEX_POINT ( 'NONE', #2612 ) ;
#1706 = ORIENTED_EDGE ( 'NONE', *, *, #3307, .T. ) ;
#1707 = AXIS2_PLACEMENT_3D ( 'NONE', #3344, #793, #865 ) ;
#1708 = DIRECTION ( 'NONE',  ( -1.000000000000000000, 0.000000000000000000, 1.224646799147353454E-16 ) ) ;
#1709 = DIRECTION ( 'NONE',  ( -1.000000000000000000, 0.000000000000000000, 0.000000000000000000 ) ) ;
#1710 = ORIENTED_EDGE ( 'NONE', *, *, #243, .F. ) ;
#1711 = LINE ( 'NONE', #1747, #2337 ) ;
#1712 = DIRECTION ( 'NONE',  ( -6.123031769111888756E-17, -1.000000000000000000, 0.000000000000000000 ) ) ;
#1713 = CARTESIAN_POINT ( 'NONE',  ( -87.67442334526434422, 2.523399666992377721, -48.28111069134340028 ) ) ;
#1714 = VERTEX_POINT ( 'NONE', #2353 ) ;
#1715 = LINE ( 'NONE', #856, #586 ) ;
#1716 = CYLINDRICAL_SURFACE ( 'NONE', #3145, 36.14999999999999858 ) ;
#1717 = LINE ( 'NONE', #53, #1648 ) ;
#1718 = VERTEX_POINT ( 'NONE', #2882 ) ;
#1719 = FACE_OUTER_BOUND ( 'NONE', #2360, .T. ) ;
#1720 = CARTESIAN_POINT ( 'NONE',  ( 35.25000000000000000, 39.50000000000000000, -51.50000000000000711 ) ) ;
#1721 = EDGE_LOOP ( 'NONE', ( #966, #254 ) ) ;
#1722 = VERTEX_POINT ( 'NONE', #2082 ) ;
#1723 = ADVANCED_FACE ( 'NONE', ( #3143 ), #41, .F. ) ;
#1724 = ADVANCED_FACE ( 'NONE', ( #3448 ), #3534, .T. ) ;
#1725 = PLANE ( 'NONE',  #133 ) ;
#1726 = CARTESIAN_POINT ( 'NONE',  ( 48.00000000000000000, -40.00000000000000000, 5.000000000000101252 ) ) ;
#1727 = ORIENTED_EDGE ( 'NONE', *, *, #2982, .T. ) ;
#1728 = B_SPLINE_CURVE_WITH_KNOTS ( 'NONE', 3,
 ( #3119, #2777, #1104, #3060 ),
 .UNSPECIFIED., .F., .F.,
 ( 4, 4 ),
 ( 0.000000000000000000, 1.000000000000000000 ),
 .UNSPECIFIED. ) ;
#1729 = EDGE_CURVE ( 'NONE', #1479, #859, #1644, .T. ) ;
#1730 = CARTESIAN_POINT ( 'NONE',  ( -92.49999999999982947, -22.98408746478898479, 30.25692851911660597 ) ) ;
#1731 = DIRECTION ( 'NONE',  ( -1.000000000000000000, 6.123031769111888756E-17, 0.000000000000000000 ) ) ;
#1732 = CARTESIAN_POINT ( 'NONE',  ( -95.50000000000004263, -27.11577321248969596, -27.46030442736923405 ) ) ;
#1733 = ORIENTED_EDGE ( 'NONE', *, *, #2708, .F. ) ;
#1734 = CARTESIAN_POINT ( 'NONE',  ( -101.2384441087086913, 15.72250796945110984, -11.45602882070837580 ) ) ;
#1735 = DIRECTION ( 'NONE',  ( -1.000000000000000000, 0.000000000000000000, 0.000000000000000000 ) ) ;
#1736 = FACE_OUTER_BOUND ( 'NONE', #99, .T. ) ;
#1737 = EDGE_LOOP ( 'NONE', ( #3090, #3005, #3040, #1144, #570 ) ) ;
#1738 = DIRECTION ( 'NONE',  ( -0.000000000000000000, 0.000000000000000000, -1.000000000000000000 ) ) ;
#1739 = CARTESIAN_POINT ( 'NONE',  ( 23.75105241894647889, 60.03699334368072726, -14.53746348845889358 ) ) ;
#1740 = B_SPLINE_CURVE_WITH_KNOTS ( 'NONE', 3,
 ( #42, #1548, #2090, #507 ),
 .UNSPECIFIED., .F., .F.,
 ( 4, 4 ),
 ( 6.938893903907228378E-18, 0.004151187202537895068 ),
 .UNSPECIFIED. ) ;
#1741 = ORIENTED_EDGE ( 'NONE', *, *, #2483, .F. ) ;
#1742 = EDGE_LOOP ( 'NONE', ( #379, #242, #3072, #1920 ) ) ;
#1743 = DIRECTION ( 'NONE',  ( 0.02617694830787316296, 1.620409660899651093E-16, 0.9996573249755573709 ) ) ;
#1744 = ORIENTED_EDGE ( 'NONE', *, *, #852, .F. ) ;
#1745 = ORIENTED_CLOSED_SHELL ( 'NONE', *, #369, .F. );
#1746 = EDGE_CURVE ( 'NONE', #2095, #2523, #2365, .T. ) ;
#1747 = CARTESIAN_POINT ( 'NONE',  ( 16.31960893229440757, 44.50000000000000000, -55.67348127635710142 ) ) ;
#1748 = DIRECTION ( 'NONE',  ( 0.000000000000000000, -1.000000000000000000, -1.919717467050984884E-16 ) ) ;
#1749 = CARTESIAN_POINT ( 'NONE',  ( -44.75000000000000000, -32.90512627446505434, 0.000000000000000000 ) ) ;
#1750 = ORIENTED_EDGE ( 'NONE', *, *, #469, .T. ) ;
#1751 = CARTESIAN_POINT ( 'NONE',  ( -2.969670408019264851E-15, -48.50000000000000000, 15.00000000000000000 ) ) ;
#1752 = CARTESIAN_POINT ( 'NONE',  ( -15.80000000000000426, -44.50000000000000000, 1.934941942652818023E-15 ) ) ;
#1753 = DIRECTION ( 'NONE',  ( 0.000000000000000000, 0.000000000000000000, 1.000000000000000000 ) ) ;
#1754 = ORIENTED_EDGE ( 'NONE', *, *, #1787, .T. ) ;
#1755 = CARTESIAN_POINT ( 'NONE',  ( 35.50000000000000711, -40.00000000000000000, 39.50000000000000000 ) ) ;
#1756 = VECTOR ( 'NONE', #868, 1000.000000000000000 ) ;
#1757 = DIRECTION ( 'NONE',  ( -1.000000000000000000, 0.000000000000000000, 0.000000000000000000 ) ) ;
#1758 = VECTOR ( 'NONE', #2044, 1000.000000000000000 ) ;
#1759 = CONICAL_SURFACE ( 'NONE', #183, 27.50000000000000000, 0.5235987755983056990 ) ;
#1760 = EDGE_LOOP ( 'NONE', ( #3446, #3100, #1956, #1863, #416, #2991, #2671 ) ) ;
#1761 = ORIENTED_EDGE ( 'NONE', *, *, #1015, .T. ) ;
#1762 = AXIS2_PLACEMENT_3D ( 'NONE', #832, #1709, #1690 ) ;
#1763 = AXIS2_PLACEMENT_3D ( 'NONE', #835, #299, #2183 ) ;
#1764 = DIRECTION ( 'NONE',  ( -1.000000000000000000, 0.000000000000000000, -0.000000000000000000 ) ) ;
#1765 = PLANE ( 'NONE',  #2728 ) ;
#1766 = EDGE_LOOP ( 'NONE', ( #3186, #2768, #1494, #1827 ) ) ;
#1767 = CIRCLE ( 'NONE', #663, 36.14999999999999858 ) ;
#1768 = DIRECTION ( 'NONE',  ( 0.000000000000000000, 0.000000000000000000, 1.000000000000000000 ) ) ;
#1769 = PLANE ( 'NONE',  #1823 ) ;
#1770 = CARTESIAN_POINT ( 'NONE',  ( -95.49999999999998579, -15.16466803711815103, -35.48756418592201101 ) ) ;
#1771 = VERTEX_POINT ( 'NONE', #914 ) ;
#1772 = DIRECTION ( 'NONE',  ( -1.000000000000000000, 0.000000000000000000, 0.000000000000000000 ) ) ;
#1773 = EDGE_CURVE ( 'NONE', #525, #1162, #2886, .T. ) ;
#1774 = CARTESIAN_POINT ( 'NONE',  ( 15.33137084989847665, -44.49999999999999289, -3.755102847573841029E-15 ) ) ;
#1775 = EDGE_CURVE ( 'NONE', #1445, #504, #3180, .T. ) ;
#1776 = FACE_OUTER_BOUND ( 'NONE', #3304, .T. ) ;
#1777 = ADVANCED_FACE ( 'NONE', ( #2067 ), #398, .F. ) ;
#1778 = VECTOR ( 'NONE', #131, 1000.000000000000000 ) ;
#1779 = ORIENTED_EDGE ( 'NONE', *, *, #2206, .T. ) ;
#1780 = DESIGN_CONTEXT ( 'detailed design', #207, 'design' ) ;
#1781 = CARTESIAN_POINT ( 'NONE',  ( 35.50000000000000711, -40.00000000000000000, 39.50000000000000000 ) ) ;
#1782 = VERTEX_POINT ( 'NONE', #695 ) ;
#1783 = VERTEX_POINT ( 'NONE', #3124 ) ;
#1784 = FACE_OUTER_BOUND ( 'NONE', #569, .T. ) ;
#1785 = COORDINATED_UNIVERSAL_TIME_OFFSET ( 7, 0, .AHEAD. ) ;
#1786 = VERTEX_POINT ( 'NONE', #3245 ) ;
#1787 = EDGE_CURVE ( 'NONE', #199, #150, #439, .T. ) ;
#1788 = CARTESIAN_POINT ( 'NONE',  ( 89.20000000000000284, 6.071590012763404557E-14, -42.49999999999991473 ) ) ;
#1789 = CARTESIAN_POINT ( 'NONE',  ( 3.469446951953614189E-15, 60.00000000000000000, 7.347638122934260394E-15 ) ) ;
#1790 = CARTESIAN_POINT ( 'NONE',  ( -95.49999999999998579, 31.56254607278711433, -22.20671671496025468 ) ) ;
#1791 = ORIENTED_EDGE ( 'NONE', *, *, #829, .T. ) ;
#1792 = DIRECTION ( 'NONE',  ( 0.000000000000000000, 0.000000000000000000, 1.000000000000000000 ) ) ;
#1793 = DIRECTION ( 'NONE',  ( 0.000000000000000000, -0.000000000000000000, 1.000000000000000000 ) ) ;
#1794 = CARTESIAN_POINT ( 'NONE',  ( 5.249365376591294543E-15, 42.96095176247493441, -24.44999999999999929 ) ) ;
#1795 = ORIENTED_EDGE ( 'NONE', *, *, #220, .F. ) ;
#1796 = DIRECTION ( 'NONE',  ( -3.539642359193172593E-18, 1.000000000000000000, 1.351734881600761564E-16 ) ) ;
#1797 = EDGE_CURVE ( 'NONE', #1771, #474, #733, .T. ) ;
#1798 = EDGE_LOOP ( 'NONE', ( #2254, #1761, #3518, #1194, #2017, #1424, #2632, #2293 ) ) ;
#1799 = CARTESIAN_POINT ( 'NONE',  ( 35.50000000000000711, -40.00000000000000000, -51.50000000000000000 ) ) ;
#1800 = CARTESIAN_POINT ( 'NONE',  ( -95.49999999999998579, -34.29133171471202957, 17.68769541889460228 ) ) ;
#1801 = VERTEX_POINT ( 'NONE', #1036 ) ;
#1802 = CARTESIAN_POINT ( 'NONE',  ( 22.67738662368749303, -39.45106784516605103, 37.00000000000002132 ) ) ;
#1803 = LINE ( 'NONE', #2897, #1175 ) ;
#1804 = LINE ( 'NONE', #965, #998 ) ;
#1805 = EDGE_LOOP ( 'NONE', ( #2548, #1597, #3381 ) ) ;
#1806 = DIRECTION ( 'NONE',  ( 0.02617694830787316296, -2.136930200428187207E-18, 0.9996573249755573709 ) ) ;
#1807 = CARTESIAN_POINT ( 'NONE',  ( -86.99882484173694763, 20.55730925238788487, -51.16250103795224646 ) ) ;
#1808 = CARTESIAN_POINT ( 'NONE',  ( -95.48381816841904879, -17.10078812573824436, 34.63240553959391832 ) ) ;
#1809 = VERTEX_POINT ( 'NONE', #1844 ) ;
#1810 = CARTESIAN_POINT ( 'NONE',  ( -44.75000000000001421, -32.90512627446505434, 28.89308048817840913 ) ) ;
#1811 = ADVANCED_FACE ( 'NONE', ( #2940 ), #1323, .T. ) ;
#1812 = ORIENTED_EDGE ( 'NONE', *, *, #1604, .F. ) ;
#1813 = DIRECTION ( 'NONE',  ( 0.02617694830787326010, 0.9996573249755573709, 1.373567548172100765E-16 ) ) ;
#1814 = CIRCLE ( 'NONE', #878, 10.00000000000000178 ) ;
#1815 = CARTESIAN_POINT ( 'NONE',  ( -95.49999999999998579, -17.20941442412823008, 34.53383927655031016 ) ) ;
#1816 = VECTOR ( 'NONE', #681, 1000.000000000000000 ) ;
#1817 = VECTOR ( 'NONE', #1300, 1000.000000000000000 ) ;
#1818 = EDGE_CURVE ( 'NONE', #855, #170, #2953, .T. ) ;
#1819 = APPROVAL_STATUS ( 'not_yet_approved' ) ;
#1820 = ORIENTED_EDGE ( 'NONE', *, *, #2561, .T. ) ;
#1821 = CARTESIAN_POINT ( 'NONE',  ( 15.79999999999999893, -44.50000000000000000, 0.000000000000000000 ) ) ;
#1822 = SECURITY_CLASSIFICATION ( '', '', #2642 ) ;
#1823 = AXIS2_PLACEMENT_3D ( 'NONE', #2575, #964, #1496 ) ;
#1824 = DIRECTION ( 'NONE',  ( 0.000000000000000000, 0.000000000000000000, 1.000000000000000000 ) ) ;
#1825 = CARTESIAN_POINT ( 'NONE',  ( -93.51632696365867048, -26.32061790052387451, 24.11685512223280980 ) ) ;
#1826 = CONICAL_SURFACE ( 'NONE', #2914, 28.49999999999999645, 0.7853981633974466137 ) ;
#1827 = ORIENTED_EDGE ( 'NONE', *, *, #2016, .T. ) ;
#1828 = CARTESIAN_POINT ( 'NONE',  ( 35.50000000000000711, -35.00000000000000711, 44.50000000000000000 ) ) ;
#1829 = DIRECTION ( 'NONE',  ( 0.000000000000000000, 0.000000000000000000, -1.000000000000000000 ) ) ;
#1830 = CARTESIAN_POINT ( 'NONE',  ( -28.99999999999999645, 41.69478441812810132, 1.089911384046158442E-14 ) ) ;
#1831 = CLOSED_SHELL ( 'NONE', ( #1327, #1008, #2559, #1493, #726, #3503, #1438, #3209, #3377, #1854, #2915, #2585, #2794, #1632, #900, #266, #1559, #1855, #2275, #2680, #1338, #3091, #3468, #1508, #744, #2730, #49, #1526, #2102, #1724, #1723, #1116, #605, #1964, #3486, #144, #48, #535, #1944, #2289, #1574, #1595, #1317, #2168, #1121, #1275, #413, #1098, #2948, #1994, #1457, #2466, #700, #3003, #2937, #2037, #2628, #3183, #1839, #2063, #2808, #660, #161, #3581, #283, #583, #1259, #313, #1394, #701, #1303, #387, #861, #2347, #1681, #292, #334, #3546, #25, #2584, #1482, #1032, #2511, #1516, #3354 ) ) ;
#1832 = ORIENTED_EDGE ( 'NONE', *, *, #2839, .T. ) ;
#1833 = DIRECTION ( 'NONE',  ( 0.000000000000000000, 0.000000000000000000, 1.000000000000000000 ) ) ;
#1834 = CIRCLE ( 'NONE', #3323, 29.00000000000000000 ) ;
#1835 = ORIENTED_EDGE ( 'NONE', *, *, #2884, .F. ) ;
#1836 = CARTESIAN_POINT ( 'NONE',  ( -92.50000000000000000, -40.00000000000000000, 44.50000000000000000 ) ) ;
#1837 = DIRECTION ( 'NONE',  ( 0.9990482215818577982, 0.04361938736533588906, 0.000000000000000000 ) ) ;
#1838 = EDGE_LOOP ( 'NONE', ( #1066, #3069 ) ) ;
#1839 = ADVANCED_FACE ( 'NONE', ( #1874 ), #2664, .T. ) ;
#1840 = EDGE_CURVE ( 'NONE', #2863, #3342, #2097, .T. ) ;
#1841 = CARTESIAN_POINT ( 'NONE',  ( -95.49999999999998579, -17.20941442412823008, 34.53383927655031016 ) ) ;
#1842 = CARTESIAN_POINT ( 'NONE',  ( -95.49999999999998579, 32.41609103660609037, -20.94109891485572206 ) ) ;
#1843 = DIRECTION ( 'NONE',  ( -1.000000000000000000, 6.123031769111888756E-17, 0.000000000000000000 ) ) ;
#1844 = CARTESIAN_POINT ( 'NONE',  ( 3.469446951953614189E-15, 58.26794919243120319, -27.49999999999999645 ) ) ;
#1845 = DIRECTION ( 'NONE',  ( 0.000000000000000000, 0.000000000000000000, -1.000000000000000000 ) ) ;
#1846 = ORIENTED_EDGE ( 'NONE', *, *, #3135, .F. ) ;
#1847 = CARTESIAN_POINT ( 'NONE',  ( -91.31248575821780378, 25.50480539641416655, 32.27507913992199917 ) ) ;
#1848 = FACE_OUTER_BOUND ( 'NONE', #2659, .T. ) ;
#1849 = VERTEX_POINT ( 'NONE', #3196 ) ;
#1850 = ORIENTED_EDGE ( 'NONE', *, *, #723, .T. ) ;
#1851 = CARTESIAN_POINT ( 'NONE',  ( -109.9026475096217865, 17.36227539037156120, 6.166672277728852514 ) ) ;
#1852 = FACE_OUTER_BOUND ( 'NONE', #1086, .T. ) ;
#1853 = B_SPLINE_CURVE_WITH_KNOTS ( 'NONE', 3,
 ( #442, #1298, #1562, #3235, #2655 ),
 .UNSPECIFIED., .F., .F.,
 ( 4, 1, 4 ),
 ( 3.469446951953614189E-18, 0.01215944323961415906, 0.02431888647922831465 ),
 .UNSPECIFIED. ) ;
#1854 = ADVANCED_FACE ( 'NONE', ( #1276 ), #3217, .T. ) ;
#1855 = ADVANCED_FACE ( 'NONE', ( #1621, #3543 ), #1310, .T. ) ;
#1856 = DIRECTION ( 'NONE',  ( -1.000000000000000000, 0.000000000000000000, 0.000000000000000000 ) ) ;
#1857 = EDGE_CURVE ( 'NONE', #1213, #974, #2926, .T. ) ;
#1858 = DIRECTION ( 'NONE',  ( -1.000000000000000000, 0.000000000000000000, 0.000000000000000000 ) ) ;
#1859 = DIRECTION ( 'NONE',  ( -1.000000000000000000, 0.000000000000000000, 0.000000000000000000 ) ) ;
#1860 = ORIENTED_EDGE ( 'NONE', *, *, #904, .F. ) ;
#1861 = CARTESIAN_POINT ( 'NONE',  ( -89.50584217830220268, -0.7960541526576838667, -51.05304229714983677 ) ) ;
#1862 = DIRECTION ( 'NONE',  ( 1.000000000000000000, 0.000000000000000000, -0.000000000000000000 ) ) ;
#1863 = ORIENTED_EDGE ( 'NONE', *, *, #2821, .F. ) ;
#1864 = CARTESIAN_POINT ( 'NONE',  ( 35.25000000000000000, 5.637851296924619901E-15, -8.673617379884040205E-15 ) ) ;
#1865 = CALENDAR_DATE ( 2025, 12, 11 ) ;
#1866 = CIRCLE ( 'NONE', #758, 4.999999999999997335 ) ;
#1867 = ORIENTED_EDGE ( 'NONE', *, *, #3521, .T. ) ;
#1868 = CIRCLE ( 'NONE', #2107, 42.20000000000000284 ) ;
#1869 = AXIS2_PLACEMENT_3D ( 'NONE', #3243, #2146, #2711 ) ;
#1870 = CARTESIAN_POINT ( 'NONE',  ( 6.837225649608835496E-15, 58.26794919243120319, 27.50000000000000355 ) ) ;
#1871 = CYLINDRICAL_SURFACE ( 'NONE', #2962, 15.00000000000000000 ) ;
#1872 = AXIS2_PLACEMENT_3D ( 'NONE', #2412, #2442, #2397 ) ;
#1873 = CARTESIAN_POINT ( 'NONE',  ( -44.75000000000000000, 4.701939657373010454E-15, 33.40512627446505434 ) ) ;
#1874 = FACE_OUTER_BOUND ( 'NONE', #44, .T. ) ;
#1875 = AXIS2_PLACEMENT_3D ( 'NONE', #2039, #1241, #2328 ) ;
#1876 = CARTESIAN_POINT ( 'NONE',  ( 35.50000000000000711, -50.00000000000000000, 22.47372055837124805 ) ) ;
#1877 = VERTEX_POINT ( 'NONE', #2147 ) ;
#1878 = DIRECTION ( 'NONE',  ( -1.734723475976804876E-16, -0.000000000000000000, -1.000000000000000000 ) ) ;
#1879 = VECTOR ( 'NONE', #2999, 1000.000000000000000 ) ;
#1880 = EDGE_CURVE ( 'NONE', #1771, #403, #71, .T. ) ;
#1881 = EDGE_CURVE ( 'NONE', #219, #57, #1606, .T. ) ;
#1882 = CYLINDRICAL_SURFACE ( 'NONE', #2108, 32.50000000000000000 ) ;
#1883 = ORIENTED_EDGE ( 'NONE', *, *, #73, .T. ) ;
#1884 = DIRECTION ( 'NONE',  ( 1.000000000000000000, -0.000000000000000000, -0.000000000000000000 ) ) ;
#1885 = AXIS2_PLACEMENT_3D ( 'NONE', #2176, #2191, #3288 ) ;
#1886 = VERTEX_POINT ( 'NONE', #1558 ) ;
#1887 = ORIENTED_EDGE ( 'NONE', *, *, #3522, .T. ) ;
#1888 =( BOUNDED_SURFACE ( )  B_SPLINE_SURFACE ( 3, 3, ( 
 ( #1808, #696, #399, #365 ),
 ( #970, #642, #933, #147 ),
 ( #440, #985, #1502, #2301 ),
 ( #2068, #3411, #2028, #2613 ) ),
 .UNSPECIFIED., .F., .F., .F. ) 
 B_SPLINE_SURFACE_WITH_KNOTS ( ( 4, 4 ),
 ( 4, 4 ),
 ( 0.000000000000000000, 1.000000000000000000 ),
 ( 0.000000000000000000, 1.000000000000000000 ),
 .UNSPECIFIED. ) 
 GEOMETRIC_REPRESENTATION_ITEM ( )  RATIONAL_B_SPLINE_SURFACE ( (
 ( 1.000000000000000000, 0.9972750031783773617, 0.9972750031783773617, 1.000000000000000000),
 ( 0.9975546567862836334, 0.9948363235171461261, 0.9948363235171461261, 0.9975546567862836334),
 ( 0.9975546567862836334, 0.9948363235171461261, 0.9948363235171461261, 0.9975546567862836334),
 ( 1.000000000000000000, 0.9972750031783773617, 0.9972750031783773617, 1.000000000000000000) ) ) 
 REPRESENTATION_ITEM ( '' )  SURFACE ( )  );
#1889 = DIRECTION ( 'NONE',  ( 0.000000000000000000, 0.000000000000000000, 1.000000000000000000 ) ) ;
#1890 = CARTESIAN_POINT ( 'NONE',  ( -95.49999999999998579, 37.37009894836803170, 9.723249404457108724 ) ) ;
#1891 = VERTEX_POINT ( 'NONE', #2164 ) ;
#1892 = DIRECTION ( 'NONE',  ( 1.846319994198801076E-18, 1.000000000000000000, -1.047100101629635664E-17 ) ) ;
#1893 = DIRECTION ( 'NONE',  ( 5.832445756528494478E-18, -1.000000000000000000, -1.335849701814711017E-16 ) ) ;
#1894 = LINE ( 'NONE', #3218, #3532 ) ;
#1895 = VERTEX_POINT ( 'NONE', #3264 ) ;
#1896 = CARTESIAN_POINT ( 'NONE',  ( -95.49999999999997158, 16.68272272492937347, 34.79133171471205088 ) ) ;
#1897 = DIRECTION ( 'NONE',  ( 0.000000000000000000, 2.523234146875355998E-16, -1.000000000000000000 ) ) ;
#1898 = CARTESIAN_POINT ( 'NONE',  ( 3.469446951953614189E-15, 60.00000000000000000, 7.347638122934260394E-15 ) ) ;
#1899 = EDGE_CURVE ( 'NONE', #647, #1801, #2381, .T. ) ;
#1900 = ORIENTED_EDGE ( 'NONE', *, *, #610, .T. ) ;
#1901 = EDGE_CURVE ( 'NONE', #2012, #2797, #1590, .T. ) ;
#1902 = LINE ( 'NONE', #1042, #2174 ) ;
#1903 = VERTEX_POINT ( 'NONE', #224 ) ;
#1904 = ORIENTED_EDGE ( 'NONE', *, *, #1615, .T. ) ;
#1905 = CARTESIAN_POINT ( 'NONE',  ( 6.524940715826259764E-15, 59.00000000000000000, -24.44999999999999574 ) ) ;
#1906 = CARTESIAN_POINT ( 'NONE',  ( -93.29030482371949518, -29.44422338885609491, 20.96119698151114363 ) ) ;
#1907 = ORIENTED_EDGE ( 'NONE', *, *, #1954, .T. ) ;
#1908 =( BOUNDED_CURVE ( )  B_SPLINE_CURVE ( 3, ( #2010, #2737, #16, #604, #1697, #1984, #522 ),
 .UNSPECIFIED., .F., .F. ) 
 B_SPLINE_CURVE_WITH_KNOTS ( ( 4, 3, 4 ),
 ( 0.000000000000000000, 0.03789716563063531135, 0.07579433126127063658 ),
 .UNSPECIFIED. ) 
 CURVE ( )  GEOMETRIC_REPRESENTATION_ITEM ( )  RATIONAL_B_SPLINE_CURVE ( ( 0.9865016547483047571, 0.8003803063321639488, 0.8048797547493956595, 1.000000000000000000, 0.8048797547493956595, 0.8003803063321640598, 0.9865016547483050902 ) ) 
 REPRESENTATION_ITEM ( '' )  );
#1909 = DIRECTION ( 'NONE',  ( 0.9995828593649811467, 0.02617499835723501034, -0.01220560218617261841 ) ) ;
#1910 = FACE_OUTER_BOUND ( 'NONE', #3095, .T. ) ;
#1911 = DIRECTION ( 'NONE',  ( 7.001654668438602136E-18, -1.000000000000000000, 1.603642569769965638E-16 ) ) ;
#1912 = ORIENTED_EDGE ( 'NONE', *, *, #3226, .F. ) ;
#1913 = CARTESIAN_POINT ( 'NONE',  ( 94.00000000000000000, 0.000000000000000000, 0.000000000000000000 ) ) ;
#1914 = CARTESIAN_POINT ( 'NONE',  ( -92.49999999999997158, 36.15474851953637625, 11.68692258420010610 ) ) ;
#1915 = DIRECTION ( 'NONE',  ( 0.000000000000000000, 0.000000000000000000, 1.000000000000000000 ) ) ;
#1916 = VERTEX_POINT ( 'NONE', #1341 ) ;
#1917 = CARTESIAN_POINT ( 'NONE',  ( 75.00000000000000000, 6.069753042564683909E-14, 42.20000000000008811 ) ) ;
#1918 = EDGE_CURVE ( 'NONE', #617, #1895, #2652, .T. ) ;
#1919 = VERTEX_POINT ( 'NONE', #1000 ) ;
#1920 = ORIENTED_EDGE ( 'NONE', *, *, #2668, .T. ) ;
#1921 = EDGE_CURVE ( 'NONE', #383, #1173, #561, .T. ) ;
#1922 = CARTESIAN_POINT ( 'NONE',  ( -95.49999999999998579, -34.29133171471202957, 17.68769541889460228 ) ) ;
#1923 = CARTESIAN_POINT ( 'NONE',  ( 35.25000000000000000, 145.0931499289991962, 37.00000000000000000 ) ) ;
#1924 = CARTESIAN_POINT ( 'NONE',  ( 48.00000000000000000, 45.50000000000000000, 5.000000000000099476 ) ) ;
#1925 = VECTOR ( 'NONE', #1322, 1000.000000000000000 ) ;
#1926 = LINE ( 'NONE', #1090, #236 ) ;
#1927 = CARTESIAN_POINT ( 'NONE',  ( -87.94755126123079947, -17.34169662875844509, -44.59304549425444719 ) ) ;
#1928 = AXIS2_PLACEMENT_3D ( 'NONE', #559, #1980, #1678 ) ;
#1929 = AXIS2_PLACEMENT_3D ( 'NONE', #1646, #2766, #1368 ) ;
#1930 = ORIENTED_EDGE ( 'NONE', *, *, #3544, .T. ) ;
#1931 = DIRECTION ( 'NONE',  ( 0.000000000000000000, 0.000000000000000000, 1.000000000000000000 ) ) ;
#1932 = AXIS2_PLACEMENT_3D ( 'NONE', #2129, #1046, #1824 ) ;
#1933 = CARTESIAN_POINT ( 'NONE',  ( 35.50000000000000711, -50.00000000000000000, 22.47372055837124805 ) ) ;
#1934 = CARTESIAN_POINT ( 'NONE',  ( -15.00000000000000355, -48.50000000000000000, 3.061576552543407636E-15 ) ) ;
#1935 = VERTEX_POINT ( 'NONE', #2117 ) ;
#1936 = CARTESIAN_POINT ( 'NONE',  ( 85.00000000000000000, 0.000000000000000000, 0.000000000000000000 ) ) ;
#1937 = ORIENTED_EDGE ( 'NONE', *, *, #1575, .F. ) ;
#1938 = AXIS2_PLACEMENT_3D ( 'NONE', #3301, #821, #2484 ) ;
#1939 = VERTEX_POINT ( 'NONE', #2198 ) ;
#1940 = DIRECTION ( 'NONE',  ( 0.9990482215818577982, -0.04361938736533607641, 0.000000000000000000 ) ) ;
#1941 = AXIS2_PLACEMENT_3D ( 'NONE', #2582, #94, #1833 ) ;
#1942 = CARTESIAN_POINT ( 'NONE',  ( 2.724749137254790583E-15, 44.50000000000000000, 7.347638122934260394E-15 ) ) ;
#1943 = ADVANCED_FACE ( 'NONE', ( #1362 ), #812, .T. ) ;
#1944 = ADVANCED_FACE ( 'NONE', ( #3333 ), #2235, .T. ) ;
#1945 = DIRECTION ( 'NONE',  ( 0.000000000000000000, 2.523234146875355998E-16, -1.000000000000000000 ) ) ;
#1946 = LINE ( 'NONE', #2516, #2729 ) ;
#1947 = CARTESIAN_POINT ( 'NONE',  ( -87.16095937472039168, -8.875569112392559745, -48.29455621860464021 ) ) ;
#1948 = ORIENTED_EDGE ( 'NONE', *, *, #2253, .T. ) ;
#1949 = CARTESIAN_POINT ( 'NONE',  ( 35.25000000000000000, -22.98408746478889952, 30.25692851911659886 ) ) ;
#1950 = CARTESIAN_POINT ( 'NONE',  ( -94.39614653121179799, 38.83952699799218067, -14.05957894469875313 ) ) ;
#1951 = PLANE ( 'NONE',  #940 ) ;
#1952 = EDGE_LOOP ( 'NONE', ( #2033, #920, #2051, #1582 ) ) ;
#1953 = CARTESIAN_POINT ( 'NONE',  ( -91.77229228008494033, 25.78578678557597570, 30.73171472411102201 ) ) ;
#1954 = EDGE_CURVE ( 'NONE', #1714, #1479, #1141, .T. ) ;
#1955 = DIRECTION ( 'NONE',  ( -0.000000000000000000, -1.000000000000000000, -1.261617073437677999E-16 ) ) ;
#1956 = ORIENTED_EDGE ( 'NONE', *, *, #943, .T. ) ;
#1957 = ORIENTED_EDGE ( 'NONE', *, *, #1372, .F. ) ;
#1958 = CARTESIAN_POINT ( 'NONE',  ( -2.773733391407680072E-15, -45.29999999999999716, 0.000000000000000000 ) ) ;
#1959 = CARTESIAN_POINT ( 'NONE',  ( -92.64486447667704283, -29.24050993976392476, 24.11685512223280980 ) ) ;
#1960 = EDGE_LOOP ( 'NONE', ( #3451, #2414, #455, #543 ) ) ;
#1961 = DIRECTION ( 'NONE',  ( 0.000000000000000000, 0.000000000000000000, 1.000000000000000000 ) ) ;
#1962 = DIRECTION ( 'NONE',  ( 1.000000000000000000, 0.000000000000000000, 0.000000000000000000 ) ) ;
#1963 = CARTESIAN_POINT ( 'NONE',  ( 48.00000000000000000, -40.00000000000000000, 44.50000000000000000 ) ) ;
#1964 = ADVANCED_FACE ( 'NONE', ( #3280, #3560 ), #3028, .F. ) ;
#1965 = ORIENTED_EDGE ( 'NONE', *, *, #1260, .T. ) ;
#1966 = CARTESIAN_POINT ( 'NONE',  ( 2.724749137254790583E-15, 44.50000000000000000, 7.347638122934260394E-15 ) ) ;
#1967 = EDGE_CURVE ( 'NONE', #3449, #2311, #2762, .T. ) ;
#1968 = DIRECTION ( 'NONE',  ( 1.000000000000000000, 0.000000000000000000, 0.000000000000000000 ) ) ;
#1969 = CARTESIAN_POINT ( 'NONE',  ( 8.804541250089323867, 32.30750129131371295, -44.30750129131367032 ) ) ;
#1970 = ORIENTED_EDGE ( 'NONE', *, *, #192, .T. ) ;
#1971 = DIRECTION ( 'NONE',  ( 1.000000000000000000, -0.000000000000000000, -0.000000000000000000 ) ) ;
#1972 = CARTESIAN_POINT ( 'NONE',  ( -0.4608443510417142286, 42.94083086357438361, 24.44565651571080878 ) ) ;
#1973 = ORIENTED_EDGE ( 'NONE', *, *, #3378, .T. ) ;
#1974 = VERTEX_POINT ( 'NONE', #598 ) ;
#1975 = CARTESIAN_POINT ( 'NONE',  ( -92.50000000000000000, -15.90132679960200335, 32.15474851953636914 ) ) ;
#1976 = FACE_OUTER_BOUND ( 'NONE', #69, .T. ) ;
#1977 = EDGE_LOOP ( 'NONE', ( #2200, #3514, #360, #1406, #2714 ) ) ;
#1978 = CARTESIAN_POINT ( 'NONE',  ( -93.12101150517401038, -31.60720994886059287, 30.78349457114245169 ) ) ;
#1979 = DIRECTION ( 'NONE',  ( -1.000000000000000000, 6.123031769111888756E-17, 0.000000000000000000 ) ) ;
#1980 = DIRECTION ( 'NONE',  ( -0.04361938736533599315, -0.2585727067211884278, 0.9650064789340800919 ) ) ;
#1981 = BREP_WITH_VOIDS ( 'NONE', #1831, ( #1745, #2229 ) );
#1982 = ORIENTED_EDGE ( 'NONE', *, *, #2607, .T. ) ;
#1983 = FACE_OUTER_BOUND ( 'NONE', #466, .T. ) ;
#1984 = CARTESIAN_POINT ( 'NONE',  ( 13.84942240719886009, 59.60467884103675829, 24.24453095608264519 ) ) ;
#1985 = AXIS2_PLACEMENT_3D ( 'NONE', #1342, #2148, #3545 ) ;
#1986 = AXIS2_PLACEMENT_3D ( 'NONE', #2402, #2122, #2998 ) ;
#1987 = FACE_OUTER_BOUND ( 'NONE', #1805, .T. ) ;
#1988 = ORIENTED_EDGE ( 'NONE', *, *, #1881, .T. ) ;
#1989 = PRODUCT_DEFINITION_FORMATION_WITH_SPECIFIED_SOURCE ( 'ANY', '', #1022, .NOT_KNOWN. ) ;
#1990 = CARTESIAN_POINT ( 'NONE',  ( 74.70000000000000284, 5.551115123125779547E-14, 7.843419788940609499E-14 ) ) ;
#1991 = CONICAL_SURFACE ( 'NONE', #2112, 28.49999999999999645, 0.7853981633974466137 ) ;
#1992 = EDGE_CURVE ( 'NONE', #1207, #3057, #1397, .T. ) ;
#1993 = EDGE_CURVE ( 'NONE', #3276, #1244, #1926, .T. ) ;
#1994 = ADVANCED_FACE ( 'NONE', ( #1910 ), #1660, .F. ) ;
#1995 = AXIS2_PLACEMENT_3D ( 'NONE', #797, #2780, #2733 ) ;
#1996 = CARTESIAN_POINT ( 'NONE',  ( 35.25000000000000000, -44.49999999999998579, -43.00000000000000000 ) ) ;
#1997 = ORIENTED_EDGE ( 'NONE', *, *, #318, .T. ) ;
#1998 = ORIENTED_EDGE ( 'NONE', *, *, #3287, .F. ) ;
#1999 = LINE ( 'NONE', #2798, #477 ) ;
#2000 = DATE_AND_TIME ( #3417, #3369 ) ;
#2001 = CIRCLE ( 'NONE', #2739, 4.999999999999997335 ) ;
#2002 = ORIENTED_EDGE ( 'NONE', *, *, #2465, .F. ) ;
#2003 = FACE_OUTER_BOUND ( 'NONE', #2957, .T. ) ;
#2004 = CIRCLE ( 'NONE', #21, 27.50000000000000000 ) ;
#2005 = LINE ( 'NONE', #2822, #2165 ) ;
#2006 = DIRECTION ( 'NONE',  ( 0.000000000000000000, 0.000000000000000000, 1.000000000000000000 ) ) ;
#2007 = ORIENTED_EDGE ( 'NONE', *, *, #1122, .F. ) ;
#2008 = DIRECTION ( 'NONE',  ( -1.000000000000000000, 6.123031769111888756E-17, 0.000000000000000000 ) ) ;
#2009 =( BOUNDED_CURVE ( )  B_SPLINE_CURVE ( 3, ( #1830, #1560, #2653, #1052 ),
 .UNSPECIFIED., .F., .T. ) 
 B_SPLINE_CURVE_WITH_KNOTS ( ( 4, 4 ),
 ( 0.000000000000000000, 3.141592653589793116 ),
 .UNSPECIFIED. ) 
 CURVE ( )  GEOMETRIC_REPRESENTATION_ITEM ( )  RATIONAL_B_SPLINE_CURVE ( ( 1.000000000000000000, 0.3333333333333333703, 0.3333333333333333703, 1.000000000000000000 ) ) 
 REPRESENTATION_ITEM ( '' )  );
#2010 = CARTESIAN_POINT ( 'NONE',  ( -0.3494737905491006047, 58.98474164478282233, -24.44750228693586891 ) ) ;
#2011 = CARTESIAN_POINT ( 'NONE',  ( -0.3494737905491006047, 58.98474164478282233, -24.44750228693586891 ) ) ;
#2012 = VERTEX_POINT ( 'NONE', #850 ) ;
#2013 = CARTESIAN_POINT ( 'NONE',  ( 2.804348550253245420E-15, 45.79999999999999716, 7.347638122934260394E-15 ) ) ;
#2014 = EDGE_CURVE ( 'NONE', #3182, #859, #1422, .T. ) ;
#2015 = CARTESIAN_POINT ( 'NONE',  ( -28.99999999999999645, 44.50000000000000000, 1.089911384046158442E-14 ) ) ;
#2016 = EDGE_CURVE ( 'NONE', #754, #1045, #3576, .T. ) ;
#2017 = ORIENTED_EDGE ( 'NONE', *, *, #1775, .T. ) ;
#2018 = EDGE_LOOP ( 'NONE', ( #2988, #2790, #1883, #452 ) ) ;
#2019 = DIRECTION ( 'NONE',  ( 0.000000000000000000, 0.000000000000000000, 1.000000000000000000 ) ) ;
#2020 = CYLINDRICAL_SURFACE ( 'NONE', #1237, 1.000000000000000000 ) ;
#2021 = ORIENTED_EDGE ( 'NONE', *, *, #1216, .F. ) ;
#2022 = CARTESIAN_POINT ( 'NONE',  ( -95.25296643118934981, -20.12618192616308122, 33.76345997736832061 ) ) ;
#2023 = LINE ( 'NONE', #655, #2565 ) ;
#2024 = CARTESIAN_POINT ( 'NONE',  ( -95.50000000000001421, 21.86708850804542692, -31.79883243026115380 ) ) ;
#2025 = ORIENTED_EDGE ( 'NONE', *, *, #988, .F. ) ;
#2026 = DIRECTION ( 'NONE',  ( -1.000000000000000000, 0.000000000000000000, 0.000000000000000000 ) ) ;
#2027 = CARTESIAN_POINT ( 'NONE',  ( -94.68577689994548052, 20.75311977549444009, 34.82688146299831544 ) ) ;
#2028 = CARTESIAN_POINT ( 'NONE',  ( -97.19737526274123240, -29.83290924691991819, 17.58459989161008963 ) ) ;
#2029 = ORIENTED_EDGE ( 'NONE', *, *, #830, .F. ) ;
#2030 =( BOUNDED_CURVE ( )  B_SPLINE_CURVE ( 3, ( #3309, #2759, #272, #1392 ),
 .UNSPECIFIED., .F., .F. ) 
 B_SPLINE_CURVE_WITH_KNOTS ( ( 4, 4 ),
 ( 0.000000000000000000, 1.556502433489722614 ),
 .UNSPECIFIED. ) 
 CURVE ( )  GEOMETRIC_REPRESENTATION_ITEM ( )  RATIONAL_B_SPLINE_CURVE ( ( 1.000000000000000000, 0.8080948890563499631, 0.8080948890563499631, 1.000000000000000000 ) ) 
 REPRESENTATION_ITEM ( '' )  );
#2031 = CARTESIAN_POINT ( 'NONE',  ( 35.25000000000000000, -35.00000000000000000, -51.50000000000000711 ) ) ;
#2032 = CARTESIAN_POINT ( 'NONE',  ( -92.49999999999998579, 36.07861565274350113, -11.92244777341362472 ) ) ;
#2033 = ORIENTED_EDGE ( 'NONE', *, *, #2801, .T. ) ;
#2034 = ORIENTED_EDGE ( 'NONE', *, *, #3445, .T. ) ;
#2035 = CARTESIAN_POINT ( 'NONE',  ( -28.38455848906269452, -37.22165517480066654, 32.20526960779702819 ) ) ;
#2036 = ORIENTED_EDGE ( 'NONE', *, *, #2126, .F. ) ;
#2037 = ADVANCED_FACE ( 'NONE', ( #2213 ), #1991, .T. ) ;
#2038 = EDGE_CURVE ( 'NONE', #845, #2523, #658, .T. ) ;
#2039 = CARTESIAN_POINT ( 'NONE',  ( -2.969670408019264851E-15, -48.50000000000000000, 1.224606353822378047E-15 ) ) ;
#2040 = CARTESIAN_POINT ( 'NONE',  ( -95.49999999999998579, 6.450662687365340098, -38.07189850682205901 ) ) ;
#2041 = ORIENTED_EDGE ( 'NONE', *, *, #2264, .T. ) ;
#2042 = CARTESIAN_POINT ( 'NONE',  ( -86.36545600882331541, 36.62793705410280864, -37.04616838700318482 ) ) ;
#2043 = DIRECTION ( 'NONE',  ( 0.000000000000000000, -0.9659258262890680902, 0.2588190451025211281 ) ) ;
#2044 = DIRECTION ( 'NONE',  ( -6.123031769111888756E-17, -1.000000000000000000, 0.000000000000000000 ) ) ;
#2045 = ORIENTED_EDGE ( 'NONE', *, *, #2981, .T. ) ;
#2046 = CARTESIAN_POINT ( 'NONE',  ( 35.50000000000000711, -44.50000000000000000, -12.00000000000000000 ) ) ;
#2047 = AXIS2_PLACEMENT_3D ( 'NONE', #3401, #373, #1491 ) ;
#2048 = VECTOR ( 'NONE', #2549, 1000.000000000000000 ) ;
#2049 = AXIS2_PLACEMENT_3D ( 'NONE', #2382, #1859, #1607 ) ;
#2050 = ORIENTED_EDGE ( 'NONE', *, *, #73, .F. ) ;
#2051 = ORIENTED_EDGE ( 'NONE', *, *, #2385, .F. ) ;
#2052 = APPROVAL_PERSON_ORGANIZATION ( #1234, #2061, #2291 ) ;
#2053 = VECTOR ( 'NONE', #2195, 1000.000000000000000 ) ;
#2054 = CARTESIAN_POINT ( 'NONE',  ( 3.469446951953614189E-15, 45.80000000000000426, 7.347638122934260394E-15 ) ) ;
#2055 = APPROVAL_ROLE ( '' ) ;
#2056 = VERTEX_POINT ( 'NONE', #3061 ) ;
#2057 = VECTOR ( 'NONE', #615, 1000.000000000000341 ) ;
#2058 = CARTESIAN_POINT ( 'NONE',  ( 48.00000000000000000, 44.50000000000000000, -51.50000000000000711 ) ) ;
#2059 = CARTESIAN_POINT ( 'NONE',  ( 89.20000000000000284, 6.071590012763404557E-14, -42.49999999999991473 ) ) ;
#2060 = CARTESIAN_POINT ( 'NONE',  ( -95.49999999999998579, -34.29133171471202957, -17.68769541889464492 ) ) ;
#2061 = APPROVAL ( #3386, 'UNSPECIFIED' ) ;
#2062 = EDGE_CURVE ( 'NONE', #2154, #1428, #1946, .T. ) ;
#2063 = ADVANCED_FACE ( 'NONE', ( #2535 ), #1692, .F. ) ;
#2064 = ORIENTED_EDGE ( 'NONE', *, *, #1476, .T. ) ;
#2065 = AXIS2_PLACEMENT_3D ( 'NONE', #1353, #1884, #2756 ) ;
#2066 = CARTESIAN_POINT ( 'NONE',  ( -88.42144711968516901, 39.10038800789439506, -35.52192769111541537 ) ) ;
#2067 = FACE_OUTER_BOUND ( 'NONE', #630, .T. ) ;
#2068 = CARTESIAN_POINT ( 'NONE',  ( -99.89834427945406503, -17.89141293681558409, 17.58459989161008608 ) ) ;
#2069 = VECTOR ( 'NONE', #1609, 999.9999999999998863 ) ;
#2070 = ORIENTED_EDGE ( 'NONE', *, *, #482, .T. ) ;
#2071 = DIRECTION ( 'NONE',  ( -1.000000000000000000, 0.000000000000000000, 0.000000000000000000 ) ) ;
#2072 = ORIENTED_EDGE ( 'NONE', *, *, #1500, .F. ) ;
#2073 = DIRECTION ( 'NONE',  ( 0.000000000000000000, 0.000000000000000000, 1.000000000000000000 ) ) ;
#2074 = DIRECTION ( 'NONE',  ( -6.123031769111888756E-17, -1.000000000000000000, 0.000000000000000000 ) ) ;
#2075 = ORIENTED_EDGE ( 'NONE', *, *, #612, .T. ) ;
#2076 = CARTESIAN_POINT ( 'NONE',  ( -15.33137084989848198, -44.49999999999999289, 1.877551423786920514E-15 ) ) ;
#2077 = DIRECTION ( 'NONE',  ( 0.000000000000000000, 0.7071067811865462405, 0.7071067811865489050 ) ) ;
#2078 = CARTESIAN_POINT ( 'NONE',  ( -95.49999999999997158, -4.169543342163110289, -38.36605936988624421 ) ) ;
#2079 = VERTEX_POINT ( 'NONE', #2803 ) ;
#2080 = LINE ( 'NONE', #678, #2614 ) ;
#2081 = EDGE_CURVE ( 'NONE', #2869, #2459, #320, .T. ) ;
#2082 = CARTESIAN_POINT ( 'NONE',  ( -28.99999999999999645, 41.69478441812810132, 1.089911384046158442E-14 ) ) ;
#2083 = CARTESIAN_POINT ( 'NONE',  ( 48.00000000000000000, -40.00000000000000000, -51.50000000000000711 ) ) ;
#2084 = ORIENTED_EDGE ( 'NONE', *, *, #3002, .T. ) ;
#2085 = CARTESIAN_POINT ( 'NONE',  ( -88.94064111068078660, -9.949454196302919939, -51.07771950869510391 ) ) ;
#2086 = ADVANCED_FACE ( 'NONE', ( #46 ), #2270, .T. ) ;
#2087 = EDGE_CURVE ( 'NONE', #290, #3290, #377, .T. ) ;
#2088 = ORIENTED_EDGE ( 'NONE', *, *, #2954, .T. ) ;
#2089 = CARTESIAN_POINT ( 'NONE',  ( -28.99999999999999645, 41.69478441812810132, 1.089911384046158442E-14 ) ) ;
#2090 = CARTESIAN_POINT ( 'NONE',  ( -94.98669474392904988, 19.40223508206941361, 34.81374310619201395 ) ) ;
#2091 = VERTEX_POINT ( 'NONE', #637 ) ;
#2092 = EDGE_CURVE ( 'NONE', #3356, #1935, #620, .T. ) ;
#2093 = DIRECTION ( 'NONE',  ( -0.04361938736533607641, -0.9990482215818577982, -1.372730616721524311E-16 ) ) ;
#2094 = DIRECTION ( 'NONE',  ( 0.9988416236624818589, -0.04361036710537322114, -0.02033584815618625502 ) ) ;
#2095 = VERTEX_POINT ( 'NONE', #2059 ) ;
#2096 = CARTESIAN_POINT ( 'NONE',  ( 85.00000000000000000, 0.000000000000000000, 0.000000000000000000 ) ) ;
#2097 = LINE ( 'NONE', #2425, #2216 ) ;
#2098 = DIRECTION ( 'NONE',  ( -1.000000000000000000, 0.000000000000000000, 0.000000000000000000 ) ) ;
#2099 = EDGE_LOOP ( 'NONE', ( #2025, #3335, #1687, #1507, #2757, #982, #803, #85, #682, #2260, #3458, #1965, #1710, #3170, #1860, #1998, #2968, #1795, #2541, #2831 ) ) ;
#2100 = LINE ( 'NONE', #3498, #1545 ) ;
#2101 = ORIENTED_EDGE ( 'NONE', *, *, #2690, .F. ) ;
#2102 = ADVANCED_FACE ( 'NONE', ( #1181, #1158 ), #3176, .T. ) ;
#2103 = EDGE_CURVE ( 'NONE', #474, #3363, #3367, .T. ) ;
#2104 = CARTESIAN_POINT ( 'NONE',  ( -2.724749137254789005E-15, -44.50000000000000000, 1.224606353822378047E-15 ) ) ;
#2105 = VECTOR ( 'NONE', #3419, 1000.000000000000000 ) ;
#2106 = LINE ( 'NONE', #3208, #3207 ) ;
#2107 = AXIS2_PLACEMENT_3D ( 'NONE', #575, #2517, #2199 ) ;
#2108 = AXIS2_PLACEMENT_3D ( 'NONE', #3528, #3513, #1349 ) ;
#2109 = CALENDAR_DATE ( 2025, 12, 11 ) ;
#2110 = ORIENTED_EDGE ( 'NONE', *, *, #3460, .T. ) ;
#2111 = CIRCLE ( 'NONE', #2282, 28.50000000000000000 ) ;
#2112 = AXIS2_PLACEMENT_3D ( 'NONE', #1074, #3313, #1962 ) ;
#2113 = CARTESIAN_POINT ( 'NONE',  ( -100.1434952598469437, -38.80867847155377603, 6.166672277728855178 ) ) ;
#2114 = CARTESIAN_POINT ( 'NONE',  ( -95.50000000000001421, 35.88295905631937188, -14.20369908965313144 ) ) ;
#2115 = AXIS2_PLACEMENT_3D ( 'NONE', #1214, #1176, #314 ) ;
#2116 = CARTESIAN_POINT ( 'NONE',  ( 42.50000000000000000, 49.50000000000000711, -4.999999999999919176 ) ) ;
#2117 = CARTESIAN_POINT ( 'NONE',  ( 13.62634506136580193, 38.93376466773779043, -35.30141693553461124 ) ) ;
#2118 = CARTESIAN_POINT ( 'NONE',  ( -44.75000000000000000, 20.56594215396609826, 33.40512627446505434 ) ) ;
#2119 = VECTOR ( 'NONE', #1701, 1000.000000000000000 ) ;
#2120 = ORIENTED_EDGE ( 'NONE', *, *, #173, .F. ) ;
#2121 = CARTESIAN_POINT ( 'NONE',  ( -44.75000000000000000, 4.701939657373010454E-15, -49.40512627446499749 ) ) ;
#2122 = DIRECTION ( 'NONE',  ( 1.000000000000000000, 0.000000000000000000, 0.000000000000000000 ) ) ;
#2123 = VECTOR ( 'NONE', #1738, 1000.000000000000000 ) ;
#2124 = EDGE_LOOP ( 'NONE', ( #1249, #576, #2120, #4, #5, #1390, #3431, #1055, #2581, #2819 ) ) ;
#2125 = PLANE ( 'NONE',  #1599 ) ;
#2126 = EDGE_CURVE ( 'NONE', #457, #2306, #3370, .T. ) ;
#2127 = EDGE_CURVE ( 'NONE', #3275, #1462, #3120, .T. ) ;
#2128 = ORIENTED_EDGE ( 'NONE', *, *, #1372, .T. ) ;
#2129 = CARTESIAN_POINT ( 'NONE',  ( 48.00000000000000000, 39.50000000000000000, -51.50000000000000711 ) ) ;
#2130 = CARTESIAN_POINT ( 'NONE',  ( -95.50000000000000000, 17.37577687908079227, 34.45900668668846833 ) ) ;
#2131 = CARTESIAN_POINT ( 'NONE',  ( 74.70000000000000284, 5.551115123125779547E-14, 7.843419788940609499E-14 ) ) ;
#2132 = DIRECTION ( 'NONE',  ( 1.000000000000000000, 0.000000000000000000, 0.000000000000000000 ) ) ;
#2133 = DIRECTION ( 'NONE',  ( -0.9996119557508561515, -0.009527197598628796976, 0.02617576027291347238 ) ) ;
#2134 = ORIENTED_EDGE ( 'NONE', *, *, #487, .F. ) ;
#2135 = CARTESIAN_POINT ( 'NONE',  ( -44.75000000000001421, -16.06594215396610537, 33.40512627446504723 ) ) ;
#2136 = CARTESIAN_POINT ( 'NONE',  ( -90.58870914359403059, 36.20479743199813072, 22.67584541261783215 ) ) ;
#2137 = ORIENTED_EDGE ( 'NONE', *, *, #1363, .F. ) ;
#2138 = CARTESIAN_POINT ( 'NONE',  ( 29.00000000000000355, 44.22711910682179592, 7.347638122934260394E-15 ) ) ;
#2139 = PERSON_AND_ORGANIZATION ( #276, #3429 ) ;
#2140 = ORIENTED_EDGE ( 'NONE', *, *, #2092, .F. ) ;
#2141 =( BOUNDED_CURVE ( )  B_SPLINE_CURVE ( 3, ( #2011, #2501, #875, #3319 ),
 .UNSPECIFIED., .F., .F. ) 
 B_SPLINE_CURVE_WITH_KNOTS ( ( 4, 4 ),
 ( 4.726682873689863840, 6.283185307179586232 ),
 .UNSPECIFIED. ) 
 CURVE ( )  GEOMETRIC_REPRESENTATION_ITEM ( )  RATIONAL_B_SPLINE_CURVE ( ( 1.000000000000000000, 0.8080948890563499631, 0.8080948890563499631, 1.000000000000000000 ) ) 
 REPRESENTATION_ITEM ( '' )  );
#2142 = DIRECTION ( 'NONE',  ( 0.000000000000000000, -0.8660254037844387076, 0.4999999999999998890 ) ) ;
#2143 = DIRECTION ( 'NONE',  ( -0.9990482215818577982, -0.04361938736533588906, 0.000000000000000000 ) ) ;
#2144 = EDGE_CURVE ( 'NONE', #1935, #1189, #2005, .T. ) ;
#2145 = ADVANCED_FACE ( 'NONE', ( #3389 ), #3138, .T. ) ;
#2146 = DIRECTION ( 'NONE',  ( 1.000000000000000000, -0.000000000000000000, -0.000000000000000000 ) ) ;
#2147 = CARTESIAN_POINT ( 'NONE',  ( -44.75000000000000000, 35.91945648794768431, -12.39123261061775949 ) ) ;
#2148 = DIRECTION ( 'NONE',  ( 0.02617694830787314561, -0.2587303542799144207, -0.9655948276329348046 ) ) ;
#2149 = VERTEX_POINT ( 'NONE', #1200 ) ;
#2150 = DIRECTION ( 'NONE',  ( -1.000000000000000000, 0.000000000000000000, 0.000000000000000000 ) ) ;
#2151 = CARTESIAN_POINT ( 'NONE',  ( 35.25000000000000000, 44.50000000000000000, -6.000000000000000000 ) ) ;
#2152 = B_SPLINE_CURVE_WITH_KNOTS ( 'NONE', 3,
 ( #2609, #395, #638, #2631, #1258 ),
 .UNSPECIFIED., .F., .F.,
 ( 4, 1, 4 ),
 ( 0.000000000000000000, 0.01098507042137860344, 0.02197014084275720688 ),
 .UNSPECIFIED. ) ;
#2153 = EDGE_CURVE ( 'NONE', #986, #1705, #2023, .T. ) ;
#2154 = VERTEX_POINT ( 'NONE', #1477 ) ;
#2155 = CARTESIAN_POINT ( 'NONE',  ( 3.469446951953614189E-15, 60.00000000000000000, 25.45000000000000639 ) ) ;
#2156 = SHAPE_DEFINITION_REPRESENTATION ( #584, #549 ) ;
#2157 = ORIENTED_EDGE ( 'NONE', *, *, #1899, .T. ) ;
#2158 = ORIENTED_EDGE ( 'NONE', *, *, #248, .T. ) ;
#2159 = VECTOR ( 'NONE', #1256, 1000.000000000000000 ) ;
#2160 = CARTESIAN_POINT ( 'NONE',  ( 89.20000000000000284, 5.551115123125779547E-14, 7.843419788940609499E-14 ) ) ;
#2161 = CARTESIAN_POINT ( 'NONE',  ( -95.49999999999997158, 34.11536959193585261, 18.28186066574268764 ) ) ;
#2162 = CIRCLE ( 'NONE', #1986, 1.000000000000000000 ) ;
#2163 = CARTESIAN_POINT ( 'NONE',  ( -92.50000000000000000, -31.65474851953635493, 21.01729992565439886 ) ) ;
#2164 = CARTESIAN_POINT ( 'NONE',  ( -91.38604227037674832, -31.68391852927565822, -25.39134862088150868 ) ) ;
#2165 = VECTOR ( 'NONE', #3422, 999.9999999999998863 ) ;
#2166 = CC_DESIGN_DATE_AND_TIME_ASSIGNMENT ( #1472, #84, ( #385 ) ) ;
#2167 = FACE_BOUND ( 'NONE', #1674, .T. ) ;
#2168 = ADVANCED_FACE ( 'NONE', ( #87 ), #1769, .T. ) ;
#2169 = ORIENTED_EDGE ( 'NONE', *, *, #873, .F. ) ;
#2170 = DIRECTION ( 'NONE',  ( -6.123031769111888756E-17, -1.000000000000000000, 0.000000000000000000 ) ) ;
#2171 = AXIS2_PLACEMENT_3D ( 'NONE', #1231, #3361, #2343 ) ;
#2172 = CARTESIAN_POINT ( 'NONE',  ( 35.50000000000000711, -44.50000000000000711, -12.00000000000000178 ) ) ;
#2173 = CARTESIAN_POINT ( 'NONE',  ( -95.49999999999998579, -23.26064877852265056, 30.80130838779327362 ) ) ;
#2174 = VECTOR ( 'NONE', #3054, 1000.000000000000114 ) ;
#2175 = ORIENTED_EDGE ( 'NONE', *, *, #3544, .F. ) ;
#2176 = CARTESIAN_POINT ( 'NONE',  ( 2.571796769724449927, 145.5715832232941978, 40.50000000000000000 ) ) ;
#2177 = AXIS2_PLACEMENT_3D ( 'NONE', #2046, #3149, #2242 ) ;
#2178 = ORIENTED_EDGE ( 'NONE', *, *, #2308, .T. ) ;
#2179 = ORIENTED_EDGE ( 'NONE', *, *, #335, .T. ) ;
#2180 = DIRECTION ( 'NONE',  ( -1.000000000000000000, 0.000000000000000000, 0.000000000000000000 ) ) ;
#2181 = CARTESIAN_POINT ( 'NONE',  ( -90.85529622087284451, -31.84220581962640395, 27.23609548369637778 ) ) ;
#2182 = CARTESIAN_POINT ( 'NONE',  ( 14.34563078445321516, 43.58729552914150673, -24.44999999999998153 ) ) ;
#2183 = DIRECTION ( 'NONE',  ( 0.000000000000000000, 0.000000000000000000, -1.000000000000000000 ) ) ;
#2184 = DIRECTION ( 'NONE',  ( -0.000000000000000000, 1.000000000000000000, 0.000000000000000000 ) ) ;
#2185 = ORIENTED_EDGE ( 'NONE', *, *, #921, .T. ) ;
#2186 = CARTESIAN_POINT ( 'NONE',  ( 74.70000000000000284, 5.551115123125779547E-14, 7.843419788940609499E-14 ) ) ;
#2187 = EDGE_CURVE ( 'NONE', #3582, #1903, #1535, .T. ) ;
#2188 = DIRECTION ( 'NONE',  ( 1.000000000000000000, 0.000000000000000000, 0.000000000000000000 ) ) ;
#2189 = DIRECTION ( 'NONE',  ( -5.987766851903286315E-18, -1.371424081346605940E-16, 1.000000000000000000 ) ) ;
#2190 = VERTEX_POINT ( 'NONE', #3159 ) ;
#2191 = DIRECTION ( 'NONE',  ( 0.2588190451025206285, 1.327219173794806067E-16, -0.9659258262890683122 ) ) ;
#2192 = EDGE_CURVE ( 'NONE', #2871, #3182, #891, .T. ) ;
#2193 = ORIENTED_EDGE ( 'NONE', *, *, #2527, .T. ) ;
#2194 = ORIENTED_EDGE ( 'NONE', *, *, #1662, .F. ) ;
#2195 = DIRECTION ( 'NONE',  ( -0.000000000000000000, 0.000000000000000000, 1.000000000000000000 ) ) ;
#2196 = DIRECTION ( 'NONE',  ( -6.123031769111888756E-17, -1.000000000000000000, 0.000000000000000000 ) ) ;
#2197 = LINE ( 'NONE', #3293, #1925 ) ;
#2198 = CARTESIAN_POINT ( 'NONE',  ( -95.49999999999998579, -34.29133171471202957, -17.68769541889464492 ) ) ;
#2199 = DIRECTION ( 'NONE',  ( 0.000000000000000000, 0.000000000000000000, 1.000000000000000000 ) ) ;
#2200 = ORIENTED_EDGE ( 'NONE', *, *, #3135, .T. ) ;
#2201 = CARTESIAN_POINT ( 'NONE',  ( 3.567765040262536948E-15, 58.26794919243120319, 7.347638122934260394E-15 ) ) ;
#2202 = CARTESIAN_POINT ( 'NONE',  ( 93.00000000000000000, 5.551115123125779547E-14, 7.843419788940609499E-14 ) ) ;
#2203 = DIRECTION ( 'NONE',  ( 0.000000000000000000, 0.000000000000000000, -1.000000000000000000 ) ) ;
#2204 = ORIENTED_EDGE ( 'NONE', *, *, #514, .F. ) ;
#2205 = PLANE ( 'NONE',  #1938 ) ;
#2206 = EDGE_CURVE ( 'NONE', #24, #270, #596, .T. ) ;
#2207 = EDGE_CURVE ( 'NONE', #2012, #270, #1514, .T. ) ;
#2208 = ORIENTED_EDGE ( 'NONE', *, *, #3445, .F. ) ;
#2209 = ORIENTED_EDGE ( 'NONE', *, *, #3066, .T. ) ;
#2210 = PLANE ( 'NONE',  #2910 ) ;
#2211 = LINE ( 'NONE', #1156, #1525 ) ;
#2212 = AXIS2_PLACEMENT_3D ( 'NONE', #1199, #2361, #652 ) ;
#2213 = FACE_OUTER_BOUND ( 'NONE', #2595, .T. ) ;
#2214 = CARTESIAN_POINT ( 'NONE',  ( -24.44999999999999574, 57.93248994588690692, 1.034189954684953918E-14 ) ) ;
#2215 = VECTOR ( 'NONE', #2184, 1000.000000000000000 ) ;
#2216 = VECTOR ( 'NONE', #197, 1000.000000000000114 ) ;
#2217 = ORIENTED_EDGE ( 'NONE', *, *, #204, .T. ) ;
#2218 = CARTESIAN_POINT ( 'NONE',  ( 35.25000000000000000, 5.637851296924619901E-15, -8.673617379884040205E-15 ) ) ;
#2219 = APPROVAL_PERSON_ORGANIZATION ( #429, #114, #992 ) ;
#2220 = AXIS2_PLACEMENT_3D ( 'NONE', #995, #2971, #2393 ) ;
#2221 = LINE ( 'NONE', #816, #294 ) ;
#2222 = DIRECTION ( 'NONE',  ( 1.000000000000000000, 0.000000000000000000, 0.000000000000000000 ) ) ;
#2223 = AXIS2_PLACEMENT_3D ( 'NONE', #2246, #571, #1357 ) ;
#2224 = ORIENTED_EDGE ( 'NONE', *, *, #2552, .F. ) ;
#2225 = DIRECTION ( 'NONE',  ( 7.001654668438602136E-18, -1.000000000000000000, 1.603642569769965638E-16 ) ) ;
#2226 = ORIENTED_EDGE ( 'NONE', *, *, #2889, .T. ) ;
#2227 = CLOSED_SHELL ( 'NONE', ( #3421, #1700, #764, #364, #971, #97, #115, #2837, #166, #2649, #2533, #1811, #689, #1943, #1412, #3134, #582, #2145, #513, #3396 ) ) ;
#2228 = ORIENTED_EDGE ( 'NONE', *, *, #1918, .T. ) ;
#2229 = ORIENTED_CLOSED_SHELL ( 'NONE', *, #2227, .F. );
#2230 = EDGE_CURVE ( 'NONE', #1031, #2545, #1803, .T. ) ;
#2231 = CARTESIAN_POINT ( 'NONE',  ( 42.50000000000000000, 44.50000000000000000, 6.000000000000100364 ) ) ;
#2232 = CIRCLE ( 'NONE', #3382, 42.50000000000000000 ) ;
#2233 = LINE ( 'NONE', #1923, #2619 ) ;
#2234 = CARTESIAN_POINT ( 'NONE',  ( 35.25000000000000000, 44.50000000000000000, -51.50000000000002132 ) ) ;
#2235 = PLANE ( 'NONE',  #3026 ) ;
#2236 = CARTESIAN_POINT ( 'NONE',  ( -85.33200922536327937, 19.53089423830471461, -48.34244896376966949 ) ) ;
#2237 = ORIENTED_EDGE ( 'NONE', *, *, #433, .T. ) ;
#2238 = CARTESIAN_POINT ( 'NONE',  ( -96.34776189971933036, -8.799493592830836874, -37.04616838700318482 ) ) ;
#2239 = CARTESIAN_POINT ( 'NONE',  ( -92.19858632065698600, 38.93547454888324211, -24.96790031662295917 ) ) ;
#2240 = CARTESIAN_POINT ( 'NONE',  ( 35.25000000000000000, -40.50000000000000000, 44.50000000000000000 ) ) ;
#2241 = ORIENTED_EDGE ( 'NONE', *, *, #2406, .F. ) ;
#2242 = DIRECTION ( 'NONE',  ( 0.000000000000000000, 0.5000000000000003331, -0.8660254037844383745 ) ) ;
#2243 = LINE ( 'NONE', #3397, #650 ) ;
#2244 = ORIENTED_EDGE ( 'NONE', *, *, #2938, .T. ) ;
#2245 = ORIENTED_EDGE ( 'NONE', *, *, #2127, .F. ) ;
#2246 = CARTESIAN_POINT ( 'NONE',  ( 2.804348550253245420E-15, 45.79999999999999716, 7.347638122934260394E-15 ) ) ;
#2247 = CYLINDRICAL_SURFACE ( 'NONE', #1762, 37.99671038392669686 ) ;
#2248 = EDGE_LOOP ( 'NONE', ( #3305, #867, #1261, #1627 ) ) ;
#2249 = CARTESIAN_POINT ( 'NONE',  ( -94.47095512293213915, -25.91288292250144210, 32.24826591665533471 ) ) ;
#2250 = CARTESIAN_POINT ( 'NONE',  ( 35.25000000000000000, -40.00000000000000000, 44.50000000000000000 ) ) ;
#2251 = CARTESIAN_POINT ( 'NONE',  ( 48.00000000000000000, -41.33974596215563224, -17.47372055837097449 ) ) ;
#2252 = EDGE_CURVE ( 'NONE', #3004, #2554, #709, .T. ) ;
#2253 = EDGE_CURVE ( 'NONE', #2095, #352, #186, .T. ) ;
#2254 = ORIENTED_EDGE ( 'NONE', *, *, #312, .T. ) ;
#2255 = APPLICATION_CONTEXT ( 'configuration controlled 3d designs of mechanical parts and assemblies' ) ;
#2256 = FACE_OUTER_BOUND ( 'NONE', #1504, .T. ) ;
#2257 =( BOUNDED_CURVE ( )  B_SPLINE_CURVE ( 3, ( #3246, #761, #162, #2426 ),
 .UNSPECIFIED., .F., .F. ) 
 B_SPLINE_CURVE_WITH_KNOTS ( ( 4, 4 ),
 ( 0.000000000000000000, 0.5000000000000000000 ),
 .UNSPECIFIED. ) 
 CURVE ( )  GEOMETRIC_REPRESENTATION_ITEM ( )  RATIONAL_B_SPLINE_CURVE ( ( 0.9922225923501382105, 0.8003086541227394379, 0.8029011233393579250, 0.9999999999999978906 ) ) 
 REPRESENTATION_ITEM ( '' )  );
#2258 = CYLINDRICAL_SURFACE ( 'NONE', #415, 10.00000000000000178 ) ;
#2259 = DIRECTION ( 'NONE',  ( 1.000000000000000000, -0.000000000000000000, -0.000000000000000000 ) ) ;
#2260 = ORIENTED_EDGE ( 'NONE', *, *, #3564, .F. ) ;
#2261 = DIRECTION ( 'NONE',  ( -0.8191520442889919096, 0.000000000000000000, 0.5735764363510458264 ) ) ;
#2262 = FACE_OUTER_BOUND ( 'NONE', #1977, .T. ) ;
#2263 = ORIENTED_EDGE ( 'NONE', *, *, #1015, .F. ) ;
#2264 = EDGE_CURVE ( 'NONE', #643, #3250, #2693, .T. ) ;
#2265 = ORIENTED_EDGE ( 'NONE', *, *, #2144, .T. ) ;
#2266 = CARTESIAN_POINT ( 'NONE',  ( 28.50000000000000000, 45.80000000000000426, 7.347638122934260394E-15 ) ) ;
#2267 = ORIENTED_EDGE ( 'NONE', *, *, #1073, .T. ) ;
#2268 = DIRECTION ( 'NONE',  ( 1.000000000000000000, -0.000000000000000000, 0.000000000000000000 ) ) ;
#2269 = VECTOR ( 'NONE', #2785, 999.9999999999998863 ) ;
#2270 = PLANE ( 'NONE',  #1409 ) ;
#2271 = LINE ( 'NONE', #892, #2389 ) ;
#2272 = AXIS2_PLACEMENT_3D ( 'NONE', #309, #56, #22 ) ;
#2273 = ORIENTED_EDGE ( 'NONE', *, *, #2252, .T. ) ;
#2274 = DIRECTION ( 'NONE',  ( 1.000000000000000000, 0.000000000000000000, 0.000000000000000000 ) ) ;
#2275 = ADVANCED_FACE ( 'NONE', ( #2989 ), #1289, .T. ) ;
#2276 = EDGE_CURVE ( 'NONE', #3478, #3276, #1282, .T. ) ;
#2277 = CARTESIAN_POINT ( 'NONE',  ( -93.98258394527853454, 38.85758353044571578, 16.55612826001798865 ) ) ;
#2278 = CIRCLE ( 'NONE', #1407, 25.39999999999999858 ) ;
#2279 = CIRCLE ( 'NONE', #1929, 4.999999999999997335 ) ;
#2280 = CARTESIAN_POINT ( 'NONE',  ( -44.75000000000001421, 37.40512627446505434, 28.89308048817840913 ) ) ;
#2281 = VERTEX_POINT ( 'NONE', #1870 ) ;
#2282 = AXIS2_PLACEMENT_3D ( 'NONE', #241, #2799, #866 ) ;
#2283 = LINE ( 'NONE', #1755, #2123 ) ;
#2284 = VECTOR ( 'NONE', #691, 1000.000000000000114 ) ;
#2285 = CIRCLE ( 'NONE', #2047, 42.20000000000000995 ) ;
#2286 = DIRECTION ( 'NONE',  ( 0.7071067811865311414, 0.000000000000000000, -0.7071067811865638930 ) ) ;
#2287 = VERTEX_POINT ( 'NONE', #1841 ) ;
#2288 = ORIENTED_EDGE ( 'NONE', *, *, #243, .T. ) ;
#2289 = ADVANCED_FACE ( 'NONE', ( #3506 ), #2920, .T. ) ;
#2290 = FACE_OUTER_BOUND ( 'NONE', #942, .T. ) ;
#2291 = APPROVAL_ROLE ( '' ) ;
#2292 = VECTOR ( 'NONE', #2451, 1000.000000000000227 ) ;
#2293 = ORIENTED_EDGE ( 'NONE', *, *, #3330, .T. ) ;
#2294 = CARTESIAN_POINT ( 'NONE',  ( 13.62634506136580193, -7.345103013018400169E-16, -44.43376466773775491 ) ) ;
#2295 = CIRCLE ( 'NONE', #607, 42.20000000000000284 ) ;
#2296 = DIRECTION ( 'NONE',  ( -0.9984890928379770436, 0.04359497527717104415, -0.03345160107044907460 ) ) ;
#2297 = CARTESIAN_POINT ( 'NONE',  ( -95.50000000000001421, 21.22785496133308314, -32.22907893309552918 ) ) ;
#2298 = ORIENTED_EDGE ( 'NONE', *, *, #3330, .F. ) ;
#2299 = CARTESIAN_POINT ( 'NONE',  ( -89.78961946134889160, -8.200534870495628681, -48.54580633540633983 ) ) ;
#2300 = DIRECTION ( 'NONE',  ( 0.000000000000000000, 0.000000000000000000, -1.000000000000000000 ) ) ;
#2301 = CARTESIAN_POINT ( 'NONE',  ( -94.10770758867407437, -35.21952437954939086, 23.38847391397107600 ) ) ;
#2302 = ORIENTED_EDGE ( 'NONE', *, *, #2571, .F. ) ;
#2303 = EDGE_CURVE ( 'NONE', #1173, #3343, #3483, .T. ) ;
#2304 = CARTESIAN_POINT ( 'NONE',  ( 89.20000000000000284, 5.551115123125779547E-14, 42.50000000000007816 ) ) ;
#2305 = CARTESIAN_POINT ( 'NONE',  ( 23.75105241894648245, 60.03699334368072016, 4.353376699018980026E-15 ) ) ;
#2306 = VERTEX_POINT ( 'NONE', #3191 ) ;
#2307 = EDGE_CURVE ( 'NONE', #1886, #661, #479, .T. ) ;
#2308 = EDGE_CURVE ( 'NONE', #250, #344, #1320, .T. ) ;
#2309 = ORIENTED_EDGE ( 'NONE', *, *, #3504, .T. ) ;
#2310 = LINE ( 'NONE', #2035, #2057 ) ;
#2311 = VERTEX_POINT ( 'NONE', #2678 ) ;
#2312 = CARTESIAN_POINT ( 'NONE',  ( -94.68577689994550894, 20.75311977549444009, 34.82688146299829413 ) ) ;
#2313 = CARTESIAN_POINT ( 'NONE',  ( 13.62634506136580370, 32.43376466773774780, 0.000000000000000000 ) ) ;
#2314 = CARTESIAN_POINT ( 'NONE',  ( -95.49999999999995737, 25.48720431773980977, -29.00798895121232945 ) ) ;
#2315 = EDGE_CURVE ( 'NONE', #57, #2190, #2622, .T. ) ;
#2316 = ORIENTED_EDGE ( 'NONE', *, *, #3569, .F. ) ;
#2317 = CARTESIAN_POINT ( 'NONE',  ( -93.71695463769904677, -32.95287266832072959, -11.45602882070837225 ) ) ;
#2318 = CARTESIAN_POINT ( 'NONE',  ( 93.00000000000000000, 6.071590012763404557E-14, -42.49999999999992895 ) ) ;
#2319 = CARTESIAN_POINT ( 'NONE',  ( -11.11565465808423170, -48.50000000000000000, -30.54001017554202591 ) ) ;
#2320 = ORIENTED_EDGE ( 'NONE', *, *, #1818, .T. ) ;
#2321 = CARTESIAN_POINT ( 'NONE',  ( 35.25000000000000000, -31.65474851953635493, 21.01729992565439886 ) ) ;
#2322 = ORIENTED_EDGE ( 'NONE', *, *, #1142, .T. ) ;
#2323 = CARTESIAN_POINT ( 'NONE',  ( 6.586173055783628916E-15, 60.00000000000000711, -25.44999999999999929 ) ) ;
#2324 = EDGE_CURVE ( 'NONE', #1783, #202, #2499, .T. ) ;
#2325 = PLANE ( 'NONE',  #3435 ) ;
#2326 = ORIENTED_EDGE ( 'NONE', *, *, #1500, .T. ) ;
#2327 = PLANE ( 'NONE',  #523 ) ;
#2328 = DIRECTION ( 'NONE',  ( 1.000000000000000000, 0.000000000000000000, 0.000000000000000000 ) ) ;
#2329 = DIRECTION ( 'NONE',  ( -1.000000000000000000, 0.000000000000000000, 0.000000000000000000 ) ) ;
#2330 = ORIENTED_EDGE ( 'NONE', *, *, #3227, .F. ) ;
#2331 = LINE ( 'NONE', #2662, #1694 ) ;
#2332 = CARTESIAN_POINT ( 'NONE',  ( 14.99999999999999112, -44.83137084989847665, -30.00000000000000355 ) ) ;
#2333 = CARTESIAN_POINT ( 'NONE',  ( 23.11788603124844954, 145.0931499289991962, -43.00000000000000000 ) ) ;
#2334 = ORIENTED_EDGE ( 'NONE', *, *, #2909, .T. ) ;
#2335 = CARTESIAN_POINT ( 'NONE',  ( -88.53780207814754988, -12.99705488271784048, -51.09530784069583831 ) ) ;
#2336 = AXIS2_PLACEMENT_3D ( 'NONE', #1569, #436, #2143 ) ;
#2337 = VECTOR ( 'NONE', #319, 1000.000000000000000 ) ;
#2338 = CC_DESIGN_APPROVAL ( #2061, ( #385 ) ) ;
#2339 = AXIS2_PLACEMENT_3D ( 'NONE', #176, #1589, #2683 ) ;
#2340 = ORIENTED_EDGE ( 'NONE', *, *, #2368, .F. ) ;
#2341 = ORIENTED_EDGE ( 'NONE', *, *, #3504, .F. ) ;
#2342 = VECTOR ( 'NONE', #755, 1000.000000000000000 ) ;
#2343 = DIRECTION ( 'NONE',  ( -6.123031769111888756E-17, -1.000000000000000000, 0.000000000000000000 ) ) ;
#2344 = CARTESIAN_POINT ( 'NONE',  ( 48.00000000000000000, -40.00000000000000000, 22.47372055837124805 ) ) ;
#2345 = EDGE_LOOP ( 'NONE', ( #3555, #478, #1670, #3371, #2610 ) ) ;
#2346 = VECTOR ( 'NONE', #703, 1000.000000000000000 ) ;
#2347 = ADVANCED_FACE ( 'NONE', ( #3229 ), #1657, .T. ) ;
#2348 = CARTESIAN_POINT ( 'NONE',  ( -28.38455848906280821, 41.72165517480066654, 32.20526960779706371 ) ) ;
#2349 = CARTESIAN_POINT ( 'NONE',  ( 74.70000000000000284, -42.49999999999994316, 7.979727989493312634E-14 ) ) ;
#2350 = CARTESIAN_POINT ( 'NONE',  ( -95.50000000000004263, 0.4131479966887534605, -38.61225730255892330 ) ) ;
#2351 = ORIENTED_EDGE ( 'NONE', *, *, #943, .F. ) ;
#2352 = PLANE ( 'NONE',  #2492 ) ;
#2353 = CARTESIAN_POINT ( 'NONE',  ( 16.31960893229436138, 22.19917178653025758, -55.67348127635712984 ) ) ;
#2354 = CARTESIAN_POINT ( 'NONE',  ( -15.00000000000000711, -45.29999999999999716, 3.061576552543408425E-15 ) ) ;
#2355 = ORIENTED_EDGE ( 'NONE', *, *, #2669, .T. ) ;
#2356 = FACE_OUTER_BOUND ( 'NONE', #646, .T. ) ;
#2357 = VERTEX_POINT ( 'NONE', #141 ) ;
#2358 = CARTESIAN_POINT ( 'NONE',  ( 6.775993309651469500E-15, 60.00000000000001421, 26.50000000000003197 ) ) ;
#2359 = LINE ( 'NONE', #2738, #1879 ) ;
#2360 = EDGE_LOOP ( 'NONE', ( #237, #3049, #1629, #3578, #372, #3412 ) ) ;
#2361 = DIRECTION ( 'NONE',  ( -1.000000000000000000, 0.000000000000000000, 0.000000000000000000 ) ) ;
#2362 = CARTESIAN_POINT ( 'NONE',  ( -88.89121404600611243, 36.24924790548765685, 28.00614382084091147 ) ) ;
#2363 = ORIENTED_EDGE ( 'NONE', *, *, #585, .T. ) ;
#2364 = CARTESIAN_POINT ( 'NONE',  ( -3.789486840213367902, 21.27559821173620591, 38.79549919389181412 ) ) ;
#2365 = LINE ( 'NONE', #2318, #1238 ) ;
#2366 = EDGE_CURVE ( 'NONE', #3351, #882, #1257, .T. ) ;
#2367 = LINE ( 'NONE', #2903, #2907 ) ;
#2368 = EDGE_CURVE ( 'NONE', #3290, #2676, #1658, .T. ) ;
#2369 = ORIENTED_EDGE ( 'NONE', *, *, #1078, .F. ) ;
#2370 = DIRECTION ( 'NONE',  ( -7.796510004390139868E-17, -1.000000000000000000, 0.000000000000000000 ) ) ;
#2371 = EDGE_LOOP ( 'NONE', ( #2288, #3289, #1120, #2827 ) ) ;
#2372 = FACE_OUTER_BOUND ( 'NONE', #3399, .T. ) ;
#2373 = B_SPLINE_CURVE_WITH_KNOTS ( 'NONE', 3,
 ( #3380, #918, #2032, #1704 ),
 .UNSPECIFIED., .F., .F.,
 ( 4, 4 ),
 ( 7.577386519575497418E-17, 0.0007425731973626825732 ),
 .UNSPECIFIED. ) ;
#2374 = B_SPLINE_CURVE_WITH_KNOTS ( 'NONE', 3,
 ( #165, #2335, #2085, #2616, #1861, #1250, #1279, #749, #467, #2384, #2600, #1266 ),
 .UNSPECIFIED., .F., .F.,
 ( 4, 2, 2, 2, 2, 4 ),
 ( 3.469446951953613804E-18, 0.009161470434894850717, 0.01832294086978969450, 0.02748441130468453827, 0.03206514652213195843, 0.03664588173957938205 ),
 .UNSPECIFIED. ) ;
#2375 = CARTESIAN_POINT ( 'NONE',  ( -95.50000000000001421, -25.23137598432611384, 29.19566426971489292 ) ) ;
#2376 = APPROVAL_DATE_TIME ( #753, #114 ) ;
#2377 = ORIENTED_EDGE ( 'NONE', *, *, #2522, .F. ) ;
#2378 = CARTESIAN_POINT ( 'NONE',  ( -110.6487075432670082, -11.70060064098583297, 6.166672277728852514 ) ) ;
#2379 = CARTESIAN_POINT ( 'NONE',  ( -95.50000000000001421, 20.06192279564879044, 32.96745026061815054 ) ) ;
#2380 = CARTESIAN_POINT ( 'NONE',  ( 14.04470647358649416, 43.57415688998501935, 43.57415688998507619 ) ) ;
#2381 = LINE ( 'NONE', #781, #1058 ) ;
#2382 = CARTESIAN_POINT ( 'NONE',  ( 89.20000000000000284, 5.551115123125779547E-14, 7.843419788940609499E-14 ) ) ;
#2383 = ORIENTED_EDGE ( 'NONE', *, *, #2303, .T. ) ;
#2384 = CARTESIAN_POINT ( 'NONE',  ( -87.68842051220859446, 17.53893498919466509, -51.13239264075385648 ) ) ;
#2385 = EDGE_CURVE ( 'NONE', #400, #134, #359, .T. ) ;
#2386 = CARTESIAN_POINT ( 'NONE',  ( -86.99882484173694763, 20.55730925238788487, -51.16250103795224646 ) ) ;
#2387 = ORIENTED_EDGE ( 'NONE', *, *, #3465, .T. ) ;
#2388 = DIRECTION ( 'NONE',  ( 1.000000000000000000, 0.000000000000000000, 0.000000000000000000 ) ) ;
#2389 = VECTOR ( 'NONE', #2006, 1000.000000000000000 ) ;
#2390 = CIRCLE ( 'NONE', #654, 1.000000000000000000 ) ;
#2391 = ORIENTED_EDGE ( 'NONE', *, *, #823, .T. ) ;
#2392 = VECTOR ( 'NONE', #2493, 1000.000000000000000 ) ;
#2393 = DIRECTION ( 'NONE',  ( 0.000000000000000000, 0.000000000000000000, 1.000000000000000000 ) ) ;
#2394 = CARTESIAN_POINT ( 'NONE',  ( 13.62634506136580015, 38.93376466773779043, -44.43376466773776201 ) ) ;
#2395 = VECTOR ( 'NONE', #295, 1000.000000000000000 ) ;
#2396 = FACE_OUTER_BOUND ( 'NONE', #164, .T. ) ;
#2397 = DIRECTION ( 'NONE',  ( 0.9990482215818577982, 0.000000000000000000, 0.04361938736533599315 ) ) ;
#2398 = DIRECTION ( 'NONE',  ( 0.9990317489481106428, -0.005742506603990855246, 0.04361866815461442476 ) ) ;
#2399 = VECTOR ( 'NONE', #3501, 999.9999999999998863 ) ;
#2400 = VERTEX_POINT ( 'NONE', #1633 ) ;
#2401 = DIRECTION ( 'NONE',  ( -1.000000000000000000, 0.000000000000000000, 0.000000000000000000 ) ) ;
#2402 = CARTESIAN_POINT ( 'NONE',  ( 42.50000000000000000, 45.50000000000000000, 6.000000000000099476 ) ) ;
#2403 = VECTOR ( 'NONE', #1039, 1000.000000000000000 ) ;
#2404 = ORIENTED_EDGE ( 'NONE', *, *, #1880, .F. ) ;
#2405 = CARTESIAN_POINT ( 'NONE',  ( 16.31960893229436493, -39.17348127635712984, -55.67348127635708011 ) ) ;
#2406 = EDGE_CURVE ( 'NONE', #3015, #2408, #2775, .T. ) ;
#2407 = EDGE_CURVE ( 'NONE', #1244, #54, #3006, .T. ) ;
#2408 = VERTEX_POINT ( 'NONE', #2231 ) ;
#2409 = CARTESIAN_POINT ( 'NONE',  ( -97.61525110602507027, -37.82890625361127945, -24.76080809891915990 ) ) ;
#2410 = CARTESIAN_POINT ( 'NONE',  ( -95.49999999999998579, 37.78882436893739794, -8.377793808358703131 ) ) ;
#2411 = DIRECTION ( 'NONE',  ( -0.5735764363510459374, 1.125546361681193966E-16, -0.8191520442889920206 ) ) ;
#2412 = CARTESIAN_POINT ( 'NONE',  ( 35.25000000000000000, -40.50000000000000000, 40.50000000000000000 ) ) ;
#2413 = CARTESIAN_POINT ( 'NONE',  ( -15.80000000000000782, -44.50000000000000000, 9.674709713264090115E-16 ) ) ;
#2414 = ORIENTED_EDGE ( 'NONE', *, *, #806, .T. ) ;
#2415 = CARTESIAN_POINT ( 'NONE',  ( 48.00000000000000711, 49.49999999999999289, -4.999999999999920952 ) ) ;
#2416 = DIRECTION ( 'NONE',  ( -6.123031769111888756E-17, -1.000000000000000000, 0.000000000000000000 ) ) ;
#2417 = EDGE_LOOP ( 'NONE', ( #2387, #3168, #2427, #1791 ) ) ;
#2418 = CARTESIAN_POINT ( 'NONE',  ( 29.00000000000001776, 44.22711910682179592, 58.00000000000001421 ) ) ;
#2419 = ORIENTED_EDGE ( 'NONE', *, *, #3163, .T. ) ;
#2420 = ORIENTED_EDGE ( 'NONE', *, *, #1729, .T. ) ;
#2421 = EDGE_CURVE ( 'NONE', #2718, #333, #132, .T. ) ;
#2422 = DIRECTION ( 'NONE',  ( 1.000000000000000000, -0.000000000000000000, -0.000000000000000000 ) ) ;
#2423 = CARTESIAN_POINT ( 'NONE',  ( -95.49999999999998579, 35.59603797019531868, -14.90798480077295984 ) ) ;
#2424 = CARTESIAN_POINT ( 'NONE',  ( 48.00000000000000000, -50.00000000000000000, -22.47372055837109883 ) ) ;
#2425 = CARTESIAN_POINT ( 'NONE',  ( -44.75000000000001421, 37.40512627446505434, 28.89308048817841268 ) ) ;
#2426 = CARTESIAN_POINT ( 'NONE',  ( 24.44999999999999574, 44.02846181658804880, 5.850507410976620210E-15 ) ) ;
#2427 = ORIENTED_EDGE ( 'NONE', *, *, #830, .T. ) ;
#2428 = CARTESIAN_POINT ( 'NONE',  ( 35.50000000000000711, 39.50000000000000000, 39.50000000000000000 ) ) ;
#2429 = FACE_OUTER_BOUND ( 'NONE', #278, .T. ) ;
#2430 = FACE_OUTER_BOUND ( 'NONE', #3321, .T. ) ;
#2431 = ORIENTED_EDGE ( 'NONE', *, *, #3332, .F. ) ;
#2432 = DIRECTION ( 'NONE',  ( -6.123031769111888756E-17, -1.000000000000000000, 0.000000000000000000 ) ) ;
#2433 = AXIS2_PLACEMENT_3D ( 'NONE', #432, #2093, #1552 ) ;
#2434 = ORIENTED_EDGE ( 'NONE', *, *, #805, .T. ) ;
#2435 = EDGE_LOOP ( 'NONE', ( #1904, #2833, #962, #2326 ) ) ;
#2436 = CARTESIAN_POINT ( 'NONE',  ( 16.31960893229435072, -40.50000000000000000, -55.67348127635710142 ) ) ;
#2437 = FACE_BOUND ( 'NONE', #2625, .T. ) ;
#2438 = ORIENTED_EDGE ( 'NONE', *, *, #2081, .F. ) ;
#2439 = EDGE_CURVE ( 'NONE', #1136, #238, #3327, .T. ) ;
#2440 = CIRCLE ( 'NONE', #3148, 15.00000000000000000 ) ;
#2441 = CARTESIAN_POINT ( 'NONE',  ( 35.50000000000000711, -40.00000000000000000, -22.47372055837109528 ) ) ;
#2442 = DIRECTION ( 'NONE',  ( -0.04361938736533599315, -1.337122346006055409E-16, 0.9990482215818577982 ) ) ;
#2443 = CIRCLE ( 'NONE', #3151, 1.000000000000000000 ) ;
#2444 = CARTESIAN_POINT ( 'NONE',  ( 42.50000000000000000, 44.50000000000000000, -5.999999999999920952 ) ) ;
#2445 = EDGE_CURVE ( 'NONE', #3000, #333, #1537, .T. ) ;
#2446 = ORIENTED_EDGE ( 'NONE', *, *, #2648, .T. ) ;
#2447 = LINE ( 'NONE', #3297, #3547 ) ;
#2448 = DIRECTION ( 'NONE',  ( -0.9990482215818577982, 0.000000000000000000, 0.04361938736533599315 ) ) ;
#2449 = LINE ( 'NONE', #491, #599 ) ;
#2450 = ORIENTED_EDGE ( 'NONE', *, *, #743, .F. ) ;
#2451 = DIRECTION ( 'NONE',  ( 0.000000000000000000, 0.9659258262890682012, 0.2588190451025210725 ) ) ;
#2452 = CIRCLE ( 'NONE', #3158, 25.39999999999999858 ) ;
#2453 = EDGE_CURVE ( 'NONE', #1448, #130, #2566, .T. ) ;
#2454 = EDGE_CURVE ( 'NONE', #3351, #150, #3041, .T. ) ;
#2455 = EDGE_LOOP ( 'NONE', ( #2784, #1489 ) ) ;
#2456 = VERTEX_POINT ( 'NONE', #1975 ) ;
#2457 = CARTESIAN_POINT ( 'NONE',  ( -15.80000000000000782, -44.50000000000000000, 9.674709713264090115E-16 ) ) ;
#2458 = CARTESIAN_POINT ( 'NONE',  ( 94.00000000000000000, 5.551115123125779547E-14, 7.843419788940609499E-14 ) ) ;
#2459 = VERTEX_POINT ( 'NONE', #240 ) ;
#2460 = CARTESIAN_POINT ( 'NONE',  ( -5.643565774175240080, 145.0931499289991962, 32.00625197289674873 ) ) ;
#2461 = CARTESIAN_POINT ( 'NONE',  ( -44.75000000000000000, -15.13504905501270059, -49.40512627446499749 ) ) ;
#2462 = DIRECTION ( 'NONE',  ( 0.000000000000000000, 0.000000000000000000, -1.000000000000000000 ) ) ;
#2463 = ORIENTED_EDGE ( 'NONE', *, *, #3270, .T. ) ;
#2464 = FACE_OUTER_BOUND ( 'NONE', #3466, .T. ) ;
#2465 = EDGE_CURVE ( 'NONE', #322, #2636, #1334, .T. ) ;
#2466 = ADVANCED_FACE ( 'NONE', ( #258 ), #533, .F. ) ;
#2467 = DIRECTION ( 'NONE',  ( -1.000000000000000000, 0.000000000000000000, 0.000000000000000000 ) ) ;
#2468 = DIRECTION ( 'NONE',  ( 0.000000000000000000, 0.000000000000000000, 1.000000000000000000 ) ) ;
#2469 = ORIENTED_EDGE ( 'NONE', *, *, #2407, .F. ) ;
#2470 = FACE_BOUND ( 'NONE', #1721, .T. ) ;
#2471 = ORIENTED_EDGE ( 'NONE', *, *, #2640, .T. ) ;
#2472 = VERTEX_POINT ( 'NONE', #1905 ) ;
#2473 = PLANE ( 'NONE',  #1594 ) ;
#2474 = CARTESIAN_POINT ( 'NONE',  ( 35.25000000000000000, -31.65474851953635493, -21.01729992565444149 ) ) ;
#2475 = PLANE ( 'NONE',  #2553 ) ;
#2476 = CARTESIAN_POINT ( 'NONE',  ( 35.50000000000000711, -44.50000000000000000, 12.00000000000000000 ) ) ;
#2477 = DIRECTION ( 'NONE',  ( 1.000000000000000000, 0.000000000000000000, 0.000000000000000000 ) ) ;
#2478 = ORIENTED_EDGE ( 'NONE', *, *, #1230, .F. ) ;
#2479 = CYLINDRICAL_SURFACE ( 'NONE', #81, 37.99671038392669686 ) ;
#2480 = DIRECTION ( 'NONE',  ( 0.000000000000000000, 0.000000000000000000, 1.000000000000000000 ) ) ;
#2481 = FACE_OUTER_BOUND ( 'NONE', #1083, .T. ) ;
#2482 = ORIENTED_EDGE ( 'NONE', *, *, #2934, .F. ) ;
#2483 = EDGE_CURVE ( 'NONE', #1786, #3239, #3074, .T. ) ;
#2484 = DIRECTION ( 'NONE',  ( 0.000000000000000000, 0.7660444431189777914, -0.6427876096865395850 ) ) ;
#2485 = ORIENTED_EDGE ( 'NONE', *, *, #3485, .T. ) ;
#2486 = ORIENTED_EDGE ( 'NONE', *, *, #139, .T. ) ;
#2487 = CARTESIAN_POINT ( 'NONE',  ( 15.79999999999999893, -44.50000000000000000, 0.000000000000000000 ) ) ;
#2488 = AXIS2_PLACEMENT_3D ( 'NONE', #3392, #2026, #1792 ) ;
#2489 = CARTESIAN_POINT ( 'NONE',  ( -92.50000000000000000, 36.15474851953636914, -11.68692258420011854 ) ) ;
#2490 = DIRECTION ( 'NONE',  ( -0.000000000000000000, -1.000000000000000000, -1.261617073437677999E-16 ) ) ;
#2491 = AXIS2_PLACEMENT_3D ( 'NONE', #3035, #281, #35 ) ;
#2492 = AXIS2_PLACEMENT_3D ( 'NONE', #3494, #1806, #2900 ) ;
#2493 = DIRECTION ( 'NONE',  ( -0.000000000000000000, -0.000000000000000000, -1.000000000000000000 ) ) ;
#2494 = DIRECTION ( 'NONE',  ( 0.000000000000000000, -1.387778780781446464E-14, 1.000000000000000000 ) ) ;
#2495 = VECTOR ( 'NONE', #1091, 1000.000000000000114 ) ;
#2496 = AXIS2_PLACEMENT_3D ( 'NONE', #1563, #3284, #801 ) ;
#2497 = ORIENTED_EDGE ( 'NONE', *, *, #952, .T. ) ;
#2498 = LINE ( 'NONE', #1204, #461 ) ;
#2499 = CIRCLE ( 'NONE', #1932, 4.999999999999997335 ) ;
#2500 = CARTESIAN_POINT ( 'NONE',  ( 35.50000000000000711, -35.00000000000000000, 39.50000000000000000 ) ) ;
#2501 = CARTESIAN_POINT ( 'NONE',  ( -14.50870616770669308, 58.36653620833541112, -24.24509794509179983 ) ) ;
#2502 = AXIS2_PLACEMENT_3D ( 'NONE', #1254, #1095, #1837 ) ;
#2503 = ORIENTED_EDGE ( 'NONE', *, *, #805, .F. ) ;
#2504 = CARTESIAN_POINT ( 'NONE',  ( 89.50000000000000000, 6.069753042564683909E-14, -42.19999999999991758 ) ) ;
#2505 = EDGE_CURVE ( 'NONE', #2718, #3129, #3244, .T. ) ;
#2506 = CARTESIAN_POINT ( 'NONE',  ( 14.07403659163935927, 43.57543747059479955, -24.71966501988795173 ) ) ;
#2507 = ORIENTED_EDGE ( 'NONE', *, *, #2207, .F. ) ;
#2508 = VECTOR ( 'NONE', #1408, 1000.000000000000114 ) ;
#2509 = ORIENTED_EDGE ( 'NONE', *, *, #2264, .F. ) ;
#2510 = EDGE_CURVE ( 'NONE', #302, #1428, #3556, .T. ) ;
#2511 = ADVANCED_FACE ( 'NONE', ( #1087 ), #2473, .T. ) ;
#2512 = CARTESIAN_POINT ( 'NONE',  ( 48.00000000000000000, 49.50000000000000000, 5.000000000000099476 ) ) ;
#2513 = DIRECTION ( 'NONE',  ( -0.000000000000000000, -1.000000000000000000, -0.000000000000000000 ) ) ;
#2514 = ORIENTED_EDGE ( 'NONE', *, *, #1746, .T. ) ;
#2515 = CARTESIAN_POINT ( 'NONE',  ( 35.50000000000000711, -35.00000000000000000, -51.50000000000000711 ) ) ;
#2516 = CARTESIAN_POINT ( 'NONE',  ( 35.50000000000000711, -44.50000000000004974, 12.00000000000002487 ) ) ;
#2517 = DIRECTION ( 'NONE',  ( -1.000000000000000000, 0.000000000000000000, -0.000000000000000000 ) ) ;
#2518 = EDGE_LOOP ( 'NONE', ( #32, #2267, #519, #2194, #441 ) ) ;
#2519 = CARTESIAN_POINT ( 'NONE',  ( -95.60272413089333554, 14.84727077033284637, -37.04616838700318482 ) ) ;
#2520 = LINE ( 'NONE', #324, #946 ) ;
#2521 = DIRECTION ( 'NONE',  ( -6.123031769111888756E-17, -1.000000000000000000, 0.000000000000000000 ) ) ;
#2522 = EDGE_CURVE ( 'NONE', #3237, #2722, #2030, .T. ) ;
#2523 = VERTEX_POINT ( 'NONE', #2709 ) ;
#2524 = DIRECTION ( 'NONE',  ( -1.000000000000000000, 0.000000000000000000, 0.000000000000000000 ) ) ;
#2525 = DIRECTION ( 'NONE',  ( 0.000000000000000000, 0.9659258262890682012, 0.2588190451025211281 ) ) ;
#2526 = ORIENTED_EDGE ( 'NONE', *, *, #26, .F. ) ;
#2527 = EDGE_CURVE ( 'NONE', #1189, #1718, #886, .T. ) ;
#2528 = VERTEX_POINT ( 'NONE', #331 ) ;
#2529 = DIRECTION ( 'NONE',  ( 0.7071067811865462405, -0.7071067811865489050, -5.239451076355985874E-33 ) ) ;
#2530 = CARTESIAN_POINT ( 'NONE',  ( -10.18496614732763739, -38.01626653699137393, -37.11477800856054898 ) ) ;
#2531 = ORIENTED_EDGE ( 'NONE', *, *, #1614, .F. ) ;
#2532 = EDGE_CURVE ( 'NONE', #555, #617, #2589, .T. ) ;
#2533 = ADVANCED_FACE ( 'NONE', ( #2546 ), #2325, .T. ) ;
#2534 = CARTESIAN_POINT ( 'NONE',  ( 22.67738662368720526, -44.50000000000002132, 37.00000000000000000 ) ) ;
#2535 = FACE_OUTER_BOUND ( 'NONE', #3339, .T. ) ;
#2536 = PLANE ( 'NONE',  #1928 ) ;
#2537 = EDGE_LOOP ( 'NONE', ( #3316, #2273, #1517, #766 ) ) ;
#2538 = CARTESIAN_POINT ( 'NONE',  ( 22.67738662368719815, 145.0931499289991962, 37.00000000000000000 ) ) ;
#2539 = CARTESIAN_POINT ( 'NONE',  ( -90.56015718097694389, 39.00700991001045992, -30.30101962714982733 ) ) ;
#2540 = DIRECTION ( 'NONE',  ( 0.02617694830787311092, -0.9996573249755573709, 0.000000000000000000 ) ) ;
#2541 = ORIENTED_EDGE ( 'NONE', *, *, #2510, .F. ) ;
#2542 = DIRECTION ( 'NONE',  ( 1.000000000000000000, 0.000000000000000000, -0.000000000000000000 ) ) ;
#2543 = CARTESIAN_POINT ( 'NONE',  ( 13.37508901058584954, 59.58396899768747801, -24.71966501988795173 ) ) ;
#2544 = ORIENTED_EDGE ( 'NONE', *, *, #1157, .T. ) ;
#2545 = VERTEX_POINT ( 'NONE', #59 ) ;
#2546 = FACE_OUTER_BOUND ( 'NONE', #666, .T. ) ;
#2547 = APPLICATION_PROTOCOL_DEFINITION ( 'international standard', 'config_control_design', 1994, #2255 ) ;
#2548 = ORIENTED_EDGE ( 'NONE', *, *, #2527, .F. ) ;
#2549 = DIRECTION ( 'NONE',  ( 7.796510004390139868E-17, 1.000000000000000000, 0.000000000000000000 ) ) ;
#2550 = CARTESIAN_POINT ( 'NONE',  ( -28.38455848906268386, -37.22165517480066654, 32.20526960779706371 ) ) ;
#2551 = CARTESIAN_POINT ( 'NONE',  ( -95.50000000000002842, 4.948943685653483193, -38.29561893485561797 ) ) ;
#2552 = EDGE_CURVE ( 'NONE', #1336, #1886, #2, .T. ) ;
#2553 = AXIS2_PLACEMENT_3D ( 'NONE', #3575, #1588, #1049 ) ;
#2554 = VERTEX_POINT ( 'NONE', #2874 ) ;
#2555 = CARTESIAN_POINT ( 'NONE',  ( -100.4797853370397291, -9.176873544842271357, -24.52299785058256276 ) ) ;
#2556 = DIRECTION ( 'NONE',  ( -0.04361938736533599315, 0.2585727067211884278, 0.9650064789340800919 ) ) ;
#2557 = VECTOR ( 'NONE', #2782, 1000.000000000000000 ) ;
#2558 = AXIS2_PLACEMENT_3D ( 'NONE', #2500, #3337, #1146 ) ;
#2559 = ADVANCED_FACE ( 'NONE', ( #2570 ), #1826, .T. ) ;
#2560 = DIRECTION ( 'NONE',  ( 1.000000000000000000, 0.000000000000000000, 0.000000000000000000 ) ) ;
#2561 = EDGE_CURVE ( 'NONE', #2676, #1939, #923, .T. ) ;
#2562 = ORIENTED_EDGE ( 'NONE', *, *, #1073, .F. ) ;
#2563 = VECTOR ( 'NONE', #296, 1000.000000000000000 ) ;
#2564 = DIRECTION ( 'NONE',  ( -6.123031769111888756E-17, -1.000000000000000000, 0.000000000000000000 ) ) ;
#2565 = VECTOR ( 'NONE', #356, 1000.000000000000114 ) ;
#2566 = CIRCLE ( 'NONE', #2223, 29.00000000000000000 ) ;
#2567 = CARTESIAN_POINT ( 'NONE',  ( 48.00000000000000000, -50.00000000000000000, 22.47372055837124805 ) ) ;
#2568 = ORIENTED_EDGE ( 'NONE', *, *, #3398, .F. ) ;
#2569 = ORIENTED_EDGE ( 'NONE', *, *, #3048, .F. ) ;
#2570 = FACE_OUTER_BOUND ( 'NONE', #2537, .T. ) ;
#2571 = EDGE_CURVE ( 'NONE', #290, #724, #2310, .T. ) ;
#2572 = ORIENTED_EDGE ( 'NONE', *, *, #1139, .F. ) ;
#2573 = CARTESIAN_POINT ( 'NONE',  ( 28.50000000000000355, 45.79999999999999716, 7.347638122934260394E-15 ) ) ;
#2574 = AXIS2_PLACEMENT_3D ( 'NONE', #3527, #227, #1367 ) ;
#2575 = CARTESIAN_POINT ( 'NONE',  ( 48.00000000000000000, 49.50000000000000000, 9.627715291671278112E-14 ) ) ;
#2576 = CARTESIAN_POINT ( 'NONE',  ( -95.50000000000000000, 15.25441091295905593, -35.57142286935951603 ) ) ;
#2577 = ORIENTED_EDGE ( 'NONE', *, *, #2992, .F. ) ;
#2578 = DIRECTION ( 'NONE',  ( 6.123031769111888756E-17, 1.000000000000000000, 0.000000000000000000 ) ) ;
#2579 = CARTESIAN_POINT ( 'NONE',  ( 15.00000000000000000, -44.83137084989847665, -3.673940397442059967E-15 ) ) ;
#2580 = DIRECTION ( 'NONE',  ( 0.9993150019883699775, 0.02616798426497120647, -0.02616798426497983499 ) ) ;
#2581 = ORIENTED_EDGE ( 'NONE', *, *, #386, .F. ) ;
#2582 = CARTESIAN_POINT ( 'NONE',  ( 35.25000000000000000, -35.00000000000000000, 39.50000000000000000 ) ) ;
#2583 = EDGE_CURVE ( 'NONE', #1129, #1108, #1999, .T. ) ;
#2584 = ADVANCED_FACE ( 'NONE', ( #961 ), #1725, .F. ) ;
#2585 = ADVANCED_FACE ( 'NONE', ( #2290 ), #189, .T. ) ;
#2586 = DIRECTION ( 'NONE',  ( 6.123031769111888756E-17, 1.000000000000000000, 0.000000000000000000 ) ) ;
#2587 = ORIENTED_EDGE ( 'NONE', *, *, #1456, .F. ) ;
#2588 = LINE ( 'NONE', #614, #2685 ) ;
#2589 = LINE ( 'NONE', #2832, #1583 ) ;
#2590 =( LENGTH_UNIT ( ) NAMED_UNIT ( * ) SI_UNIT ( .MILLI., .METRE. ) );
#2591 = EDGE_LOOP ( 'NONE', ( #3286, #2088 ) ) ;
#2592 = CARTESIAN_POINT ( 'NONE',  ( -15.33137084989847665, -44.49999999999999289, 30.66274169979695330 ) ) ;
#2593 = CARTESIAN_POINT ( 'NONE',  ( 35.50000000000000711, -40.00000000000000000, 22.47372055837124805 ) ) ;
#2594 = CARTESIAN_POINT ( 'NONE',  ( -95.50000000000000000, -31.17888404758378584, -22.93153666003155777 ) ) ;
#2595 = EDGE_LOOP ( 'NONE', ( #1312, #1041, #1982, #2208 ) ) ;
#2596 = CARTESIAN_POINT ( 'NONE',  ( 75.00000000000000000, 5.551115123125779547E-14, 7.843419788940609499E-14 ) ) ;
#2597 = DIRECTION ( 'NONE',  ( 0.000000000000000000, -0.7660444431189783465, -0.6427876096865389188 ) ) ;
#2598 = CARTESIAN_POINT ( 'NONE',  ( 3.469446951953614189E-15, 60.00000000000000000, 7.347638122934260394E-15 ) ) ;
#2599 = ORIENTED_EDGE ( 'NONE', *, *, #2949, .F. ) ;
#2600 = CARTESIAN_POINT ( 'NONE',  ( -87.36386321262290267, 19.05212756309832400, -51.14656311848158765 ) ) ;
#2601 = EDGE_CURVE ( 'NONE', #2987, #1849, #475, .T. ) ;
#2602 = ORIENTED_EDGE ( 'NONE', *, *, #722, .T. ) ;
#2603 = CARTESIAN_POINT ( 'NONE',  ( 35.50000000000000711, 44.50000000000000000, -51.50000000000000711 ) ) ;
#2604 = DIRECTION ( 'NONE',  ( -1.217349807703022609E-16, -1.000000000000000000, -7.409702771572932374E-33 ) ) ;
#2605 = ORIENTED_EDGE ( 'NONE', *, *, #2805, .F. ) ;
#2606 = CARTESIAN_POINT ( 'NONE',  ( -15.00000000000000355, -44.83137084989847665, 1.836970198721029983E-15 ) ) ;
#2607 = EDGE_CURVE ( 'NONE', #2357, #1221, #3116, .T. ) ;
#2608 = CARTESIAN_POINT ( 'NONE',  ( 3.469446951953614189E-15, 60.00000000000000000, 25.45000000000000995 ) ) ;
#2609 = CARTESIAN_POINT ( 'NONE',  ( -86.66475878278211553, 36.30754968838773777, -34.21960579474070840 ) ) ;
#2610 = ORIENTED_EDGE ( 'NONE', *, *, #1165, .T. ) ;
#2611 = DIRECTION ( 'NONE',  ( 0.000000000000000000, 0.000000000000000000, 1.000000000000000000 ) ) ;
#2612 = CARTESIAN_POINT ( 'NONE',  ( 35.25000000000000000, -40.00000000000000711, 44.50000000000002132 ) ) ;
#2613 = CARTESIAN_POINT ( 'NONE',  ( -95.04953743651040554, -35.57200134596581620, 17.58459989161008608 ) ) ;
#2614 = VECTOR ( 'NONE', #1772, 1000.000000000000000 ) ;
#2615 = ORIENTED_EDGE ( 'NONE', *, *, #3020, .F. ) ;
#2616 = CARTESIAN_POINT ( 'NONE',  ( -89.42467944918307410, -3.848954132556246854, -51.05658593843220672 ) ) ;
#2617 = AXIS2_PLACEMENT_3D ( 'NONE', #3349, #2477, #2462 ) ;
#2618 = VECTOR ( 'NONE', #1909, 1000.000000000000114 ) ;
#2619 = VECTOR ( 'NONE', #2513, 1000.000000000000000 ) ;
#2620 = EDGE_LOOP ( 'NONE', ( #101, #1151, #226 ) ) ;
#2621 = LINE ( 'NONE', #1799, #18 ) ;
#2622 = CIRCLE ( 'NONE', #949, 42.50000000000000000 ) ;
#2623 = DIRECTION ( 'NONE',  ( 0.9996573249755572599, 0.02617694830787310745, 0.000000000000000000 ) ) ;
#2624 = APPROVAL_DATE_TIME ( #2000, #2061 ) ;
#2625 = EDGE_LOOP ( 'NONE', ( #2852, #2084 ) ) ;
#2626 = CIRCLE ( 'NONE', #1064, 42.50000000000001421 ) ;
#2627 = CYLINDRICAL_SURFACE ( 'NONE', #2212, 4.999999999999997335 ) ;
#2628 = ADVANCED_FACE ( 'NONE', ( #1471 ), #83, .T. ) ;
#2629 = EDGE_CURVE ( 'NONE', #3129, #3000, #464, .T. ) ;
#2630 = CARTESIAN_POINT ( 'NONE',  ( -83.10575136189437728, -32.20602971138580273, -51.62563065769103332 ) ) ;
#2631 = CARTESIAN_POINT ( 'NONE',  ( -86.02728208540833066, 22.29699672911788255, -45.99764666811343261 ) ) ;
#2632 = ORIENTED_EDGE ( 'NONE', *, *, #1967, .T. ) ;
#2633 = DIRECTION ( 'NONE',  ( -0.000000000000000000, 1.000000000000000000, 0.000000000000000000 ) ) ;
#2634 = DIRECTION ( 'NONE',  ( 1.000000000000000000, 0.000000000000000000, 0.000000000000000000 ) ) ;
#2635 = CARTESIAN_POINT ( 'NONE',  ( 48.00000000000000000, 44.50000000000000000, 6.000000000000100364 ) ) ;
#2636 = VERTEX_POINT ( 'NONE', #2854 ) ;
#2637 = CARTESIAN_POINT ( 'NONE',  ( 35.25000000000000000, -35.00000000000000000, -56.50000000000000000 ) ) ;
#2638 = VERTEX_POINT ( 'NONE', #3438 ) ;
#2639 = CYLINDRICAL_SURFACE ( 'NONE', #3213, 42.50000000000000000 ) ;
#2640 = EDGE_CURVE ( 'NONE', #3275, #310, #2285, .T. ) ;
#2641 = DIRECTION ( 'NONE',  ( 0.02617694830787318724, 0.7986534766831249188, 0.6012215827456998118 ) ) ;
#2642 = SECURITY_CLASSIFICATION_LEVEL ( 'unclassified' ) ;
#2643 = EDGE_CURVE ( 'NONE', #1221, #2554, #239, .T. ) ;
#2644 = ORIENTED_EDGE ( 'NONE', *, *, #3522, .F. ) ;
#2645 = CARTESIAN_POINT ( 'NONE',  ( 15.79999999999999893, -44.50000000000000000, 31.59999999999999787 ) ) ;
#2646 = CARTESIAN_POINT ( 'NONE',  ( -88.30154280347046836, 39.54332917443998952, 35.32934554062326526 ) ) ;
#2647 = FACE_OUTER_BOUND ( 'NONE', #2620, .T. ) ;
#2648 = EDGE_CURVE ( 'NONE', #647, #1162, #1740, .T. ) ;
#2649 = ADVANCED_FACE ( 'NONE', ( #1784 ), #253, .T. ) ;
#2650 = ORIENTED_EDGE ( 'NONE', *, *, #2731, .F. ) ;
#2651 = DIRECTION ( 'NONE',  ( 0.000000000000000000, 0.000000000000000000, -1.000000000000000000 ) ) ;
#2652 = LINE ( 'NONE', #160, #473 ) ;
#2653 = CARTESIAN_POINT ( 'NONE',  ( 28.99999999999999645, 44.22711910682179592, -58.00000000000001421 ) ) ;
#2654 = ORIENTED_EDGE ( 'NONE', *, *, #1302, .T. ) ;
#2655 = CARTESIAN_POINT ( 'NONE',  ( -90.32441217534650946, -34.51730275924224145, -35.48318440338920254 ) ) ;
#2656 = CARTESIAN_POINT ( 'NONE',  ( -44.75000000000001421, 37.40512627446505434, -34.73141416224018485 ) ) ;
#2657 = ORIENTED_EDGE ( 'NONE', *, *, #3163, .F. ) ;
#2658 = CYLINDRICAL_SURFACE ( 'NONE', #2796, 27.50000000000000000 ) ;
#2659 = EDGE_LOOP ( 'NONE', ( #1168, #3325, #257, #19 ) ) ;
#2660 = CARTESIAN_POINT ( 'NONE',  ( 48.00000000000000000, 5.551115123125779547E-14, 7.843419788940609499E-14 ) ) ;
#2661 = CARTESIAN_POINT ( 'NONE',  ( -95.50000000000001421, 36.66309284167272153, -12.04811875566055157 ) ) ;
#2662 = CARTESIAN_POINT ( 'NONE',  ( 35.25000000000000000, 145.0931499289991962, -43.00000000000000000 ) ) ;
#2663 = B_SPLINE_CURVE_WITH_KNOTS ( 'NONE', 3,
 ( #541, #1927, #1693, #1127, #1661 ),
 .UNSPECIFIED., .F., .F.,
 ( 4, 1, 4 ),
 ( 8.673617379884035472E-18, 0.01451957890682265516, 0.02903915781364529991 ),
 .UNSPECIFIED. ) ;
#2664 = PLANE ( 'NONE',  #1872 ) ;
#2665 = CARTESIAN_POINT ( 'NONE',  ( -44.75000000000001421, 19.91767714802790934, -49.40512627446504723 ) ) ;
#2666 = ORIENTED_EDGE ( 'NONE', *, *, #433, .F. ) ;
#2667 = LINE ( 'NONE', #1577, #1778 ) ;
#2668 = EDGE_CURVE ( 'NONE', #1207, #1783, #2359, .T. ) ;
#2669 = EDGE_CURVE ( 'NONE', #302, #1498, #1611, .T. ) ;
#2670 = FACE_OUTER_BOUND ( 'NONE', #1664, .T. ) ;
#2671 = ORIENTED_EDGE ( 'NONE', *, *, #631, .F. ) ;
#2672 = DIRECTION ( 'NONE',  ( 1.734723475976804876E-16, 0.000000000000000000, 1.000000000000000000 ) ) ;
#2673 = VECTOR ( 'NONE', #1686, 1000.000000000000000 ) ;
#2674 = AXIS2_PLACEMENT_3D ( 'NONE', #3577, #301, #2494 ) ;
#2675 = AXIS2_PLACEMENT_3D ( 'NONE', #506, #201, #2448 ) ;
#2676 = VERTEX_POINT ( 'NONE', #1369 ) ;
#2677 = AXIS2_PLACEMENT_3D ( 'NONE', #3291, #7, #2726 ) ;
#2678 = CARTESIAN_POINT ( 'NONE',  ( -44.75000000000001421, -32.90512627446503302, -25.79962979938906287 ) ) ;
#2679 = CARTESIAN_POINT ( 'NONE',  ( -95.50000000000001421, 28.80974409149831317, 25.71133089346225375 ) ) ;
#2680 = ADVANCED_FACE ( 'NONE', ( #428 ), #1350, .F. ) ;
#2681 = AXIS2_PLACEMENT_3D ( 'NONE', #3374, #1698, #2222 ) ;
#2682 = DIRECTION ( 'NONE',  ( 0.000000000000000000, 0.000000000000000000, 1.000000000000000000 ) ) ;
#2683 = DIRECTION ( 'NONE',  ( 0.000000000000000000, 0.000000000000000000, 1.000000000000000000 ) ) ;
#2684 = CARTESIAN_POINT ( 'NONE',  ( 42.50000000000000000, 49.50000000000000000, 5.000000000000099476 ) ) ;
#2685 = VECTOR ( 'NONE', #389, 1000.000000000000114 ) ;
#2686 = ORIENTED_EDGE ( 'NONE', *, *, #163, .F. ) ;
#2687 = DIRECTION ( 'NONE',  ( -1.000000000000000000, 0.000000000000000000, 0.000000000000000000 ) ) ;
#2688 = FACE_OUTER_BOUND ( 'NONE', #36, .T. ) ;
#2689 = ORIENTED_EDGE ( 'NONE', *, *, #181, .T. ) ;
#2690 = EDGE_CURVE ( 'NONE', #2676, #2287, #1386, .T. ) ;
#2691 = PLANE ( 'NONE',  #834 ) ;
#2692 = VERTEX_POINT ( 'NONE', #976 ) ;
#2693 = LINE ( 'NONE', #3240, #2342 ) ;
#2694 = CARTESIAN_POINT ( 'NONE',  ( -95.49999999999994316, 29.81511733801936614, 24.53839823468025116 ) ) ;
#2695 = CARTESIAN_POINT ( 'NONE',  ( 6.837225649608835496E-15, 58.26794919243119608, 27.50000000000000711 ) ) ;
#2696 = CARTESIAN_POINT ( 'NONE',  ( 35.50000000000000711, 45.50000000000000000, 5.000000000000099476 ) ) ;
#2697 = PLANE ( 'NONE',  #1985 ) ;
#2698 = ORIENTED_EDGE ( 'NONE', *, *, #2859, .F. ) ;
#2699 = CARTESIAN_POINT ( 'NONE',  ( 42.50000000000000000, 49.50000000000000000, 5.000000000000099476 ) ) ;
#2700 = DIRECTION ( 'NONE',  ( 1.000000000000000000, -0.000000000000000000, -0.000000000000000000 ) ) ;
#2701 = CARTESIAN_POINT ( 'NONE',  ( -95.49999999999998579, -28.56083721489332916, 26.02313149586269603 ) ) ;
#2702 = EDGE_LOOP ( 'NONE', ( #2602, #3266, #508, #1887, #2857, #2050 ) ) ;
#2703 = CARTESIAN_POINT ( 'NONE',  ( -90.58099766718068224, 31.06838704653210215, 29.34854184319475223 ) ) ;
#2704 = EDGE_CURVE ( 'NONE', #1783, #1132, #2449, .T. ) ;
#2705 = PERSON_AND_ORGANIZATION ( #276, #3429 ) ;
#2706 = EDGE_LOOP ( 'NONE', ( #2137, #3558, #713, #3053 ) ) ;
#2707 = ORIENTED_EDGE ( 'NONE', *, *, #2103, .T. ) ;
#2708 = EDGE_CURVE ( 'NONE', #1877, #751, #953, .T. ) ;
#2709 = CARTESIAN_POINT ( 'NONE',  ( 75.30000000000001137, 6.071590012763404557E-14, -42.49999999999993605 ) ) ;
#2710 = CARTESIAN_POINT ( 'NONE',  ( -93.44546843962545779, -23.16366445407467367, 27.23609548369637778 ) ) ;
#2711 = DIRECTION ( 'NONE',  ( 0.000000000000000000, -8.881784197001252323E-16, 1.000000000000000000 ) ) ;
#2712 = DIRECTION ( 'NONE',  ( 6.123031769111888756E-17, 1.000000000000000000, 0.000000000000000000 ) ) ;
#2713 = CARTESIAN_POINT ( 'NONE',  ( 8.804541250089334525, 38.80750129131367743, -44.30750129131367032 ) ) ;
#2714 = ORIENTED_EDGE ( 'NONE', *, *, #1191, .T. ) ;
#2715 = CARTESIAN_POINT ( 'NONE',  ( -92.46509788471892932, 20.40144712261930593, 32.15566246358972080 ) ) ;
#2716 = FACE_OUTER_BOUND ( 'NONE', #1113, .T. ) ;
#2717 = CARTESIAN_POINT ( 'NONE',  ( -95.50000000000001421, -26.37082746766750319, 28.17074504455806050 ) ) ;
#2718 = VERTEX_POINT ( 'NONE', #2892 ) ;
#2719 = LINE ( 'NONE', #1650, #2292 ) ;
#2720 = VECTOR ( 'NONE', #3216, 1000.000000000000000 ) ;
#2721 = AXIS2_PLACEMENT_3D ( 'NONE', #1218, #3455, #1768 ) ;
#2722 = VERTEX_POINT ( 'NONE', #3272 ) ;
#2723 = EDGE_LOOP ( 'NONE', ( #2830, #3505, #3400, #1727 ) ) ;
#2724 = AXIS2_PLACEMENT_3D ( 'NONE', #2868, #1187, #915 ) ;
#2725 = VECTOR ( 'NONE', #167, 1000.000000000000000 ) ;
#2726 = DIRECTION ( 'NONE',  ( 1.000000000000000000, 0.000000000000000000, 0.000000000000000000 ) ) ;
#2727 = CARTESIAN_POINT ( 'NONE',  ( 48.00000000000000711, 49.49999999999999289, 44.50000000000000000 ) ) ;
#2728 = AXIS2_PLACEMENT_3D ( 'NONE', #633, #3173, #1215 ) ;
#2729 = VECTOR ( 'NONE', #3045, 1000.000000000000000 ) ;
#2730 = ADVANCED_FACE ( 'NONE', ( #2430 ), #828, .F. ) ;
#2731 = EDGE_CURVE ( 'NONE', #3239, #3567, #2916, .T. ) ;
#2732 = DIRECTION ( 'NONE',  ( -1.000000000000000000, 0.000000000000000000, 0.000000000000000000 ) ) ;
#2733 = DIRECTION ( 'NONE',  ( -0.9996573249755572599, 0.000000000000000000, -0.02617694830787315949 ) ) ;
#2734 = LINE ( 'NONE', #2804, #3480 ) ;
#2735 = ORIENTED_EDGE ( 'NONE', *, *, #1663, .F. ) ;
#2736 = CARTESIAN_POINT ( 'NONE',  ( 35.25000000000000000, -39.99999999999999289, -56.50000000000001421 ) ) ;
#2737 = CARTESIAN_POINT ( 'NONE',  ( 13.84942240719886186, 59.60467884103675829, -24.24453095608262743 ) ) ;
#2738 = CARTESIAN_POINT ( 'NONE',  ( 35.50000000000000711, 44.50000000000000000, -51.50000000000000711 ) ) ;
#2739 = AXIS2_PLACEMENT_3D ( 'NONE', #2031, #3376, #2812 ) ;
#2740 = ORIENTED_EDGE ( 'NONE', *, *, #3096, .F. ) ;
#2741 = DIRECTION ( 'NONE',  ( 1.000000000000000000, -0.000000000000000000, -0.000000000000000000 ) ) ;
#2742 = AXIS2_PLACEMENT_3D ( 'NONE', #1624, #213, #1326 ) ;
#2743 = ORIENTED_EDGE ( 'NONE', *, *, #774, .F. ) ;
#2744 = ORIENTED_EDGE ( 'NONE', *, *, #774, .T. ) ;
#2745 = DIRECTION ( 'NONE',  ( 0.000000000000000000, 0.000000000000000000, 1.000000000000000000 ) ) ;
#2746 = DIRECTION ( 'NONE',  ( -0.000000000000000000, -0.000000000000000000, -1.000000000000000000 ) ) ;
#2747 = LINE ( 'NONE', #1873, #289 ) ;
#2748 = CARTESIAN_POINT ( 'NONE',  ( 23.11788603124844954, 145.0931499289991962, -43.00000000000000000 ) ) ;
#2749 = CARTESIAN_POINT ( 'NONE',  ( -85.98875320672171085, 16.70409500791233270, -48.32525151738280300 ) ) ;
#2750 = EDGE_CURVE ( 'NONE', #1252, #1705, #727, .T. ) ;
#2751 = ORIENTED_EDGE ( 'NONE', *, *, #532, .F. ) ;
#2752 = DIRECTION ( 'NONE',  ( -6.123031769111888756E-17, -1.000000000000000000, 0.000000000000000000 ) ) ;
#2753 = DIRECTION ( 'NONE',  ( 1.000000000000000000, 0.000000000000000000, 0.000000000000000000 ) ) ;
#2754 = DIRECTION ( 'NONE',  ( 0.000000000000000000, -0.7481640027489749878, -0.6635138468718129179 ) ) ;
#2755 = ORIENTED_EDGE ( 'NONE', *, *, #2522, .T. ) ;
#2756 = DIRECTION ( 'NONE',  ( 0.000000000000000000, 0.000000000000000000, 1.000000000000000000 ) ) ;
#2757 = ORIENTED_EDGE ( 'NONE', *, *, #2324, .F. ) ;
#2758 = ORIENTED_EDGE ( 'NONE', *, *, #111, .F. ) ;
#2759 = CARTESIAN_POINT ( 'NONE',  ( -24.44999999999999574, 57.93248994588690692, 14.16067897482127691 ) ) ;
#2760 = DIRECTION ( 'NONE',  ( -0.000000000000000000, -1.000000000000000000, -1.261617073437677999E-16 ) ) ;
#2761 = DIRECTION ( 'NONE',  ( -1.000000000000000000, 0.000000000000000000, -0.000000000000000000 ) ) ;
#2762 = LINE ( 'NONE', #2461, #3434 ) ;
#2763 = FACE_OUTER_BOUND ( 'NONE', #2345, .T. ) ;
#2764 = EDGE_LOOP ( 'NONE', ( #1616, #783, #1592, #735 ) ) ;
#2765 = PLANE ( 'NONE',  #669 ) ;
#2766 = DIRECTION ( 'NONE',  ( -1.000000000000000000, 0.000000000000000000, 0.000000000000000000 ) ) ;
#2767 = CARTESIAN_POINT ( 'NONE',  ( 2.724749137254790583E-15, 44.50000000000000000, 7.347638122934260394E-15 ) ) ;
#2768 = ORIENTED_EDGE ( 'NONE', *, *, #2062, .T. ) ;
#2769 = CARTESIAN_POINT ( 'NONE',  ( 48.00000000000000000, 39.50000000000000000, 39.50000000000000000 ) ) ;
#2770 = EDGE_CURVE ( 'NONE', #3211, #2190, #2106, .T. ) ;
#2771 = EDGE_CURVE ( 'NONE', #2400, #250, #1416, .T. ) ;
#2772 = DIRECTION ( 'NONE',  ( 0.000000000000000000, 0.000000000000000000, 1.000000000000000000 ) ) ;
#2773 = ORIENTED_EDGE ( 'NONE', *, *, #1230, .T. ) ;
#2774 = ORIENTED_EDGE ( 'NONE', *, *, #619, .T. ) ;
#2775 = LINE ( 'NONE', #3058, #2053 ) ;
#2776 = DIRECTION ( 'NONE',  ( -1.000000000000000000, 0.000000000000000000, -0.000000000000000000 ) ) ;
#2777 = CARTESIAN_POINT ( 'NONE',  ( -0.2333108665778826085, 53.64346401506606554, 24.44917220760962095 ) ) ;
#2778 = AXIS2_PLACEMENT_3D ( 'NONE', #3510, #2941, #2955 ) ;
#2779 = VECTOR ( 'NONE', #3157, 999.9999999999998863 ) ;
#2780 = DIRECTION ( 'NONE',  ( 0.02617694830787316296, 1.352198246167818870E-16, -0.9996573249755573709 ) ) ;
#2781 = ADVANCED_FACE ( 'NONE', ( #3566 ), #686, .T. ) ;
#2782 = DIRECTION ( 'NONE',  ( 0.000000000000000000, 0.000000000000000000, 1.000000000000000000 ) ) ;
#2783 = AXIS2_PLACEMENT_3D ( 'NONE', #1247, #3410, #1793 ) ;
#2784 = ORIENTED_EDGE ( 'NONE', *, *, #2505, .F. ) ;
#2785 = DIRECTION ( 'NONE',  ( 0.9396926207859083169, 0.000000000000000000, -0.3420201433256691570 ) ) ;
#2786 = VECTOR ( 'NONE', #2296, 1000.000000000000114 ) ;
#2787 = DIRECTION ( 'NONE',  ( 0.000000000000000000, 0.000000000000000000, -1.000000000000000000 ) ) ;
#2788 = CARTESIAN_POINT ( 'NONE',  ( -90.32441217534650946, -34.51730275924224145, -35.48318440338920254 ) ) ;
#2789 = AXIS2_PLACEMENT_3D ( 'NONE', #2767, #2521, #2560 ) ;
#2790 = ORIENTED_EDGE ( 'NONE', *, *, #2956, .T. ) ;
#2791 = DIRECTION ( 'NONE',  ( -0.5735764363510459374, 1.125546361681193966E-16, -0.8191520442889920206 ) ) ;
#2792 = EDGE_CURVE ( 'NONE', #3343, #383, #981, .T. ) ;
#2793 = DIRECTION ( 'NONE',  ( 1.000000000000000000, -0.000000000000000000, -0.000000000000000000 ) ) ;
#2794 = ADVANCED_FACE ( 'NONE', ( #137 ), #1131, .F. ) ;
#2795 = ORIENTED_EDGE ( 'NONE', *, *, #358, .F. ) ;
#2796 = AXIS2_PLACEMENT_3D ( 'NONE', #739, #135, #1268 ) ;
#2797 = VERTEX_POINT ( 'NONE', #1112 ) ;
#2798 = CARTESIAN_POINT ( 'NONE',  ( 23.11788603124840336, 145.0931499289991962, -42.99999999999999289 ) ) ;
#2799 = DIRECTION ( 'NONE',  ( -1.217349807703022609E-16, -1.000000000000000000, -7.409702771572932374E-33 ) ) ;
#2800 = ORIENTED_EDGE ( 'NONE', *, *, #336, .F. ) ;
#2801 = EDGE_CURVE ( 'NONE', #3018, #876, #1767, .T. ) ;
#2802 = DIRECTION ( 'NONE',  ( 0.000000000000000000, -0.5000000000000209832, 0.8660254037844266062 ) ) ;
#2803 = CARTESIAN_POINT ( 'NONE',  ( 8.804541250089330973, 38.80750129131369164, -44.30750129131367032 ) ) ;
#2804 = CARTESIAN_POINT ( 'NONE',  ( 85.00000000000000000, 3.110602869834276865E-15, 25.39999999999999858 ) ) ;
#2805 = EDGE_CURVE ( 'NONE', #3000, #2306, #3088, .T. ) ;
#2806 = ORIENTED_EDGE ( 'NONE', *, *, #3269, .T. ) ;
#2807 = DIRECTION ( 'NONE',  ( 0.9984890928379770436, 0.04359497527717078741, 0.03345160107044870684 ) ) ;
#2808 = ADVANCED_FACE ( 'NONE', ( #1736 ), #1405, .F. ) ;
#2809 = DIRECTION ( 'NONE',  ( 6.123031769111888756E-17, 1.000000000000000000, 0.000000000000000000 ) ) ;
#2810 = CARTESIAN_POINT ( 'NONE',  ( -91.33726768741618685, -31.68519573667966682, 25.67733345223404839 ) ) ;
#2811 = EDGE_LOOP ( 'NONE', ( #1812, #218, #2755 ) ) ;
#2812 = DIRECTION ( 'NONE',  ( 0.000000000000000000, 1.387778780781446464E-15, 1.000000000000000000 ) ) ;
#2813 = FACE_OUTER_BOUND ( 'NONE', #2518, .T. ) ;
#2814 = EDGE_LOOP ( 'NONE', ( #388, #271, #39, #2265 ) ) ;
#2815 = ORIENTED_EDGE ( 'NONE', *, *, #532, .T. ) ;
#2816 = EDGE_CURVE ( 'NONE', #2528, #3015, #2443, .T. ) ;
#2817 = DIRECTION ( 'NONE',  ( 5.987766851903286315E-18, 1.371424081346605940E-16, -1.000000000000000000 ) ) ;
#2818 =( NAMED_UNIT ( * ) PLANE_ANGLE_UNIT ( ) SI_UNIT ( $, .RADIAN. ) );
#2819 = ORIENTED_EDGE ( 'NONE', *, *, #181, .F. ) ;
#2820 = LINE ( 'NONE', #3331, #3075 ) ;
#2821 = EDGE_CURVE ( 'NONE', #1849, #3237, #2141, .T. ) ;
#2822 = CARTESIAN_POINT ( 'NONE',  ( 13.62634506136580015, 38.93376466773781885, -35.30141693553461835 ) ) ;
#2823 = CARTESIAN_POINT ( 'NONE',  ( -95.50000000000000000, -11.62086454066580643, -36.91958022164170927 ) ) ;
#2824 = ORIENTED_EDGE ( 'NONE', *, *, #1240, .F. ) ;
#2825 = CARTESIAN_POINT ( 'NONE',  ( -102.0274013816719219, -9.318218161472588079, -11.45602882070837580 ) ) ;
#2826 = DIRECTION ( 'NONE',  ( -6.179146401876612769E-17, -0.6635138468718130289, 0.7481640027489750988 ) ) ;
#2827 = ORIENTED_EDGE ( 'NONE', *, *, #2454, .T. ) ;
#2828 = CARTESIAN_POINT ( 'NONE',  ( 14.04470647358660251, 43.57415688998503356, 43.57415688998508330 ) ) ;
#2829 = LINE ( 'NONE', #2015, #3253 ) ;
#2830 = ORIENTED_EDGE ( 'NONE', *, *, #192, .F. ) ;
#2831 = ORIENTED_EDGE ( 'NONE', *, *, #1157, .F. ) ;
#2832 = CARTESIAN_POINT ( 'NONE',  ( 35.25000000000000000, -40.00000000000000000, -6.000000000000000000 ) ) ;
#2833 = ORIENTED_EDGE ( 'NONE', *, *, #173, .T. ) ;
#2834 = CARTESIAN_POINT ( 'NONE',  ( 3.612588743776015278E-15, 59.00000000000000000, 7.347638122934260394E-15 ) ) ;
#2835 = CARTESIAN_POINT ( 'NONE',  ( 13.62634506136580370, 38.93376466773779754, 0.000000000000000000 ) ) ;
#2836 = CARTESIAN_POINT ( 'NONE',  ( -95.50000000000000000, -28.69590664632522348, -25.80448998232827051 ) ) ;
#2837 = ADVANCED_FACE ( 'NONE', ( #2481 ), #1951, .T. ) ;
#2838 = ADVANCED_FACE ( 'NONE', ( #1987 ), #3355, .F. ) ;
#2839 = EDGE_CURVE ( 'NONE', #1498, #643, #1717, .T. ) ;
#2840 = CIRCLE ( 'NONE', #1464, 36.14999999999999858 ) ;
#2841 = ORIENTED_EDGE ( 'NONE', *, *, #448, .F. ) ;
#2842 = CARTESIAN_POINT ( 'NONE',  ( -3.789486840213358576, -16.77559821173620591, 38.79549919389182122 ) ) ;
#2843 = CARTESIAN_POINT ( 'NONE',  ( -15.33137084989848375, -44.49999999999999289, 1.877551423786920514E-15 ) ) ;
#2844 = AXIS2_PLACEMENT_3D ( 'NONE', #1263, #2634, #2300 ) ;
#2845 = CARTESIAN_POINT ( 'NONE',  ( -92.50000000000000000, 35.91945648794763457, 12.39123261061781811 ) ) ;
#2846 = ORIENTED_EDGE ( 'NONE', *, *, #2483, .T. ) ;
#2847 = VECTOR ( 'NONE', #2776, 1000.000000000000000 ) ;
#2848 = CARTESIAN_POINT ( 'NONE',  ( 89.50000000000000000, 5.551115123125779547E-14, 7.979727989493312634E-14 ) ) ;
#2849 = VECTOR ( 'NONE', #2861, 1000.000000000000000 ) ;
#2850 = VECTOR ( 'NONE', #1450, 1000.000000000000000 ) ;
#2851 = CARTESIAN_POINT ( 'NONE',  ( 48.00000000000000711, -44.50000000000002132, 12.00000000000000178 ) ) ;
#2852 = ORIENTED_EDGE ( 'NONE', *, *, #111, .T. ) ;
#2853 = ORIENTED_EDGE ( 'NONE', *, *, #2532, .T. ) ;
#2854 = CARTESIAN_POINT ( 'NONE',  ( 48.00000000000000711, 49.49999999999999289, 5.000000000000100364 ) ) ;
#2855 = COORDINATED_UNIVERSAL_TIME_OFFSET ( 7, 0, .AHEAD. ) ;
#2856 = VECTOR ( 'NONE', #2225, 1000.000000000000000 ) ;
#2857 = ORIENTED_EDGE ( 'NONE', *, *, #2439, .T. ) ;
#2858 = CARTESIAN_POINT ( 'NONE',  ( -15.80000000000000071, -44.50000000000000000, 31.59999999999999787 ) ) ;
#2859 = EDGE_CURVE ( 'NONE', #1490, #3351, #3068, .T. ) ;
#2860 = VECTOR ( 'NONE', #2958, 1000.000000000000000 ) ;
#2861 = DIRECTION ( 'NONE',  ( -0.7071067811865474617, -0.7071067811865475727, 1.884897057116186907E-32 ) ) ;
#2862 = CARTESIAN_POINT ( 'NONE',  ( -95.49999999999995737, 29.71603791960600915, -24.65889374831186842 ) ) ;
#2863 = VERTEX_POINT ( 'NONE', #2280 ) ;
#2864 = DIRECTION ( 'NONE',  ( 1.000000000000000000, -0.000000000000000000, -0.000000000000000000 ) ) ;
#2865 = CC_DESIGN_PERSON_AND_ORGANIZATION_ASSIGNMENT ( #2139, #1043, ( #1989 ) ) ;
#2866 = EDGE_CURVE ( 'NONE', #3004, #2357, #1474, .T. ) ;
#2867 = CARTESIAN_POINT ( 'NONE',  ( -91.47393121465754007, 36.03641890263153158, 30.87691287207285740 ) ) ;
#2868 = CARTESIAN_POINT ( 'NONE',  ( 3.469446951953614189E-15, 60.00000000000000000, 7.347638122934260394E-15 ) ) ;
#2869 = VERTEX_POINT ( 'NONE', #3108 ) ;
#2870 = CARTESIAN_POINT ( 'NONE',  ( -92.50000000000000000, 35.91945648794763457, 12.39123261061781811 ) ) ;
#2871 = VERTEX_POINT ( 'NONE', #3338 ) ;
#2872 = EDGE_LOOP ( 'NONE', ( #2905, #1521, #1419, #3098 ) ) ;
#2873 =( BOUNDED_CURVE ( )  B_SPLINE_CURVE ( 3, ( #2138, #2418, #3187, #2089 ),
 .UNSPECIFIED., .F., .F. ) 
 B_SPLINE_CURVE_WITH_KNOTS ( ( 4, 4 ),
 ( 3.141592653589793116, 6.283185307179586232 ),
 .UNSPECIFIED. ) 
 CURVE ( )  GEOMETRIC_REPRESENTATION_ITEM ( )  RATIONAL_B_SPLINE_CURVE ( ( 1.000000000000000000, 0.3333333333333333703, 0.3333333333333333703, 1.000000000000000000 ) ) 
 REPRESENTATION_ITEM ( '' )  );
#2874 = CARTESIAN_POINT ( 'NONE',  ( -28.49999999999998934, 45.80000000000000426, 1.083788150050421685E-14 ) ) ;
#2875 = DIRECTION ( 'NONE',  ( 6.123031769111888756E-17, 1.000000000000000000, -0.000000000000000000 ) ) ;
#2876 = ORIENTED_EDGE ( 'NONE', *, *, #2771, .F. ) ;
#2877 = CARTESIAN_POINT ( 'NONE',  ( -92.50000000000000000, 36.15474851953640467, 44.50000000000000000 ) ) ;
#2878 = DIRECTION ( 'NONE',  ( 0.000000000000000000, -1.000000000000000000, -1.363240452634032948E-16 ) ) ;
#2879 = LINE ( 'NONE', #980, #945 ) ;
#2880 = ORIENTED_EDGE ( 'NONE', *, *, #248, .F. ) ;
#2881 = LINE ( 'NONE', #2380, #2901 ) ;
#2882 = CARTESIAN_POINT ( 'NONE',  ( 13.62634506136580903, 24.97169456712003566, -47.68376466773778333 ) ) ;
#2883 = DIRECTION ( 'NONE',  ( 1.000000000000000000, -0.000000000000000000, -0.000000000000000000 ) ) ;
#2884 = EDGE_CURVE ( 'NONE', #2523, #845, #2626, .T. ) ;
#2885 = ORIENTED_EDGE ( 'NONE', *, *, #1773, .F. ) ;
#2886 = B_SPLINE_CURVE_WITH_KNOTS ( 'NONE', 3,
 ( #968, #2867, #3428, #381, #2027 ),
 .UNSPECIFIED., .F., .F.,
 ( 4, 1, 4 ),
 ( 6.938893903907228378E-18, 0.009663270197354214414, 0.01932654039470842189 ),
 .UNSPECIFIED. ) ;
#2887 = CARTESIAN_POINT ( 'NONE',  ( -91.93708452244443663, 37.60187575364560075, 11.56163610049676116 ) ) ;
#2888 = VERTEX_POINT ( 'NONE', #3299 ) ;
#2889 = EDGE_CURVE ( 'NONE', #555, #1786, #579, .T. ) ;
#2890 = EDGE_CURVE ( 'NONE', #1919, #1939, #853, .T. ) ;
#2891 = DIRECTION ( 'NONE',  ( -1.000000000000000000, -0.000000000000000000, 0.000000000000000000 ) ) ;
#2892 = CARTESIAN_POINT ( 'NONE',  ( 15.79999999999999893, -44.50000000000000000, 0.000000000000000000 ) ) ;
#2893 = PERSON_AND_ORGANIZATION_ROLE ( 'design_owner' ) ;
#2894 = ORIENTED_EDGE ( 'NONE', *, *, #1012, .T. ) ;
#2895 =( BOUNDED_SURFACE ( )  B_SPLINE_SURFACE ( 3, 3, ( 
 ( #1821, #2645, #2858, #1271 ),
 ( #1495, #3175, #2592, #2076 ),
 ( #393, #690, #1513, #2606 ),
 ( #3071, #587, #879, #3111 ) ),
 .UNSPECIFIED., .F., .F., .F. ) 
 B_SPLINE_SURFACE_WITH_KNOTS ( ( 4, 4 ),
 ( 4, 4 ),
 ( 0.000000000000000000, 1.000000000000000000 ),
 ( 0.000000000000000000, 1.000000000000000000 ),
 .UNSPECIFIED. ) 
 GEOMETRIC_REPRESENTATION_ITEM ( )  RATIONAL_B_SPLINE_SURFACE ( (
 ( 1.000000000000000000, 0.3333333333333334259, 0.3333333333333334259, 1.000000000000000000),
 ( 0.8047378541243649375, 0.2682459513747884050, 0.2682459513747884050, 0.8047378541243649375),
 ( 0.8047378541243649375, 0.2682459513747884050, 0.2682459513747884050, 0.8047378541243649375),
 ( 1.000000000000000000, 0.3333333333333334259, 0.3333333333333334259, 1.000000000000000000) ) ) 
 REPRESENTATION_ITEM ( '' )  SURFACE ( )  );
#2896 = LINE ( 'NONE', #2058, #765 ) ;
#2897 = CARTESIAN_POINT ( 'NONE',  ( 35.50000000000000711, -40.00000000000000000, -22.47372055837109528 ) ) ;
#2898 = CARTESIAN_POINT ( 'NONE',  ( -95.49999999999998579, 11.64884517630844307, -36.79176510629329044 ) ) ;
#2899 = ORIENTED_EDGE ( 'NONE', *, *, #2583, .T. ) ;
#2900 = DIRECTION ( 'NONE',  ( 0.9996573249755572599, 0.000000000000000000, -0.02617694830787315949 ) ) ;
#2901 = VECTOR ( 'NONE', #1262, 1000.000000000000114 ) ;
#2902 = CARTESIAN_POINT ( 'NONE',  ( -24.45000000000000284, 59.00000000000000000, 1.034189954684953918E-14 ) ) ;
#2903 = CARTESIAN_POINT ( 'NONE',  ( -3.789486840213359464, 145.5715832232941978, 38.79549919389182833 ) ) ;
#2904 = VECTOR ( 'NONE', #260, 1000.000000000000000 ) ;
#2905 = ORIENTED_EDGE ( 'NONE', *, *, #1065, .T. ) ;
#2906 = CARTESIAN_POINT ( 'NONE',  ( -93.52492326832170022, 26.12276894957314255, 25.54995867943438270 ) ) ;
#2907 = VECTOR ( 'NONE', #3197, 1000.000000000000000 ) ;
#2908 = CIRCLE ( 'NONE', #1641, 24.45000000000000284 ) ;
#2909 = EDGE_CURVE ( 'NONE', #3193, #2459, #858, .T. ) ;
#2910 = AXIS2_PLACEMENT_3D ( 'NONE', #3024, #1138, #3043 ) ;
#2911 = VECTOR ( 'NONE', #3102, 1000.000000000000000 ) ;
#2912 = ORIENTED_EDGE ( 'NONE', *, *, #2890, .T. ) ;
#2913 = LINE ( 'NONE', #3322, #3036 ) ;
#2914 = AXIS2_PLACEMENT_3D ( 'NONE', #100, #2604, #3416 ) ;
#2915 = ADVANCED_FACE ( 'NONE', ( #1776 ), #3144, .F. ) ;
#2916 = LINE ( 'NONE', #1269, #2973 ) ;
#2917 = PERSON_AND_ORGANIZATION_ROLE ( 'classification_officer' ) ;
#2918 = ORIENTED_EDGE ( 'NONE', *, *, #2770, .F. ) ;
#2919 = DIRECTION ( 'NONE',  ( -0.000000000000000000, 0.000000000000000000, 1.000000000000000000 ) ) ;
#2920 = PLANE ( 'NONE',  #1243 ) ;
#2921 = AXIS2_PLACEMENT_3D ( 'NONE', #1864, #3206, #2073 ) ;
#2922 = CARTESIAN_POINT ( 'NONE',  ( -95.49999999999997158, 35.64793203602899041, 14.78371979719283047 ) ) ;
#2923 = VERTEX_POINT ( 'NONE', #108 ) ;
#2924 = AXIS2_PLACEMENT_3D ( 'NONE', #1949, #1077, #800 ) ;
#2925 = DIRECTION ( 'NONE',  ( -1.000000000000000000, 0.000000000000000000, 0.000000000000000000 ) ) ;
#2926 = LINE ( 'NONE', #2696, #1702 ) ;
#2927 = DIRECTION ( 'NONE',  ( 0.000000000000000000, 0.000000000000000000, 1.000000000000000000 ) ) ;
#2928 = ORIENTED_EDGE ( 'NONE', *, *, #1993, .T. ) ;
#2929 = CARTESIAN_POINT ( 'NONE',  ( -89.68293783150591025, 30.74794002147033112, 32.27507913992199917 ) ) ;
#2930 = ORIENTED_EDGE ( 'NONE', *, *, #510, .F. ) ;
#2931 = FACE_OUTER_BOUND ( 'NONE', #2417, .T. ) ;
#2932 = VERTEX_POINT ( 'NONE', #2083 ) ;
#2933 = B_SPLINE_CURVE_WITH_KNOTS ( 'NONE', 3,
 ( #471, #2136, #2983, #1914 ),
 .UNSPECIFIED., .F., .F.,
 ( 4, 4 ),
 ( 1.040834085586084257E-17, 0.01671374428325732991 ),
 .UNSPECIFIED. ) ;
#2934 = EDGE_CURVE ( 'NONE', #344, #1523, #1026, .T. ) ;
#2935 = CARTESIAN_POINT ( 'NONE',  ( -11.11565465808424591, -37.97563179905759512, -30.54001017554201880 ) ) ;
#2936 = CARTESIAN_POINT ( 'NONE',  ( -95.49999999999994316, 38.32636932302779087, -5.392182051856096336 ) ) ;
#2937 = ADVANCED_FACE ( 'NONE', ( #1206 ), #1888, .T. ) ;
#2938 = EDGE_CURVE ( 'NONE', #270, #24, #1587, .T. ) ;
#2939 = DIRECTION ( 'NONE',  ( -1.000000000000000000, 0.000000000000000000, 0.000000000000000000 ) ) ;
#2940 = FACE_OUTER_BOUND ( 'NONE', #2764, .T. ) ;
#2941 = DIRECTION ( 'NONE',  ( -0.000000000000000000, -1.000000000000000000, -1.261617073437677999E-16 ) ) ;
#2942 = ORIENTED_EDGE ( 'NONE', *, *, #1048, .T. ) ;
#2943 = DIRECTION ( 'NONE',  ( -0.9996513887072170368, 0.003446240159007407655, -0.02617679286121605414 ) ) ;
#2944 = LINE ( 'NONE', #2959, #3366 ) ;
#2945 = VERTEX_POINT ( 'NONE', #3166 ) ;
#2946 = CARTESIAN_POINT ( 'NONE',  ( 89.50000000000000000, 5.993824941017548622E-14, -36.14999999999992752 ) ) ;
#2947 = ORIENTED_EDGE ( 'NONE', *, *, #1365, .T. ) ;
#2948 = ADVANCED_FACE ( 'NONE', ( #1224 ), #1264, .F. ) ;
#2949 = EDGE_CURVE ( 'NONE', #724, #855, #2367, .T. ) ;
#2950 = CARTESIAN_POINT ( 'NONE',  ( -98.02042945728636880, 43.89565555469672375, 6.166672277728855178 ) ) ;
#2951 = PLANE ( 'NONE',  #2336 ) ;
#2952 = FACE_OUTER_BOUND ( 'NONE', #814, .T. ) ;
#2953 = LINE ( 'NONE', #3509, #65 ) ;
#2954 = EDGE_CURVE ( 'NONE', #926, #661, #2278, .T. ) ;
#2955 = DIRECTION ( 'NONE',  ( 0.000000000000000000, 0.000000000000000000, -1.000000000000000000 ) ) ;
#2956 = EDGE_CURVE ( 'NONE', #3478, #1468, #1520, .T. ) ;
#2957 = EDGE_LOOP ( 'NONE', ( #1937, #375, #2021, #2193, #3222 ) ) ;
#2958 = DIRECTION ( 'NONE',  ( -6.123031769111888756E-17, -1.000000000000000000, 0.000000000000000000 ) ) ;
#2959 = CARTESIAN_POINT ( 'NONE',  ( -27.49999999999999645, 44.50000000000000000, 1.071541682058948170E-14 ) ) ;
#2960 = VECTOR ( 'NONE', #732, 999.9999999999998863 ) ;
#2961 = EDGE_LOOP ( 'NONE', ( #138, #3011, #80, #3326, #1473 ) ) ;
#2962 = AXIS2_PLACEMENT_3D ( 'NONE', #3260, #779, #3540 ) ;
#2963 = FACE_OUTER_BOUND ( 'NONE', #1228, .T. ) ;
#2964 = VECTOR ( 'NONE', #210, 1000.000000000000114 ) ;
#2965 = VECTOR ( 'NONE', #1554, 1000.000000000000000 ) ;
#2966 = AXIS2_PLACEMENT_3D ( 'NONE', #3164, #3393, #1519 ) ;
#2967 = APPROVAL_DATE_TIME ( #1581, #558 ) ;
#2968 = ORIENTED_EDGE ( 'NONE', *, *, #1337, .F. ) ;
#2969 = AXIS2_PLACEMENT_3D ( 'NONE', #1942, #2196, #316 ) ;
#2970 = AXIS2_PLACEMENT_3D ( 'NONE', #66, #1454, #1731 ) ;
#2971 = DIRECTION ( 'NONE',  ( 1.000000000000000000, -0.000000000000000000, -0.000000000000000000 ) ) ;
#2972 = CARTESIAN_POINT ( 'NONE',  ( 22.67738662368719815, 145.0931499289991962, 37.00000000000000000 ) ) ;
#2973 = VECTOR ( 'NONE', #152, 1000.000000000000227 ) ;
#2974 = B_SPLINE_CURVE_WITH_KNOTS ( 'NONE', 3,
 ( #518, #1639, #177, #836 ),
 .UNSPECIFIED., .F., .F.,
 ( 4, 4 ),
 ( 3.469446951953614189E-18, 0.004513762809571755276 ),
 .UNSPECIFIED. ) ;
#2975 = DIRECTION ( 'NONE',  ( -0.8191520442889919096, 0.000000000000000000, 0.5735764363510458264 ) ) ;
#2976 = CARTESIAN_POINT ( 'NONE',  ( -92.46509788471892932, 20.40144712261930948, 32.15566246358973501 ) ) ;
#2977 = DIRECTION ( 'NONE',  ( 1.000000000000000000, -0.000000000000000000, -0.000000000000000000 ) ) ;
#2978 = CIRCLE ( 'NONE', #2065, 37.99671038392669686 ) ;
#2979 = ORIENTED_EDGE ( 'NONE', *, *, #922, .F. ) ;
#2980 = CARTESIAN_POINT ( 'NONE',  ( 3.567765040262536948E-15, 58.26794919243120319, 7.347638122934260394E-15 ) ) ;
#2981 = EDGE_CURVE ( 'NONE', #3057, #3178, #3146, .T. ) ;
#2982 = EDGE_CURVE ( 'NONE', #3363, #2456, #955, .T. ) ;
#2983 = CARTESIAN_POINT ( 'NONE',  ( -91.79163779492532171, 36.17329763668101350, 17.23610500040421911 ) ) ;
#2984 = CARTESIAN_POINT ( 'NONE',  ( -95.50000000000001421, -25.61510422506490414, 28.85962323444368849 ) ) ;
#2985 = ORIENTED_EDGE ( 'NONE', *, *, #2982, .F. ) ;
#2986 = LINE ( 'NONE', #3016, #480 ) ;
#2987 = VERTEX_POINT ( 'NONE', #1794 ) ;
#2988 = ORIENTED_EDGE ( 'NONE', *, *, #2276, .F. ) ;
#2989 = FACE_OUTER_BOUND ( 'NONE', #168, .T. ) ;
#2990 = LINE ( 'NONE', #2972, #2965 ) ;
#2991 = ORIENTED_EDGE ( 'NONE', *, *, #1079, .F. ) ;
#2992 = EDGE_CURVE ( 'NONE', #1031, #643, #123, .T. ) ;
#2993 = LINE ( 'NONE', #1361, #2904 ) ;
#2994 = CARTESIAN_POINT ( 'NONE',  ( 3.612588743776015278E-15, 59.00000000000000000, 7.347638122934260394E-15 ) ) ;
#2995 = CARTESIAN_POINT ( 'NONE',  ( 35.25000000000000000, 44.50000000000000711, -56.50000000000002842 ) ) ;
#2996 = VERTEX_POINT ( 'NONE', #2635 ) ;
#2997 = DIRECTION ( 'NONE',  ( -1.000000000000000000, 0.000000000000000000, 0.000000000000000000 ) ) ;
#2998 = DIRECTION ( 'NONE',  ( 0.000000000000000000, 0.000000000000000000, -1.000000000000000000 ) ) ;
#2999 = DIRECTION ( 'NONE',  ( 1.000000000000000000, 0.000000000000000000, 0.000000000000000000 ) ) ;
#3000 = VERTEX_POINT ( 'NONE', #2354 ) ;
#3001 = DIRECTION ( 'NONE',  ( -5.987766851903286315E-18, -1.371424081346605940E-16, 1.000000000000000000 ) ) ;
#3002 = EDGE_CURVE ( 'NONE', #1722, #2149, #2009, .T. ) ;
#3003 = ADVANCED_FACE ( 'NONE', ( #718 ), #1296, .F. ) ;
#3004 = VERTEX_POINT ( 'NONE', #198 ) ;
#3005 = ORIENTED_EDGE ( 'NONE', *, *, #852, .T. ) ;
#3006 = LINE ( 'NONE', #221, #1703 ) ;
#3007 = FACE_OUTER_BOUND ( 'NONE', #972, .T. ) ;
#3008 = CARTESIAN_POINT ( 'NONE',  ( 24.44999999999999574, 44.02846181658804880, 5.850507410976620210E-15 ) ) ;
#3009 = DIRECTION ( 'NONE',  ( -0.9988416236624818589, -0.04361036710537300604, 0.02033584815618614053 ) ) ;
#3010 = CARTESIAN_POINT ( 'NONE',  ( 35.25000000000000000, 39.50000000000002842, -56.50000000000001421 ) ) ;
#3011 = ORIENTED_EDGE ( 'NONE', *, *, #1899, .F. ) ;
#3012 = CARTESIAN_POINT ( 'NONE',  ( 24.45000000000000284, 44.50000000000000000, 7.347638122934260394E-15 ) ) ;
#3013 = LINE ( 'NONE', #1040, #2725 ) ;
#3014 = CARTESIAN_POINT ( 'NONE',  ( -95.50000000000000000, -26.74325264743695740, 27.81742911448717592 ) ) ;
#3015 = VERTEX_POINT ( 'NONE', #2444 ) ;
#3016 = CARTESIAN_POINT ( 'NONE',  ( 48.00000000000000000, -44.50000000000000000, 11.99999999999999645 ) ) ;
#3017 = AXIS2_PLACEMENT_3D ( 'NONE', #2424, #780, #196 ) ;
#3018 = VERTEX_POINT ( 'NONE', #1003 ) ;
#3019 = EDGE_LOOP ( 'NONE', ( #2351, #3441, #3031, #187, #1846, #1009, #2377 ) ) ;
#3020 = EDGE_CURVE ( 'NONE', #3118, #202, #1324, .T. ) ;
#3021 = CIRCLE ( 'NONE', #354, 42.50000000000000000 ) ;
#3022 = AXIS2_PLACEMENT_3D ( 'NONE', #252, #1426, #1402 ) ;
#3023 = CARTESIAN_POINT ( 'NONE',  ( 35.50000000000000711, 39.50000000000000000, 44.50000000000000000 ) ) ;
#3024 = CARTESIAN_POINT ( 'NONE',  ( 35.50000000000000711, -40.00000000000000000, 44.50000000000000000 ) ) ;
#3025 = CC_DESIGN_SECURITY_CLASSIFICATION ( #1822, ( #1989 ) ) ;
#3026 = AXIS2_PLACEMENT_3D ( 'NONE', #2476, #3080, #1638 ) ;
#3027 = LINE ( 'NONE', #1636, #1170 ) ;
#3028 = PLANE ( 'NONE',  #1295 ) ;
#3029 = AXIS2_PLACEMENT_3D ( 'NONE', #1081, #1329, #524 ) ;
#3030 = FACE_OUTER_BOUND ( 'NONE', #1038, .T. ) ;
#3031 = ORIENTED_EDGE ( 'NONE', *, *, #1901, .T. ) ;
#3032 = CARTESIAN_POINT ( 'NONE',  ( 3.469446951953614189E-15, 58.26794919243121029, -27.49999999999999289 ) ) ;
#3033 = EDGE_CURVE ( 'NONE', #1801, #724, #3476, .T. ) ;
#3034 = DIRECTION ( 'NONE',  ( 0.8189636579305197284, 0.02144531811457628390, -0.5734445268027477116 ) ) ;
#3035 = CARTESIAN_POINT ( 'NONE',  ( 35.50000000000000711, 39.50000000000000000, 44.50000000000000000 ) ) ;
#3036 = VECTOR ( 'NONE', #3001, 1000.000000000000000 ) ;
#3037 = EDGE_LOOP ( 'NONE', ( #1374, #3147, #2263, #673, #530 ) ) ;
#3038 = CARTESIAN_POINT ( 'NONE',  ( 48.00000000000000000, -35.00000000000000000, 44.50000000000000000 ) ) ;
#3039 = ORIENTED_EDGE ( 'NONE', *, *, #659, .T. ) ;
#3040 = ORIENTED_EDGE ( 'NONE', *, *, #1662, .T. ) ;
#3041 = LINE ( 'NONE', #3023, #12 ) ;
#3042 = EDGE_CURVE ( 'NONE', #1129, #1413, #1894, .T. ) ;
#3043 = DIRECTION ( 'NONE',  ( -6.123031769111888756E-17, -1.000000000000000000, 0.000000000000000000 ) ) ;
#3044 = DIRECTION ( 'NONE',  ( -6.455868710809846044E-17, -1.000000000000000000, -9.219936031131869671E-17 ) ) ;
#3045 = DIRECTION ( 'NONE',  ( 1.000000000000000000, 0.000000000000000000, 0.000000000000000000 ) ) ;
#3046 = CARTESIAN_POINT ( 'NONE',  ( -10.18496614732765693, 42.51626653699136682, -37.11477800856057740 ) ) ;
#3047 = EDGE_CURVE ( 'NONE', #1213, #322, #1037, .T. ) ;
#3048 = EDGE_CURVE ( 'NONE', #1653, #2863, #1021, .T. ) ;
#3049 = ORIENTED_EDGE ( 'NONE', *, *, #790, .F. ) ;
#3050 = CARTESIAN_POINT ( 'NONE',  ( 85.00000000000000000, 0.000000000000000000, 0.000000000000000000 ) ) ;
#3051 = CARTESIAN_POINT ( 'NONE',  ( -95.25161356105331834, 38.80217650084212977, -5.700537399462286103 ) ) ;
#3052 = CARTESIAN_POINT ( 'NONE',  ( -91.47570863556386200, -34.46703607022193694, -32.60139385374211685 ) ) ;
#3053 = ORIENTED_EDGE ( 'NONE', *, *, #3002, .F. ) ;
#3054 = DIRECTION ( 'NONE',  ( 0.000000000000000000, -0.9659258262890680902, -0.2588190451025211281 ) ) ;
#3055 = FACE_OUTER_BOUND ( 'NONE', #1325, .T. ) ;
#3056 = ORIENTED_EDGE ( 'NONE', *, *, #1078, .T. ) ;
#3057 = VERTEX_POINT ( 'NONE', #2995 ) ;
#3058 = CARTESIAN_POINT ( 'NONE',  ( 42.50000000000000000, 44.50000000000000000, -51.50000000000000711 ) ) ;
#3059 = CARTESIAN_POINT ( 'NONE',  ( -92.27544281349203459, -32.33992694296400572, 20.96119698151114363 ) ) ;
#3060 = CARTESIAN_POINT ( 'NONE',  ( 9.849313137826442994E-15, 42.96095176247493441, 24.45000000000001350 ) ) ;
#3061 = CARTESIAN_POINT ( 'NONE',  ( 24.44999999999999574, 44.02846181658804880, 5.850507410976620210E-15 ) ) ;
#3062 = CARTESIAN_POINT ( 'NONE',  ( 74.70000000000000284, 6.071590012763404557E-14, -42.49999999999992895 ) ) ;
#3063 = ORIENTED_EDGE ( 'NONE', *, *, #723, .F. ) ;
#3064 = CARTESIAN_POINT ( 'NONE',  ( -80.48678326030429275, 34.13476831112267007, -48.54580633540633272 ) ) ;
#3065 = PRODUCT_RELATED_PRODUCT_CATEGORY ( 'detail', '', ( #1022 ) ) ;
#3066 = EDGE_CURVE ( 'NONE', #504, #838, #734, .T. ) ;
#3067 = CARTESIAN_POINT ( 'NONE',  ( -94.90099322646769053, 38.81748491525303990, -9.897354386503067758 ) ) ;
#3068 = LINE ( 'NONE', #2240, #1006 ) ;
#3069 = ORIENTED_EDGE ( 'NONE', *, *, #469, .F. ) ;
#3070 = DIRECTION ( 'NONE',  ( 0.000000000000000000, -1.776356839400250465E-15, 1.000000000000000000 ) ) ;
#3071 = CARTESIAN_POINT ( 'NONE',  ( 14.99999999999999822, -45.29999999999999716, 0.000000000000000000 ) ) ;
#3072 = ORIENTED_EDGE ( 'NONE', *, *, #1389, .T. ) ;
#3073 = LINE ( 'NONE', #591, #1355 ) ;
#3074 = LINE ( 'NONE', #2436, #775 ) ;
#3075 = VECTOR ( 'NONE', #2802, 1000.000000000000227 ) ;
#3076 = CARTESIAN_POINT ( 'NONE',  ( 48.00000000000000000, 44.50000000000000000, 39.49999999999999289 ) ) ;
#3077 = ORIENTED_EDGE ( 'NONE', *, *, #3460, .F. ) ;
#3078 = CARTESIAN_POINT ( 'NONE',  ( -92.30206761097691981, -34.43095645817445671, 30.06389116721151922 ) ) ;
#3079 = VECTOR ( 'NONE', #1453, 1000.000000000000000 ) ;
#3080 = DIRECTION ( 'NONE',  ( 0.000000000000000000, -1.000000000000000000, 0.000000000000000000 ) ) ;
#3081 = CARTESIAN_POINT ( 'NONE',  ( -88.11465898377416295, 36.26958271544139478, -30.58786426718588203 ) ) ;
#3082 = LOCAL_TIME ( 22, 55, 28.00000000000000000, #941 ) ;
#3083 = CIRCLE ( 'NONE', #3022, 27.50000000000000000 ) ;
#3084 = ORIENTED_EDGE ( 'NONE', *, *, #988, .T. ) ;
#3085 = DIRECTION ( 'NONE',  ( -6.123031769111888756E-17, -1.000000000000000000, 0.000000000000000000 ) ) ;
#3086 = VECTOR ( 'NONE', #1123, 1000.000000000000000 ) ;
#3087 = FACE_OUTER_BOUND ( 'NONE', #1952, .T. ) ;
#3088 = LINE ( 'NONE', #1934, #3261 ) ;
#3089 = AXIS2_PLACEMENT_3D ( 'NONE', #1898, #787, #2468 ) ;
#3090 = ORIENTED_EDGE ( 'NONE', *, *, #1509, .F. ) ;
#3091 = ADVANCED_FACE ( 'NONE', ( #2167, #463 ), #503, .T. ) ;
#3092 = DIRECTION ( 'NONE',  ( -1.000000000000000000, 0.000000000000000000, 0.000000000000000000 ) ) ;
#3093 = AXIS2_PLACEMENT_3D ( 'NONE', #3568, #3252, #2432 ) ;
#3094 = CARTESIAN_POINT ( 'NONE',  ( 3.612588743776015278E-15, 59.00000000000000000, 7.347638122934260394E-15 ) ) ;
#3095 = EDGE_LOOP ( 'NONE', ( #496, #1255, #1431, #2450 ) ) ;
#3096 = EDGE_CURVE ( 'NONE', #352, #2095, #880, .T. ) ;
#3097 = AXIS2_PLACEMENT_3D ( 'NONE', #2428, #2150, #1931 ) ;
#3098 = ORIENTED_EDGE ( 'NONE', *, *, #402, .F. ) ;
#3099 = CARTESIAN_POINT ( 'NONE',  ( -95.49999999999997158, -34.29133171471204378, -6.000000000000000000 ) ) ;
#3100 = ORIENTED_EDGE ( 'NONE', *, *, #1415, .T. ) ;
#3101 = PLANE ( 'NONE',  #1404 ) ;
#3102 = DIRECTION ( 'NONE',  ( -0.000000000000000000, 0.000000000000000000, 1.000000000000000000 ) ) ;
#3103 = CARTESIAN_POINT ( 'NONE',  ( -92.30206761097691981, -34.43095645817445671, 30.06389116721151922 ) ) ;
#3104 = B_SPLINE_CURVE_WITH_KNOTS ( 'NONE', 3,
 ( #2060, #1478, #2594, #2836, #911, #1732, #104, #948, #3139, #88, #3160, #1182, #1242, #692, #1770, #2823, #122, #1455, #2078, #3390, #929, #2350, #3423, #2551, #2040, #3444, #357, #3177, #2898, #2576, #67, #2297, #2024, #1201, #3121, #2314, #676, #656, #2862, #1497, #1790, #1842, #731, #1586, #756, #2423, #2114, #3520, #2661, #2410, #2936, #3214, #1047, #172, #1071, #1308, #157, #222, #1890, #3230, #1290, #1321, #2922, #2161, #1034, #2694, #2679, #499, #1603, #459, #3492, #2379, #3241, #1018, #2130, #447 ),
 .UNSPECIFIED., .F., .F.,
 ( 4, 2, 2, 2, 2, 2, 2, 2, 2, 2, 2, 2, 2, 2, 2, 2, 2, 2, 2, 2, 2, 2, 2, 2, 2, 2, 2, 2, 2, 2, 2, 2, 2, 2, 2, 2, 2, 4 ),
 ( 3.469446951953613804E-18, 0.009092428945683492941, 0.01136553618210436878, 0.01363864341852524288, 0.01818485789136698241, 0.02273107236420872368, 0.02500417960062958911, 0.02727728683705045454, 0.03636971578273395095, 0.03864282301915482332, 0.04091593025557569568, 0.04546214472841744736, 0.05000835920125919903, 0.05228146643768007140, 0.05455457367410093683, 0.06364700261978445406, 0.06592010985620533337, 0.06819321709262619879, 0.07273943156546795741, 0.07728564603830970214, 0.07955875327473056757, 0.08183186051115143300, 0.08637807498399317774, 0.08865118222041405704, 0.09092428945683493635, 0.1000167184025184119, 0.1022898256389392774, 0.1045629328753601567, 0.1091091473482018737, 0.1136553618210436184, 0.1159284690574644977, 0.1182015762938853631, 0.1272940052395688248, 0.1318402197124105835, 0.1363864341852523143, 0.1409326486580940452, 0.1432057558945148967, 0.1454788631309357760 ),
 .UNSPECIFIED. ) ;
#3105 = ORIENTED_EDGE ( 'NONE', *, *, #1503, .F. ) ;
#3106 = CARTESIAN_POINT ( 'NONE',  ( 48.00000000000000000, -41.33974596215558250, 17.47372055837121607 ) ) ;
#3107 = CARTESIAN_POINT ( 'NONE',  ( -15.00000000000000533, -45.29999999999999716, 1.836970198721029983E-15 ) ) ;
#3108 = CARTESIAN_POINT ( 'NONE',  ( 13.62634506136580903, 32.43376466773774780, -47.68376466773779754 ) ) ;
#3109 = ORIENTED_EDGE ( 'NONE', *, *, #3226, .T. ) ;
#3110 = DIRECTION ( 'NONE',  ( 0.9990482215818577982, 0.000000000000000000, 0.04361938736533599315 ) ) ;
#3111 = CARTESIAN_POINT ( 'NONE',  ( -15.00000000000000355, -45.29999999999999716, 1.836970198721029983E-15 ) ) ;
#3112 = ORIENTED_EDGE ( 'NONE', *, *, #3096, .T. ) ;
#3113 = ORIENTED_EDGE ( 'NONE', *, *, #3203, .T. ) ;
#3114 = EDGE_CURVE ( 'NONE', #2079, #3356, #3233, .T. ) ;
#3115 = EDGE_CURVE ( 'NONE', #1782, #89, #820, .T. ) ;
#3116 = LINE ( 'NONE', #2266, #362 ) ;
#3117 = CALENDAR_DATE ( 2025, 12, 11 ) ;
#3118 = VERTEX_POINT ( 'NONE', #1311 ) ;
#3119 = CARTESIAN_POINT ( 'NONE',  ( -0.3494737905491033247, 58.98474164478282233, 24.44750228693589733 ) ) ;
#3120 = LINE ( 'NONE', #2349, #2849 ) ;
#3121 = CARTESIAN_POINT ( 'NONE',  ( -95.49999999999998579, 23.71626062923486700, -30.44448609351414703 ) ) ;
#3122 = ORIENTED_EDGE ( 'NONE', *, *, #2014, .T. ) ;
#3123 = DIRECTION ( 'NONE',  ( -1.000000000000000000, 6.123031769111888756E-17, 0.000000000000000000 ) ) ;
#3124 = CARTESIAN_POINT ( 'NONE',  ( 48.00000000000000000, 44.50000000000000000, -51.50000000000000711 ) ) ;
#3125 = DIRECTION ( 'NONE',  ( 0.000000000000000000, -1.000000000000000000, -1.363240452634032948E-16 ) ) ;
#3126 = ORIENTED_EDGE ( 'NONE', *, *, #2081, .T. ) ;
#3127 = DIRECTION ( 'NONE',  ( -0.04361938736533599315, -7.847810327689925123E-17, 0.9990482215818577982 ) ) ;
#3128 = CARTESIAN_POINT ( 'NONE',  ( 23.75105241894648600, 60.03699334368072016, 14.53746348845889891 ) ) ;
#3129 = VERTEX_POINT ( 'NONE', #2413 ) ;
#3130 = ORIENTED_EDGE ( 'NONE', *, *, #2801, .F. ) ;
#3131 = DIRECTION ( 'NONE',  ( 7.162586536713808752E-18, 1.000000000000000000, 1.967904477451085197E-17 ) ) ;
#3132 = FACE_OUTER_BOUND ( 'NONE', #916, .T. ) ;
#3133 = ORIENTED_EDGE ( 'NONE', *, *, #3210, .T. ) ;
#3134 = ADVANCED_FACE ( 'NONE', ( #1591 ), #2697, .T. ) ;
#3135 = EDGE_CURVE ( 'NONE', #2888, #2056, #2257, .T. ) ;
#3136 = LINE ( 'NONE', #2312, #2779 ) ;
#3137 = VECTOR ( 'NONE', #1401, 1000.000000000000114 ) ;
#3138 = PLANE ( 'NONE',  #297 ) ;
#3139 = CARTESIAN_POINT ( 'NONE',  ( -95.49999999999995737, -23.68003466333878038, -30.50089862160844589 ) ) ;
#3140 = CIRCLE ( 'NONE', #3017, 10.00000000000000000 ) ;
#3141 = ORIENTED_EDGE ( 'NONE', *, *, #2315, .T. ) ;
#3142 = CARTESIAN_POINT ( 'NONE',  ( 35.25000000000000000, -40.00000000000000000, 39.50000000000000000 ) ) ;
#3143 = FACE_OUTER_BOUND ( 'NONE', #2248, .T. ) ;
#3144 = CONICAL_SURFACE ( 'NONE', #2724, 25.45000000000000284, 0.7853981633974500554 ) ;
#3145 = AXIS2_PLACEMENT_3D ( 'NONE', #2202, #2467, #280 ) ;
#3146 = LINE ( 'NONE', #665, #1232 ) ;
#3147 = ORIENTED_EDGE ( 'NONE', *, *, #560, .T. ) ;
#3148 = AXIS2_PLACEMENT_3D ( 'NONE', #117, #1492, #391 ) ;
#3149 = DIRECTION ( 'NONE',  ( 0.000000000000000000, -0.8660254037844384856, -0.5000000000000004441 ) ) ;
#3150 = VECTOR ( 'NONE', #730, 1000.000000000000000 ) ;
#3151 = AXIS2_PLACEMENT_3D ( 'NONE', #1147, #2259, #1444 ) ;
#3152 = ORIENTED_EDGE ( 'NONE', *, *, #3308, .T. ) ;
#3153 = ORIENTED_EDGE ( 'NONE', *, *, #2206, .F. ) ;
#3154 = DIRECTION ( 'NONE',  ( -1.217349807703022609E-16, -1.000000000000000000, -7.409702771572932374E-33 ) ) ;
#3155 =( NAMED_UNIT ( * ) SI_UNIT ( $, .STERADIAN. ) SOLID_ANGLE_UNIT ( ) );
#3156 = EDGE_LOOP ( 'NONE', ( #1375, #3105, #1695, #2404, #950 ) ) ;
#3157 = DIRECTION ( 'NONE',  ( 0.9990317489481107538, 0.005742506603990746826, 0.04361866815461444558 ) ) ;
#3158 = AXIS2_PLACEMENT_3D ( 'NONE', #1913, #1665, #3563 ) ;
#3159 = CARTESIAN_POINT ( 'NONE',  ( 48.00000000000000000, 6.071590012763404557E-14, -42.49999999999992895 ) ) ;
#3160 = CARTESIAN_POINT ( 'NONE',  ( -95.49999999999997158, -19.93092075714300648, -33.07297611192232978 ) ) ;
#3161 = ORIENTED_EDGE ( 'NONE', *, *, #521, .F. ) ;
#3162 = CARTESIAN_POINT ( 'NONE',  ( 2.804348550253245026E-15, 45.79999999999999716, 29.00000000000000000 ) ) ;
#3163 = EDGE_CURVE ( 'NONE', #1045, #1903, #414, .T. ) ;
#3164 = CARTESIAN_POINT ( 'NONE',  ( 13.62634506136580193, -7.345103013018400169E-16, 0.000000000000000000 ) ) ;
#3165 = EDGE_CURVE ( 'NONE', #3178, #511, #1075, .T. ) ;
#3166 = CARTESIAN_POINT ( 'NONE',  ( -44.75000000000000000, -31.65474851953635493, 21.01729992565440597 ) ) ;
#3167 = EDGE_CURVE ( 'NONE', #1891, #2400, #2974, .T. ) ;
#3168 = ORIENTED_EDGE ( 'NONE', *, *, #3439, .F. ) ;
#3169 = DIRECTION ( 'NONE',  ( 0.000000000000000000, 0.000000000000000000, 1.000000000000000000 ) ) ;
#3170 = ORIENTED_EDGE ( 'NONE', *, *, #1787, .F. ) ;
#3171 = DIRECTION ( 'NONE',  ( -0.9996573249755572599, 0.02617694830787325663, 0.000000000000000000 ) ) ;
#3172 = CARTESIAN_POINT ( 'NONE',  ( 35.25000000000000000, -40.00000000000000000, -6.000000000000000000 ) ) ;
#3173 = DIRECTION ( 'NONE',  ( -1.000000000000000000, 6.123031769111888756E-17, 0.000000000000000000 ) ) ;
#3174 = ORIENTED_EDGE ( 'NONE', *, *, #969, .F. ) ;
#3175 = CARTESIAN_POINT ( 'NONE',  ( 15.33137084989847665, -44.49999999999999289, 30.66274169979695330 ) ) ;
#3176 = PLANE ( 'NONE',  #2970 ) ;
#3177 = CARTESIAN_POINT ( 'NONE',  ( -95.50000000000000000, 10.91843600346937038, -37.01521557803250317 ) ) ;
#3178 = VERTEX_POINT ( 'NONE', #3010 ) ;
#3179 = DIRECTION ( 'NONE',  ( 0.000000000000000000, 0.000000000000000000, 1.000000000000000000 ) ) ;
#3180 = LINE ( 'NONE', #954, #822 ) ;
#3181 = CARTESIAN_POINT ( 'NONE',  ( -92.49999999999997158, 36.15474851953637625, 11.68692258420010610 ) ) ;
#3182 = VERTEX_POINT ( 'NONE', #3046 ) ;
#3183 = ADVANCED_FACE ( 'NONE', ( #2763 ), #2536, .T. ) ;
#3184 = LINE ( 'NONE', #3220, #2860 ) ;
#3185 = EDGE_CURVE ( 'NONE', #2692, #282, #1868, .T. ) ;
#3186 = ORIENTED_EDGE ( 'NONE', *, *, #1139, .T. ) ;
#3187 = CARTESIAN_POINT ( 'NONE',  ( -28.99999999999999645, 41.69478441812810132, 58.00000000000001421 ) ) ;
#3188 = DIRECTION ( 'NONE',  ( 0.000000000000000000, -0.6014276769896126362, 0.7989272490977373797 ) ) ;
#3189 = EDGE_LOOP ( 'NONE', ( #1957, #2876, #3394, #3536, #1912, #2431, #903 ) ) ;
#3190 = DIRECTION ( 'NONE',  ( 1.000000000000000000, 0.000000000000000000, -0.000000000000000000 ) ) ;
#3191 = CARTESIAN_POINT ( 'NONE',  ( -15.00000000000000355, -48.50000000000000000, 3.061576552543407636E-15 ) ) ;
#3192 = LINE ( 'NONE', #1749, #1114 ) ;
#3193 = VERTEX_POINT ( 'NONE', #600 ) ;
#3194 = LINE ( 'NONE', #3142, #407 ) ;
#3195 = VECTOR ( 'NONE', #662, 1000.000000000000000 ) ;
#3196 = CARTESIAN_POINT ( 'NONE',  ( -0.3494737905491006047, 58.98474164478282233, -24.44750228693586891 ) ) ;
#3197 = DIRECTION ( 'NONE',  ( -3.435095992033280728E-17, 1.000000000000000000, 1.281995277114442594E-16 ) ) ;
#3198 = CIRCLE ( 'NONE', #1534, 24.45000000000000284 ) ;
#3199 = EDGE_LOOP ( 'NONE', ( #2224, #2806, #626, #3225 ) ) ;
#3200 = LINE ( 'NONE', #2121, #542 ) ;
#3201 = AXIS2_PLACEMENT_3D ( 'NONE', #1541, #2883, #1248 ) ;
#3202 = AXIS2_PLACEMENT_3D ( 'NONE', #545, #1666, #2753 ) ;
#3203 = EDGE_CURVE ( 'NONE', #3511, #1651, #1373, .T. ) ;
#3204 = VECTOR ( 'NONE', #1017, 1000.000000000000000 ) ;
#3205 = EDGE_LOOP ( 'NONE', ( #340, #367, #2330 ) ) ;
#3206 = DIRECTION ( 'NONE',  ( -1.000000000000000000, 0.000000000000000000, 0.000000000000000000 ) ) ;
#3207 = VECTOR ( 'NONE', #1647, 1000.000000000000000 ) ;
#3208 = CARTESIAN_POINT ( 'NONE',  ( 93.00000000000000000, 6.071590012763404557E-14, -42.49999999999992895 ) ) ;
#3209 = ADVANCED_FACE ( 'NONE', ( #3030 ), #468, .T. ) ;
#3210 = EDGE_CURVE ( 'NONE', #751, #2945, #1423, .T. ) ;
#3211 = VERTEX_POINT ( 'NONE', #3062 ) ;
#3212 = DIRECTION ( 'NONE',  ( 0.000000000000000000, 0.000000000000000000, 1.000000000000000000 ) ) ;
#3213 = AXIS2_PLACEMENT_3D ( 'NONE', #1029, #990, #3467 ) ;
#3214 = CARTESIAN_POINT ( 'NONE',  ( -95.49999999999997158, 38.55860473602823646, -1.600394985179870888 ) ) ;
#3215 = VECTOR ( 'NONE', #1169, 1000.000000000000000 ) ;
#3216 = DIRECTION ( 'NONE',  ( -1.000000000000000000, 0.000000000000000000, -0.000000000000000000 ) ) ;
#3217 = CYLINDRICAL_SURFACE ( 'NONE', #2339, 42.50000000000000000 ) ;
#3218 = CARTESIAN_POINT ( 'NONE',  ( 23.11788603124844954, -44.49999999999998579, -43.00000000000000000 ) ) ;
#3219 = VERTEX_POINT ( 'NONE', #870 ) ;
#3220 = CARTESIAN_POINT ( 'NONE',  ( 14.99999999999999645, -48.50000000000000000, 1.224606353822378047E-15 ) ) ;
#3221 = PLANE ( 'NONE',  #2675 ) ;
#3222 = ORIENTED_EDGE ( 'NONE', *, *, #1211, .T. ) ;
#3223 = CARTESIAN_POINT ( 'NONE',  ( 35.25000000000000000, -40.00000000000000000, 37.00000000000002132 ) ) ;
#3224 = EDGE_CURVE ( 'NONE', #2638, #1891, #2663, .T. ) ;
#3225 = ORIENTED_EDGE ( 'NONE', *, *, #2307, .F. ) ;
#3226 = EDGE_CURVE ( 'NONE', #838, #2638, #1202, .T. ) ;
#3227 = EDGE_CURVE ( 'NONE', #3329, #3351, #653, .T. ) ;
#3228 = EDGE_CURVE ( 'NONE', #1448, #2149, #262, .T. ) ;
#3229 = FACE_OUTER_BOUND ( 'NONE', #1278, .T. ) ;
#3230 = CARTESIAN_POINT ( 'NONE',  ( -95.50000000000001421, 36.70868909128135726, 11.90802728404944766 ) ) ;
#3231 = CARTESIAN_POINT ( 'NONE',  ( 2.724749137254790583E-15, 44.50000000000000000, 7.347638122934260394E-15 ) ) ;
#3232 = CARTESIAN_POINT ( 'NONE',  ( -92.48841101376052620, 20.29653535451457813, 32.15505198782111052 ) ) ;
#3233 = LINE ( 'NONE', #2713, #64 ) ;
#3234 = ORIENTED_EDGE ( 'NONE', *, *, #98, .F. ) ;
#3235 = CARTESIAN_POINT ( 'NONE',  ( -90.49291992614421076, -31.38038546109386218, -38.10576639927727172 ) ) ;
#3236 = CARTESIAN_POINT ( 'NONE',  ( -92.49999999999997158, 36.15474851953637625, 11.68692258420010610 ) ) ;
#3237 = VERTEX_POINT ( 'NONE', #2214 ) ;
#3238 = PLANE ( 'NONE',  #193 ) ;
#3239 = VERTEX_POINT ( 'NONE', #851 ) ;
#3240 = CARTESIAN_POINT ( 'NONE',  ( 35.50000000000000711, -41.33974596215563935, -17.47372055837112370 ) ) ;
#3241 = CARTESIAN_POINT ( 'NONE',  ( -95.50000000000000000, 19.40133210772156502, 33.36058200827549314 ) ) ;
#3242 = EDGE_CURVE ( 'NONE', #2932, #2545, #3561, .T. ) ;
#3243 = CARTESIAN_POINT ( 'NONE',  ( -92.50000000000000000, 5.637851296924619901E-15, -8.673617379884040205E-15 ) ) ;
#3244 =( BOUNDED_CURVE ( )  B_SPLINE_CURVE ( 3, ( #2487, #1376, #1654, #2457 ),
 .UNSPECIFIED., .F., .F. ) 
 B_SPLINE_CURVE_WITH_KNOTS ( ( 4, 4 ),
 ( 0.000000000000000000, 0.5000000000000000000 ),
 .UNSPECIFIED. ) 
 CURVE ( )  GEOMETRIC_REPRESENTATION_ITEM ( )  RATIONAL_B_SPLINE_CURVE ( ( 1.000000000000000000, 0.3333333333333333703, 0.3333333333333333703, 1.000000000000000000 ) ) 
 REPRESENTATION_ITEM ( '' )  );
#3245 = CARTESIAN_POINT ( 'NONE',  ( 16.31960893229436138, -39.17348127635710853, -55.67348127635709432 ) ) ;
#3246 = CARTESIAN_POINT ( 'NONE',  ( 9.849313137826442994E-15, 42.96095176247493441, 24.45000000000001350 ) ) ;
#3247 = VERTEX_POINT ( 'NONE', #3368 ) ;
#3248 = DIRECTION ( 'NONE',  ( 1.000000000000000000, -0.000000000000000000, -0.000000000000000000 ) ) ;
#3249 = CARTESIAN_POINT ( 'NONE',  ( 89.20000000000000284, 5.551115123125779547E-14, 7.979727989493312634E-14 ) ) ;
#3250 = VERTEX_POINT ( 'NONE', #2251 ) ;
#3251 = VECTOR ( 'NONE', #339, 1000.000000000000114 ) ;
#3252 = DIRECTION ( 'NONE',  ( -1.000000000000000000, 6.123031769111888756E-17, 0.000000000000000000 ) ) ;
#3253 = VECTOR ( 'NONE', #902, 1000.000000000000000 ) ;
#3254 = LOCAL_TIME ( 22, 55, 28.00000000000000000, #1549 ) ;
#3255 = AXIS2_PLACEMENT_3D ( 'NONE', #3495, #3523, #1829 ) ;
#3256 = ORIENTED_EDGE ( 'NONE', *, *, #1302, .F. ) ;
#3257 = EDGE_LOOP ( 'NONE', ( #1900, #772 ) ) ;
#3258 = AXIS2_PLACEMENT_3D ( 'NONE', #27, #2180, #1137 ) ;
#3259 = CARTESIAN_POINT ( 'NONE',  ( -81.34388976264895632, 36.42754256709732630, -51.62563065769103332 ) ) ;
#3260 = CARTESIAN_POINT ( 'NONE',  ( -2.969670408019264851E-15, -48.50000000000000000, 1.224606353822378047E-15 ) ) ;
#3261 = VECTOR ( 'NONE', #897, 1000.000000000000000 ) ;
#3262 = DIRECTION ( 'NONE',  ( 1.000000000000000000, 0.000000000000000000, 0.000000000000000000 ) ) ;
#3263 = AXIS2_PLACEMENT_3D ( 'NONE', #1836, #3452, #476 ) ;
#3264 = CARTESIAN_POINT ( 'NONE',  ( 35.25000000000000000, -39.99999999999999289, -43.00000000000001421 ) ) ;
#3265 = DIRECTION ( 'NONE',  ( 1.000000000000000000, 0.000000000000000000, -0.000000000000000000 ) ) ;
#3266 = ORIENTED_EDGE ( 'NONE', *, *, #3042, .T. ) ;
#3267 = DIRECTION ( 'NONE',  ( 1.000000000000000000, 0.000000000000000000, 0.000000000000000000 ) ) ;
#3268 =( BOUNDED_CURVE ( )  B_SPLINE_CURVE ( 3, ( #1488, #611, #328, #95 ),
 .UNSPECIFIED., .F., .F. ) 
 B_SPLINE_CURVE_WITH_KNOTS ( ( 4, 4 ),
 ( 0.5000000000000000000, 1.000000000000000000 ),
 .UNSPECIFIED. ) 
 CURVE ( )  GEOMETRIC_REPRESENTATION_ITEM ( )  RATIONAL_B_SPLINE_CURVE ( ( 1.000000000000000000, 0.3333333333333333703, 0.3333333333333333703, 1.000000000000000000 ) ) 
 REPRESENTATION_ITEM ( '' )  );
#3269 = EDGE_CURVE ( 'NONE', #1336, #926, #2734, .T. ) ;
#3270 = EDGE_CURVE ( 'NONE', #1895, #1108, #621, .T. ) ;
#3271 = CYLINDRICAL_SURFACE ( 'NONE', #2496, 15.00000000000000000 ) ;
#3272 = CARTESIAN_POINT ( 'NONE',  ( -0.3494737905491033247, 58.98474164478282233, 24.44750228693589733 ) ) ;
#3273 = ORIENTED_EDGE ( 'NONE', *, *, #1818, .F. ) ;
#3274 = DIRECTION ( 'NONE',  ( 0.000000000000000000, 0.000000000000000000, 1.000000000000000000 ) ) ;
#3275 = VERTEX_POINT ( 'NONE', #3295 ) ;
#3276 = VERTEX_POINT ( 'NONE', #47 ) ;
#3277 = CARTESIAN_POINT ( 'NONE',  ( -93.64432376310604411, -34.37235228894775929, 26.01001737461746188 ) ) ;
#3278 = LINE ( 'NONE', #572, #1057 ) ;
#3279 = CARTESIAN_POINT ( 'NONE',  ( 5.249365376591294543E-15, 42.96095176247493441, -24.44999999999999929 ) ) ;
#3280 = FACE_OUTER_BOUND ( 'NONE', #2702, .T. ) ;
#3281 = CARTESIAN_POINT ( 'NONE',  ( 35.25000000000000000, -40.50000000000000000, -56.50000000000000000 ) ) ;
#3282 = ORIENTED_EDGE ( 'NONE', *, *, #2187, .T. ) ;
#3283 = LINE ( 'NONE', #3012, #1485 ) ;
#3284 = DIRECTION ( 'NONE',  ( -6.123031769111888756E-17, -1.000000000000000000, 0.000000000000000000 ) ) ;
#3285 = CARTESIAN_POINT ( 'NONE',  ( -92.50000000000000000, 5.637851296924619901E-15, -8.673617379884040205E-15 ) ) ;
#3286 = ORIENTED_EDGE ( 'NONE', *, *, #636, .T. ) ;
#3287 = EDGE_CURVE ( 'NONE', #3582, #3219, #2271, .T. ) ;
#3288 = DIRECTION ( 'NONE',  ( -0.9659258262890683122, 0.000000000000000000, -0.2588190451025206285 ) ) ;
#3289 = ORIENTED_EDGE ( 'NONE', *, *, #854, .T. ) ;
#3290 = VERTEX_POINT ( 'NONE', #3103 ) ;
#3291 = CARTESIAN_POINT ( 'NONE',  ( 15.79999999999999893, -45.29999999999999716, 0.000000000000000000 ) ) ;
#3292 = CARTESIAN_POINT ( 'NONE',  ( -11.11565465808424591, -37.97563179905759512, -30.54001017554201880 ) ) ;
#3293 = CARTESIAN_POINT ( 'NONE',  ( 35.25000000000000000, -31.65474851953635493, 21.01729992565439886 ) ) ;
#3294 = DIRECTION ( 'NONE',  ( -0.9989223391205670488, -0.01587415820401417640, 0.04361389121838069732 ) ) ;
#3295 = CARTESIAN_POINT ( 'NONE',  ( 75.00000000000000000, -42.19999999999995310, 7.979727989493312634E-14 ) ) ;
#3296 = EDGE_LOOP ( 'NONE', ( #2383, #2369, #529, #688 ) ) ;
#3297 = CARTESIAN_POINT ( 'NONE',  ( 35.25000000000000000, 35.91945648794771273, -12.39123261061766890 ) ) ;
#3298 = CARTESIAN_POINT ( 'NONE',  ( -44.74999999999998579, 20.56594215396610181, 33.40512627446505434 ) ) ;
#3299 = CARTESIAN_POINT ( 'NONE',  ( 9.849313137826442994E-15, 42.96095176247493441, 24.45000000000001350 ) ) ;
#3300 = ORIENTED_EDGE ( 'NONE', *, *, #1614, .T. ) ;
#3301 = CARTESIAN_POINT ( 'NONE',  ( 35.25000000000000000, -56.06993776231119853, -24.55552926470259933 ) ) ;
#3302 = EDGE_CURVE ( 'NONE', #1919, #1916, #1804, .T. ) ;
#3303 = AXIS2_PLACEMENT_3D ( 'NONE', #2834, #556, #3312 ) ;
#3304 = EDGE_LOOP ( 'NONE', ( #1085, #1867, #977, #2507, #2007 ) ) ;
#3305 = ORIENTED_EDGE ( 'NONE', *, *, #2629, .F. ) ;
#3306 = AXIS2_PLACEMENT_3D ( 'NONE', #1020, #1571, #485 ) ;
#3307 = EDGE_CURVE ( 'NONE', #3211, #1462, #3021, .T. ) ;
#3308 = EDGE_CURVE ( 'NONE', #1718, #1935, #3457, .T. ) ;
#3309 = CARTESIAN_POINT ( 'NONE',  ( -24.44999999999999574, 57.93248994588690692, 1.034189954684953918E-14 ) ) ;
#3310 = LINE ( 'NONE', #2727, #763 ) ;
#3311 = AXIS2_PLACEMENT_3D ( 'NONE', #2748, #261, #869 ) ;
#3312 = DIRECTION ( 'NONE',  ( -1.000000000000000000, 0.000000000000000000, 0.000000000000000000 ) ) ;
#3313 = DIRECTION ( 'NONE',  ( -1.217349807703022609E-16, -1.000000000000000000, -7.409702771572932374E-33 ) ) ;
#3314 = AXIS2_PLACEMENT_3D ( 'NONE', #405, #1527, #2623 ) ;
#3315 = CARTESIAN_POINT ( 'NONE',  ( -87.22785979077518448, 8.202331923730525887, -48.29280436955689026 ) ) ;
#3316 = ORIENTED_EDGE ( 'NONE', *, *, #1572, .T. ) ;
#3317 = DIRECTION ( 'NONE',  ( 1.000000000000000000, -0.000000000000000000, -0.000000000000000000 ) ) ;
#3318 = CARTESIAN_POINT ( 'NONE',  ( -93.93719938545486059, 38.85956506312109582, -16.80694531276173720 ) ) ;
#3319 = CARTESIAN_POINT ( 'NONE',  ( -24.44999999999999574, 57.93248994588690692, 1.034189954684953918E-14 ) ) ;
#3320 = EDGE_CURVE ( 'NONE', #3363, #1436, #2879, .T. ) ;
#3321 = EDGE_LOOP ( 'NONE', ( #777, #2735, #392, #3526, #3153 ) ) ;
#3322 = CARTESIAN_POINT ( 'NONE',  ( 35.25000000000000000, -40.00000000000000000, -6.000000000000000000 ) ) ;
#3323 = AXIS2_PLACEMENT_3D ( 'NONE', #2013, #2564, #77 ) ;
#3324 = CARTESIAN_POINT ( 'NONE',  ( -44.75000000000000000, -22.98408746478899900, 30.25692851911659176 ) ) ;
#3325 = ORIENTED_EDGE ( 'NONE', *, *, #610, .F. ) ;
#3326 = ORIENTED_EDGE ( 'NONE', *, *, #2561, .F. ) ;
#3327 = LINE ( 'NONE', #847, #1061 ) ;
#3328 = CARTESIAN_POINT ( 'NONE',  ( 42.50000000000000000, 49.50000000000000000, -4.999999999999919176 ) ) ;
#3329 = VERTEX_POINT ( 'NONE', #142 ) ;
#3330 = EDGE_CURVE ( 'NONE', #2311, #488, #3192, .T. ) ;
#3331 = CARTESIAN_POINT ( 'NONE',  ( 48.00000000000000000, -41.33974596215550434, -17.47372055837104909 ) ) ;
#3332 = EDGE_CURVE ( 'NONE', #1651, #838, #2152, .T. ) ;
#3333 = FACE_OUTER_BOUND ( 'NONE', #1016, .T. ) ;
#3334 = CARTESIAN_POINT ( 'NONE',  ( -86.49664386101930802, 13.87294589444023885, -48.31195193254362863 ) ) ;
#3335 = ORIENTED_EDGE ( 'NONE', *, *, #3242, .F. ) ;
#3336 = DIRECTION ( 'NONE',  ( -1.000000000000000000, 0.000000000000000000, -0.000000000000000000 ) ) ;
#3337 = DIRECTION ( 'NONE',  ( -1.000000000000000000, 0.000000000000000000, 0.000000000000000000 ) ) ;
#3338 = CARTESIAN_POINT ( 'NONE',  ( 16.31960893229439691, 43.67348127635709432, -55.67348127635712274 ) ) ;
#3339 = EDGE_LOOP ( 'NONE', ( #1531, #1452, #76 ) ) ;
#3340 = FACE_OUTER_BOUND ( 'NONE', #826, .T. ) ;
#3341 = DIRECTION ( 'NONE',  ( 0.000000000000000000, 0.000000000000000000, 1.000000000000000000 ) ) ;
#3342 = VERTEX_POINT ( 'NONE', #2362 ) ;
#3343 = VERTEX_POINT ( 'NONE', #1515 ) ;
#3344 = CARTESIAN_POINT ( 'NONE',  ( -5.643565774175229421, 145.0931499289991962, 32.00625197289674873 ) ) ;
#3345 = CARTESIAN_POINT ( 'NONE',  ( -91.63702391299024441, -32.11617921581446922, 24.11685512223280625 ) ) ;
#3346 = ORIENTED_EDGE ( 'NONE', *, *, #2909, .F. ) ;
#3347 = CARTESIAN_POINT ( 'NONE',  ( 48.00000000000000000, 44.50000000000000000, -5.999999999999920952 ) ) ;
#3348 = DIRECTION ( 'NONE',  ( 0.000000000000000000, -0.6014276769896131913, 0.7989272490977370467 ) ) ;
#3349 = CARTESIAN_POINT ( 'NONE',  ( 75.30000000000001137, 5.551115123125779547E-14, 7.979727989493312634E-14 ) ) ;
#3350 = EDGE_CURVE ( 'NONE', #1939, #647, #3104, .T. ) ;
#3351 = VERTEX_POINT ( 'NONE', #742 ) ;
#3352 = CARTESIAN_POINT ( 'NONE',  ( 27.50000000000000355, 44.50000000000000000, 7.347638122934260394E-15 ) ) ;
#3353 = DIRECTION ( 'NONE',  ( -1.000000000000000000, 0.000000000000000000, 0.000000000000000000 ) ) ;
#3354 = ADVANCED_FACE ( 'NONE', ( #2437, #1852 ), #2951, .T. ) ;
#3355 = PLANE ( 'NONE',  #3488 ) ;
#3356 = VERTEX_POINT ( 'NONE', #2394 ) ;
#3357 = PLANE ( 'NONE',  #2177 ) ;
#3358 = PLANE ( 'NONE',  #2272 ) ;
#3359 = ORIENTED_EDGE ( 'NONE', *, *, #3165, .F. ) ;
#3360 = EDGE_LOOP ( 'NONE', ( #1907, #2420, #908, #1642 ) ) ;
#3361 = DIRECTION ( 'NONE',  ( -1.000000000000000000, 6.123031769111888756E-17, 0.000000000000000000 ) ) ;
#3362 = DIRECTION ( 'NONE',  ( 0.000000000000000000, 0.000000000000000000, 1.000000000000000000 ) ) ;
#3363 = VERTEX_POINT ( 'NONE', #194 ) ;
#3364 = CARTESIAN_POINT ( 'NONE',  ( 23.11788603124839625, -39.47030046465077646, -43.00000000000000711 ) ) ;
#3365 = VECTOR ( 'NONE', #1911, 1000.000000000000000 ) ;
#3366 = VECTOR ( 'NONE', #3550, 1000.000000000000000 ) ;
#3367 = LINE ( 'NONE', #338, #1348 ) ;
#3368 = CARTESIAN_POINT ( 'NONE',  ( 35.25000000000000000, -44.49999999999998579, 37.00000000000000000 ) ) ;
#3369 = LOCAL_TIME ( 22, 55, 28.00000000000000000, #2855 ) ;
#3370 = CIRCLE ( 'NONE', #1875, 15.00000000000000000 ) ;
#3371 = ORIENTED_EDGE ( 'NONE', *, *, #205, .T. ) ;
#3372 = CARTESIAN_POINT ( 'NONE',  ( 23.11788603124839980, -39.47030046465076936, -43.00000000000001421 ) ) ;
#3373 = CARTESIAN_POINT ( 'NONE',  ( -93.44984109628435931, 38.88084358556056230, 19.29394511858036410 ) ) ;
#3374 = CARTESIAN_POINT ( 'NONE',  ( 2.865578867944365466E-15, 46.80000000000001137, 7.347638122934260394E-15 ) ) ;
#3375 = ORIENTED_EDGE ( 'NONE', *, *, #1192, .T. ) ;
#3376 = DIRECTION ( 'NONE',  ( 1.000000000000000000, -0.000000000000000000, -0.000000000000000000 ) ) ;
#3377 = ADVANCED_FACE ( 'NONE', ( #3507 ), #1871, .T. ) ;
#3378 = EDGE_CURVE ( 'NONE', #1136, #1244, #2990, .T. ) ;
#3379 = AXIS2_PLACEMENT_3D ( 'NONE', #509, #2741, #3274 ) ;
#3380 = CARTESIAN_POINT ( 'NONE',  ( -92.50000000000000000, 35.91945648794768431, -12.39123261061775949 ) ) ;
#3381 = ORIENTED_EDGE ( 'NONE', *, *, #3308, .F. ) ;
#3382 = AXIS2_PLACEMENT_3D ( 'NONE', #2186, #2997, #200 ) ;
#3383 = ORIENTED_EDGE ( 'NONE', *, *, #1954, .F. ) ;
#3384 =( BOUNDED_SURFACE ( )  B_SPLINE_SURFACE ( 3, 1, ( 
 ( #346, #1465 ),
 ( #2543, #2506 ),
 ( #1739, #1411 ),
 ( #2305, #79 ),
 ( #3128, #1430 ),
 ( #1134, #1193 ),
 ( #1447, #1972 ) ),
 .UNSPECIFIED., .F., .F., .F. ) 
 B_SPLINE_SURFACE_WITH_KNOTS ( ( 4, 3, 4 ),
 ( 2, 2 ),
 ( 0.000000000000000000, 0.5000000000000000000, 1.000000000000000000 ),
 ( 0.000000000000000000, 1.000000000000000000 ),
 .UNSPECIFIED. ) 
 GEOMETRIC_REPRESENTATION_ITEM ( )  RATIONAL_B_SPLINE_SURFACE ( (
 ( 1.000000000000000000, 1.000000000000000000),
 ( 0.8002741005225374460, 0.8002741005225374460),
 ( 0.8002741005225374460, 0.8002741005225374460),
 ( 1.000000000000000000, 1.000000000000000000),
 ( 0.8002741005225375570, 0.8002741005225375570),
 ( 0.8002741005225375570, 0.8002741005225375570),
 ( 1.000000000000000000, 1.000000000000000000) ) ) 
 REPRESENTATION_ITEM ( '' )  SURFACE ( )  );
#3385 = CARTESIAN_POINT ( 'NONE',  ( 89.20000000000000284, 5.551115123125779547E-14, 7.979727989493312634E-14 ) ) ;
#3386 = APPROVAL_STATUS ( 'not_yet_approved' ) ;
#3387 = ORIENTED_EDGE ( 'NONE', *, *, #1993, .F. ) ;
#3388 = FACE_OUTER_BOUND ( 'NONE', #1023, .T. ) ;
#3389 = FACE_OUTER_BOUND ( 'NONE', #256, .T. ) ;
#3390 = CARTESIAN_POINT ( 'NONE',  ( -95.49999999999998579, -2.639821243151937225, -38.50157070899856393 ) ) ;
#3391 = ORIENTED_EDGE ( 'NONE', *, *, #1048, .F. ) ;
#3392 = CARTESIAN_POINT ( 'NONE',  ( 75.00000000000000000, 5.551115123125779547E-14, 7.843419788940609499E-14 ) ) ;
#3393 = DIRECTION ( 'NONE',  ( 1.000000000000000000, -7.796510004390139868E-17, 0.000000000000000000 ) ) ;
#3394 = ORIENTED_EDGE ( 'NONE', *, *, #3167, .F. ) ;
#3395 = CARTESIAN_POINT ( 'NONE',  ( 14.99999999999999645, -48.50000000000000000, 1.224606353822378047E-15 ) ) ;
#3396 = ADVANCED_FACE ( 'NONE', ( #2647 ), #552, .F. ) ;
#3397 = CARTESIAN_POINT ( 'NONE',  ( 75.30000000000001137, 5.551115123125779547E-14, -42.49999999999994316 ) ) ;
#3398 = EDGE_CURVE ( 'NONE', #876, #3018, #1403, .T. ) ;
#3399 = EDGE_LOOP ( 'NONE', ( #3463, #1948, #105, #1835 ) ) ;
#3400 = ORIENTED_EDGE ( 'NONE', *, *, #3320, .F. ) ;
#3401 = CARTESIAN_POINT ( 'NONE',  ( 75.00000000000000000, 5.551115123125779547E-14, 7.843419788940609499E-14 ) ) ;
#3402 = CARTESIAN_POINT ( 'NONE',  ( 35.50000000000000711, 45.50000000000000000, 6.000000000000099476 ) ) ;
#3403 = ORIENTED_EDGE ( 'NONE', *, *, #3350, .T. ) ;
#3404 = DIRECTION ( 'NONE',  ( 0.9650679815140736917, 0.04213577804371879815, 0.2585891862878296754 ) ) ;
#3405 = DIRECTION ( 'NONE',  ( 0.000000000000000000, -1.919717467050984884E-16, 1.000000000000000000 ) ) ;
#3406 = DIRECTION ( 'NONE',  ( 0.000000000000000000, 0.000000000000000000, 1.000000000000000000 ) ) ;
#3407 = B_SPLINE_CURVE_WITH_KNOTS ( 'NONE', 3,
 ( #1675, #2022, #2249, #1978, #3078 ),
 .UNSPECIFIED., .F., .F.,
 ( 4, 1, 4 ),
 ( 3.469446951953614189E-18, 0.009038649203495025680, 0.01807729840699004789 ),
 .UNSPECIFIED. ) ;
#3408 = EDGE_LOOP ( 'NONE', ( #190, #2002, #1671, #40 ) ) ;
#3409 = CARTESIAN_POINT ( 'NONE',  ( -92.29539669652592693, -32.45302268912310240, -24.52299785058256276 ) ) ;
#3410 = DIRECTION ( 'NONE',  ( 0.000000000000000000, 1.000000000000000000, 0.000000000000000000 ) ) ;
#3411 = CARTESIAN_POINT ( 'NONE',  ( -98.81806057270765109, -23.92327604551237741, 17.58459989161008963 ) ) ;
#3412 = ORIENTED_EDGE ( 'NONE', *, *, #2859, .T. ) ;
#3413 = LINE ( 'NONE', #1149, #1652 ) ;
#3414 = ORIENTED_EDGE ( 'NONE', *, *, #1363, .T. ) ;
#3415 = ORIENTED_EDGE ( 'NONE', *, *, #1729, .F. ) ;
#3416 = DIRECTION ( 'NONE',  ( 1.000000000000000000, 0.000000000000000000, 0.000000000000000000 ) ) ;
#3417 = CALENDAR_DATE ( 2025, 12, 11 ) ;
#3418 = VERTEX_POINT ( 'NONE', #3076 ) ;
#3419 = DIRECTION ( 'NONE',  ( -1.000000000000000000, 0.000000000000000000, 0.000000000000000000 ) ) ;
#3420 = EDGE_CURVE ( 'NONE', #2636, #613, #3310, .T. ) ;
#3421 = ADVANCED_FACE ( 'NONE', ( #1124 ), #2247, .T. ) ;
#3422 = DIRECTION ( 'NONE',  ( -0.9993880536865574760, -0.02616989719101926043, -0.02320893426261094739 ) ) ;
#3423 = CARTESIAN_POINT ( 'NONE',  ( -95.50000000000001421, 1.930186399285845456, -38.56579901507880237 ) ) ;
#3424 = AXIS2_PLACEMENT_3D ( 'NONE', #2458, #534, #3557 ) ;
#3425 = VECTOR ( 'NONE', #1019, 1000.000000000000000 ) ;
#3426 = ORIENTED_EDGE ( 'NONE', *, *, #2731, .T. ) ;
#3427 = PLANE ( 'NONE',  #120 ) ;
#3428 = CARTESIAN_POINT ( 'NONE',  ( -93.21248400596178385, 30.01686712101864885, 32.41126235270692746 ) ) ;
#3429 = ORGANIZATION ( 'UNSPECIFIED', 'UNSPECIFIED', '' ) ;
#3430 = CARTESIAN_POINT ( 'NONE',  ( 94.00000000000000000, 0.000000000000000000, 0.000000000000000000 ) ) ;
#3431 = ORIENTED_EDGE ( 'NONE', *, *, #2187, .F. ) ;
#3432 = CC_DESIGN_APPROVAL ( #558, ( #1989 ) ) ;
#3433 = CARTESIAN_POINT ( 'NONE',  ( -90.44032974753154974, 39.01224168874098552, 30.12626351834928684 ) ) ;
#3434 = VECTOR ( 'NONE', #3348, 1000.000000000000114 ) ;
#3435 = AXIS2_PLACEMENT_3D ( 'NONE', #593, #1743, #116 ) ;
#3436 = ORIENTED_EDGE ( 'NONE', *, *, #3302, .F. ) ;
#3437 = DIRECTION ( 'NONE',  ( 0.000000000000000000, -0.000000000000000000, -1.000000000000000000 ) ) ;
#3438 = CARTESIAN_POINT ( 'NONE',  ( -86.32848249591492618, -14.59187827194451792, -48.31635539286119041 ) ) ;
#3439 = EDGE_CURVE ( 'NONE', #1413, #3247, #1655, .T. ) ;
#3440 = APPLICATION_PROTOCOL_DEFINITION ( 'international standard', 'config_control_design', 1994, #207 ) ;
#3441 = ORIENTED_EDGE ( 'NONE', *, *, #1122, .T. ) ;
#3442 = LINE ( 'NONE', #2877, #2159 ) ;
#3443 = CARTESIAN_POINT ( 'NONE',  ( 35.25000000000000000, 20.24406450408059754, 32.15474851953639757 ) ) ;
#3444 = CARTESIAN_POINT ( 'NONE',  ( -95.49999999999995737, 8.691495378178519360, -37.60040603964384331 ) ) ;
#3445 = EDGE_CURVE ( 'NONE', #2554, #1221, #2111, .T. ) ;
#3446 = ORIENTED_EDGE ( 'NONE', *, *, #1663, .T. ) ;
#3447 = LINE ( 'NONE', #694, #3477 ) ;
#3448 = FACE_OUTER_BOUND ( 'NONE', #1203, .T. ) ;
#3449 = VERTEX_POINT ( 'NONE', #1359 ) ;
#3450 = CARTESIAN_POINT ( 'NONE',  ( -96.25191310235486242, 20.96127407516564745, 18.61935873674606157 ) ) ;
#3451 = ORIENTED_EDGE ( 'NONE', *, *, #904, .T. ) ;
#3452 = DIRECTION ( 'NONE',  ( -1.000000000000000000, 6.123031769111888756E-17, 0.000000000000000000 ) ) ;
#3453 = CARTESIAN_POINT ( 'NONE',  ( -95.50000000000007105, -24.06282029786799015, 30.17892085813971192 ) ) ;
#3454 = ORIENTED_EDGE ( 'NONE', *, *, #1285, .T. ) ;
#3455 = DIRECTION ( 'NONE',  ( -1.000000000000000000, 0.000000000000000000, 0.000000000000000000 ) ) ;
#3456 = CARTESIAN_POINT ( 'NONE',  ( 35.25000000000000000, -40.00000000000000000, 44.50000000000000000 ) ) ;
#3457 = LINE ( 'NONE', #378, #3251 ) ;
#3458 = ORIENTED_EDGE ( 'NONE', *, *, #1631, .F. ) ;
#3459 = CARTESIAN_POINT ( 'NONE',  ( 35.25000000000000000, 44.50000000000000711, 44.50000000000003553 ) ) ;
#3460 = EDGE_CURVE ( 'NONE', #751, #2400, #1088, .T. ) ;
#3461 = PLANE ( 'NONE',  #1467 ) ;
#3462 = CARTESIAN_POINT ( 'NONE',  ( 35.25000000000000000, -15.90132679960198914, 32.15474851953636204 ) ) ;
#3463 = ORIENTED_EDGE ( 'NONE', *, *, #1746, .F. ) ;
#3464 = CARTESIAN_POINT ( 'NONE',  ( -91.85589253783291497, 31.49294105059633253, 25.54995867943438270 ) ) ;
#3465 = EDGE_CURVE ( 'NONE', #54, #3247, #2233, .T. ) ;
#3466 = EDGE_LOOP ( 'NONE', ( #1062, #2070, #212, #109, #1270, #1306 ) ) ;
#3467 = DIRECTION ( 'NONE',  ( 0.000000000000000000, 0.000000000000000000, 1.000000000000000000 ) ) ;
#3468 = ADVANCED_FACE ( 'NONE', ( #594 ), #3574, .F. ) ;
#3469 = CARTESIAN_POINT ( 'NONE',  ( -95.49999999999997158, -20.78555342892319757, 32.57029764439222674 ) ) ;
#3470 = DATE_TIME_ROLE ( 'classification_date' ) ;
#3471 = ORIENTED_EDGE ( 'NONE', *, *, #537, .T. ) ;
#3472 = CARTESIAN_POINT ( 'NONE',  ( -5.643565774175240968, -38.21454835940824069, 32.00625197289674873 ) ) ;
#3473 = CARTESIAN_POINT ( 'NONE',  ( -92.71856750649850198, -26.09608468231266443, 27.23609548369637423 ) ) ;
#3474 = CARTESIAN_POINT ( 'NONE',  ( -85.33200922536327937, 19.53089423830471461, -48.34244896376966949 ) ) ;
#3475 = DIRECTION ( 'NONE',  ( -5.987766851903286315E-18, -1.371424081346605940E-16, 1.000000000000000000 ) ) ;
#3476 = LINE ( 'NONE', #1573, #1291 ) ;
#3477 = VECTOR ( 'NONE', #1245, 1000.000000000000000 ) ;
#3478 = VERTEX_POINT ( 'NONE', #3292 ) ;
#3479 = DIRECTION ( 'NONE',  ( 0.000000000000000000, 0.000000000000000000, 1.000000000000000000 ) ) ;
#3480 = VECTOR ( 'NONE', #321, 1000.000000000000000 ) ;
#3481 = VECTOR ( 'NONE', #1682, 1000.000000000000000 ) ;
#3482 = LINE ( 'NONE', #228, #355 ) ;
#3483 = CIRCLE ( 'NONE', #2220, 37.99671038392669686 ) ;
#3484 = VERTEX_POINT ( 'NONE', #810 ) ;
#3485 = EDGE_CURVE ( 'NONE', #1916, #3239, #1103, .T. ) ;
#3486 = ADVANCED_FACE ( 'NONE', ( #3007 ), #2210, .T. ) ;
#3487 = LINE ( 'NONE', #426, #427 ) ;
#3488 = AXIS2_PLACEMENT_3D ( 'NONE', #17, #2826, #2754 ) ;
#3489 = ORIENTED_EDGE ( 'NONE', *, *, #1656, .T. ) ;
#3490 = DIRECTION ( 'NONE',  ( 0.000000000000000000, 0.000000000000000000, 1.000000000000000000 ) ) ;
#3491 = AXIS2_PLACEMENT_3D ( 'NONE', #2603, #113, #3437 ) ;
#3492 = CARTESIAN_POINT ( 'NONE',  ( -95.50000000000002842, 21.99562890022838957, 31.73761807481852770 ) ) ;
#3493 = AXIS2_PLACEMENT_3D ( 'NONE', #1643, #1093, #815 ) ;
#3494 = CARTESIAN_POINT ( 'NONE',  ( 35.25000000000000000, -2.877600118973290075E-15, -45.00000000000000000 ) ) ;
#3495 = CARTESIAN_POINT ( 'NONE',  ( 94.00000000000000000, 5.551115123125779547E-14, 36.14999999999999858 ) ) ;
#3496 = CARTESIAN_POINT ( 'NONE',  ( 35.50000000000000711, -40.00000000000000000, 39.50000000000000000 ) ) ;
#3497 = ORIENTED_EDGE ( 'NONE', *, *, #3420, .T. ) ;
#3498 = CARTESIAN_POINT ( 'NONE',  ( -92.50000000000000000, -7.755436427660550459E-15, 32.15474851953636914 ) ) ;
#3499 = LINE ( 'NONE', #2151, #1817 ) ;
#3500 = ORIENTED_EDGE ( 'NONE', *, *, #1840, .T. ) ;
#3501 = DIRECTION ( 'NONE',  ( -0.8186286446871512412, 0.03574209851895846640, 0.5732099480043407747 ) ) ;
#3502 = CC_DESIGN_PERSON_AND_ORGANIZATION_ASSIGNMENT ( #704, #2917, ( #1822 ) ) ;
#3503 = ADVANCED_FACE ( 'NONE', ( #1976 ), #824, .T. ) ;
#3504 = EDGE_CURVE ( 'NONE', #89, #1782, #1533, .T. ) ;
#3505 = ORIENTED_EDGE ( 'NONE', *, *, #1388, .F. ) ;
#3506 = FACE_OUTER_BOUND ( 'NONE', #1766, .T. ) ;
#3507 = FACE_OUTER_BOUND ( 'NONE', #1235, .T. ) ;
#3508 = CARTESIAN_POINT ( 'NONE',  ( 35.50000000000000711, -41.33974596215561093, 17.47372055837127647 ) ) ;
#3509 = CARTESIAN_POINT ( 'NONE',  ( -3.789486840213349694, 21.27559821173620591, 38.79549919389181412 ) ) ;
#3510 = CARTESIAN_POINT ( 'NONE',  ( 3.469446951953614189E-15, 60.00000000000001421, 7.566156610023292385E-15 ) ) ;
#3511 = VERTEX_POINT ( 'NONE', #2489 ) ;
#3512 = LINE ( 'NONE', #2715, #2403 ) ;
#3513 = DIRECTION ( 'NONE',  ( -6.123031769111888756E-17, -1.000000000000000000, 0.000000000000000000 ) ) ;
#3514 = ORIENTED_EDGE ( 'NONE', *, *, #1079, .T. ) ;
#3515 = DIRECTION ( 'NONE',  ( -1.000000000000000000, 6.123031769111888756E-17, 0.000000000000000000 ) ) ;
#3516 = PERSON_AND_ORGANIZATION_ROLE ( 'creator' ) ;
#3517 = ORIENTED_EDGE ( 'NONE', *, *, #1575, .T. ) ;
#3518 = ORIENTED_EDGE ( 'NONE', *, *, #3048, .T. ) ;
#3519 = CARTESIAN_POINT ( 'NONE',  ( 93.00000000000000000, 5.551115123125779547E-14, 7.843419788940609499E-14 ) ) ;
#3520 = CARTESIAN_POINT ( 'NONE',  ( -95.50000000000001421, 36.41628726210852562, -12.77442133759872434 ) ) ;
#3521 = EDGE_CURVE ( 'NONE', #2472, #24, #3278, .T. ) ;
#3522 = EDGE_CURVE ( 'NONE', #3247, #1136, #1393, .T. ) ;
#3523 = DIRECTION ( 'NONE',  ( 1.000000000000000000, 0.000000000000000000, 0.000000000000000000 ) ) ;
#3524 = DIRECTION ( 'NONE',  ( 0.000000000000000000, 0.9659258262890686453, -0.2588190451025195182 ) ) ;
#3525 = CIRCLE ( 'NONE', #2488, 42.20000000000000995 ) ;
#3526 = ORIENTED_EDGE ( 'NONE', *, *, #2207, .T. ) ;
#3527 = CARTESIAN_POINT ( 'NONE',  ( 74.70000000000000284, 5.551115123125779547E-14, 7.979727989493312634E-14 ) ) ;
#3528 = CARTESIAN_POINT ( 'NONE',  ( -2.969670408019264851E-15, -48.50000000000000000, 1.224606353822378047E-15 ) ) ;
#3529 = VECTOR ( 'NONE', #126, 1000.000000000000000 ) ;
#3530 = CARTESIAN_POINT ( 'NONE',  ( 35.50000000000000711, -44.50000000000000000, -12.00000000000000000 ) ) ;
#3531 = ORIENTED_EDGE ( 'NONE', *, *, #1992, .T. ) ;
#3532 = VECTOR ( 'NONE', #3265, 1000.000000000000000 ) ;
#3533 = CARTESIAN_POINT ( 'NONE',  ( -28.38455848906279044, -37.22165517480066654, 32.20526960779702819 ) ) ;
#3534 = CONICAL_SURFACE ( 'NONE', #2844, 42.50000000000002132, 0.7853981633974714827 ) ;
#3535 = VECTOR ( 'NONE', #43, 1000.000000000000114 ) ;
#3536 = ORIENTED_EDGE ( 'NONE', *, *, #3224, .F. ) ;
#3537 = ORIENTED_EDGE ( 'NONE', *, *, #619, .F. ) ;
#3538 = AXIS2_PLACEMENT_3D ( 'NONE', #1958, #3573, #1417 ) ;
#3539 = CARTESIAN_POINT ( 'NONE',  ( 35.25000000000000000, 10.39647816704990113, -66.65606070597459620 ) ) ;
#3540 = DIRECTION ( 'NONE',  ( 1.000000000000000000, 0.000000000000000000, 0.000000000000000000 ) ) ;
#3541 = CARTESIAN_POINT ( 'NONE',  ( -86.66475878278212974, 36.30754968838773067, -34.21960579474071551 ) ) ;
#3542 = AXIS2_PLACEMENT_3D ( 'NONE', #1990, #2524, #917 ) ;
#3543 = FACE_OUTER_BOUND ( 'NONE', #668, .T. ) ;
#3544 = EDGE_CURVE ( 'NONE', #799, #2528, #8, .T. ) ;
#3545 = DIRECTION ( 'NONE',  ( 0.000000000000000000, 0.9659258262890682012, -0.2588190451025211281 ) ) ;
#3546 = ADVANCED_FACE ( 'NONE', ( #1418 ), #1765, .F. ) ;
#3547 = VECTOR ( 'NONE', #3317, 1000.000000000000000 ) ;
#3548 = EDGE_LOOP ( 'NONE', ( #125, #3471, #697, #2110 ) ) ;
#3549 = FACE_OUTER_BOUND ( 'NONE', #2723, .T. ) ;
#3550 = DIRECTION ( 'NONE',  ( -6.123031769111888756E-17, -1.000000000000000000, 0.000000000000000000 ) ) ;
#3551 = DIRECTION ( 'NONE',  ( -0.000000000000000000, 0.000000000000000000, 1.000000000000000000 ) ) ;
#3552 = ORIENTED_EDGE ( 'NONE', *, *, #3378, .F. ) ;
#3553 = FACE_OUTER_BOUND ( 'NONE', #3257, .T. ) ;
#3554 = ORIENTED_EDGE ( 'NONE', *, *, #2668, .F. ) ;
#3555 = ORIENTED_EDGE ( 'NONE', *, *, #2087, .F. ) ;
#3556 = LINE ( 'NONE', #1618, #1299 ) ;
#3557 = DIRECTION ( 'NONE',  ( 0.000000000000000000, 0.000000000000000000, 1.000000000000000000 ) ) ;
#3558 = ORIENTED_EDGE ( 'NONE', *, *, #448, .T. ) ;
#3559 = DIRECTION ( 'NONE',  ( -6.123031769111888756E-17, -1.000000000000000000, 0.000000000000000000 ) ) ;
#3560 = FACE_BOUND ( 'NONE', #2455, .T. ) ;
#3561 = LINE ( 'NONE', #1963, #2557 ) ;
#3562 = EDGE_LOOP ( 'NONE', ( #2562, #2309, #2363, #1744, #3537 ) ) ;
#3563 = DIRECTION ( 'NONE',  ( 0.000000000000000000, 0.000000000000000000, -1.000000000000000000 ) ) ;
#3564 = EDGE_CURVE ( 'NONE', #974, #2636, #925, .T. ) ;
#3565 = DIRECTION ( 'NONE',  ( -0.9980991556472295079, -0.04357795025174775183, 0.04357795025174775183 ) ) ;
#3566 = FACE_OUTER_BOUND ( 'NONE', #2814, .T. ) ;
#3567 = VERTEX_POINT ( 'NONE', #406 ) ;
#3568 = CARTESIAN_POINT ( 'NONE',  ( 48.00000000000000000, -40.00000000000000000, 44.50000000000000000 ) ) ;
#3569 = EDGE_CURVE ( 'NONE', #2306, #457, #2440, .T. ) ;
#3570 = EDGE_CURVE ( 'NONE', #2408, #2996, #887, .T. ) ;
#3571 = ORIENTED_EDGE ( 'NONE', *, *, #1773, .T. ) ;
#3572 = ORIENTED_EDGE ( 'NONE', *, *, #26, .T. ) ;
#3573 = DIRECTION ( 'NONE',  ( -6.123031769111888756E-17, -1.000000000000000000, 0.000000000000000000 ) ) ;
#3574 = CYLINDRICAL_SURFACE ( 'NONE', #2969, 24.44999999999999929 ) ;
#3575 = CARTESIAN_POINT ( 'NONE',  ( -44.75000000000000000, 4.701939657373010454E-15, 0.000000000000000000 ) ) ;
#3576 = LINE ( 'NONE', #1105, #528 ) ;
#3577 = CARTESIAN_POINT ( 'NONE',  ( 35.25000000000000000, 39.50000000000000000, 39.50000000000000000 ) ) ;
#3578 = ORIENTED_EDGE ( 'NONE', *, *, #2153, .T. ) ;
#3579 = FACE_OUTER_BOUND ( 'NONE', #2371, .T. ) ;
#3580 = CARTESIAN_POINT ( 'NONE',  ( -88.42144711968516901, 39.10038800789439506, -35.52192769111541537 ) ) ;
#3581 = ADVANCED_FACE ( 'NONE', ( #3132 ), #2020, .F. ) ;
#3582 = VERTEX_POINT ( 'NONE', #2344 ) ;
#3583 = LINE ( 'NONE', #1115, #2856 ) ;
ENDSEC;
END-ISO-10303-21;
