ISO-10303-21;
HEADER;
FILE_DESCRIPTION (( 'STEP AP203' ),
    '1' );
FILE_NAME ('M-20iA35M Fork Pockets-M-20iA35M_Défaut_sldprt.STEP',
    '2025-11-12T15:55:09',
    ( '' ),
    ( '' ),
    'SwSTEP 2.0',
    'SolidWorks 2023',
    '' );
FILE_SCHEMA (( 'CONFIG_CONTROL_DESIGN' ));
ENDSEC;

DATA;
#1 = ORIENTED_EDGE ( 'NONE', *, *, #110, .T. ) ;
#2 = CARTESIAN_POINT ( 'NONE',  ( 83.50000000000000000, 146.5000000000000000, 295.5999999999999659 ) ) ;
#3 = CARTESIAN_POINT ( 'NONE',  ( 60.49999999999998579, 194.0000000000000000, 309.8500000000000227 ) ) ;
#4 = EDGE_LOOP ( 'NONE', ( #1114, #1046, #437, #279 ) ) ;
#5 = AXIS2_PLACEMENT_3D ( 'NONE', #295, #1042, #2258 ) ;
#6 = CIRCLE ( 'NONE', #1238, 8.000000000000007105 ) ;
#7 = CARTESIAN_POINT ( 'NONE',  ( -100.0000000000000000, 374.0000000000000000, 267.6000000000000227 ) ) ;
#8 = FACE_OUTER_BOUND ( 'NONE', #443, .T. ) ;
#9 = VERTEX_POINT ( 'NONE', #1704 ) ;
#10 = DIRECTION ( 'NONE',  ( 3.746562005547825557E-16, -1.000000000000000000, 0.000000000000000000 ) ) ;
#11 = EDGE_CURVE ( 'NONE', #1688, #1578, #2273, .T. ) ;
#12 = ORIENTED_EDGE ( 'NONE', *, *, #52, .T. ) ;
#13 = CARTESIAN_POINT ( 'NONE',  ( -100.0000000000000000, -194.0000000000000000, 339.6000000000000227 ) ) ;
#14 = CARTESIAN_POINT ( 'NONE',  ( -45.50000000000000000, 146.5000000000000000, 295.5999999999999659 ) ) ;
#15 = EDGE_LOOP ( 'NONE', ( #1102, #2083, #1567, #1338 ) ) ;
#16 = VECTOR ( 'NONE', #1931, 1000.000000000000000 ) ;
#17 = ADVANCED_FACE ( 'NONE', ( #2095 ), #1962, .F. ) ;
#18 = VECTOR ( 'NONE', #1668, 1000.000000000000000 ) ;
#19 = DIRECTION ( 'NONE',  ( 0.000000000000000000, 1.000000000000000000, 0.000000000000000000 ) ) ;
#20 = CIRCLE ( 'NONE', #1212, 14.00000000000001243 ) ;
#21 = ORIENTED_EDGE ( 'NONE', *, *, #527, .F. ) ;
#22 = CARTESIAN_POINT ( 'NONE',  ( 45.50000000000000000, 146.5000000000000000, 295.5999999999999659 ) ) ;
#23 = VECTOR ( 'NONE', #198, 1000.000000000000000 ) ;
#24 = ORIENTED_EDGE ( 'NONE', *, *, #89, .T. ) ;
#25 = DIRECTION ( 'NONE',  ( -0.000000000000000000, 1.000000000000000000, 0.000000000000000000 ) ) ;
#26 = EDGE_CURVE ( 'NONE', #988, #1399, #1203, .T. ) ;
#27 = FACE_OUTER_BOUND ( 'NONE', #429, .T. ) ;
#28 = VERTEX_POINT ( 'NONE', #1776 ) ;
#29 = ADVANCED_FACE ( 'NONE', ( #2321, #108 ), #1937, .F. ) ;
#30 = CARTESIAN_POINT ( 'NONE',  ( -60.50000000000001421, 146.5000000000000000, 309.8500000000000796 ) ) ;
#31 = DIRECTION ( 'NONE',  ( 0.000000000000000000, 0.000000000000000000, -1.000000000000000000 ) ) ;
#32 = ORIENTED_EDGE ( 'NONE', *, *, #2182, .T. ) ;
#33 = CARTESIAN_POINT ( 'NONE',  ( 60.50000000000000000, 150.0000000000000000, 318.6000000000000227 ) ) ;
#34 = ORIENTED_EDGE ( 'NONE', *, *, #872, .F. ) ;
#35 = CARTESIAN_POINT ( 'NONE',  ( 100.0000000000000000, -202.0000000000000000, 353.6000000000000227 ) ) ;
#36 = DIRECTION ( 'NONE',  ( -4.358865182459010242E-16, 1.000000000000000000, -7.957702914632619964E-16 ) ) ;
#37 = EDGE_LOOP ( 'NONE', ( #133, #539, #1681, #1325 ) ) ;
#38 = VERTEX_POINT ( 'NONE', #840 ) ;
#39 = EDGE_CURVE ( 'NONE', #1024, #175, #2193, .T. ) ;
#40 = CARTESIAN_POINT ( 'NONE',  ( -83.50000000000000000, -146.5000000000000000, 295.5999999999999659 ) ) ;
#41 = AXIS2_PLACEMENT_3D ( 'NONE', #1462, #2195, #318 ) ;
#42 = AXIS2_PLACEMENT_3D ( 'NONE', #1834, #154, #2169 ) ;
#43 = VECTOR ( 'NONE', #398, 1000.000000000000000 ) ;
#44 = FACE_OUTER_BOUND ( 'NONE', #800, .T. ) ;
#45 = ORIENTED_EDGE ( 'NONE', *, *, #597, .F. ) ;
#46 = DIRECTION ( 'NONE',  ( 0.000000000000000000, -7.943306035047480960E-16, -1.000000000000000000 ) ) ;
#47 = ADVANCED_FACE ( 'NONE', ( #1047, #2108 ), #484, .T. ) ;
#48 = LINE ( 'NONE', #249, #381 ) ;
#49 = ORIENTED_EDGE ( 'NONE', *, *, #693, .F. ) ;
#50 = CARTESIAN_POINT ( 'NONE',  ( 60.50000000000000000, -146.5000000000000000, 318.6000000000000227 ) ) ;
#51 = CARTESIAN_POINT ( 'NONE',  ( 100.0000000000000000, 382.0000000000000000, 267.6000000000000227 ) ) ;
#52 = EDGE_CURVE ( 'NONE', #492, #9, #2035, .T. ) ;
#53 = DIRECTION ( 'NONE',  ( 1.000000000000000000, 4.211417726005544748E-16, 9.634166742615019383E-17 ) ) ;
#54 = AXIS2_PLACEMENT_3D ( 'NONE', #488, #294, #1602 ) ;
#55 = DIRECTION ( 'NONE',  ( 0.000000000000000000, 0.000000000000000000, 1.000000000000000000 ) ) ;
#56 = DIRECTION ( 'NONE',  ( -3.746562005547825557E-16, 1.000000000000000000, -0.000000000000000000 ) ) ;
#57 = ORIENTED_EDGE ( 'NONE', *, *, #2109, .T. ) ;
#58 = DIRECTION ( 'NONE',  ( 0.000000000000000000, -1.000000000000000000, 0.000000000000000000 ) ) ;
#59 = VECTOR ( 'NONE', #847, 1000.000000000000000 ) ;
#60 = EDGE_CURVE ( 'NONE', #85, #389, #493, .T. ) ;
#61 = CARTESIAN_POINT ( 'NONE',  ( 83.50000000000000000, 146.5000000000000000, 333.6000000000000227 ) ) ;
#62 = ORIENTED_EDGE ( 'NONE', *, *, #1981, .T. ) ;
#63 = DIRECTION ( 'NONE',  ( -4.358865182459010242E-16, 1.000000000000000000, -7.957702914632619964E-16 ) ) ;
#64 = DIRECTION ( 'NONE',  ( 0.000000000000000000, 0.000000000000000000, 1.000000000000000000 ) ) ;
#65 = LINE ( 'NONE', #1669, #1699 ) ;
#66 = CARTESIAN_POINT ( 'NONE',  ( -100.0000000000000000, 188.0000000000000284, 295.5999999999999659 ) ) ;
#67 = DIRECTION ( 'NONE',  ( -4.211417726005545241E-16, 1.000000000000000000, 0.000000000000000000 ) ) ;
#68 = EDGE_CURVE ( 'NONE', #2112, #1306, #1926, .T. ) ;
#69 = EDGE_LOOP ( 'NONE', ( #1005, #918, #1144, #87 ) ) ;
#70 = LINE ( 'NONE', #1865, #1961 ) ;
#71 = DIRECTION ( 'NONE',  ( -4.358865182459010242E-16, 1.000000000000000000, -7.931299208757790261E-16 ) ) ;
#72 = ORIENTED_EDGE ( 'NONE', *, *, #68, .T. ) ;
#73 = DIRECTION ( 'NONE',  ( -0.000000000000000000, 1.000000000000000000, 0.000000000000000000 ) ) ;
#74 = DIRECTION ( 'NONE',  ( 4.358865182459010242E-16, -1.000000000000000000, 7.957702914632619964E-16 ) ) ;
#75 = ORIENTED_EDGE ( 'NONE', *, *, #1832, .F. ) ;
#76 = SHAPE_DEFINITION_REPRESENTATION ( #1160, #1512 ) ;
#77 = VECTOR ( 'NONE', #1328, 1000.000000000000000 ) ;
#78 = AXIS2_PLACEMENT_3D ( 'NONE', #2080, #58, #801 ) ;
#79 = CARTESIAN_POINT ( 'NONE',  ( 100.0000000000000000, 188.0000000000000568, 339.6000000000000227 ) ) ;
#80 = CC_DESIGN_SECURITY_CLASSIFICATION ( #2036, ( #463 ) ) ;
#81 = EDGE_LOOP ( 'NONE', ( #1586, #1644, #1667, #1066 ) ) ;
#82 = CARTESIAN_POINT ( 'NONE',  ( -45.50000000000000000, -146.5000000000000000, 333.6000000000000227 ) ) ;
#83 = ADVANCED_FACE ( 'NONE', ( #1230 ), #1568, .F. ) ;
#84 = ORIENTED_EDGE ( 'NONE', *, *, #447, .F. ) ;
#85 = VERTEX_POINT ( 'NONE', #300 ) ;
#86 = DIRECTION ( 'NONE',  ( 0.000000000000000000, 1.000000000000000000, 1.927470528863119788E-16 ) ) ;
#87 = ORIENTED_EDGE ( 'NONE', *, *, #120, .T. ) ;
#88 = CALENDAR_DATE ( 2025, 12, 11 ) ;
#89 = EDGE_CURVE ( 'NONE', #303, #2359, #1540, .T. ) ;
#90 = CARTESIAN_POINT ( 'NONE',  ( -45.50000000000000000, -146.5000000000000000, 295.5999999999999659 ) ) ;
#91 = VECTOR ( 'NONE', #679, 1000.000000000000000 ) ;
#92 = VERTEX_POINT ( 'NONE', #1595 ) ;
#93 = LINE ( 'NONE', #1375, #505 ) ;
#94 = VECTOR ( 'NONE', #1927, 1000.000000000000000 ) ;
#95 = ADVANCED_FACE ( 'NONE', ( #97 ), #1799, .F. ) ;
#96 = VERTEX_POINT ( 'NONE', #2160 ) ;
#97 = FACE_OUTER_BOUND ( 'NONE', #689, .T. ) ;
#98 = EDGE_CURVE ( 'NONE', #299, #885, #1620, .T. ) ;
#99 = DIRECTION ( 'NONE',  ( 1.000000000000000000, 0.000000000000000000, -0.000000000000000000 ) ) ;
#100 = ORIENTED_EDGE ( 'NONE', *, *, #2241, .T. ) ;
#101 = CARTESIAN_POINT ( 'NONE',  ( 100.0000000000000000, 202.0000000000000568, 259.6000000000001364 ) ) ;
#102 = PERSON_AND_ORGANIZATION ( #2053, #1504 ) ;
#103 = CARTESIAN_POINT ( 'NONE',  ( -100.0000000000000000, 194.0000000000000000, 267.6000000000000227 ) ) ;
#104 = DIRECTION ( 'NONE',  ( 3.746562005547825557E-16, -1.000000000000000000, 0.000000000000000000 ) ) ;
#105 = ORIENTED_EDGE ( 'NONE', *, *, #1608, .F. ) ;
#106 = CARTESIAN_POINT ( 'NONE',  ( -100.0000000000000000, -374.0000000000000000, 353.6000000000000227 ) ) ;
#107 = VERTEX_POINT ( 'NONE', #642 ) ;
#108 = FACE_BOUND ( 'NONE', #2187, .T. ) ;
#109 = ORIENTED_EDGE ( 'NONE', *, *, #98, .F. ) ;
#110 = EDGE_CURVE ( 'NONE', #930, #1692, #1021, .T. ) ;
#111 = CARTESIAN_POINT ( 'NONE',  ( 60.50000000000000000, 146.5000000000000000, 327.3500000000000227 ) ) ;
#112 = DIRECTION ( 'NONE',  ( -4.358865182459010242E-16, 1.000000000000000000, -7.931299208757790261E-16 ) ) ;
#113 = CARTESIAN_POINT ( 'NONE',  ( -60.50000000000000000, -388.0000000000000000, 318.6000000000000227 ) ) ;
#114 = VECTOR ( 'NONE', #215, 1000.000000000000000 ) ;
#115 = VERTEX_POINT ( 'NONE', #1378 ) ;
#116 = DIRECTION ( 'NONE',  ( -1.000000000000000000, -4.211417726005544748E-16, -9.634166742615019383E-17 ) ) ;
#117 = AXIS2_PLACEMENT_3D ( 'NONE', #774, #1892, #195 ) ;
#118 = ORIENTED_EDGE ( 'NONE', *, *, #1122, .F. ) ;
#119 = CARTESIAN_POINT ( 'NONE',  ( 45.50000000000000000, -146.5000000000000000, 333.6000000000000227 ) ) ;
#120 = EDGE_CURVE ( 'NONE', #209, #1177, #1245, .T. ) ;
#121 = LINE ( 'NONE', #2348, #1445 ) ;
#122 = ORIENTED_EDGE ( 'NONE', *, *, #1550, .T. ) ;
#123 = EDGE_CURVE ( 'NONE', #587, #2262, #1388, .T. ) ;
#124 = DIRECTION ( 'NONE',  ( 0.000000000000000000, 0.000000000000000000, -1.000000000000000000 ) ) ;
#125 = CARTESIAN_POINT ( 'NONE',  ( -60.50000000000000000, 382.0000000000000000, 318.6000000000000227 ) ) ;
#126 = ORIENTED_EDGE ( 'NONE', *, *, #2153, .F. ) ;
#127 = LINE ( 'NONE', #1577, #1848 ) ;
#128 = ORIENTED_EDGE ( 'NONE', *, *, #430, .F. ) ;
#129 = CARTESIAN_POINT ( 'NONE',  ( 100.0000000000000000, -202.0000000000000000, 353.6000000000000227 ) ) ;
#130 = VECTOR ( 'NONE', #806, 1000.000000000000000 ) ;
#131 = CARTESIAN_POINT ( 'NONE',  ( -100.0000000000000000, 202.0000000000000000, 347.6000000000000227 ) ) ;
#132 = VECTOR ( 'NONE', #325, 1000.000000000000000 ) ;
#133 = ORIENTED_EDGE ( 'NONE', *, *, #1019, .F. ) ;
#134 = LINE ( 'NONE', #1599, #91 ) ;
#135 = CIRCLE ( 'NONE', #1671, 16.50000000000001421 ) ;
#136 = CARTESIAN_POINT ( 'NONE',  ( -100.0000000000000000, 374.0000000000000000, 347.5999999999999091 ) ) ;
#137 = FACE_OUTER_BOUND ( 'NONE', #1796, .T. ) ;
#138 = VERTEX_POINT ( 'NONE', #468 ) ;
#139 = DIRECTION ( 'NONE',  ( -0.000000000000000000, -6.042239212059200982E-16, -1.000000000000000000 ) ) ;
#140 = ADVANCED_FACE ( 'NONE', ( #545 ), #1821, .F. ) ;
#141 = VERTEX_POINT ( 'NONE', #1630 ) ;
#142 = DIRECTION ( 'NONE',  ( 6.123031769111888756E-17, 1.000000000000000000, 0.000000000000000000 ) ) ;
#143 = DIRECTION ( 'NONE',  ( -1.000000000000000000, 0.000000000000000000, 0.000000000000000000 ) ) ;
#144 = VERTEX_POINT ( 'NONE', #1482 ) ;
#145 = LINE ( 'NONE', #1096, #18 ) ;
#146 = EDGE_CURVE ( 'NONE', #96, #2084, #186, .T. ) ;
#147 = CARTESIAN_POINT ( 'NONE',  ( -100.0000000000000142, 374.0000000000000000, 353.6000000000000227 ) ) ;
#148 = VERTEX_POINT ( 'NONE', #1103 ) ;
#149 = CARTESIAN_POINT ( 'NONE',  ( -100.0000000000000000, 201.9999999999999432, 347.6000000000000227 ) ) ;
#150 = CIRCLE ( 'NONE', #2343, 14.00000000000001243 ) ;
#151 = ORIENTED_EDGE ( 'NONE', *, *, #189, .F. ) ;
#152 = EDGE_CURVE ( 'NONE', #389, #1124, #348, .T. ) ;
#153 = AXIS2_PLACEMENT_3D ( 'NONE', #1843, #888, #566 ) ;
#154 = DIRECTION ( 'NONE',  ( 1.000000000000000000, 4.211417726005544748E-16, 9.634166742615019383E-17 ) ) ;
#155 = DIRECTION ( 'NONE',  ( 0.000000000000000000, 0.000000000000000000, 1.000000000000000000 ) ) ;
#156 = VERTEX_POINT ( 'NONE', #1642 ) ;
#157 = DIRECTION ( 'NONE',  ( 6.123031769111888756E-17, 1.000000000000000000, 0.000000000000000000 ) ) ;
#158 = LINE ( 'NONE', #1084, #192 ) ;
#159 = CARTESIAN_POINT ( 'NONE',  ( 100.0000000000000000, -202.0000000000000000, 353.6000000000000227 ) ) ;
#160 = ORIENTED_EDGE ( 'NONE', *, *, #743, .T. ) ;
#161 = DIRECTION ( 'NONE',  ( -1.000000000000000000, -4.211417726005544748E-16, -9.634166742615019383E-17 ) ) ;
#162 = VERTEX_POINT ( 'NONE', #909 ) ;
#163 = DIRECTION ( 'NONE',  ( 0.000000000000000000, 1.000000000000000000, 1.901066822988284662E-16 ) ) ;
#164 = DIRECTION ( 'NONE',  ( -3.746562005547825557E-16, 1.000000000000000000, -0.000000000000000000 ) ) ;
#165 = EDGE_CURVE ( 'NONE', #724, #1253, #2360, .T. ) ;
#166 = CIRCLE ( 'NONE', #1713, 14.00000000000001243 ) ;
#167 = ORIENTED_EDGE ( 'NONE', *, *, #2122, .T. ) ;
#168 = DIRECTION ( 'NONE',  ( 1.000000000000000000, 4.211417726005544748E-16, 9.634166742615019383E-17 ) ) ;
#169 = ADVANCED_FACE ( 'NONE', ( #1458 ), #200, .F. ) ;
#170 = VECTOR ( 'NONE', #86, 1000.000000000000000 ) ;
#171 = CARTESIAN_POINT ( 'NONE',  ( 100.0000000000000000, -374.0000000000000000, 339.6000000000000227 ) ) ;
#172 = DIRECTION ( 'NONE',  ( 0.000000000000000000, 0.000000000000000000, -1.000000000000000000 ) ) ;
#173 = VERTEX_POINT ( 'NONE', #2 ) ;
#174 = DIRECTION ( 'NONE',  ( 0.000000000000000000, 1.000000000000000000, 1.927470528863119788E-16 ) ) ;
#175 = VERTEX_POINT ( 'NONE', #13 ) ;
#176 = CARTESIAN_POINT ( 'NONE',  ( 100.0000000000000000, -194.0000000000000000, 267.6000000000000227 ) ) ;
#177 = FACE_BOUND ( 'NONE', #1089, .T. ) ;
#178 = ORIENTED_EDGE ( 'NONE', *, *, #570, .F. ) ;
#179 = DIRECTION ( 'NONE',  ( -1.000000000000000000, -4.211417726005544748E-16, -9.634166742615019383E-17 ) ) ;
#180 = EDGE_CURVE ( 'NONE', #1177, #96, #1447, .T. ) ;
#181 = CARTESIAN_POINT ( 'NONE',  ( -100.0000000000000000, -374.0000000000000000, 353.6000000000000227 ) ) ;
#182 = CARTESIAN_POINT ( 'NONE',  ( -99.99999999999997158, 194.0000000000000568, 339.6000000000000227 ) ) ;
#183 = ORIENTED_EDGE ( 'NONE', *, *, #2114, .T. ) ;
#184 = CARTESIAN_POINT ( 'NONE',  ( 100.0000000000000000, 374.0000000000000000, 267.6000000000000227 ) ) ;
#185 = ORIENTED_EDGE ( 'NONE', *, *, #349, .F. ) ;
#186 = LINE ( 'NONE', #1988, #1313 ) ;
#187 = LINE ( 'NONE', #14, #2075 ) ;
#188 = AXIS2_PLACEMENT_3D ( 'NONE', #2147, #1006, #1766 ) ;
#189 = EDGE_CURVE ( 'NONE', #2145, #1836, #1279, .T. ) ;
#190 = PRODUCT_DEFINITION ( 'UNKNOWN', '', #463, #2102 ) ;
#191 = ORIENTED_EDGE ( 'NONE', *, *, #1705, .T. ) ;
#192 = VECTOR ( 'NONE', #892, 1000.000000000000000 ) ;
#193 = VECTOR ( 'NONE', #1228, 1000.000000000000000 ) ;
#194 = LOCAL_TIME ( 22, 55, 9.000000000000000000, #654 ) ;
#195 = DIRECTION ( 'NONE',  ( 0.000000000000000000, 0.000000000000000000, 1.000000000000000000 ) ) ;
#196 = ADVANCED_FACE ( 'NONE', ( #1665 ), #1304, .F. ) ;
#197 = ORIENTED_EDGE ( 'NONE', *, *, #495, .T. ) ;
#198 = DIRECTION ( 'NONE',  ( -1.000000000000000000, -4.358865182459010735E-16, 2.633730612553341652E-31 ) ) ;
#199 = ORIENTED_EDGE ( 'NONE', *, *, #877, .T. ) ;
#200 = CYLINDRICAL_SURFACE ( 'NONE', #268, 8.000000000000007105 ) ;
#201 = DIRECTION ( 'NONE',  ( -1.518528186574072320E-16, -6.395156522377105243E-32, 1.000000000000000000 ) ) ;
#202 = EDGE_LOOP ( 'NONE', ( #2197, #1357, #405, #957 ) ) ;
#203 = AXIS2_PLACEMENT_3D ( 'NONE', #1943, #1384, #1589 ) ;
#204 = CARTESIAN_POINT ( 'NONE',  ( 45.50000000000000000, -146.5000000000000000, 295.5999999999999659 ) ) ;
#205 = CIRCLE ( 'NONE', #1131, 8.749999999999980460 ) ;
#206 = CARTESIAN_POINT ( 'NONE',  ( 45.50000000000000000, 188.0000000000000284, 295.5999999999999659 ) ) ;
#207 = AXIS2_PLACEMENT_3D ( 'NONE', #766, #910, #1459 ) ;
#208 = DIRECTION ( 'NONE',  ( -1.000000000000000000, -4.211417726005544748E-16, -9.634166742615019383E-17 ) ) ;
#209 = VERTEX_POINT ( 'NONE', #934 ) ;
#210 = LINE ( 'NONE', #2050, #1717 ) ;
#211 = CIRCLE ( 'NONE', #2327, 16.50000000000001421 ) ;
#212 = EDGE_LOOP ( 'NONE', ( #433, #598, #62, #334, #1829, #962, #1949, #1786 ) ) ;
#213 = FACE_BOUND ( 'NONE', #768, .T. ) ;
#214 = EDGE_CURVE ( 'NONE', #144, #1648, #1624, .T. ) ;
#215 = DIRECTION ( 'NONE',  ( -1.000000000000000000, 0.000000000000000000, 0.000000000000000000 ) ) ;
#216 = ORIENTED_EDGE ( 'NONE', *, *, #442, .F. ) ;
#217 = CARTESIAN_POINT ( 'NONE',  ( -100.0000000000000000, 202.0000000000000000, 259.6000000000001364 ) ) ;
#218 = DIRECTION ( 'NONE',  ( 1.000000000000000000, -0.000000000000000000, -0.000000000000000000 ) ) ;
#219 = ADVANCED_FACE ( 'NONE', ( #2346, #734 ), #1470, .T. ) ;
#220 = CC_DESIGN_PERSON_AND_ORGANIZATION_ASSIGNMENT ( #102, #255, ( #463 ) ) ;
#221 = CARTESIAN_POINT ( 'NONE',  ( 100.0000000000000000, -374.0000000000000000, 253.5999999999999943 ) ) ;
#222 = ORIENTED_EDGE ( 'NONE', *, *, #1366, .T. ) ;
#223 = CARTESIAN_POINT ( 'NONE',  ( -83.50000000000000000, 146.5000000000000000, 295.5999999999999659 ) ) ;
#224 = DIRECTION ( 'NONE',  ( 1.000000000000000000, -0.000000000000000000, -0.000000000000000000 ) ) ;
#225 = ADVANCED_FACE ( 'NONE', ( #710 ), #2180, .T. ) ;
#226 = ORIENTED_EDGE ( 'NONE', *, *, #1249, .T. ) ;
#227 = CARTESIAN_POINT ( 'NONE',  ( -100.0000000000000000, 382.0000000000000000, 267.6000000000000227 ) ) ;
#228 = VECTOR ( 'NONE', #883, 1000.000000000000000 ) ;
#229 = AXIS2_PLACEMENT_3D ( 'NONE', #1268, #742, #358 ) ;
#230 =( NAMED_UNIT ( * ) PLANE_ANGLE_UNIT ( ) SI_UNIT ( $, .RADIAN. ) );
#231 = CARTESIAN_POINT ( 'NONE',  ( -100.0000000000000000, 188.0000000000000284, 333.6000000000000227 ) ) ;
#232 = CARTESIAN_POINT ( 'NONE',  ( 45.50000000000000000, 146.5000000000000000, 333.6000000000000227 ) ) ;
#233 = VERTEX_POINT ( 'NONE', #1070 ) ;
#234 = DIRECTION ( 'NONE',  ( 0.000000000000000000, 0.000000000000000000, 1.000000000000000000 ) ) ;
#235 = CARTESIAN_POINT ( 'NONE',  ( -60.50000000000000000, -150.0000000000000000, 309.8500000000000796 ) ) ;
#236 = EDGE_LOOP ( 'NONE', ( #1244, #478, #109, #1912 ) ) ;
#237 = ORIENTED_EDGE ( 'NONE', *, *, #970, .F. ) ;
#238 = LINE ( 'NONE', #1367, #130 ) ;
#239 = CARTESIAN_POINT ( 'NONE',  ( -100.0000000000000000, 373.9999999999999432, 259.6000000000000796 ) ) ;
#240 = EDGE_CURVE ( 'NONE', #2359, #303, #1657, .T. ) ;
#241 = DIRECTION ( 'NONE',  ( -4.358865182459010242E-16, 1.000000000000000000, -7.931299208757790261E-16 ) ) ;
#242 = VECTOR ( 'NONE', #1135, 1000.000000000000000 ) ;
#243 = DIRECTION ( 'NONE',  ( 0.000000000000000000, 0.000000000000000000, -1.000000000000000000 ) ) ;
#244 = LINE ( 'NONE', #967, #1635 ) ;
#245 = VECTOR ( 'NONE', #1626, 1000.000000000000000 ) ;
#246 = ORIENTED_EDGE ( 'NONE', *, *, #2272, .T. ) ;
#247 = DIRECTION ( 'NONE',  ( 0.000000000000000000, -1.000000000000000000, 6.042239212059200982E-16 ) ) ;
#248 = VECTOR ( 'NONE', #1175, 1000.000000000000000 ) ;
#249 = CARTESIAN_POINT ( 'NONE',  ( 100.0000000000000000, -382.0000000000000000, 339.6000000000000227 ) ) ;
#250 = CIRCLE ( 'NONE', #942, 14.00000000000001243 ) ;
#251 = ORIENTED_EDGE ( 'NONE', *, *, #60, .T. ) ;
#252 = DIRECTION ( 'NONE',  ( 4.358865182459010242E-16, -1.000000000000000000, 7.957702914632619964E-16 ) ) ;
#253 = CARTESIAN_POINT ( 'NONE',  ( -100.0000000000000000, 374.0000000000000000, 339.6000000000000227 ) ) ;
#254 = VERTEX_POINT ( 'NONE', #518 ) ;
#255 = PERSON_AND_ORGANIZATION_ROLE ( 'creator' ) ;
#256 = ADVANCED_FACE ( 'NONE', ( #2213 ), #1290, .T. ) ;
#257 = DIRECTION ( 'NONE',  ( -0.000000000000000000, -0.000000000000000000, 1.000000000000000000 ) ) ;
#258 = PLANE ( 'NONE',  #2242 ) ;
#259 = EDGE_LOOP ( 'NONE', ( #1711, #369, #1914, #2105 ) ) ;
#260 = CARTESIAN_POINT ( 'NONE',  ( 60.50000000000000000, -388.0000000000000000, 318.6000000000000227 ) ) ;
#261 = ORIENTED_EDGE ( 'NONE', *, *, #1068, .T. ) ;
#262 = ORIENTED_EDGE ( 'NONE', *, *, #2175, .T. ) ;
#263 = EDGE_CURVE ( 'NONE', #833, #156, #1081, .T. ) ;
#264 = CARTESIAN_POINT ( 'NONE',  ( -60.50000000000000000, -388.0000000000000000, 335.1000000000000796 ) ) ;
#265 = ORIENTED_EDGE ( 'NONE', *, *, #2317, .T. ) ;
#266 = APPROVAL_ROLE ( '' ) ;
#267 = VECTOR ( 'NONE', #526, 1000.000000000000000 ) ;
#268 = AXIS2_PLACEMENT_3D ( 'NONE', #2371, #1090, #1651 ) ;
#269 = DIRECTION ( 'NONE',  ( 0.000000000000000000, -1.901066822988284662E-16, 1.000000000000000000 ) ) ;
#270 = LOCAL_TIME ( 22, 55, 9.000000000000000000, #2126 ) ;
#271 = CARTESIAN_POINT ( 'NONE',  ( 100.0000000000000000, -194.0000000000000000, 267.6000000000000227 ) ) ;
#272 = ADVANCED_FACE ( 'NONE', ( #2224, #1178, #949 ), #1913, .F. ) ;
#273 = ORIENTED_EDGE ( 'NONE', *, *, #849, .T. ) ;
#274 = PLANE ( 'NONE',  #1365 ) ;
#275 = ADVANCED_FACE ( 'NONE', ( #1326 ), #1164, .F. ) ;
#276 = ORIENTED_EDGE ( 'NONE', *, *, #1721, .F. ) ;
#277 = DIRECTION ( 'NONE',  ( 0.000000000000000000, -1.000000000000000000, -1.901066822988284662E-16 ) ) ;
#278 = CYLINDRICAL_SURFACE ( 'NONE', #1939, 8.749999999999980460 ) ;
#279 = ORIENTED_EDGE ( 'NONE', *, *, #2052, .F. ) ;
#280 = CARTESIAN_POINT ( 'NONE',  ( -83.50000000000000000, -146.5000000000000000, 333.6000000000000227 ) ) ;
#281 = UNCERTAINTY_MEASURE_WITH_UNIT (LENGTH_MEASURE( 1.000000000000000082E-05 ), #1695, 'distance_accuracy_value', 'NONE');
#282 = AXIS2_PLACEMENT_3D ( 'NONE', #927, #1814, #157 ) ;
#283 = ORIENTED_EDGE ( 'NONE', *, *, #1307, .F. ) ;
#284 = LINE ( 'NONE', #2118, #1815 ) ;
#285 = CIRCLE ( 'NONE', #1753, 16.50000000000001421 ) ;
#286 = ORIENTED_EDGE ( 'NONE', *, *, #1217, .T. ) ;
#287 = VECTOR ( 'NONE', #1077, 1000.000000000000000 ) ;
#288 = EDGE_CURVE ( 'NONE', #1035, #1648, #2042, .T. ) ;
#289 = DIRECTION ( 'NONE',  ( 0.000000000000000000, 1.000000000000000000, 0.000000000000000000 ) ) ;
#290 = ORIENTED_EDGE ( 'NONE', *, *, #2073, .F. ) ;
#291 = CARTESIAN_POINT ( 'NONE',  ( 100.0000000000000000, -388.0000000000000000, 339.6000000000000227 ) ) ;
#292 = APPLICATION_PROTOCOL_DEFINITION ( 'international standard', 'config_control_design', 1994, #537 ) ;
#293 = PLANE ( 'NONE',  #2280 ) ;
#294 = DIRECTION ( 'NONE',  ( -4.358865182459010242E-16, 1.000000000000000000, -7.931299208757790261E-16 ) ) ;
#295 = CARTESIAN_POINT ( 'NONE',  ( 100.0000000000000000, -202.0000000000000000, 339.6000000000000227 ) ) ;
#296 = EDGE_CURVE ( 'NONE', #1492, #144, #1701, .T. ) ;
#297 = ORIENTED_EDGE ( 'NONE', *, *, #430, .T. ) ;
#298 = DIRECTION ( 'NONE',  ( -1.000000000000000000, -0.000000000000000000, -0.000000000000000000 ) ) ;
#299 = VERTEX_POINT ( 'NONE', #2246 ) ;
#300 = CARTESIAN_POINT ( 'NONE',  ( -100.0000000000000000, -202.0000000000000000, 353.6000000000000227 ) ) ;
#301 = CARTESIAN_POINT ( 'NONE',  ( 60.50000000000000000, 382.0000000000000000, 318.6000000000000227 ) ) ;
#302 = EDGE_CURVE ( 'NONE', #1801, #2339, #70, .T. ) ;
#303 = VERTEX_POINT ( 'NONE', #764 ) ;
#304 = CARTESIAN_POINT ( 'NONE',  ( -60.50000000000002132, 194.0000000000000000, 327.3499999999999659 ) ) ;
#305 = CARTESIAN_POINT ( 'NONE',  ( 100.0000000000000000, -374.0000000000000000, 259.6000000000000796 ) ) ;
#306 = DIRECTION ( 'NONE',  ( 0.000000000000000000, -1.000000000000000000, -0.000000000000000000 ) ) ;
#307 = VECTOR ( 'NONE', #224, 1000.000000000000000 ) ;
#308 = ORIENTED_EDGE ( 'NONE', *, *, #2330, .T. ) ;
#309 = DIRECTION ( 'NONE',  ( 0.000000000000000000, -0.000000000000000000, -1.000000000000000000 ) ) ;
#310 = AXIS2_PLACEMENT_3D ( 'NONE', #1579, #1787, #142 ) ;
#311 = CC_DESIGN_APPROVAL ( #2358, ( #2036 ) ) ;
#312 = EDGE_LOOP ( 'NONE', ( #1020, #1731, #952, #1627 ) ) ;
#313 = DIRECTION ( 'NONE',  ( 4.211417726005545734E-16, -1.000000000000000000, 0.000000000000000000 ) ) ;
#314 = DIRECTION ( 'NONE',  ( -1.000000000000000000, 0.000000000000000000, 0.000000000000000000 ) ) ;
#315 = ORIENTED_EDGE ( 'NONE', *, *, #694, .F. ) ;
#316 = ADVANCED_FACE ( 'NONE', ( #1362 ), #969, .T. ) ;
#317 = CARTESIAN_POINT ( 'NONE',  ( 60.50000000000000000, 146.5000000000000000, 318.6000000000000227 ) ) ;
#318 = DIRECTION ( 'NONE',  ( 0.000000000000000000, 0.000000000000000000, 1.000000000000000000 ) ) ;
#319 = EDGE_LOOP ( 'NONE', ( #1261, #1377, #946, #2281 ) ) ;
#320 = CARTESIAN_POINT ( 'NONE',  ( -100.0000000000000142, 374.0000000000000000, 347.6000000000000227 ) ) ;
#321 = VECTOR ( 'NONE', #1806, 1000.000000000000000 ) ;
#322 = ORIENTED_EDGE ( 'NONE', *, *, #525, .T. ) ;
#323 = CARTESIAN_POINT ( 'NONE',  ( -60.50000000000000000, 150.0000000000000000, 309.8500000000000796 ) ) ;
#324 = AXIS2_PLACEMENT_3D ( 'NONE', #2085, #1547, #1157 ) ;
#325 = DIRECTION ( 'NONE',  ( 6.942789994186160279E-32, 1.000000000000000000, 2.535541219303499042E-47 ) ) ;
#326 = AXIS2_PLACEMENT_3D ( 'NONE', #2218, #572, #2354 ) ;
#327 = ORIENTED_EDGE ( 'NONE', *, *, #442, .T. ) ;
#328 = AXIS2_PLACEMENT_3D ( 'NONE', #2234, #787, #583 ) ;
#329 = CYLINDRICAL_SURFACE ( 'NONE', #2305, 14.00000000000001243 ) ;
#330 = ADVANCED_FACE ( 'NONE', ( #1538, #576, #213 ), #983, .F. ) ;
#331 = LINE ( 'NONE', #1762, #245 ) ;
#332 = ORIENTED_EDGE ( 'NONE', *, *, #932, .T. ) ;
#333 = DIRECTION ( 'NONE',  ( -0.000000000000000000, 0.000000000000000000, 1.000000000000000000 ) ) ;
#334 = ORIENTED_EDGE ( 'NONE', *, *, #2357, .F. ) ;
#335 = DIRECTION ( 'NONE',  ( 0.000000000000000000, 1.000000000000000000, 1.901066822988284662E-16 ) ) ;
#336 = LINE ( 'NONE', #1034, #132 ) ;
#337 = EDGE_LOOP ( 'NONE', ( #394, #2059, #1100, #1318 ) ) ;
#338 = DIRECTION ( 'NONE',  ( 0.000000000000000000, 1.000000000000000000, 0.000000000000000000 ) ) ;
#339 = CC_DESIGN_PERSON_AND_ORGANIZATION_ASSIGNMENT ( #2277, #1370, ( #190 ) ) ;
#340 = CARTESIAN_POINT ( 'NONE',  ( 100.0000000000000000, -194.0000000000000000, 267.6000000000000227 ) ) ;
#341 = PLANE ( 'NONE',  #1831 ) ;
#342 = EDGE_LOOP ( 'NONE', ( #1351, #1629 ) ) ;
#343 = CARTESIAN_POINT ( 'NONE',  ( 83.50000000000000000, 146.5000000000000000, 295.5999999999999659 ) ) ;
#344 = EDGE_CURVE ( 'NONE', #1306, #2069, #2230, .T. ) ;
#345 = AXIS2_PLACEMENT_3D ( 'NONE', #2011, #359, #1844 ) ;
#346 = VERTEX_POINT ( 'NONE', #426 ) ;
#347 = VECTOR ( 'NONE', #380, 1000.000000000000000 ) ;
#348 = LINE ( 'NONE', #899, #544 ) ;
#349 = EDGE_CURVE ( 'NONE', #2350, #362, #2091, .T. ) ;
#350 = AXIS2_PLACEMENT_3D ( 'NONE', #2025, #928, #605 ) ;
#351 = LINE ( 'NONE', #1426, #2015 ) ;
#352 = EDGE_LOOP ( 'NONE', ( #948, #457, #178, #12 ) ) ;
#353 = LINE ( 'NONE', #147, #655 ) ;
#354 = DIRECTION ( 'NONE',  ( -1.000000000000000000, 0.000000000000000000, -0.000000000000000000 ) ) ;
#355 = ORIENTED_EDGE ( 'NONE', *, *, #344, .F. ) ;
#356 = FACE_OUTER_BOUND ( 'NONE', #1521, .T. ) ;
#357 = ORIENTED_EDGE ( 'NONE', *, *, #1106, .T. ) ;
#358 = DIRECTION ( 'NONE',  ( 4.211417726005545734E-16, -1.000000000000000000, 0.000000000000000000 ) ) ;
#359 = DIRECTION ( 'NONE',  ( 1.000000000000000000, 4.211417726005544748E-16, 9.634166742615019383E-17 ) ) ;
#360 = EDGE_CURVE ( 'NONE', #1565, #1180, #439, .T. ) ;
#361 = VECTOR ( 'NONE', #1790, 1000.000000000000000 ) ;
#362 = VERTEX_POINT ( 'NONE', #2065 ) ;
#363 = CARTESIAN_POINT ( 'NONE',  ( -100.0000000000000000, 374.0000000000000000, 339.6000000000000227 ) ) ;
#364 = VECTOR ( 'NONE', #208, 1000.000000000000000 ) ;
#365 = DIRECTION ( 'NONE',  ( 0.000000000000000000, 0.000000000000000000, 1.000000000000000000 ) ) ;
#366 = EDGE_LOOP ( 'NONE', ( #283, #72, #1270, #2022 ) ) ;
#367 = CYLINDRICAL_SURFACE ( 'NONE', #1984, 16.50000000000001421 ) ;
#368 = EDGE_CURVE ( 'NONE', #1997, #1934, #1347, .T. ) ;
#369 = ORIENTED_EDGE ( 'NONE', *, *, #2129, .T. ) ;
#370 = DIRECTION ( 'NONE',  ( 0.000000000000000000, 0.000000000000000000, -1.000000000000000000 ) ) ;
#371 = PLANE ( 'NONE',  #1255 ) ;
#372 = ORIENTED_EDGE ( 'NONE', *, *, #1877, .T. ) ;
#373 = PLANE ( 'NONE',  #282 ) ;
#374 = EDGE_CURVE ( 'NONE', #968, #1997, #2002, .T. ) ;
#375 = DIRECTION ( 'NONE',  ( 0.000000000000000000, 6.042239212059200982E-16, 1.000000000000000000 ) ) ;
#376 = CYLINDRICAL_SURFACE ( 'NONE', #637, 16.50000000000001421 ) ;
#377 = VERTEX_POINT ( 'NONE', #392 ) ;
#378 = DIRECTION ( 'NONE',  ( 0.000000000000000000, 0.000000000000000000, 1.000000000000000000 ) ) ;
#379 = ORIENTED_EDGE ( 'NONE', *, *, #240, .T. ) ;
#380 = DIRECTION ( 'NONE',  ( 1.000000000000000000, 0.000000000000000000, 0.000000000000000000 ) ) ;
#382 = DIRECTION ( 'NONE',  ( 4.358865182459010242E-16, -1.000000000000000000, 7.957702914632619964E-16 ) ) ;
#381 = VECTOR ( 'NONE', #1772, 1000.000000000000000 ) ;
#383 = AXIS2_PLACEMENT_3D ( 'NONE', #223, #1689, #46 ) ;
#384 = VERTEX_POINT ( 'NONE', #754 ) ;
#385 = APPROVAL_PERSON_ORGANIZATION ( #2292, #2358, #1918 ) ;
#386 = CARTESIAN_POINT ( 'NONE',  ( 60.50000000000000000, 388.0000000000000000, 318.6000000000000227 ) ) ;
#387 = ADVANCED_FACE ( 'NONE', ( #1873, #1725 ), #585, .T. ) ;
#388 = DIRECTION ( 'NONE',  ( -4.358865182459010735E-16, 1.000000000000000000, -6.042239212059200982E-16 ) ) ;
#389 = VERTEX_POINT ( 'NONE', #35 ) ;
#390 = CARTESIAN_POINT ( 'NONE',  ( 100.0000000000000000, 382.0000000000000568, 339.6000000000000227 ) ) ;
#391 = ORIENTED_EDGE ( 'NONE', *, *, #60, .F. ) ;
#392 = CARTESIAN_POINT ( 'NONE',  ( -45.50000000000000000, -146.5000000000000000, 333.6000000000000227 ) ) ;
#393 = CARTESIAN_POINT ( 'NONE',  ( 100.0000000000000284, 202.0000000000000568, 353.6000000000000227 ) ) ;
#394 = ORIENTED_EDGE ( 'NONE', *, *, #214, .T. ) ;
#395 = ADVANCED_FACE ( 'NONE', ( #1886 ), #1506, .T. ) ;
#396 = AXIS2_PLACEMENT_3D ( 'NONE', #1195, #1009, #1756 ) ;
#397 = CARTESIAN_POINT ( 'NONE',  ( 100.0000000000000000, 374.0000000000000000, 253.5999999999999943 ) ) ;
#398 = DIRECTION ( 'NONE',  ( -6.123031769111888756E-17, -1.000000000000000000, -0.000000000000000000 ) ) ;
#399 = CIRCLE ( 'NONE', #2137, 8.000000000000007105 ) ;
#400 = DIRECTION ( 'NONE',  ( 0.000000000000000000, 0.000000000000000000, 1.000000000000000000 ) ) ;
#401 = EDGE_CURVE ( 'NONE', #1555, #1565, #884, .T. ) ;
#402 = ORIENTED_EDGE ( 'NONE', *, *, #555, .T. ) ;
#403 = CARTESIAN_POINT ( 'NONE',  ( -100.0000000000000000, 188.0000000000000000, 267.6000000000000227 ) ) ;
#404 = CARTESIAN_POINT ( 'NONE',  ( 100.0000000000000000, -382.0000000000000000, 339.6000000000000227 ) ) ;
#405 = ORIENTED_EDGE ( 'NONE', *, *, #2376, .F. ) ;
#406 = CARTESIAN_POINT ( 'NONE',  ( -100.0000000000000000, 374.0000000000000000, 353.6000000000000227 ) ) ;
#407 = CARTESIAN_POINT ( 'NONE',  ( 100.0000000000000000, -374.0000000000000000, 353.6000000000000227 ) ) ;
#408 = CARTESIAN_POINT ( 'NONE',  ( -45.50000000000000000, -146.5000000000000000, 333.6000000000000227 ) ) ;
#409 = DIRECTION ( 'NONE',  ( -1.000000000000000000, -5.821194006774528653E-32, -9.634166742615045268E-17 ) ) ;
#410 = ORIENTED_EDGE ( 'NONE', *, *, #950, .T. ) ;
#411 = CARTESIAN_POINT ( 'NONE',  ( -99.99999999999998579, -188.0000000000000000, 267.6000000000000227 ) ) ;
#412 = EDGE_CURVE ( 'NONE', #575, #451, #284, .T. ) ;
#413 = CARTESIAN_POINT ( 'NONE',  ( 60.50000000000000000, 382.0000000000000000, 302.1000000000000227 ) ) ;
#414 = ORIENTED_EDGE ( 'NONE', *, *, #1016, .F. ) ;
#415 = ADVANCED_FACE ( 'NONE', ( #1412 ), #466, .F. ) ;
#416 = ORIENTED_EDGE ( 'NONE', *, *, #1708, .F. ) ;
#417 = LINE ( 'NONE', #40, #708 ) ;
#418 = LINE ( 'NONE', #795, #94 ) ;
#419 = VECTOR ( 'NONE', #25, 1000.000000000000000 ) ;
#420 = VECTOR ( 'NONE', #375, 1000.000000000000000 ) ;
#421 = CARTESIAN_POINT ( 'NONE',  ( 100.0000000000000000, 374.0000000000000568, 253.5999999999999943 ) ) ;
#422 = MANIFOLD_SOLID_BREP ( 'Importée1', #1739 ) ;
#423 = LINE ( 'NONE', #221, #1293 ) ;
#424 = DIRECTION ( 'NONE',  ( 0.000000000000000000, -1.000000000000000000, -1.901066822988284662E-16 ) ) ;
#425 = ORIENTED_EDGE ( 'NONE', *, *, #1632, .F. ) ;
#426 = CARTESIAN_POINT ( 'NONE',  ( -99.99999999999997158, 201.9999999999999432, 353.6000000000000227 ) ) ;
#427 = CARTESIAN_POINT ( 'NONE',  ( 100.0000000000000000, -374.0000000000000000, 267.6000000000000227 ) ) ;
#428 = ORIENTED_EDGE ( 'NONE', *, *, #756, .F. ) ;
#429 = EDGE_LOOP ( 'NONE', ( #1216, #1149, #644, #1179 ) ) ;
#430 = EDGE_CURVE ( 'NONE', #1633, #568, #923, .T. ) ;
#431 = FACE_OUTER_BOUND ( 'NONE', #808, .T. ) ;
#432 = CARTESIAN_POINT ( 'NONE',  ( 100.0000000000000000, -374.0000000000000000, 253.5999999999999943 ) ) ;
#433 = ORIENTED_EDGE ( 'NONE', *, *, #368, .F. ) ;
#434 = AXIS2_PLACEMENT_3D ( 'NONE', #895, #1276, #1617 ) ;
#435 = AXIS2_PLACEMENT_3D ( 'NONE', #305, #1793, #497 ) ;
#436 = CARTESIAN_POINT ( 'NONE',  ( 45.50000000000000000, -188.0000000000000000, 333.6000000000000227 ) ) ;
#437 = ORIENTED_EDGE ( 'NONE', *, *, #2201, .T. ) ;
#438 = CARTESIAN_POINT ( 'NONE',  ( 100.0000000000000000, 202.0000000000000853, 267.6000000000000227 ) ) ;
#439 = LINE ( 'NONE', #1339, #1430 ) ;
#440 = VECTOR ( 'NONE', #1986, 1000.000000000000000 ) ;
#441 = EDGE_CURVE ( 'NONE', #588, #1143, #1774, .T. ) ;
#442 = EDGE_CURVE ( 'NONE', #547, #1438, #1003, .T. ) ;
#443 = EDGE_LOOP ( 'NONE', ( #788, #2012, #49, #573 ) ) ;
#444 = EDGE_LOOP ( 'NONE', ( #1925, #706, #2107, #2117 ) ) ;
#445 = DIRECTION ( 'NONE',  ( 0.000000000000000000, 1.000000000000000000, -7.931299208757788288E-16 ) ) ;
#446 = ORIENTED_EDGE ( 'NONE', *, *, #950, .F. ) ;
#447 = EDGE_CURVE ( 'NONE', #1069, #833, #1935, .T. ) ;
#448 = DATE_TIME_ROLE ( 'creation_date' ) ;
#449 = LINE ( 'NONE', #1770, #248 ) ;
#450 = CARTESIAN_POINT ( 'NONE',  ( -60.50000000000000000, -382.0000000000000000, 335.1000000000000796 ) ) ;
#451 = VERTEX_POINT ( 'NONE', #1593 ) ;
#452 = DIRECTION ( 'NONE',  ( 0.000000000000000000, 0.000000000000000000, 1.000000000000000000 ) ) ;
#453 = MANIFOLD_SOLID_BREP ( 'Importée2', #1273 ) ;
#454 = ORIENTED_EDGE ( 'NONE', *, *, #799, .T. ) ;
#455 = CARTESIAN_POINT ( 'NONE',  ( -83.50000000000000000, 188.0000000000000000, 267.6000000000000227 ) ) ;
#456 = CARTESIAN_POINT ( 'NONE',  ( 83.49999999999998579, 188.0000000000000853, 267.6000000000000227 ) ) ;
#457 = ORIENTED_EDGE ( 'NONE', *, *, #401, .F. ) ;
#458 = CARTESIAN_POINT ( 'NONE',  ( 100.0000000000000000, -374.0000000000000000, 353.6000000000000227 ) ) ;
#459 = DATE_AND_TIME ( #1382, #1156 ) ;
#460 = CIRCLE ( 'NONE', #1813, 16.50000000000001421 ) ;
#461 = AXIS2_PLACEMENT_3D ( 'NONE', #852, #993, #1386 ) ;
#462 = DIRECTION ( 'NONE',  ( -4.358865182459010735E-16, 1.000000000000000000, -6.042239212059200982E-16 ) ) ;
#463 = PRODUCT_DEFINITION_FORMATION_WITH_SPECIFIED_SOURCE ( 'ANY', '', #1745, .NOT_KNOWN. ) ;
#464 = EDGE_CURVE ( 'NONE', #837, #138, #1187, .T. ) ;
#465 = ORIENTED_EDGE ( 'NONE', *, *, #533, .F. ) ;
#466 = PLANE ( 'NONE',  #767 ) ;
#467 = ORIENTED_EDGE ( 'NONE', *, *, #360, .T. ) ;
#468 = CARTESIAN_POINT ( 'NONE',  ( 60.49999999999997868, 194.0000000000000000, 327.3499999999999659 ) ) ;
#469 = CARTESIAN_POINT ( 'NONE',  ( 100.0000000000000000, -374.0000000000000000, 339.6000000000000227 ) ) ;
#470 = ORIENTED_EDGE ( 'NONE', *, *, #703, .F. ) ;
#471 = LINE ( 'NONE', #1206, #1088 ) ;
#472 = EDGE_CURVE ( 'NONE', #377, #885, #1972, .T. ) ;
#473 = DIRECTION ( 'NONE',  ( 0.000000000000000000, 0.000000000000000000, 1.000000000000000000 ) ) ;
#474 = CARTESIAN_POINT ( 'NONE',  ( -83.50000000000000000, -146.5000000000000000, 333.6000000000000227 ) ) ;
#475 = CARTESIAN_POINT ( 'NONE',  ( -100.0000000000000000, -374.0000000000000000, 339.6000000000000227 ) ) ;
#476 = VECTOR ( 'NONE', #1967, 1000.000000000000000 ) ;
#477 = CARTESIAN_POINT ( 'NONE',  ( -100.0000000000000000, -382.0000000000000000, 339.6000000000000227 ) ) ;
#478 = ORIENTED_EDGE ( 'NONE', *, *, #1141, .F. ) ;
#479 = CARTESIAN_POINT ( 'NONE',  ( 60.50000000000000000, -194.0000000000000000, 327.3500000000000227 ) ) ;
#480 = EDGE_CURVE ( 'NONE', #1915, #2138, #93, .T. ) ;
#481 = CIRCLE ( 'NONE', #2324, 14.00000000000001243 ) ;
#482 = ORIENTED_EDGE ( 'NONE', *, *, #1146, .T. ) ;
#483 = AXIS2_PLACEMENT_3D ( 'NONE', #550, #2038, #917 ) ;
#484 = PLANE ( 'NONE',  #310 ) ;
#485 = DIRECTION ( 'NONE',  ( 9.634166742615045268E-17, -6.042239212059200982E-16, -1.000000000000000000 ) ) ;
#486 = ORIENTED_EDGE ( 'NONE', *, *, #2175, .F. ) ;
#487 = APPROVAL_STATUS ( 'not_yet_approved' ) ;
#488 = CARTESIAN_POINT ( 'NONE',  ( 60.50000000000000000, 146.5000000000000000, 318.6000000000000227 ) ) ;
#489 = DIRECTION ( 'NONE',  ( 0.000000000000000000, 0.000000000000000000, 1.000000000000000000 ) ) ;
#490 = ORIENTED_EDGE ( 'NONE', *, *, #39, .T. ) ;
#491 = DIRECTION ( 'NONE',  ( 1.000000000000000000, -0.000000000000000000, -0.000000000000000000 ) ) ;
#492 = VERTEX_POINT ( 'NONE', #1566 ) ;
#493 = LINE ( 'NONE', #129, #1698 ) ;
#494 = DIRECTION ( 'NONE',  ( -1.000000000000000000, -1.566458849213253201E-31, -1.975034364462709866E-16 ) ) ;
#495 = EDGE_CURVE ( 'NONE', #1997, #612, #127, .T. ) ;
#496 = ORIENTED_EDGE ( 'NONE', *, *, #1376, .T. ) ;
#497 = DIRECTION ( 'NONE',  ( 0.000000000000000000, -1.000000000000000000, -1.613696256722609680E-16 ) ) ;
#498 = CIRCLE ( 'NONE', #5, 14.00000000000001243 ) ;
#499 = LINE ( 'NONE', #2271, #1921 ) ;
#500 = AXIS2_PLACEMENT_3D ( 'NONE', #1425, #879, #2297 ) ;
#501 = PLANE ( 'NONE',  #1902 ) ;
#502 = AXIS2_PLACEMENT_3D ( 'NONE', #1690, #382, #2237 ) ;
#503 = VERTEX_POINT ( 'NONE', #479 ) ;
#504 = CARTESIAN_POINT ( 'NONE',  ( 100.0000000000000000, 382.0000000000000568, 267.6000000000000227 ) ) ;
#505 = VECTOR ( 'NONE', #1018, 1000.000000000000000 ) ;
#506 = ORIENTED_EDGE ( 'NONE', *, *, #1920, .F. ) ;
#507 = APPLICATION_CONTEXT ( 'configuration controlled 3d designs of mechanical parts and assemblies' ) ;
#508 = DIRECTION ( 'NONE',  ( -0.000000000000000000, 1.000000000000000000, 1.901066822988284662E-16 ) ) ;
#509 = LINE ( 'NONE', #2311, #1601 ) ;
#510 = ORIENTED_EDGE ( 'NONE', *, *, #412, .T. ) ;
#511 = DIRECTION ( 'NONE',  ( -0.000000000000000000, 1.000000000000000000, 1.901066822988284662E-16 ) ) ;
#512 = EDGE_CURVE ( 'NONE', #85, #2164, #828, .T. ) ;
#513 = CARTESIAN_POINT ( 'NONE',  ( 100.0000000000000000, 388.0000000000000568, 267.6000000000000227 ) ) ;
#514 = ORIENTED_EDGE ( 'NONE', *, *, #1225, .F. ) ;
#515 = DIRECTION ( 'NONE',  ( 0.000000000000000000, 1.000000000000000000, 1.927470528863119788E-16 ) ) ;
#516 = VECTOR ( 'NONE', #719, 1000.000000000000000 ) ;
#517 = ORIENTED_EDGE ( 'NONE', *, *, #214, .F. ) ;
#518 = CARTESIAN_POINT ( 'NONE',  ( -45.50000000000000000, 146.5000000000000284, 295.5999999999999659 ) ) ;
#519 = EDGE_CURVE ( 'NONE', #1700, #1253, #2307, .T. ) ;
#520 = VECTOR ( 'NONE', #2254, 1000.000000000000000 ) ;
#521 = EDGE_CURVE ( 'NONE', #1549, #587, #1659, .T. ) ;
#522 = DIRECTION ( 'NONE',  ( 0.000000000000000000, 1.000000000000000000, 1.901066822988284662E-16 ) ) ;
#523 = EDGE_LOOP ( 'NONE', ( #818, #1737, #2044, #2223 ) ) ;
#524 = CARTESIAN_POINT ( 'NONE',  ( -100.0000000000000000, 202.0000000000000000, 267.6000000000000227 ) ) ;
#525 = EDGE_CURVE ( 'NONE', #575, #1549, #1400, .T. ) ;
#526 = DIRECTION ( 'NONE',  ( -0.000000000000000000, 0.000000000000000000, 1.000000000000000000 ) ) ;
#527 = EDGE_CURVE ( 'NONE', #1295, #2350, #250, .T. ) ;
#528 = CARTESIAN_POINT ( 'NONE',  ( -99.99999999999998579, -194.0000000000000000, 267.6000000000000227 ) ) ;
#529 = EDGE_LOOP ( 'NONE', ( #1798, #613, #1765, #1641, #1598, #128, #696, #670 ) ) ;
#530 = CARTESIAN_POINT ( 'NONE',  ( -83.50000000000001421, 146.5000000000000000, 295.5999999999999659 ) ) ;
#531 = VERTEX_POINT ( 'NONE', #504 ) ;
#532 = DIRECTION ( 'NONE',  ( 3.652049423109069799E-16, -0.000000000000000000, -1.000000000000000000 ) ) ;
#533 = EDGE_CURVE ( 'NONE', #650, #254, #864, .T. ) ;
#534 = DIRECTION ( 'NONE',  ( -1.518528186574079716E-16, 7.931299208757788288E-16, 1.000000000000000000 ) ) ;
#535 = EDGE_LOOP ( 'NONE', ( #506, #185, #780, #1199 ) ) ;
#536 = DIRECTION ( 'NONE',  ( 0.000000000000000000, 0.000000000000000000, -1.000000000000000000 ) ) ;
#537 = APPLICATION_CONTEXT ( 'configuration controlled 3d designs of mechanical parts and assemblies' ) ;
#538 = FACE_OUTER_BOUND ( 'NONE', #1784, .T. ) ;
#539 = ORIENTED_EDGE ( 'NONE', *, *, #694, .T. ) ;
#540 = CARTESIAN_POINT ( 'NONE',  ( 100.0000000000000000, 194.0000000000000568, 267.6000000000000227 ) ) ;
#541 = ADVANCED_FACE ( 'NONE', ( #1738 ), #274, .F. ) ;
#542 = VECTOR ( 'NONE', #2176, 1000.000000000000000 ) ;
#543 = ORIENTED_EDGE ( 'NONE', *, *, #519, .F. ) ;
#544 = VECTOR ( 'NONE', #924, 1000.000000000000000 ) ;
#545 = FACE_OUTER_BOUND ( 'NONE', #523, .T. ) ;
#546 = DIRECTION ( 'NONE',  ( -1.000000000000000000, -0.000000000000000000, -0.000000000000000000 ) ) ;
#547 = VERTEX_POINT ( 'NONE', #552 ) ;
#548 = EDGE_CURVE ( 'NONE', #28, #1555, #1300, .T. ) ;
#549 = FACE_OUTER_BOUND ( 'NONE', #2158, .T. ) ;
#550 = CARTESIAN_POINT ( 'NONE',  ( 100.0000000000000000, -202.0000000000000000, 267.6000000000000227 ) ) ;
#551 = ORIENTED_EDGE ( 'NONE', *, *, #521, .T. ) ;
#552 = CARTESIAN_POINT ( 'NONE',  ( 100.0000000000000000, 374.0000000000000568, 259.6000000000000796 ) ) ;
#553 = EDGE_LOOP ( 'NONE', ( #1030, #1953, #816, #1606 ) ) ;
#554 = DIRECTION ( 'NONE',  ( 0.000000000000000000, 1.000000000000000000, 0.000000000000000000 ) ) ;
#555 = EDGE_CURVE ( 'NONE', #162, #2355, #2188, .T. ) ;
#556 = DIRECTION ( 'NONE',  ( 0.000000000000000000, 0.000000000000000000, -1.000000000000000000 ) ) ;
#557 = VECTOR ( 'NONE', #1730, 1000.000000000000000 ) ;
#558 = VERTEX_POINT ( 'NONE', #1287 ) ;
#559 = AXIS2_PLACEMENT_3D ( 'NONE', #1951, #314, #155 ) ;
#560 = VECTOR ( 'NONE', #2115, 1000.000000000000000 ) ;
#561 = CARTESIAN_POINT ( 'NONE',  ( -83.49999999999998579, -188.0000000000000000, 267.6000000000000227 ) ) ;
#562 = CYLINDRICAL_SURFACE ( 'NONE', #483, 14.00000000000001243 ) ;
#563 = ORIENTED_EDGE ( 'NONE', *, *, #2048, .T. ) ;
#564 = CARTESIAN_POINT ( 'NONE',  ( 100.0000000000000000, -202.0000000000000000, 259.6000000000000796 ) ) ;
#565 = VERTEX_POINT ( 'NONE', #2018 ) ;
#566 = DIRECTION ( 'NONE',  ( 0.000000000000000000, 1.000000000000000000, 0.000000000000000000 ) ) ;
#567 = CARTESIAN_POINT ( 'NONE',  ( 100.0000000000000000, -374.0000000000000000, 347.6000000000000227 ) ) ;
#568 = VERTEX_POINT ( 'NONE', #1058 ) ;
#569 = DIRECTION ( 'NONE',  ( 0.000000000000000000, 1.000000000000000000, 0.000000000000000000 ) ) ;
#570 = EDGE_CURVE ( 'NONE', #492, #1555, #1456, .T. ) ;
#571 = CARTESIAN_POINT ( 'NONE',  ( 100.0000000000000000, -374.0000000000000000, 253.5999999999999943 ) ) ;
#572 = DIRECTION ( 'NONE',  ( 4.358865182459010242E-16, -1.000000000000000000, 7.957702914632619964E-16 ) ) ;
#573 = ORIENTED_EDGE ( 'NONE', *, *, #1483, .F. ) ;
#574 = CARTESIAN_POINT ( 'NONE',  ( -100.0000000000000000, 202.0000000000000000, 267.6000000000000227 ) ) ;
#575 = VERTEX_POINT ( 'NONE', #564 ) ;
#576 = FACE_OUTER_BOUND ( 'NONE', #1289, .T. ) ;
#578 = DIRECTION ( 'NONE',  ( -1.000000000000000000, 0.000000000000000000, -0.000000000000000000 ) ) ;
#577 = VECTOR ( 'NONE', #1284, 1000.000000000000000 ) ;
#579 = VERTEX_POINT ( 'NONE', #2178 ) ;
#580 = DIRECTION ( 'NONE',  ( 1.000000000000000000, 0.000000000000000000, 0.000000000000000000 ) ) ;
#581 = ADVANCED_FACE ( 'NONE', ( #1266 ), #367, .F. ) ;
#582 = LINE ( 'NONE', #1321, #695 ) ;
#583 = DIRECTION ( 'NONE',  ( 0.000000000000000000, 1.000000000000000000, -6.042239212059200982E-16 ) ) ;
#584 = ORIENTED_EDGE ( 'NONE', *, *, #1996, .T. ) ;
#585 = PLANE ( 'NONE',  #383 ) ;
#586 = CARTESIAN_POINT ( 'NONE',  ( -100.0000000000000000, -202.0000000000000000, 267.6000000000000227 ) ) ;
#587 = VERTEX_POINT ( 'NONE', #1639 ) ;
#588 = VERTEX_POINT ( 'NONE', #1101 ) ;
#589 = CIRCLE ( 'NONE', #1518, 16.50000000000001421 ) ;
#590 = LINE ( 'NONE', #1333, #2092 ) ;
#591 = AXIS2_PLACEMENT_3D ( 'NONE', #1719, #1548, #64 ) ;
#592 = CYLINDRICAL_SURFACE ( 'NONE', #2232, 8.749999999999980460 ) ;
#593 = EDGE_CURVE ( 'NONE', #377, #38, #876, .T. ) ;
#594 = VECTOR ( 'NONE', #494, 1000.000000000000000 ) ;
#595 = DIRECTION ( 'NONE',  ( 1.000000000000000000, 0.000000000000000000, -0.000000000000000000 ) ) ;
#596 = FACE_OUTER_BOUND ( 'NONE', #1928, .T. ) ;
#597 = EDGE_CURVE ( 'NONE', #233, #1194, #2171, .T. ) ;
#598 = ORIENTED_EDGE ( 'NONE', *, *, #374, .F. ) ;
#599 = DIRECTION ( 'NONE',  ( 0.000000000000000000, -1.927470528863119788E-16, 1.000000000000000000 ) ) ;
#600 = CARTESIAN_POINT ( 'NONE',  ( 83.50000000000001421, -188.0000000000000000, 295.5999999999999659 ) ) ;
#601 = EDGE_LOOP ( 'NONE', ( #2209, #416, #1202, #1872 ) ) ;
#602 = VERTEX_POINT ( 'NONE', #540 ) ;
#603 = CARTESIAN_POINT ( 'NONE',  ( 60.50000000000000000, -382.0000000000000000, 318.6000000000000227 ) ) ;
#604 = CARTESIAN_POINT ( 'NONE',  ( -60.50000000000000000, 388.0000000000000000, 335.1000000000000796 ) ) ;
#605 = DIRECTION ( 'NONE',  ( 0.000000000000000000, 0.000000000000000000, -1.000000000000000000 ) ) ;
#606 = DIRECTION ( 'NONE',  ( -4.358865182459010242E-16, 1.000000000000000000, -7.931299208757790261E-16 ) ) ;
#607 = LINE ( 'NONE', #1911, #1252 ) ;
#608 = ORIENTED_EDGE ( 'NONE', *, *, #349, .T. ) ;
#609 = DIRECTION ( 'NONE',  ( 0.000000000000000000, 1.000000000000000000, 1.927470528863119788E-16 ) ) ;
#610 = EDGE_CURVE ( 'NONE', #1227, #503, #785, .T. ) ;
#611 = LINE ( 'NONE', #1028, #307 ) ;
#612 = VERTEX_POINT ( 'NONE', #1067 ) ;
#613 = ORIENTED_EDGE ( 'NONE', *, *, #1497, .F. ) ;
#614 = AXIS2_PLACEMENT_3D ( 'NONE', #50, #1436, #370 ) ;
#615 = LINE ( 'NONE', #1729, #2049 ) ;
#616 = AXIS2_PLACEMENT_3D ( 'NONE', #427, #1900, #1957 ) ;
#617 = FACE_OUTER_BOUND ( 'NONE', #1901, .T. ) ;
#618 = ORIENTED_EDGE ( 'NONE', *, *, #2215, .F. ) ;
#619 = VECTOR ( 'NONE', #309, 1000.000000000000000 ) ;
#620 = CC_DESIGN_APPROVAL ( #1226, ( #190 ) ) ;
#621 = APPLICATION_PROTOCOL_DEFINITION ( 'international standard', 'config_control_design', 1994, #507 ) ;
#622 = ADVANCED_FACE ( 'NONE', ( #356 ), #919, .F. ) ;
#623 = CC_DESIGN_DATE_AND_TIME_ASSIGNMENT ( #989, #1562, ( #2036 ) ) ;
#624 = CARTESIAN_POINT ( 'NONE',  ( 100.0000000000000000, -202.0000000000000000, 339.6000000000000227 ) ) ;
#625 = ORIENTED_EDGE ( 'NONE', *, *, #1225, .T. ) ;
#626 = DIRECTION ( 'NONE',  ( 0.000000000000000000, 0.000000000000000000, 1.000000000000000000 ) ) ;
#627 = CARTESIAN_POINT ( 'NONE',  ( -60.50000000000000000, -194.0000000000000000, 309.8500000000000796 ) ) ;
#628 = EDGE_CURVE ( 'NONE', #1024, #1578, #1254, .T. ) ;
#629 = ORIENTED_EDGE ( 'NONE', *, *, #916, .F. ) ;
#630 = DIRECTION ( 'NONE',  ( -1.000000000000000000, -0.000000000000000000, -0.000000000000000000 ) ) ;
#631 = PLANE ( 'NONE',  #1331 ) ;
#632 = ORIENTED_EDGE ( 'NONE', *, *, #1968, .F. ) ;
#633 = VECTOR ( 'NONE', #2062, 1000.000000000000000 ) ;
#634 = PERSON_AND_ORGANIZATION ( #2053, #1504 ) ;
#635 = VECTOR ( 'NONE', #1014, 1000.000000000000000 ) ;
#636 = FACE_OUTER_BOUND ( 'NONE', #236, .T. ) ;
#637 = AXIS2_PLACEMENT_3D ( 'NONE', #1476, #2026, #1839 ) ;
#638 = ORIENTED_EDGE ( 'NONE', *, *, #472, .T. ) ;
#639 = DIRECTION ( 'NONE',  ( -4.358865182459010242E-16, 1.000000000000000000, -7.931299208757789275E-16 ) ) ;
#640 = AXIS2_PLACEMENT_3D ( 'NONE', #408, #966, #2253 ) ;
#641 = EDGE_LOOP ( 'NONE', ( #2019, #465, #1612, #1205 ) ) ;
#642 = CARTESIAN_POINT ( 'NONE',  ( -100.0000000000000000, 388.0000000000000000, 267.6000000000000227 ) ) ;
#643 = FACE_OUTER_BOUND ( 'NONE', #601, .T. ) ;
#644 = ORIENTED_EDGE ( 'NONE', *, *, #302, .T. ) ;
#645 = EDGE_CURVE ( 'NONE', #612, #115, #1819, .T. ) ;
#646 = PERSON_AND_ORGANIZATION_ROLE ( 'design_owner' ) ;
#647 = DIRECTION ( 'NONE',  ( -1.000000000000000000, 0.000000000000000000, 0.000000000000000000 ) ) ;
#648 = EDGE_LOOP ( 'NONE', ( #741, #685, #1008, #1495 ) ) ;
#649 = CARTESIAN_POINT ( 'NONE',  ( 100.0000000000000000, 374.0000000000001137, 339.6000000000000227 ) ) ;
#650 = VERTEX_POINT ( 'NONE', #530 ) ;
#651 = DIRECTION ( 'NONE',  ( -4.358865182459010242E-16, 1.000000000000000000, -7.931299208757789275E-16 ) ) ;
#652 = ADVANCED_FACE ( 'NONE', ( #2210, #886 ), #907, .F. ) ;
#653 = EDGE_LOOP ( 'NONE', ( #482, #625, #308, #665, #1086, #1256, #1282, #467 ) ) ;
#654 = COORDINATED_UNIVERSAL_TIME_OFFSET ( 7, 0, .AHEAD. ) ;
#655 = VECTOR ( 'NONE', #1262, 1000.000000000000000 ) ;
#656 = VECTOR ( 'NONE', #1128, 1000.000000000000000 ) ;
#657 = CARTESIAN_POINT ( 'NONE',  ( 45.50000000000000000, -146.5000000000000000, 295.5999999999999659 ) ) ;
#658 = DIRECTION ( 'NONE',  ( -4.211417726005539817E-16, 1.000000000000000000, 0.000000000000000000 ) ) ;
#659 = CARTESIAN_POINT ( 'NONE',  ( -83.50000000000000000, 146.5000000000000000, 333.6000000000000227 ) ) ;
#660 = ORIENTED_EDGE ( 'NONE', *, *, #1413, .T. ) ;
#661 = CARTESIAN_POINT ( 'NONE',  ( 100.0000000000000142, -194.0000000000000000, 267.6000000000000227 ) ) ;
#662 = ORIENTED_EDGE ( 'NONE', *, *, #1366, .F. ) ;
#663 = CARTESIAN_POINT ( 'NONE',  ( 60.50000000000000000, -146.5000000000000000, 318.6000000000000227 ) ) ;
#664 = FACE_OUTER_BOUND ( 'NONE', #2041, .T. ) ;
#665 = ORIENTED_EDGE ( 'NONE', *, *, #1037, .T. ) ;
#666 = PERSON_AND_ORGANIZATION ( #2053, #1504 ) ;
#667 = FACE_OUTER_BOUND ( 'NONE', #15, .T. ) ;
#668 = LINE ( 'NONE', #790, #731 ) ;
#669 = AXIS2_PLACEMENT_3D ( 'NONE', #1771, #859, #1419 ) ;
#670 = ORIENTED_EDGE ( 'NONE', *, *, #1685, .F. ) ;
#671 = CARTESIAN_POINT ( 'NONE',  ( -100.0000000000000000, 373.9999999999998863, 259.6000000000000227 ) ) ;
#672 = AXIS2_PLACEMENT_3D ( 'NONE', #905, #1637, #717 ) ;
#673 = EDGE_CURVE ( 'NONE', #1648, #777, #1628, .T. ) ;
#674 = ORIENTED_EDGE ( 'NONE', *, *, #1685, .T. ) ;
#675 = CIRCLE ( 'NONE', #1061, 8.749999999999980460 ) ;
#676 = DIRECTION ( 'NONE',  ( 0.000000000000000000, 0.000000000000000000, -1.000000000000000000 ) ) ;
#677 = LINE ( 'NONE', #1231, #1792 ) ;
#678 = ORIENTED_EDGE ( 'NONE', *, *, #1929, .F. ) ;
#679 = DIRECTION ( 'NONE',  ( 9.634166742615019383E-17, 3.609500307299389097E-32, -1.000000000000000000 ) ) ;
#680 = PLANE ( 'NONE',  #435 ) ;
#681 = DIRECTION ( 'NONE',  ( -0.000000000000000000, -1.000000000000000000, -1.927470528863119788E-16 ) ) ;
#682 = DIRECTION ( 'NONE',  ( -1.000000000000000000, -4.211417726005544748E-16, -9.634166742615019383E-17 ) ) ;
#683 = EDGE_LOOP ( 'NONE', ( #2309, #926, #660, #118 ) ) ;
#684 = CARTESIAN_POINT ( 'NONE',  ( 100.0000000000000000, -388.0000000000000000, 339.6000000000000227 ) ) ;
#685 = ORIENTED_EDGE ( 'NONE', *, *, #123, .T. ) ;
#686 = EDGE_CURVE ( 'NONE', #891, #173, #1087, .T. ) ;
#687 = DIRECTION ( 'NONE',  ( -3.652049423109069799E-16, 0.000000000000000000, 1.000000000000000000 ) ) ;
#688 = DIRECTION ( 'NONE',  ( -1.000000000000000000, 0.000000000000000000, 0.000000000000000000 ) ) ;
#689 = EDGE_LOOP ( 'NONE', ( #2344, #662, #1808, #1078 ) ) ;
#690 = VECTOR ( 'NONE', #1519, 1000.000000000000000 ) ;
#691 = DIRECTION ( 'NONE',  ( 0.000000000000000000, -1.000000000000000000, 0.000000000000000000 ) ) ;
#692 = VECTOR ( 'NONE', #277, 1000.000000000000000 ) ;
#693 = EDGE_CURVE ( 'NONE', #1229, #2138, #211, .T. ) ;
#694 = EDGE_CURVE ( 'NONE', #1060, #148, #1174, .T. ) ;
#695 = VECTOR ( 'NONE', #2047, 1000.000000000000000 ) ;
#696 = ORIENTED_EDGE ( 'NONE', *, *, #1767, .F. ) ;
#697 = DIRECTION ( 'NONE',  ( -0.000000000000000000, 1.000000000000000000, 1.901066822988284662E-16 ) ) ;
#698 = ORIENTED_EDGE ( 'NONE', *, *, #727, .F. ) ;
#699 = DIRECTION ( 'NONE',  ( 1.000000000000000000, 4.211417726005544748E-16, 9.634166742615019383E-17 ) ) ;
#700 = CARTESIAN_POINT ( 'NONE',  ( 100.0000000000000000, -194.0000000000000000, 339.6000000000000227 ) ) ;
#701 = EDGE_CURVE ( 'NONE', #875, #930, #675, .T. ) ;
#702 = ORIENTED_EDGE ( 'NONE', *, *, #773, .F. ) ;
#703 = EDGE_CURVE ( 'NONE', #384, #1915, #135, .T. ) ;
#704 = FACE_BOUND ( 'NONE', #1267, .T. ) ;
#705 = DIRECTION ( 'NONE',  ( 0.000000000000000000, 0.000000000000000000, 1.000000000000000000 ) ) ;
#706 = ORIENTED_EDGE ( 'NONE', *, *, #1232, .T. ) ;
#707 = DIRECTION ( 'NONE',  ( 3.746562005547825557E-16, -1.000000000000000000, 0.000000000000000000 ) ) ;
#708 = VECTOR ( 'NONE', #73, 1000.000000000000000 ) ;
#709 = EDGE_LOOP ( 'NONE', ( #151, #1682, #1818, #1155 ) ) ;
#710 = FACE_OUTER_BOUND ( 'NONE', #1990, .T. ) ;
#711 = VECTOR ( 'NONE', #74, 1000.000000000000000 ) ;
#712 = DIRECTION ( 'NONE',  ( 0.000000000000000000, 1.000000000000000000, 0.000000000000000000 ) ) ;
#713 = AXIS2_PLACEMENT_3D ( 'NONE', #1800, #2136, #1777 ) ;
#714 = EDGE_LOOP ( 'NONE', ( #1265, #2378, #1946, #2368 ) ) ;
#715 = EDGE_CURVE ( 'NONE', #233, #1594, #210, .T. ) ;
#716 = CARTESIAN_POINT ( 'NONE',  ( 45.50000000000000000, 146.5000000000000000, 295.5999999999999659 ) ) ;
#717 = DIRECTION ( 'NONE',  ( 0.000000000000000000, 1.000000000000000000, 0.000000000000000000 ) ) ;
#718 = ORIENTED_EDGE ( 'NONE', *, *, #786, .T. ) ;
#719 = DIRECTION ( 'NONE',  ( 4.211417726005545734E-16, -1.000000000000000000, 0.000000000000000000 ) ) ;
#720 = ORIENTED_EDGE ( 'NONE', *, *, #610, .F. ) ;
#721 = CARTESIAN_POINT ( 'NONE',  ( 83.50000000000000000, -146.5000000000000000, 333.6000000000000227 ) ) ;
#722 = CARTESIAN_POINT ( 'NONE',  ( -100.0000000000000000, 202.0000000000000000, 339.6000000000000227 ) ) ;
#723 = ADVANCED_FACE ( 'NONE', ( #1125 ), #1110, .F. ) ;
#724 = VERTEX_POINT ( 'NONE', #1161 ) ;
#725 = CARTESIAN_POINT ( 'NONE',  ( -100.0000000000000000, 202.0000000000000000, 339.6000000000000227 ) ) ;
#726 = DIRECTION ( 'NONE',  ( -4.358865182459010242E-16, 1.000000000000000000, -7.957702914632619964E-16 ) ) ;
#727 = EDGE_CURVE ( 'NONE', #92, #988, #1673, .T. ) ;
#728 = FACE_BOUND ( 'NONE', #1369, .T. ) ;
#729 = ORIENTED_EDGE ( 'NONE', *, *, #1803, .F. ) ;
#730 = CARTESIAN_POINT ( 'NONE',  ( 60.50000000000000000, 388.0000000000000000, 318.6000000000000227 ) ) ;
#731 = VECTOR ( 'NONE', #2081, 1000.000000000000000 ) ;
#732 = ORIENTED_EDGE ( 'NONE', *, *, #1908, .F. ) ;
#733 = AXIS2_PLACEMENT_3D ( 'NONE', #2135, #1189, #289 ) ;
#734 = FACE_OUTER_BOUND ( 'NONE', #69, .T. ) ;
#735 = CARTESIAN_POINT ( 'NONE',  ( 83.50000000000000000, -146.5000000000000000, 295.5999999999999659 ) ) ;
#736 = ORIENTED_EDGE ( 'NONE', *, *, #1654, .F. ) ;
#737 = LINE ( 'NONE', #1794, #228 ) ;
#738 = CARTESIAN_POINT ( 'NONE',  ( 60.50000000000000000, -382.0000000000000000, 335.1000000000000796 ) ) ;
#739 = ORIENTED_EDGE ( 'NONE', *, *, #846, .T. ) ;
#740 = DIRECTION ( 'NONE',  ( -4.358865182459010242E-16, 1.000000000000000000, -7.957702914632619964E-16 ) ) ;
#741 = ORIENTED_EDGE ( 'NONE', *, *, #2122, .F. ) ;
#742 = DIRECTION ( 'NONE',  ( -1.000000000000000000, -4.211417726005545734E-16, -1.518528186574072320E-16 ) ) ;
#743 = EDGE_CURVE ( 'NONE', #1171, #2350, #423, .T. ) ;
#744 = AXIS2_PLACEMENT_3D ( 'NONE', #1514, #1893, #243 ) ;
#745 = LINE ( 'NONE', #1643, #1111 ) ;
#746 = ORIENTED_EDGE ( 'NONE', *, *, #2133, .F. ) ;
#747 = VECTOR ( 'NONE', #201, 1000.000000000000000 ) ;
#748 = AXIS2_PLACEMENT_3D ( 'NONE', #33, #931, #1526 ) ;
#749 = CARTESIAN_POINT ( 'NONE',  ( -60.50000000000000000, 382.0000000000000000, 302.1000000000000227 ) ) ;
#750 = CARTESIAN_POINT ( 'NONE',  ( -99.99999999999997158, 201.9999999999999432, 347.6000000000000227 ) ) ;
#751 = ORIENTED_EDGE ( 'NONE', *, *, #991, .F. ) ;
#752 = DIRECTION ( 'NONE',  ( 0.000000000000000000, -1.000000000000000000, 7.931299208757788288E-16 ) ) ;
#753 = ORIENTED_EDGE ( 'NONE', *, *, #1201, .F. ) ;
#754 = CARTESIAN_POINT ( 'NONE',  ( -60.50000000000000000, -388.0000000000000000, 335.1000000000000796 ) ) ;
#755 = CARTESIAN_POINT ( 'NONE',  ( 100.0000000000000000, -188.0000000000000000, 339.6000000000000227 ) ) ;
#756 = EDGE_CURVE ( 'NONE', #92, #2203, #1335, .T. ) ;
#757 = ORIENTED_EDGE ( 'NONE', *, *, #2250, .T. ) ;
#758 = ORIENTED_EDGE ( 'NONE', *, *, #2335, .T. ) ;
#759 = DIRECTION ( 'NONE',  ( 0.000000000000000000, 0.000000000000000000, 1.000000000000000000 ) ) ;
#760 = DIRECTION ( 'NONE',  ( 0.000000000000000000, 0.000000000000000000, 1.000000000000000000 ) ) ;
#761 = EDGE_LOOP ( 'NONE', ( #1860, #517, #739, #2183, #262, #2134, #1576, #32 ) ) ;
#762 = FACE_OUTER_BOUND ( 'NONE', #1422, .T. ) ;
#763 = ORIENTED_EDGE ( 'NONE', *, *, #2003, .T. ) ;
#764 = CARTESIAN_POINT ( 'NONE',  ( 60.50000000000000000, -146.5000000000000000, 327.3500000000000227 ) ) ;
#766 = CARTESIAN_POINT ( 'NONE',  ( -100.0000000000000000, 388.0000000000000000, 339.6000000000000227 ) ) ;
#765 = VECTOR ( 'NONE', #2366, 1000.000000000000000 ) ;
#767 = AXIS2_PLACEMENT_3D ( 'NONE', #2282, #838, #1200 ) ;
#768 = EDGE_LOOP ( 'NONE', ( #1509, #1727, #933, #2373 ) ) ;
#769 = ORIENTED_EDGE ( 'NONE', *, *, #1721, .T. ) ;
#770 = LOCAL_TIME ( 22, 55, 9.000000000000000000, #1000 ) ;
#771 = ADVANCED_FACE ( 'N', ( #1501, #1851 ), #2265, .F. ) ;
#772 = CYLINDRICAL_SURFACE ( 'NONE', #324, 8.749999999999980460 ) ;
#773 = EDGE_CURVE ( 'NONE', #1775, #162, #1709, .T. ) ;
#774 = CARTESIAN_POINT ( 'NONE',  ( -60.50000000000000000, 150.0000000000000000, 318.6000000000000227 ) ) ;
#775 = CYLINDRICAL_SURFACE ( 'NONE', #744, 16.50000000000001421 ) ;
#776 = PLANE ( 'NONE',  #782 ) ;
#777 = VERTEX_POINT ( 'NONE', #1881 ) ;
#778 = DIRECTION ( 'NONE',  ( 4.358865182459010242E-16, -1.000000000000000000, 7.957702914632619964E-16 ) ) ;
#779 = CARTESIAN_POINT ( 'NONE',  ( -100.0000000000000000, -374.0000000000000000, 347.6000000000000227 ) ) ;
#780 = ORIENTED_EDGE ( 'NONE', *, *, #743, .F. ) ;
#781 = ORIENTED_EDGE ( 'NONE', *, *, #1184, .T. ) ;
#782 = AXIS2_PLACEMENT_3D ( 'NONE', #1564, #1336, #2244 ) ;
#783 = LINE ( 'NONE', #1343, #1980 ) ;
#784 = AXIS2_PLACEMENT_3D ( 'NONE', #432, #2289, #99 ) ;
#785 = CIRCLE ( 'NONE', #2211, 8.749999999999980460 ) ;
#786 = EDGE_CURVE ( 'NONE', #2355, #1188, #1491, .T. ) ;
#787 = DIRECTION ( 'NONE',  ( 9.634166742615045268E-17, -6.042239212059200982E-16, -1.000000000000000000 ) ) ;
#788 = ORIENTED_EDGE ( 'NONE', *, *, #703, .T. ) ;
#789 = CARTESIAN_POINT ( 'NONE',  ( -60.50000000000000000, -194.0000000000000000, 318.6000000000000227 ) ) ;
#790 = CARTESIAN_POINT ( 'NONE',  ( -100.0000000000000000, 188.0000000000000000, 339.6000000000000227 ) ) ;
#791 = ORIENTED_EDGE ( 'NONE', *, *, #1332, .F. ) ;
#792 = VERTEX_POINT ( 'NONE', #2220 ) ;
#793 = ADVANCED_FACE ( 'NONE', ( #1696 ), #1344, .F. ) ;
#794 = DIRECTION ( 'NONE',  ( 0.000000000000000000, 6.042239212059200982E-16, 1.000000000000000000 ) ) ;
#795 = CARTESIAN_POINT ( 'NONE',  ( -45.50000000000000000, 146.5000000000000000, 333.6000000000000227 ) ) ;
#796 = LINE ( 'NONE', #1297, #420 ) ;
#797 = DIRECTION ( 'NONE',  ( 1.000000000000000000, 4.358865182459010735E-16, -2.633730612553341652E-31 ) ) ;
#798 = FACE_OUTER_BOUND ( 'NONE', #761, .T. ) ;
#799 = EDGE_CURVE ( 'NONE', #2355, #891, #947, .T. ) ;
#800 = EDGE_LOOP ( 'NONE', ( #100, #2177, #1741, #2216 ) ) ;
#801 = DIRECTION ( 'NONE',  ( 0.000000000000000000, -0.000000000000000000, -1.000000000000000000 ) ) ;
#802 = DIRECTION ( 'NONE',  ( 4.358865182459010242E-16, -1.000000000000000000, 7.931299208757790261E-16 ) ) ;
#803 = VERTEX_POINT ( 'NONE', #390 ) ;
#804 = AXIS2_PLACEMENT_3D ( 'NONE', #2316, #802, #2331 ) ;
#805 = VECTOR ( 'NONE', #247, 1000.000000000000000 ) ;
#806 = DIRECTION ( 'NONE',  ( -2.133521236534992302E-16, -8.985149154352725726E-32, -1.000000000000000000 ) ) ;
#807 = LINE ( 'NONE', #817, #2364 ) ;
#808 = EDGE_LOOP ( 'NONE', ( #1057, #1247, #720, #1876 ) ) ;
#809 = VECTOR ( 'NONE', #639, 1000.000000000000000 ) ;
#810 = CARTESIAN_POINT ( 'NONE',  ( -45.50000000000000000, -146.5000000000000000, 295.5999999999999659 ) ) ;
#811 = ORIENTED_EDGE ( 'NONE', *, *, #686, .T. ) ;
#812 = CARTESIAN_POINT ( 'NONE',  ( 100.0000000000000000, -374.0000000000000000, 267.6000000000000227 ) ) ;
#813 = ADVANCED_FACE ( 'NONE', ( #1861 ), #1137, .T. ) ;
#814 = EDGE_LOOP ( 'NONE', ( #1487, #1496, #410, #1286 ) ) ;
#815 = ADVANCED_FACE ( 'NONE', ( #762 ), #1324, .F. ) ;
#816 = ORIENTED_EDGE ( 'NONE', *, *, #2250, .F. ) ;
#817 = CARTESIAN_POINT ( 'NONE',  ( 60.50000000000000000, -150.0000000000000000, 309.8500000000000796 ) ) ;
#818 = ORIENTED_EDGE ( 'NONE', *, *, #1735, .T. ) ;
#819 = VECTOR ( 'NONE', #161, 1000.000000000000000 ) ;
#820 = SECURITY_CLASSIFICATION_LEVEL ( 'unclassified' ) ;
#821 = VECTOR ( 'NONE', #56, 1000.000000000000000 ) ;
#822 = DIRECTION ( 'NONE',  ( -4.358865182459010242E-16, 1.000000000000000000, -7.931299208757790261E-16 ) ) ;
#823 = FACE_OUTER_BOUND ( 'NONE', #2249, .T. ) ;
#824 = AXIS2_PLACEMENT_3D ( 'NONE', #659, #874, #1615 ) ;
#825 = ADVANCED_FACE ( 'NONE', ( #44 ), #775, .F. ) ;
#826 = PRODUCT_RELATED_PRODUCT_CATEGORY ( 'detail', '', ( #1745 ) ) ;
#827 = ORIENTED_EDGE ( 'NONE', *, *, #1929, .T. ) ;
#828 = LINE ( 'NONE', #106, #2162 ) ;
#829 = ORIENTED_EDGE ( 'NONE', *, *, #597, .T. ) ;
#830 = DIRECTION ( 'NONE',  ( -4.358865182459010735E-16, 1.000000000000000000, -7.943306035047480960E-16 ) ) ;
#831 = EDGE_CURVE ( 'NONE', #1399, #1353, #1722, .T. ) ;
#832 = DIRECTION ( 'NONE',  ( 0.000000000000000000, 1.000000000000000000, 0.000000000000000000 ) ) ;
#833 = VERTEX_POINT ( 'NONE', #436 ) ;
#834 = APPROVAL_DATE_TIME ( #459, #2358 ) ;
#835 = CYLINDRICAL_SURFACE ( 'NONE', #2089, 8.000000000000007105 ) ;
#836 = CARTESIAN_POINT ( 'NONE',  ( 100.0000000000000000, -388.0000000000000000, 267.6000000000000227 ) ) ;
#837 = VERTEX_POINT ( 'NONE', #111 ) ;
#838 = DIRECTION ( 'NONE',  ( -9.634166742615045268E-17, 6.042239212059200982E-16, 1.000000000000000000 ) ) ;
#839 = VERTEX_POINT ( 'NONE', #79 ) ;
#840 = CARTESIAN_POINT ( 'NONE',  ( -45.50000000000000000, -188.0000000000000000, 333.6000000000000227 ) ) ;
#841 = ORIENTED_EDGE ( 'NONE', *, *, #1141, .T. ) ;
#842 = DIRECTION ( 'NONE',  ( -1.000000000000000000, -0.000000000000000000, -0.000000000000000000 ) ) ;
#843 = ADVANCED_FACE ( 'NONE', ( #2302 ), #835, .F. ) ;
#844 = DATE_AND_TIME ( #88, #770 ) ;
#845 = VECTOR ( 'NONE', #2009, 1000.000000000000000 ) ;
#846 = EDGE_CURVE ( 'NONE', #144, #1186, #449, .T. ) ;
#847 = DIRECTION ( 'NONE',  ( 1.000000000000000000, 8.678487492732701717E-33, -4.565061778886339714E-17 ) ) ;
#848 = FACE_OUTER_BOUND ( 'NONE', #1616, .T. ) ;
#849 = EDGE_CURVE ( 'NONE', #1133, #377, #1209, .T. ) ;
#850 = DIRECTION ( 'NONE',  ( 0.000000000000000000, 0.000000000000000000, 1.000000000000000000 ) ) ;
#851 = ORIENTED_EDGE ( 'NONE', *, *, #2153, .T. ) ;
#852 = CARTESIAN_POINT ( 'NONE',  ( -100.0000000000000000, 202.0000000000000000, 339.6000000000000227 ) ) ;
#853 = ORIENTED_EDGE ( 'NONE', *, *, #1048, .T. ) ;
#854 = CARTESIAN_POINT ( 'NONE',  ( 100.0000000000000000, -382.0000000000000000, 267.6000000000000227 ) ) ;
#855 = CARTESIAN_POINT ( 'NONE',  ( -100.0000000000000000, 374.0000000000000000, 353.6000000000000227 ) ) ;
#856 = EDGE_LOOP ( 'NONE', ( #379, #24 ) ) ;
#857 = CARTESIAN_POINT ( 'NONE',  ( -100.0000000000000000, -382.0000000000000000, 267.6000000000000227 ) ) ;
#858 = VECTOR ( 'NONE', #2103, 1000.000000000000000 ) ;
#859 = DIRECTION ( 'NONE',  ( 1.000000000000000000, 4.211417726005544748E-16, 9.634166742615019383E-17 ) ) ;
#860 = DIRECTION ( 'NONE',  ( -4.358865182459010242E-16, 1.000000000000000000, -7.957702914632619964E-16 ) ) ;
#861 = EDGE_CURVE ( 'NONE', #558, #209, #2088, .T. ) ;
#862 = VECTOR ( 'NONE', #1234, 1000.000000000000000 ) ;
#863 = ORIENTED_EDGE ( 'NONE', *, *, #519, .T. ) ;
#864 = LINE ( 'NONE', #1607, #1859 ) ;
#865 = AXIS2_PLACEMENT_3D ( 'NONE', #2377, #1993, #1817 ) ;
#866 = ORIENTED_EDGE ( 'NONE', *, *, #872, .T. ) ;
#867 = CIRCLE ( 'NONE', #1604, 8.749999999999980460 ) ;
#868 = DIRECTION ( 'NONE',  ( 1.000000000000000000, -0.000000000000000000, -0.000000000000000000 ) ) ;
#869 = CARTESIAN_POINT ( 'NONE',  ( -60.50000000000000000, 388.0000000000000000, 302.1000000000000227 ) ) ;
#870 = ORIENTED_EDGE ( 'NONE', *, *, #1332, .T. ) ;
#872 = EDGE_CURVE ( 'NONE', #999, #1132, #2314, .T. ) ;
#871 = ADVANCED_FACE ( 'NONE', ( #1395 ), #1197, .T. ) ;
#873 = DIRECTION ( 'NONE',  ( 1.000000000000000000, 1.204390140465139655E-31, 1.518528186574079716E-16 ) ) ;
#874 = DIRECTION ( 'NONE',  ( 1.000000000000000000, 4.211417726005539817E-16, -2.133521236534992302E-16 ) ) ;
#875 = VERTEX_POINT ( 'NONE', #1759 ) ;
#876 = LINE ( 'NONE', #1995, #321 ) ;
#877 = EDGE_CURVE ( 'NONE', #930, #875, #867, .T. ) ;
#878 = ORIENTED_EDGE ( 'NONE', *, *, #2066, .F. ) ;
#879 = DIRECTION ( 'NONE',  ( 1.000000000000000000, 0.000000000000000000, 0.000000000000000000 ) ) ;
#880 = DIRECTION ( 'NONE',  ( -0.000000000000000000, -1.000000000000000000, -1.927470528863119788E-16 ) ) ;
#881 = ORIENTED_EDGE ( 'NONE', *, *, #963, .F. ) ;
#882 = CIRCLE ( 'NONE', #1429, 16.50000000000001421 ) ;
#883 = DIRECTION ( 'NONE',  ( -0.000000000000000000, 0.000000000000000000, 1.000000000000000000 ) ) ;
#884 = CIRCLE ( 'NONE', #461, 8.000000000000007105 ) ;
#885 = VERTEX_POINT ( 'NONE', #810 ) ;
#886 = FACE_BOUND ( 'NONE', #1329, .T. ) ;
#887 = EDGE_LOOP ( 'NONE', ( #1460, #1570 ) ) ;
#888 = DIRECTION ( 'NONE',  ( 1.000000000000000000, 4.211417726005544748E-16, 9.634166742615019383E-17 ) ) ;
#889 = CARTESIAN_POINT ( 'NONE',  ( 100.0000000000000000, -374.0000000000000000, 347.6000000000000227 ) ) ;
#890 = EDGE_CURVE ( 'NONE', #1779, #28, #2204, .T. ) ;
#891 = VERTEX_POINT ( 'NONE', #1733 ) ;
#892 = DIRECTION ( 'NONE',  ( -1.000000000000000000, -4.211417726005544748E-16, -9.634166742615019383E-17 ) ) ;
#893 = CYLINDRICAL_SURFACE ( 'NONE', #672, 8.000000000000007105 ) ;
#894 = EDGE_LOOP ( 'NONE', ( #514, #866, #226, #327 ) ) ;
#895 = CARTESIAN_POINT ( 'NONE',  ( 60.50000000000000000, -388.0000000000000000, 318.6000000000000227 ) ) ;
#896 = EDGE_CURVE ( 'NONE', #141, #107, #1551, .T. ) ;
#897 = AXIS2_PLACEMENT_3D ( 'NONE', #981, #1723, #67 ) ;
#898 = ORIENTED_EDGE ( 'NONE', *, *, #288, .F. ) ;
#899 = CARTESIAN_POINT ( 'NONE',  ( 100.0000000000000000, -374.0000000000000000, 353.6000000000000227 ) ) ;
#900 = DIRECTION ( 'NONE',  ( 0.000000000000000000, 0.000000000000000000, 1.000000000000000000 ) ) ;
#901 = CIRCLE ( 'NONE', #2285, 8.000000000000007105 ) ;
#902 = ORIENTED_EDGE ( 'NONE', *, *, #1810, .F. ) ;
#903 = ADVANCED_FACE ( 'NONE', ( #636 ), #1026, .F. ) ;
#904 = LINE ( 'NONE', #1970, #765 ) ;
#905 = CARTESIAN_POINT ( 'NONE',  ( -100.0000000000000000, 374.0000000000000000, 267.6000000000000227 ) ) ;
#906 = ORIENTED_EDGE ( 'NONE', *, *, #447, .T. ) ;
#907 = PLANE ( 'NONE',  #1597 ) ;
#908 = ORIENTED_EDGE ( 'NONE', *, *, #1898, .F. ) ;
#909 = CARTESIAN_POINT ( 'NONE',  ( 45.49999999999999289, 188.0000000000000284, 333.6000000000000227 ) ) ;
#910 = DIRECTION ( 'NONE',  ( 4.358865182459010735E-16, -1.000000000000000000, 7.969709740922321510E-16 ) ) ;
#911 = EDGE_LOOP ( 'NONE', ( #21, #1105, #2341, #160 ) ) ;
#912 = EDGE_CURVE ( 'NONE', #303, #503, #1919, .T. ) ;
#913 = ADVANCED_FACE ( 'NONE', ( #1185, #1001, #1013 ), #293, .T. ) ;
#914 = CARTESIAN_POINT ( 'NONE',  ( -99.99999999999997158, 194.0000000000000000, 267.6000000000000227 ) ) ;
#915 = CARTESIAN_POINT ( 'NONE',  ( 100.0000000000000000, 374.0000000000000568, 347.5999999999999659 ) ) ;
#916 = EDGE_CURVE ( 'NONE', #1213, #1801, #1250, .T. ) ;
#917 = DIRECTION ( 'NONE',  ( 0.000000000000000000, 0.000000000000000000, 1.000000000000000000 ) ) ;
#918 = ORIENTED_EDGE ( 'NONE', *, *, #1889, .T. ) ;
#919 = CYLINDRICAL_SURFACE ( 'NONE', #1977, 16.50000000000001421 ) ;
#920 = VECTOR ( 'NONE', #1364, 1000.000000000000000 ) ;
#921 = CIRCLE ( 'NONE', #1190, 8.000000000000007105 ) ;
#922 = ORIENTED_EDGE ( 'NONE', *, *, #1126, .T. ) ;
#923 = CIRCLE ( 'NONE', #2267, 14.00000000000001243 ) ;
#924 = DIRECTION ( 'NONE',  ( -6.123031769111888756E-17, -1.000000000000000000, -0.000000000000000000 ) ) ;
#925 = FACE_OUTER_BOUND ( 'NONE', #648, .T. ) ;
#926 = ORIENTED_EDGE ( 'NONE', *, *, #240, .F. ) ;
#927 = CARTESIAN_POINT ( 'NONE',  ( -100.0000000000000000, -374.0000000000000000, 267.6000000000000227 ) ) ;
#928 = DIRECTION ( 'NONE',  ( -0.000000000000000000, 1.000000000000000000, 1.901066822988284662E-16 ) ) ;
#929 = CARTESIAN_POINT ( 'NONE',  ( -100.0000000000000000, 188.0000000000000000, 267.6000000000000227 ) ) ;
#930 = VERTEX_POINT ( 'NONE', #30 ) ;
#931 = DIRECTION ( 'NONE',  ( -4.358865182459010242E-16, 1.000000000000000000, -7.931299208757790261E-16 ) ) ;
#932 = EDGE_CURVE ( 'NONE', #2084, #1069, #1532, .T. ) ;
#933 = ORIENTED_EDGE ( 'NONE', *, *, #1507, .F. ) ;
#934 = CARTESIAN_POINT ( 'NONE',  ( 45.50000000000000000, -146.5000000000000000, 333.6000000000000227 ) ) ;
#935 = AXIS2_PLACEMENT_3D ( 'NONE', #624, #1871, #55 ) ;
#936 = CARTESIAN_POINT ( 'NONE',  ( -60.50000000000000000, 382.0000000000000000, 318.6000000000000227 ) ) ;
#937 = AXIS2_PLACEMENT_3D ( 'NONE', #1360, #424, #1760 ) ;
#938 = ORIENTED_EDGE ( 'NONE', *, *, #1996, .F. ) ;
#939 = ORIENTED_EDGE ( 'NONE', *, *, #480, .F. ) ;
#940 = AXIS2_PLACEMENT_3D ( 'NONE', #131, #485, #1976 ) ;
#941 = CARTESIAN_POINT ( 'NONE',  ( -100.0000000000000000, -202.0000000000000000, 253.5999999999999943 ) ) ;
#942 = AXIS2_PLACEMENT_3D ( 'NONE', #812, #1243, #1214 ) ;
#943 = EDGE_CURVE ( 'NONE', #994, #579, #417, .T. ) ;
#944 = CARTESIAN_POINT ( 'NONE',  ( -100.0000000000000000, -374.0000000000000000, 267.6000000000000227 ) ) ;
#945 = CYLINDRICAL_SURFACE ( 'NONE', #326, 16.50000000000001421 ) ;
#946 = ORIENTED_EDGE ( 'NONE', *, *, #441, .F. ) ;
#947 = LINE ( 'NONE', #2074, #979 ) ;
#948 = ORIENTED_EDGE ( 'NONE', *, *, #1232, .F. ) ;
#949 = FACE_BOUND ( 'NONE', #1095, .T. ) ;
#950 = EDGE_CURVE ( 'NONE', #531, #803, #1169, .T. ) ;
#951 = FACE_BOUND ( 'NONE', #2166, .T. ) ;
#952 = ORIENTED_EDGE ( 'NONE', *, *, #296, .F. ) ;
#953 = EDGE_CURVE ( 'NONE', #148, #1060, #589, .T. ) ;
#954 = ORIENTED_EDGE ( 'NONE', *, *, #1217, .F. ) ;
#955 = CARTESIAN_POINT ( 'NONE',  ( -83.50000000000000000, 146.5000000000000284, 333.6000000000000227 ) ) ;
#956 = CARTESIAN_POINT ( 'NONE',  ( -60.50000000000000000, -388.0000000000000000, 318.6000000000000227 ) ) ;
#957 = ORIENTED_EDGE ( 'NONE', *, *, #1093, .T. ) ;
#958 = CARTESIAN_POINT ( 'NONE',  ( -100.0000000000000000, 374.0000000000000000, 253.5999999999999943 ) ) ;
#960 = DIRECTION ( 'NONE',  ( 0.000000000000000000, 1.000000000000000000, 0.000000000000000000 ) ) ;
#959 = CIRCLE ( 'NONE', #1623, 16.50000000000001421 ) ;
#961 = VECTOR ( 'NONE', #2020, 1000.000000000000000 ) ;
#962 = ORIENTED_EDGE ( 'NONE', *, *, #2100, .F. ) ;
#963 = EDGE_CURVE ( 'NONE', #1069, #558, #1905, .T. ) ;
#964 = DIRECTION ( 'NONE',  ( 1.000000000000000000, 4.211417726005544748E-16, 9.634166742615019383E-17 ) ) ;
#965 = DIRECTION ( 'NONE',  ( 0.000000000000000000, 0.000000000000000000, 1.000000000000000000 ) ) ;
#966 = DIRECTION ( 'NONE',  ( 0.000000000000000000, -1.000000000000000000, -1.901066822988284662E-16 ) ) ;
#967 = CARTESIAN_POINT ( 'NONE',  ( -100.0000000000000000, 374.0000000000000000, 253.5999999999999943 ) ) ;
#968 = VERTEX_POINT ( 'NONE', #941 ) ;
#969 = CYLINDRICAL_SURFACE ( 'NONE', #2159, 14.00000000000001243 ) ;
#970 = EDGE_CURVE ( 'NONE', #1594, #792, #1406, .T. ) ;
#971 = DIRECTION ( 'NONE',  ( 0.000000000000000000, 0.000000000000000000, 1.000000000000000000 ) ) ;
#972 = ORIENTED_EDGE ( 'NONE', *, *, #555, .F. ) ;
#973 = VECTOR ( 'NONE', #964, 1000.000000000000000 ) ;
#974 = DIRECTION ( 'NONE',  ( -9.634166742615019383E-17, -3.609500307299389097E-32, 1.000000000000000000 ) ) ;
#975 = CYLINDRICAL_SURFACE ( 'NONE', #591, 8.000000000000007105 ) ;
#976 = EDGE_CURVE ( 'NONE', #777, #2306, #986, .T. ) ;
#977 = AXIS2_PLACEMENT_3D ( 'NONE', #438, #1139, #1056 ) ;
#978 = FACE_OUTER_BOUND ( 'NONE', #4, .T. ) ;
#979 = VECTOR ( 'NONE', #2040, 1000.000000000000000 ) ;
#980 = CARTESIAN_POINT ( 'NONE',  ( -100.0000000000000000, 188.0000000000000284, 333.6000000000000227 ) ) ;
#981 = CARTESIAN_POINT ( 'NONE',  ( 45.50000000000000000, 146.5000000000000000, 333.6000000000000227 ) ) ;
#982 = ORIENTED_EDGE ( 'NONE', *, *, #593, .T. ) ;
#983 = PLANE ( 'NONE',  #78 ) ;
#984 = CYLINDRICAL_SURFACE ( 'NONE', #1350, 8.749999999999980460 ) ;
#985 = ORIENTED_EDGE ( 'NONE', *, *, #645, .F. ) ;
#986 = LINE ( 'NONE', #397, #242 ) ;
#987 = DIRECTION ( 'NONE',  ( 1.000000000000000000, 4.211417726005544748E-16, 9.634166742615019383E-17 ) ) ;
#988 = VERTEX_POINT ( 'NONE', #1869 ) ;
#989 = DATE_AND_TIME ( #2101, #2268 ) ;
#990 = CARTESIAN_POINT ( 'NONE',  ( -100.0000000000000000, 374.0000000000000000, 339.6000000000000227 ) ) ;
#991 = EDGE_CURVE ( 'NONE', #1017, #650, #238, .T. ) ;
#992 = EDGE_LOOP ( 'NONE', ( #183, #372 ) ) ;
#993 = DIRECTION ( 'NONE',  ( 1.000000000000000000, 4.211417726005544748E-16, 9.634166742615019383E-17 ) ) ;
#994 = VERTEX_POINT ( 'NONE', #2097 ) ;
#995 = ORIENTED_EDGE ( 'NONE', *, *, #1781, .T. ) ;
#996 = VECTOR ( 'NONE', #1530, 1000.000000000000000 ) ;
#997 = VECTOR ( 'NONE', #1974, 1000.000000000000000 ) ;
#998 = DIRECTION ( 'NONE',  ( -1.000000000000000000, 0.000000000000000000, 0.000000000000000000 ) ) ;
#999 = VERTEX_POINT ( 'NONE', #217 ) ;
#1000 = COORDINATED_UNIVERSAL_TIME_OFFSET ( 7, 0, .AHEAD. ) ;
#1001 = FACE_BOUND ( 'NONE', #887, .T. ) ;
#1002 = ORIENTED_EDGE ( 'NONE', *, *, #1451, .F. ) ;
#1003 = LINE ( 'NONE', #671, #1237 ) ;
#1004 = ADVANCED_FACE ( 'NONE', ( #431 ), #772, .F. ) ;
#1005 = ORIENTED_EDGE ( 'NONE', *, *, #180, .T. ) ;
#1006 = DIRECTION ( 'NONE',  ( -1.000000000000000000, 0.000000000000000000, 0.000000000000000000 ) ) ;
#1007 = DIRECTION ( 'NONE',  ( -0.000000000000000000, -1.000000000000000000, -1.927470528863119788E-16 ) ) ;
#1008 = ORIENTED_EDGE ( 'NONE', *, *, #1074, .T. ) ;
#1009 = DIRECTION ( 'NONE',  ( -1.000000000000000000, 0.000000000000000000, 0.000000000000000000 ) ) ;
#1010 = VECTOR ( 'NONE', #1145, 1000.000000000000000 ) ;
#1011 = APPROVAL_DATE_TIME ( #1930, #1226 ) ;
#1012 = CIRCLE ( 'NONE', #1442, 8.000000000000007105 ) ;
#1013 = FACE_BOUND ( 'NONE', #1650, .T. ) ;
#1014 = DIRECTION ( 'NONE',  ( 1.000000000000000000, 4.358865182459010735E-16, -2.633730612553341652E-31 ) ) ;
#1015 = AXIS2_PLACEMENT_3D ( 'NONE', #929, #388, #1661 ) ;
#1016 = EDGE_CURVE ( 'NONE', #1700, #175, #1511, .T. ) ;
#1017 = VERTEX_POINT ( 'NONE', #955 ) ;
#1018 = DIRECTION ( 'NONE',  ( 0.000000000000000000, 1.000000000000000000, 1.927470528863119788E-16 ) ) ;
#1019 = EDGE_CURVE ( 'NONE', #1060, #1941, #615, .T. ) ;
#1020 = ORIENTED_EDGE ( 'NONE', *, *, #1952, .F. ) ;
#1021 = LINE ( 'NONE', #323, #1846 ) ;
#1022 = ADVANCED_FACE ( 'NONE', ( #1120 ), #1856, .F. ) ;
#1023 = DIRECTION ( 'NONE',  ( 0.000000000000000000, -1.000000000000000000, -1.901066822988284662E-16 ) ) ;
#1024 = VERTEX_POINT ( 'NONE', #2239 ) ;
#1025 = CALENDAR_DATE ( 2025, 12, 11 ) ;
#1026 = PLANE ( 'NONE',  #1052 ) ;
#1027 = CARTESIAN_POINT ( 'NONE',  ( -100.0000000000000000, 374.0000000000000000, 267.6000000000000227 ) ) ;
#1028 = CARTESIAN_POINT ( 'NONE',  ( 100.0000000000000000, -374.0000000000000000, 259.6000000000000227 ) ) ;
#1029 = LINE ( 'NONE', #2332, #1484 ) ;
#1030 = ORIENTED_EDGE ( 'NONE', *, *, #1323, .F. ) ;
#1031 = DIRECTION ( 'NONE',  ( -1.000000000000000000, -4.211417726005544748E-16, -9.634166742615019383E-17 ) ) ;
#1032 = EDGE_LOOP ( 'NONE', ( #908, #1789, #632, #1167 ) ) ;
#1033 = CARTESIAN_POINT ( 'NONE',  ( -45.50000000000000000, -146.5000000000000000, 295.5999999999999659 ) ) ;
#1034 = CARTESIAN_POINT ( 'NONE',  ( 83.50000000000000000, -146.5000000000000000, 333.6000000000000227 ) ) ;
#1035 = VERTEX_POINT ( 'NONE', #1523 ) ;
#1036 = LINE ( 'NONE', #2150, #862 ) ;
#1037 = EDGE_CURVE ( 'NONE', #1466, #1779, #590, .T. ) ;
#1038 = COORDINATED_UNIVERSAL_TIME_OFFSET ( 7, 0, .AHEAD. ) ;
#1039 = AXIS2_PLACEMENT_3D ( 'NONE', #936, #36, #556 ) ;
#1040 = AXIS2_PLACEMENT_3D ( 'NONE', #1258, #2190, #163 ) ;
#1041 = CARTESIAN_POINT ( 'NONE',  ( -60.50000000000000000, -146.5000000000000000, 318.6000000000000227 ) ) ;
#1042 = DIRECTION ( 'NONE',  ( 1.000000000000000000, -0.000000000000000000, -0.000000000000000000 ) ) ;
#1043 = CARTESIAN_POINT ( 'NONE',  ( -100.0000000000000000, 382.0000000000000000, 339.6000000000000227 ) ) ;
#1044 = ORIENTED_EDGE ( 'NONE', *, *, #1975, .F. ) ;
#1045 = DIRECTION ( 'NONE',  ( -6.123031769111888756E-17, -1.000000000000000000, -0.000000000000000000 ) ) ;
#1046 = ORIENTED_EDGE ( 'NONE', *, *, #701, .F. ) ;
#1047 = FACE_OUTER_BOUND ( 'NONE', #2370, .T. ) ;
#1048 = EDGE_CURVE ( 'NONE', #1675, #1633, #2060, .T. ) ;
#1049 = DIRECTION ( 'NONE',  ( -1.000000000000000000, -4.211417726005544748E-16, -9.634166742615019383E-17 ) ) ;
#1050 = ORIENTED_EDGE ( 'NONE', *, *, #11, .T. ) ;
#1051 = EDGE_CURVE ( 'NONE', #1466, #531, #1880, .T. ) ;
#1052 = AXIS2_PLACEMENT_3D ( 'NONE', #90, #269, #1746 ) ;
#1053 = DIRECTION ( 'NONE',  ( -1.000000000000000000, 0.000000000000000000, 0.000000000000000000 ) ) ;
#1054 = CYLINDRICAL_SURFACE ( 'NONE', #1461, 16.50000000000001421 ) ;
#1055 = AXIS2_PLACEMENT_3D ( 'NONE', #1041, #2303, #124 ) ;
#1056 = DIRECTION ( 'NONE',  ( 0.000000000000000000, 1.000000000000000000, 0.000000000000000000 ) ) ;
#1057 = ORIENTED_EDGE ( 'NONE', *, *, #89, .F. ) ;
#1058 = CARTESIAN_POINT ( 'NONE',  ( 100.0000000000000000, 388.0000000000000568, 339.6000000000000227 ) ) ;
#1059 = AXIS2_PLACEMENT_3D ( 'NONE', #586, #1092, #900 ) ;
#1060 = VERTEX_POINT ( 'NONE', #1706 ) ;
#1061 = AXIS2_PLACEMENT_3D ( 'NONE', #2198, #606, #400 ) ;
#1062 = CARTESIAN_POINT ( 'NONE',  ( 45.50000000000000000, 146.5000000000000000, 333.6000000000000227 ) ) ;
#1063 = DIRECTION ( 'NONE',  ( 3.344552898128607712E-16, 1.408530936074203715E-31, -1.000000000000000000 ) ) ;
#1064 = ORIENTED_EDGE ( 'NONE', *, *, #2133, .T. ) ;
#1065 = DIRECTION ( 'NONE',  ( 0.000000000000000000, 1.000000000000000000, 0.000000000000000000 ) ) ;
#1066 = ORIENTED_EDGE ( 'NONE', *, *, #628, .T. ) ;
#1067 = CARTESIAN_POINT ( 'NONE',  ( 100.0000000000000000, -188.0000000000000000, 267.6000000000000227 ) ) ;
#1068 = EDGE_CURVE ( 'NONE', #833, #209, #783, .T. ) ;
#1069 = VERTEX_POINT ( 'NONE', #1418 ) ;
#1070 = CARTESIAN_POINT ( 'NONE',  ( 60.50000000000000000, -388.0000000000000000, 335.1000000000000796 ) ) ;
#1071 = PLANE ( 'NONE',  #1757 ) ;
#1072 = ORIENTED_EDGE ( 'NONE', *, *, #1608, .T. ) ;
#1073 = CARTESIAN_POINT ( 'NONE',  ( 45.50000000000000711, 146.4999999999999716, 295.5999999999999659 ) ) ;
#1074 = EDGE_CURVE ( 'NONE', #2262, #1520, #1221, .T. ) ;
#1075 = CIRCLE ( 'NONE', #804, 8.749999999999980460 ) ;
#1076 = CARTESIAN_POINT ( 'NONE',  ( -83.50000000000000000, 146.5000000000000000, 295.5999999999999659 ) ) ;
#1077 = DIRECTION ( 'NONE',  ( 0.000000000000000000, -0.000000000000000000, -1.000000000000000000 ) ) ;
#1078 = ORIENTED_EDGE ( 'NONE', *, *, #2163, .T. ) ;
#1079 = DIRECTION ( 'NONE',  ( 0.000000000000000000, 0.000000000000000000, 1.000000000000000000 ) ) ;
#1080 = ORIENTED_EDGE ( 'NONE', *, *, #1016, .T. ) ;
#1081 = LINE ( 'NONE', #1998, #347 ) ;
#1082 = CARTESIAN_POINT ( 'NONE',  ( 83.50000000000000000, -188.0000000000000000, 267.6000000000000227 ) ) ;
#1083 = VERTEX_POINT ( 'NONE', #304 ) ;
#1084 = CARTESIAN_POINT ( 'NONE',  ( -100.0000000000000000, 194.0000000000000000, 267.6000000000000227 ) ) ;
#1085 = FACE_OUTER_BOUND ( 'NONE', #312, .T. ) ;
#1086 = ORIENTED_EDGE ( 'NONE', *, *, #890, .T. ) ;
#1087 = LINE ( 'NONE', #343, #516 ) ;
#1088 = VECTOR ( 'NONE', #842, 1000.000000000000000 ) ;
#1089 = EDGE_LOOP ( 'NONE', ( #1987, #315 ) ) ;
#1090 = DIRECTION ( 'NONE',  ( -1.000000000000000000, 0.000000000000000000, 0.000000000000000000 ) ) ;
#1091 = CIRCLE ( 'NONE', #2056, 8.749999999999980460 ) ;
#1092 = DIRECTION ( 'NONE',  ( -1.000000000000000000, 0.000000000000000000, 0.000000000000000000 ) ) ;
#1093 = EDGE_CURVE ( 'NONE', #568, #2189, #2326, .T. ) ;
#1094 = VECTOR ( 'NONE', #630, 1000.000000000000000 ) ;
#1095 = EDGE_LOOP ( 'NONE', ( #45, #2219 ) ) ;
#1096 = CARTESIAN_POINT ( 'NONE',  ( 100.0000000000000000, -188.0000000000000000, 333.6000000000000227 ) ) ;
#1097 = EDGE_CURVE ( 'NONE', #148, #2079, #1036, .T. ) ;
#1098 = DIRECTION ( 'NONE',  ( -1.518528186574079716E-16, 7.931299208757788288E-16, 1.000000000000000000 ) ) ;
#1099 = LINE ( 'NONE', #528, #287 ) ;
#1100 = ORIENTED_EDGE ( 'NONE', *, *, #1497, .T. ) ;
#1101 = CARTESIAN_POINT ( 'NONE',  ( -100.0000000000000000, -388.0000000000000000, 339.6000000000000227 ) ) ;
#1102 = ORIENTED_EDGE ( 'NONE', *, *, #412, .F. ) ;
#1103 = CARTESIAN_POINT ( 'NONE',  ( 60.50000000000000000, 388.0000000000000000, 302.1000000000000227 ) ) ;
#1104 = LINE ( 'NONE', #735, #2229 ) ;
#1105 = ORIENTED_EDGE ( 'NONE', *, *, #1691, .T. ) ;
#1106 = EDGE_CURVE ( 'NONE', #1194, #792, #1780, .T. ) ;
#1107 = CARTESIAN_POINT ( 'NONE',  ( -100.0000000000000000, -382.0000000000000000, 267.6000000000000227 ) ) ;
#1108 = FACE_OUTER_BOUND ( 'NONE', #2298, .T. ) ;
#1109 = ORIENTED_EDGE ( 'NONE', *, *, #1019, .T. ) ;
#1110 = CYLINDRICAL_SURFACE ( 'NONE', #748, 8.749999999999980460 ) ;
#1111 = VECTOR ( 'NONE', #2191, 1000.000000000000000 ) ;
#1112 = AXIS2_PLACEMENT_3D ( 'NONE', #789, #1676, #2270 ) ;
#1113 = AXIS2_PLACEMENT_3D ( 'NONE', #1587, #2113, #1208 ) ;
#1114 = ORIENTED_EDGE ( 'NONE', *, *, #110, .F. ) ;
#1115 = CARTESIAN_POINT ( 'NONE',  ( 60.50000000000000000, 150.0000000000000000, 309.8500000000000796 ) ) ;
#1116 = DIRECTION ( 'NONE',  ( 0.000000000000000000, 0.000000000000000000, 1.000000000000000000 ) ) ;
#1117 = EDGE_CURVE ( 'NONE', #9, #602, #134, .T. ) ;
#1118 = CC_DESIGN_PERSON_AND_ORGANIZATION_ASSIGNMENT ( #1222, #1196, ( #2036 ) ) ;
#1119 = ORIENTED_EDGE ( 'NONE', *, *, #1550, .F. ) ;
#1120 = FACE_OUTER_BOUND ( 'NONE', #1755, .T. ) ;
#1121 = DIRECTION ( 'NONE',  ( 0.000000000000000000, -1.000000000000000000, -1.901066822988284662E-16 ) ) ;
#1122 = EDGE_CURVE ( 'NONE', #503, #1227, #1938, .T. ) ;
#1123 = DIRECTION ( 'NONE',  ( 0.000000000000000000, 0.000000000000000000, -1.000000000000000000 ) ) ;
#1124 = VERTEX_POINT ( 'NONE', #458 ) ;
#1125 = FACE_OUTER_BOUND ( 'NONE', #709, .T. ) ;
#1126 = EDGE_CURVE ( 'NONE', #1253, #575, #1440, .T. ) ;
#1127 = EDGE_LOOP ( 'NONE', ( #2294, #1275, #1361, #496 ) ) ;
#1128 = DIRECTION ( 'NONE',  ( -1.000000000000000000, -4.211417726005544748E-16, -9.634166742615019383E-17 ) ) ;
#1129 = VECTOR ( 'NONE', #974, 1000.000000000000000 ) ;
#1130 = LINE ( 'NONE', #567, #1389 ) ;
#1131 = AXIS2_PLACEMENT_3D ( 'NONE', #317, #112, #1396 ) ;
#1132 = VERTEX_POINT ( 'NONE', #101 ) ;
#1133 = VERTEX_POINT ( 'NONE', #1393 ) ;
#1134 = AXIS2_PLACEMENT_3D ( 'NONE', #722, #2214, #1875 ) ;
#1135 = DIRECTION ( 'NONE',  ( -0.000000000000000000, 1.000000000000000000, -6.042239212059200982E-16 ) ) ;
#1136 = LINE ( 'NONE', #1533, #1151 ) ;
#1137 = CYLINDRICAL_SURFACE ( 'NONE', #935, 14.00000000000001243 ) ;
#1138 = VERTEX_POINT ( 'NONE', #2299 ) ;
#1139 = DIRECTION ( 'NONE',  ( -1.000000000000000000, -4.211417726005544748E-16, -9.634166742615019383E-17 ) ) ;
#1140 = CARTESIAN_POINT ( 'NONE',  ( 100.0000000000000000, -374.0000000000000000, 253.5999999999999943 ) ) ;
#1141 = EDGE_CURVE ( 'NONE', #885, #579, #471, .T. ) ;
#1142 = CARTESIAN_POINT ( 'NONE',  ( 83.50000000000000000, 146.5000000000000000, 295.5999999999999659 ) ) ;
#1143 = VERTEX_POINT ( 'NONE', #291 ) ;
#1144 = ORIENTED_EDGE ( 'NONE', *, *, #861, .T. ) ;
#1145 = DIRECTION ( 'NONE',  ( 1.000000000000000000, 4.211417726005544748E-16, 9.634166742615019383E-17 ) ) ;
#1146 = EDGE_CURVE ( 'NONE', #1180, #999, #2362, .T. ) ;
#1147 = DIRECTION ( 'NONE',  ( 0.000000000000000000, 1.000000000000000000, 1.927470528863119788E-16 ) ) ;
#1148 = DIRECTION ( 'NONE',  ( 0.000000000000000000, 0.000000000000000000, -1.000000000000000000 ) ) ;
#1149 = ORIENTED_EDGE ( 'NONE', *, *, #916, .T. ) ;
#1150 = DIRECTION ( 'NONE',  ( 1.000000000000000000, -0.000000000000000000, -0.000000000000000000 ) ) ;
#1152 = LINE ( 'NONE', #235, #1963 ) ;
#1151 = VECTOR ( 'NONE', #53, 1000.000000000000000 ) ;
#1153 = AXIS2_PLACEMENT_3D ( 'NONE', #1316, #1150, #626 ) ;
#1154 = EDGE_CURVE ( 'NONE', #1186, #346, #166, .T. ) ;
#1155 = ORIENTED_EDGE ( 'NONE', *, *, #2349, .F. ) ;
#1156 = LOCAL_TIME ( 22, 55, 9.000000000000000000, #1038 ) ;
#1157 = DIRECTION ( 'NONE',  ( 0.000000000000000000, 0.000000000000000000, -1.000000000000000000 ) ) ;
#1158 = LINE ( 'NONE', #456, #1899 ) ;
#1159 = FACE_OUTER_BOUND ( 'NONE', #1773, .T. ) ;
#1160 = PRODUCT_DEFINITION_SHAPE ( 'NONE', 'NONE',  #190 ) ;
#1161 = CARTESIAN_POINT ( 'NONE',  ( -100.0000000000000000, -194.0000000000000000, 267.6000000000000227 ) ) ;
#1162 = LINE ( 'NONE', #1515, #635 ) ;
#1163 = ORIENTED_EDGE ( 'NONE', *, *, #686, .F. ) ;
#1164 = CYLINDRICAL_SURFACE ( 'NONE', #1463, 16.50000000000001421 ) ;
#1165 = CARTESIAN_POINT ( 'NONE',  ( -100.0000000000000000, -188.0000000000000000, 267.6000000000000227 ) ) ;
#1166 = EDGE_LOOP ( 'NONE', ( #126, #2245, #2058, #870 ) ) ;
#1167 = ORIENTED_EDGE ( 'NONE', *, *, #1803, .T. ) ;
#1168 = AXIS2_PLACEMENT_3D ( 'NONE', #2279, #1710, #1148 ) ;
#1169 = LINE ( 'NONE', #51, #1129 ) ;
#1170 = CARTESIAN_POINT ( 'NONE',  ( 83.50000000000000000, 146.5000000000000000, 333.6000000000000227 ) ) ;
#1171 = VERTEX_POINT ( 'NONE', #1283 ) ;
#1172 = AXIS2_PLACEMENT_3D ( 'NONE', #1788, #1049, #712 ) ;
#1173 = EDGE_CURVE ( 'NONE', #1675, #141, #2283, .T. ) ;
#1174 = CIRCLE ( 'NONE', #1410, 16.50000000000001421 ) ;
#1175 = DIRECTION ( 'NONE',  ( -9.634166742615019383E-17, -3.609500307299389097E-32, 1.000000000000000000 ) ) ;
#1176 = FACE_OUTER_BOUND ( 'NONE', #366, .T. ) ;
#1177 = VERTEX_POINT ( 'NONE', #1802 ) ;
#1178 = FACE_BOUND ( 'NONE', #1401, .T. ) ;
#1179 = ORIENTED_EDGE ( 'NONE', *, *, #1877, .F. ) ;
#1180 = VERTEX_POINT ( 'NONE', #914 ) ;
#1181 = DIRECTION ( 'NONE',  ( -1.000000000000000000, 0.000000000000000000, 0.000000000000000000 ) ) ;
#1182 = ORIENTED_EDGE ( 'NONE', *, *, #98, .T. ) ;
#1183 = PERSON_AND_ORGANIZATION ( #2053, #1504 ) ;
#1184 = EDGE_CURVE ( 'NONE', #1138, #38, #145, .T. ) ;
#1185 = FACE_OUTER_BOUND ( 'NONE', #444, .T. ) ;
#1186 = VERTEX_POINT ( 'NONE', #1656 ) ;
#1187 = LINE ( 'NONE', #2319, #809 ) ;
#1188 = VERTEX_POINT ( 'NONE', #1073 ) ;
#1189 = DIRECTION ( 'NONE',  ( 1.000000000000000000, 4.211417726005544748E-16, 9.634166742615019383E-17 ) ) ;
#1190 = AXIS2_PLACEMENT_3D ( 'NONE', #1625, #1441, #1272 ) ;
#1191 = AXIS2_PLACEMENT_3D ( 'NONE', #2337, #2310, #687 ) ;
#1192 = CIRCLE ( 'NONE', #1585, 8.749999999999980460 ) ;
#1193 = CARTESIAN_POINT ( 'NONE',  ( -83.50000000000001421, 188.0000000000000000, 295.5999999999999659 ) ) ;
#1194 = VERTEX_POINT ( 'NONE', #1473 ) ;
#1195 = CARTESIAN_POINT ( 'NONE',  ( 100.0000000000000000, -202.0000000000000000, 267.6000000000000227 ) ) ;
#1196 = PERSON_AND_ORGANIZATION_ROLE ( 'classification_officer' ) ;
#1197 = PLANE ( 'NONE',  #203 ) ;
#1198 = ADVANCED_FACE ( 'NONE', ( #1296, #2023 ), #373, .F. ) ;
#1199 = ORIENTED_EDGE ( 'NONE', *, *, #1981, .F. ) ;
#1200 = DIRECTION ( 'NONE',  ( 0.000000000000000000, -1.000000000000000000, 6.042239212059200982E-16 ) ) ;
#1201 = EDGE_CURVE ( 'NONE', #2079, #1941, #1674, .T. ) ;
#1202 = ORIENTED_EDGE ( 'NONE', *, *, #2048, .F. ) ;
#1203 = LINE ( 'NONE', #455, #2345 ) ;
#1204 = CARTESIAN_POINT ( 'NONE',  ( 100.0000000000000000, -202.0000000000000000, 339.6000000000000227 ) ) ;
#1205 = ORIENTED_EDGE ( 'NONE', *, *, #831, .T. ) ;
#1206 = CARTESIAN_POINT ( 'NONE',  ( -45.50000000000000000, -146.5000000000000000, 295.5999999999999659 ) ) ;
#1207 = CIRCLE ( 'NONE', #54, 8.749999999999980460 ) ;
#1208 = DIRECTION ( 'NONE',  ( 1.000000000000000000, 0.000000000000000000, 0.000000000000000000 ) ) ;
#1209 = LINE ( 'NONE', #280, #59 ) ;
#1210 = DIRECTION ( 'NONE',  ( -4.565061778886339714E-17, 1.901066822988284662E-16, -1.000000000000000000 ) ) ;
#1211 = LINE ( 'NONE', #1409, #2033 ) ;
#1212 = AXIS2_PLACEMENT_3D ( 'NONE', #1652, #1305, #1116 ) ;
#1213 = VERTEX_POINT ( 'NONE', #1345 ) ;
#1214 = DIRECTION ( 'NONE',  ( 0.000000000000000000, 0.000000000000000000, 1.000000000000000000 ) ) ;
#1215 = VECTOR ( 'NONE', #1045, 1000.000000000000000 ) ;
#1216 = ORIENTED_EDGE ( 'NONE', *, *, #1397, .F. ) ;
#1217 = EDGE_CURVE ( 'NONE', #2306, #1035, #244, .T. ) ;
#1218 = DIRECTION ( 'NONE',  ( -1.000000000000000000, -4.211417726005545734E-16, -1.518528186574072320E-16 ) ) ;
#1219 = DIRECTION ( 'NONE',  ( 0.000000000000000000, 0.000000000000000000, 1.000000000000000000 ) ) ;
#1220 = EDGE_LOOP ( 'NONE', ( #1450, #1885, #391, #2260 ) ) ;
#1221 = LINE ( 'NONE', #857, #1791 ) ;
#1222 = PERSON_AND_ORGANIZATION ( #2053, #1504 ) ;
#1223 = CARTESIAN_POINT ( 'NONE',  ( -83.50000000000000000, -146.5000000000000000, 295.5999999999999659 ) ) ;
#1224 = DIRECTION ( 'NONE',  ( 0.000000000000000000, -1.000000000000000000, -1.901066822988284662E-16 ) ) ;
#1225 = EDGE_CURVE ( 'NONE', #999, #1438, #1734, .T. ) ;
#1226 = APPROVAL ( #1407, 'UNSPECIFIED' ) ;
#1227 = VERTEX_POINT ( 'NONE', #1373 ) ;
#1228 = DIRECTION ( 'NONE',  ( 1.000000000000000000, 0.000000000000000000, -0.000000000000000000 ) ) ;
#1229 = VERTEX_POINT ( 'NONE', #450 ) ;
#1230 = FACE_OUTER_BOUND ( 'NONE', #1385, .T. ) ;
#1231 = CARTESIAN_POINT ( 'NONE',  ( 99.99999999999998579, 374.0000000000000000, 353.6000000000000227 ) ) ;
#1232 = EDGE_CURVE ( 'NONE', #1565, #9, #1162, .T. ) ;
#1233 = ORIENTED_EDGE ( 'NONE', *, *, #1920, .T. ) ;
#1234 = DIRECTION ( 'NONE',  ( 4.358865182459010242E-16, -1.000000000000000000, 7.957702914632619964E-16 ) ) ;
#1235 = AXIS2_PLACEMENT_3D ( 'NONE', #663, #1751, #676 ) ;
#1236 = VECTOR ( 'NONE', #873, 1000.000000000000000 ) ;
#1237 = VECTOR ( 'NONE', #1031, 1000.000000000000000 ) ;
#1238 = AXIS2_PLACEMENT_3D ( 'NONE', #1720, #1334, #19 ) ;
#1239 = CYLINDRICAL_SURFACE ( 'NONE', #1288, 8.000000000000007105 ) ;
#1240 = DIRECTION ( 'NONE',  ( 0.000000000000000000, 0.000000000000000000, -1.000000000000000000 ) ) ;
#1241 = PLANE ( 'NONE',  #824 ) ;
#1242 = EDGE_LOOP ( 'NONE', ( #563, #902, #1163, #2286 ) ) ;
#1243 = DIRECTION ( 'NONE',  ( 1.000000000000000000, -0.000000000000000000, -0.000000000000000000 ) ) ;
#1244 = ORIENTED_EDGE ( 'NONE', *, *, #943, .T. ) ;
#1245 = LINE ( 'NONE', #119, #997 ) ;
#1246 = DIRECTION ( 'NONE',  ( 1.000000000000000000, -0.000000000000000000, -0.000000000000000000 ) ) ;
#1247 = ORIENTED_EDGE ( 'NONE', *, *, #912, .T. ) ;
#1248 = DIRECTION ( 'NONE',  ( 0.000000000000000000, 0.000000000000000000, -1.000000000000000000 ) ) ;
#1249 = EDGE_CURVE ( 'NONE', #1132, #547, #607, .T. ) ;
#1250 = CIRCLE ( 'NONE', #1557, 16.50000000000001421 ) ;
#1251 = FACE_OUTER_BOUND ( 'NONE', #641, .T. ) ;
#1252 = VECTOR ( 'NONE', #1932, 1000.000000000000000 ) ;
#1253 = VERTEX_POINT ( 'NONE', #271 ) ;
#1254 = LINE ( 'NONE', #1444, #440 ) ;
#1255 = AXIS2_PLACEMENT_3D ( 'NONE', #404, #1317, #2043 ) ;
#1256 = ORIENTED_EDGE ( 'NONE', *, *, #548, .T. ) ;
#1257 = VECTOR ( 'NONE', #139, 1000.000000000000000 ) ;
#1258 = CARTESIAN_POINT ( 'NONE',  ( 45.50000000000000000, -146.5000000000000000, 333.6000000000000227 ) ) ;
#1259 = LINE ( 'NONE', #1989, #594 ) ;
#1260 = EDGE_CURVE ( 'NONE', #1973, #162, #2104, .T. ) ;
#1261 = ORIENTED_EDGE ( 'NONE', *, *, #1691, .F. ) ;
#1262 = DIRECTION ( 'NONE',  ( -3.746562005547825557E-16, 1.000000000000000000, -0.000000000000000000 ) ) ;
#1263 = ADVANCED_FACE ( 'NONE', ( #1176 ), #2076, .F. ) ;
#1264 = CARTESIAN_POINT ( 'NONE',  ( 100.0000000000000000, 374.0000000000001137, 353.6000000000000227 ) ) ;
#1265 = ORIENTED_EDGE ( 'NONE', *, *, #1678, .F. ) ;
#1266 = FACE_OUTER_BOUND ( 'NONE', #2238, .T. ) ;
#1267 = EDGE_LOOP ( 'NONE', ( #2155, #1971 ) ) ;
#1268 = CARTESIAN_POINT ( 'NONE',  ( -45.50000000000000000, 146.5000000000000000, 295.5999999999999659 ) ) ;
#1269 = CARTESIAN_POINT ( 'NONE',  ( -60.50000000000000000, -382.0000000000000000, 318.6000000000000227 ) ) ;
#1270 = ORIENTED_EDGE ( 'NONE', *, *, #2301, .F. ) ;
#1271 = CIRCLE ( 'NONE', #1882, 16.50000000000001421 ) ;
#1272 = DIRECTION ( 'NONE',  ( 0.000000000000000000, 1.000000000000000000, 0.000000000000000000 ) ) ;
#1273 = CLOSED_SHELL ( 'NONE', ( #2255, #825, #2288, #2010, #415, #652, #316, #1294, #256, #1653, #1588, #1823, #225, #815, #1645, #871, #793, #913, #1849, #1728, #1405, #1525, #1539, #1277, #196, #2185, #1468, #17, #1750, #1280, #1619, #1862, #2300, #723, #387, #29 ) ) ;
#1274 = DIRECTION ( 'NONE',  ( 4.358865182459010242E-16, -1.000000000000000000, 7.931299208757790261E-16 ) ) ;
#1275 = ORIENTED_EDGE ( 'NONE', *, *, #533, .T. ) ;
#1276 = DIRECTION ( 'NONE',  ( -0.000000000000000000, -1.000000000000000000, -1.927470528863119788E-16 ) ) ;
#1277 = ADVANCED_FACE ( 'NONE', ( #823 ), #776, .F. ) ;
#1278 = ORIENTED_EDGE ( 'NONE', *, *, #786, .F. ) ;
#1279 = LINE ( 'NONE', #1115, #845 ) ;
#1280 = ADVANCED_FACE ( 'NONE', ( #596 ), #1894, .F. ) ;
#1281 = DIRECTION ( 'NONE',  ( 0.000000000000000000, 0.000000000000000000, 1.000000000000000000 ) ) ;
#1282 = ORIENTED_EDGE ( 'NONE', *, *, #401, .T. ) ;
#1283 = CARTESIAN_POINT ( 'NONE',  ( -100.0000000000000000, -374.0000000000000000, 253.5999999999999943 ) ) ;
#1284 = DIRECTION ( 'NONE',  ( -4.358865182459010242E-16, 1.000000000000000000, -7.931299208757789275E-16 ) ) ;
#1285 = CARTESIAN_POINT ( 'NONE',  ( -100.0000000000000000, -374.0000000000000000, 347.6000000000000227 ) ) ;
#1286 = ORIENTED_EDGE ( 'NONE', *, *, #1527, .T. ) ;
#1287 = CARTESIAN_POINT ( 'NONE',  ( 45.50000000000000000, -146.5000000000000000, 295.5999999999999659 ) ) ;
#1288 = AXIS2_PLACEMENT_3D ( 'NONE', #1969, #1053, #1944 ) ;
#1289 = EDGE_LOOP ( 'NONE', ( #732, #985, #2006, #1330 ) ) ;
#1290 = CYLINDRICAL_SURFACE ( 'NONE', #153, 14.00000000000001243 ) ;
#1291 = AXIS2_PLACEMENT_3D ( 'NONE', #301, #1811, #1437 ) ;
#1292 = LINE ( 'NONE', #1666, #77 ) ;
#1293 = VECTOR ( 'NONE', #595, 1000.000000000000000 ) ;
#1294 = ADVANCED_FACE ( 'NONE', ( #798, #1535 ), #258, .T. ) ;
#1295 = VERTEX_POINT ( 'NONE', #836 ) ;
#1296 = FACE_OUTER_BOUND ( 'NONE', #212, .T. ) ;
#1297 = CARTESIAN_POINT ( 'NONE',  ( -45.50000000000000000, 188.0000000000000284, 267.6000000000000227 ) ) ;
#1298 = CARTESIAN_POINT ( 'NONE',  ( -100.0000000000000000, 201.9999999999999432, 353.6000000000000227 ) ) ;
#1299 = ORIENTED_EDGE ( 'NONE', *, *, #2317, .F. ) ;
#1300 = LINE ( 'NONE', #320, #1486 ) ;
#1301 = ADVANCED_FACE ( 'NONE', ( #2329 ), #680, .T. ) ;
#1302 = CC_DESIGN_PERSON_AND_ORGANIZATION_ASSIGNMENT ( #666, #1732, ( #463 ) ) ;
#1303 = EDGE_LOOP ( 'NONE', ( #2284, #2087, #2235, #758 ) ) ;
#1304 = PLANE ( 'NONE',  #229 ) ;
#1305 = DIRECTION ( 'NONE',  ( 1.000000000000000000, -0.000000000000000000, -0.000000000000000000 ) ) ;
#1306 = VERTEX_POINT ( 'NONE', #1590 ) ;
#1307 = EDGE_CURVE ( 'NONE', #2112, #1664, #1863, .T. ) ;
#1308 = CYLINDRICAL_SURFACE ( 'NONE', #1431, 8.749999999999980460 ) ;
#1309 = FACE_OUTER_BOUND ( 'NONE', #1220, .T. ) ;
#1310 = EDGE_LOOP ( 'NONE', ( #2276, #510, #2099, #763 ) ) ;
#1311 = DIRECTION ( 'NONE',  ( 0.000000000000000000, 1.000000000000000000, 0.000000000000000000 ) ) ;
#1312 = CIRCLE ( 'NONE', #1736, 14.00000000000001243 ) ;
#1313 = VECTOR ( 'NONE', #2030, 1000.000000000000000 ) ;
#1314 = APPROVAL_PERSON_ORGANIZATION ( #1183, #1226, #266 ) ;
#1315 = VERTEX_POINT ( 'NONE', #1782 ) ;
#1316 = CARTESIAN_POINT ( 'NONE',  ( -100.0000000000000000, -202.0000000000000000, 267.6000000000000227 ) ) ;
#1317 = DIRECTION ( 'NONE',  ( 0.000000000000000000, 1.000000000000000000, 0.000000000000000000 ) ) ;
#1318 = ORIENTED_EDGE ( 'NONE', *, *, #296, .T. ) ;
#1319 = ORIENTED_EDGE ( 'NONE', *, *, #2082, .T. ) ;
#1320 = DIRECTION ( 'NONE',  ( -0.000000000000000000, -1.000000000000000000, -1.927470528863119788E-16 ) ) ;
#1321 = CARTESIAN_POINT ( 'NONE',  ( -100.0000000000000000, 388.0000000000000000, 339.6000000000000227 ) ) ;
#1322 = EDGE_CURVE ( 'NONE', #650, #1399, #2151, .T. ) ;
#1323 = EDGE_CURVE ( 'NONE', #2145, #837, #1207, .T. ) ;
#1324 = PLANE ( 'NONE',  #328 ) ;
#1325 = ORIENTED_EDGE ( 'NONE', *, *, #1705, .F. ) ;
#1326 = FACE_OUTER_BOUND ( 'NONE', #2199, .T. ) ;
#1327 = VECTOR ( 'NONE', #1498, 1000.000000000000000 ) ;
#1328 = DIRECTION ( 'NONE',  ( -1.000000000000000000, -0.000000000000000000, 0.000000000000000000 ) ) ;
#1329 = EDGE_LOOP ( 'NONE', ( #1769, #746, #2336, #2143, #878, #791, #446, #678 ) ) ;
#1330 = ORIENTED_EDGE ( 'NONE', *, *, #368, .T. ) ;
#1331 = AXIS2_PLACEMENT_3D ( 'NONE', #1170, #2098, #445 ) ;
#1332 = EDGE_CURVE ( 'NONE', #803, #2172, #2173, .T. ) ;
#1333 = CARTESIAN_POINT ( 'NONE',  ( -100.0000000000000000, 382.0000000000000000, 267.6000000000000227 ) ) ;
#1334 = DIRECTION ( 'NONE',  ( 1.000000000000000000, 4.211417726005544748E-16, 9.634166742615019383E-17 ) ) ;
#1335 = LINE ( 'NONE', #1534, #633 ) ;
#1336 = DIRECTION ( 'NONE',  ( 2.431540542351344947E-16, -7.931299208757788288E-16, -1.000000000000000000 ) ) ;
#1337 = EDGE_CURVE ( 'NONE', #837, #2145, #205, .T. ) ;
#1338 = ORIENTED_EDGE ( 'NONE', *, *, #1832, .T. ) ;
#1339 = CARTESIAN_POINT ( 'NONE',  ( -99.99999999999994316, 194.0000000000000000, 267.6000000000000227 ) ) ;
#1340 = CARTESIAN_POINT ( 'NONE',  ( 100.0000000000000000, -388.0000000000000000, 267.6000000000000227 ) ) ;
#1341 = ORIENTED_EDGE ( 'NONE', *, *, #1975, .T. ) ;
#1342 = CARTESIAN_POINT ( 'NONE',  ( 100.0000000000000000, -374.0000000000000000, 347.6000000000000227 ) ) ;
#1343 = CARTESIAN_POINT ( 'NONE',  ( 45.50000000000000000, -146.5000000000000000, 333.6000000000000227 ) ) ;
#1344 = CYLINDRICAL_SURFACE ( 'NONE', #1904, 8.000000000000007105 ) ;
#1345 = CARTESIAN_POINT ( 'NONE',  ( -60.50000000000000000, 388.0000000000000000, 335.1000000000000796 ) ) ;
#1346 = ORIENTED_EDGE ( 'NONE', *, *, #2335, .F. ) ;
#1347 = LINE ( 'NONE', #411, #1503 ) ;
#1348 = VECTOR ( 'NONE', #532, 1000.000000000000000 ) ;
#1350 = AXIS2_PLACEMENT_3D ( 'NONE', #2152, #71, #850 ) ;
#1349 = CARTESIAN_POINT ( 'NONE',  ( 100.0000000000000000, 374.0000000000001137, 267.6000000000000227 ) ) ;
#1351 = ORIENTED_EDGE ( 'NONE', *, *, #610, .T. ) ;
#1352 = ADVANCED_FACE ( 'NONE', ( #667 ), #1239, .F. ) ;
#1353 = VERTEX_POINT ( 'NONE', #2141 ) ;
#1354 = ADVANCED_FACE ( 'NONE', ( #848 ), #2128, .F. ) ;
#1355 = CARTESIAN_POINT ( 'NONE',  ( -60.50000000000000000, 388.0000000000000000, 318.6000000000000227 ) ) ;
#1356 = FACE_OUTER_BOUND ( 'NONE', #683, .T. ) ;
#1357 = ORIENTED_EDGE ( 'NONE', *, *, #896, .F. ) ;
#1358 = PERSON_AND_ORGANIZATION ( #2053, #1504 ) ;
#1359 = CARTESIAN_POINT ( 'NONE',  ( -60.50000000000000000, 146.5000000000000000, 318.6000000000000227 ) ) ;
#1360 = CARTESIAN_POINT ( 'NONE',  ( -60.50000000000000000, -150.0000000000000000, 318.6000000000000227 ) ) ;
#1361 = ORIENTED_EDGE ( 'NONE', *, *, #1948, .T. ) ;
#1362 = FACE_OUTER_BOUND ( 'NONE', #337, .T. ) ;
#1363 = LINE ( 'NONE', #779, #690 ) ;
#1364 = DIRECTION ( 'NONE',  ( 6.123031769111888756E-17, 1.000000000000000000, 0.000000000000000000 ) ) ;
#1365 = AXIS2_PLACEMENT_3D ( 'NONE', #82, #1748, #1553 ) ;
#1366 = EDGE_CURVE ( 'NONE', #579, #1133, #1408, .T. ) ;
#1367 = CARTESIAN_POINT ( 'NONE',  ( -83.50000000000000000, 146.5000000000000000, 333.6000000000000227 ) ) ;
#1368 = FACE_OUTER_BOUND ( 'NONE', #1166, .T. ) ;
#1369 = EDGE_LOOP ( 'NONE', ( #698, #1346, #1703, #1896 ) ) ;
#1370 = PERSON_AND_ORGANIZATION_ROLE ( 'creator' ) ;
#1371 = VECTOR ( 'NONE', #752, 1000.000000000000000 ) ;
#1372 = CARTESIAN_POINT ( 'NONE',  ( 60.50000000000000000, -150.0000000000000000, 327.3500000000000227 ) ) ;
#1373 = CARTESIAN_POINT ( 'NONE',  ( 60.50000000000000000, -194.0000000000000000, 309.8500000000000796 ) ) ;
#1374 = ORIENTED_EDGE ( 'NONE', *, *, #1571, .F. ) ;
#1375 = CARTESIAN_POINT ( 'NONE',  ( -60.50000000000000000, -388.0000000000000000, 302.1000000000000227 ) ) ;
#1376 = EDGE_CURVE ( 'NONE', #2203, #1017, #418, .T. ) ;
#1377 = ORIENTED_EDGE ( 'NONE', *, *, #2082, .F. ) ;
#1378 = CARTESIAN_POINT ( 'NONE',  ( 100.0000000000000000, -188.0000000000000000, 339.6000000000000227 ) ) ;
#1379 = LINE ( 'NONE', #264, #170 ) ;
#1380 = EDGE_LOOP ( 'NONE', ( #811, #1845, #1278, #454 ) ) ;
#1381 = EDGE_CURVE ( 'NONE', #891, #1775, #1158, .T. ) ;
#1382 = CALENDAR_DATE ( 2025, 12, 11 ) ;
#1383 = EDGE_CURVE ( 'NONE', #1578, #1700, #1012, .T. ) ;
#1384 = DIRECTION ( 'NONE',  ( -1.518528186574079716E-16, 7.643928642492109609E-16, 1.000000000000000000 ) ) ;
#1385 = EDGE_LOOP ( 'NONE', ( #1417, #2318, #1852, #1742 ) ) ;
#1386 = DIRECTION ( 'NONE',  ( 0.000000000000000000, 1.000000000000000000, 0.000000000000000000 ) ) ;
#1387 = ORIENTED_EDGE ( 'NONE', *, *, #1483, .T. ) ;
#1388 = LINE ( 'NONE', #854, #1778 ) ;
#1389 = VECTOR ( 'NONE', #578, 1000.000000000000000 ) ;
#1390 = AXIS2_PLACEMENT_3D ( 'NONE', #1853, #699, #554 ) ;
#1391 = DIRECTION ( 'NONE',  ( 0.000000000000000000, -1.000000000000000000, -1.901066822988284662E-16 ) ) ;
#1392 = EDGE_LOOP ( 'NONE', ( #1878, #629 ) ) ;
#1393 = CARTESIAN_POINT ( 'NONE',  ( -83.50000000000000000, -146.5000000000000000, 333.6000000000000227 ) ) ;
#1394 = COORDINATED_UNIVERSAL_TIME_OFFSET ( 7, 0, .AHEAD. ) ;
#1395 = FACE_OUTER_BOUND ( 'NONE', #894, .T. ) ;
#1396 = DIRECTION ( 'NONE',  ( 0.000000000000000000, 0.000000000000000000, 1.000000000000000000 ) ) ;
#1397 = EDGE_CURVE ( 'NONE', #1213, #1544, #2123, .T. ) ;
#1398 = CARTESIAN_POINT ( 'NONE',  ( -60.50000000000000000, 382.0000000000000000, 335.1000000000000796 ) ) ;
#1399 = VERTEX_POINT ( 'NONE', #1193 ) ;
#1400 = LINE ( 'NONE', #2132, #1215 ) ;
#1401 = EDGE_LOOP ( 'NONE', ( #470, #1044 ) ) ;
#1402 = DIRECTION ( 'NONE',  ( -0.000000000000000000, -6.042239212059200982E-16, -1.000000000000000000 ) ) ;
#1403 = CARTESIAN_POINT ( 'NONE',  ( 83.49999999999998579, 188.0000000000000284, 333.6000000000000227 ) ) ;
#1404 = ORIENTED_EDGE ( 'NONE', *, *, #1106, .F. ) ;
#1405 = ADVANCED_FACE ( 'NONE', ( #1368 ), #1891, .F. ) ;
#1406 = CIRCLE ( 'NONE', #2205, 16.50000000000001421 ) ;
#1407 = APPROVAL_STATUS ( 'not_yet_approved' ) ;
#1408 = LINE ( 'NONE', #1223, #557 ) ;
#1409 = CARTESIAN_POINT ( 'NONE',  ( 100.0000000000000000, -188.0000000000000000, 295.5999999999999659 ) ) ;
#1410 = AXIS2_PLACEMENT_3D ( 'NONE', #730, #740, #1467 ) ;
#1411 = ORIENTED_EDGE ( 'NONE', *, *, #1337, .T. ) ;
#1412 = FACE_OUTER_BOUND ( 'NONE', #2054, .T. ) ;
#1413 = EDGE_CURVE ( 'NONE', #2359, #1227, #807, .T. ) ;
#1414 = ORIENTED_EDGE ( 'NONE', *, *, #1323, .T. ) ;
#1415 = DIRECTION ( 'NONE',  ( -1.000000000000000000, 0.000000000000000000, 0.000000000000000000 ) ) ;
#1416 = LINE ( 'NONE', #2148, #1640 ) ;
#1417 = ORIENTED_EDGE ( 'NONE', *, *, #146, .F. ) ;
#1418 = CARTESIAN_POINT ( 'NONE',  ( 45.50000000000000000, -188.0000000000000000, 295.5999999999999659 ) ) ;
#1419 = DIRECTION ( 'NONE',  ( 0.000000000000000000, 1.000000000000000000, 0.000000000000000000 ) ) ;
#1420 = FACE_OUTER_BOUND ( 'NONE', #553, .T. ) ;
#1421 = FACE_BOUND ( 'NONE', #992, .T. ) ;
#1422 = EDGE_LOOP ( 'NONE', ( #1922, #486, #105, #1472 ) ) ;
#1423 = DIRECTION ( 'NONE',  ( 0.000000000000000000, 1.000000000000000000, 0.000000000000000000 ) ) ;
#1424 = ORIENTED_EDGE ( 'NONE', *, *, #593, .F. ) ;
#1425 = CARTESIAN_POINT ( 'NONE',  ( -83.50000000000000000, -146.5000000000000000, 295.5999999999999659 ) ) ;
#1426 = CARTESIAN_POINT ( 'NONE',  ( 100.0000000000000000, -388.0000000000000000, 267.6000000000000227 ) ) ;
#1427 = ADVANCED_FACE ( 'NONE', ( #617 ), #975, .F. ) ;
#1428 = EDGE_LOOP ( 'NONE', ( #638, #841, #222, #273 ) ) ;
#1429 = AXIS2_PLACEMENT_3D ( 'NONE', #113, #681, #971 ) ;
#1430 = VECTOR ( 'NONE', #1529, 1000.000000000000000 ) ;
#1431 = AXIS2_PLACEMENT_3D ( 'NONE', #2037, #1121, #1857 ) ;
#1432 = DIRECTION ( 'NONE',  ( 0.000000000000000000, -0.000000000000000000, -1.000000000000000000 ) ) ;
#1433 = ORIENTED_EDGE ( 'NONE', *, *, #152, .T. ) ;
#1434 = CARTESIAN_POINT ( 'NONE',  ( 60.50000000000000000, -388.0000000000000000, 318.6000000000000227 ) ) ;
#1435 = ORIENTED_EDGE ( 'NONE', *, *, #1154, .F. ) ;
#1436 = DIRECTION ( 'NONE',  ( 0.000000000000000000, -1.000000000000000000, -1.901066822988284662E-16 ) ) ;
#1437 = DIRECTION ( 'NONE',  ( 0.000000000000000000, 0.000000000000000000, -1.000000000000000000 ) ) ;
#1438 = VERTEX_POINT ( 'NONE', #239 ) ;
#1439 = ADVANCED_FACE ( 'NONE', ( #1356 ), #278, .F. ) ;
#1440 = CIRCLE ( 'NONE', #396, 8.000000000000007105 ) ;
#1441 = DIRECTION ( 'NONE',  ( 1.000000000000000000, 4.211417726005544748E-16, 9.634166742615019383E-17 ) ) ;
#1442 = AXIS2_PLACEMENT_3D ( 'NONE', #1204, #998, #1940 ) ;
#1443 = ORIENTED_EDGE ( 'NONE', *, *, #1451, .T. ) ;
#1444 = CARTESIAN_POINT ( 'NONE',  ( 100.0000000000000000, -202.0000000000000000, 347.6000000000000227 ) ) ;
#1445 = VECTOR ( 'NONE', #522, 1000.000000000000000 ) ;
#1446 = ORIENTED_EDGE ( 'NONE', *, *, #799, .F. ) ;
#1447 = LINE ( 'NONE', #721, #1348 ) ;
#1448 = CARTESIAN_POINT ( 'NONE',  ( -60.50000000000001421, 194.0000000000000000, 309.8500000000000227 ) ) ;
#1449 = AXIS2_PLACEMENT_3D ( 'NONE', #1923, #2106, #452 ) ;
#1450 = ORIENTED_EDGE ( 'NONE', *, *, #2374, .F. ) ;
#1451 = EDGE_CURVE ( 'NONE', #792, #1594, #285, .T. ) ;
#1452 = PLANE ( 'NONE',  #2157 ) ;
#1453 = ADVANCED_FACE ( 'NONE', ( #1559 ), #1768, .F. ) ;
#1454 = CARTESIAN_POINT ( 'NONE',  ( -100.0000000000000000, 202.0000000000000000, 253.6000000000001080 ) ) ;
#1455 = ORIENTED_EDGE ( 'NONE', *, *, #1051, .F. ) ;
#1456 = LINE ( 'NONE', #149, #819 ) ;
#1457 = ORIENTED_EDGE ( 'NONE', *, *, #1781, .F. ) ;
#1458 = FACE_OUTER_BOUND ( 'NONE', #1994, .T. ) ;
#1459 = DIRECTION ( 'NONE',  ( 0.000000000000000000, -7.969709740922321510E-16, -1.000000000000000000 ) ) ;
#1460 = ORIENTED_EDGE ( 'NONE', *, *, #1632, .T. ) ;
#1461 = AXIS2_PLACEMENT_3D ( 'NONE', #386, #1684, #31 ) ;
#1462 = CARTESIAN_POINT ( 'NONE',  ( 60.49999999999997868, 194.0000000000000000, 318.6000000000000227 ) ) ;
#1463 = AXIS2_PLACEMENT_3D ( 'NONE', #260, #1517, #234 ) ;
#1464 = DIRECTION ( 'NONE',  ( 0.000000000000000000, -1.000000000000000000, -1.901066822988284662E-16 ) ) ;
#1465 = CIRCLE ( 'NONE', #350, 8.749999999999980460 ) ;
#1466 = VERTEX_POINT ( 'NONE', #2275 ) ;
#1467 = DIRECTION ( 'NONE',  ( 0.000000000000000000, 0.000000000000000000, -1.000000000000000000 ) ) ;
#1468 = ADVANCED_FACE ( 'NONE', ( #643 ), #631, .F. ) ;
#1469 = ORIENTED_EDGE ( 'NONE', *, *, #1660, .T. ) ;
#1470 = PLANE ( 'NONE',  #1584 ) ;
#1471 = FACE_BOUND ( 'NONE', #1392, .T. ) ;
#1472 = ORIENTED_EDGE ( 'NONE', *, *, #1767, .T. ) ;
#1473 = CARTESIAN_POINT ( 'NONE',  ( 60.50000000000000000, -388.0000000000000000, 302.1000000000000227 ) ) ;
#1474 = EDGE_CURVE ( 'NONE', #1315, #1688, #399, .T. ) ;
#1475 = LINE ( 'NONE', #136, #542 ) ;
#1476 = CARTESIAN_POINT ( 'NONE',  ( -60.50000000000000000, -388.0000000000000000, 318.6000000000000227 ) ) ;
#1477 = AXIS2_PLACEMENT_3D ( 'NONE', #990, #1563, #2127 ) ;
#1478 = ORIENTED_EDGE ( 'NONE', *, *, #2182, .F. ) ;
#1479 = DIRECTION ( 'NONE',  ( 0.000000000000000000, 0.000000000000000000, -1.000000000000000000 ) ) ;
#1480 = AXIS2_PLACEMENT_3D ( 'NONE', #524, #168, #1991 ) ;
#1481 = ORIENTED_EDGE ( 'NONE', *, *, #548, .F. ) ;
#1482 = CARTESIAN_POINT ( 'NONE',  ( -99.99999999999997158, 188.0000000000000000, 267.6000000000000227 ) ) ;
#1483 = EDGE_CURVE ( 'NONE', #384, #1229, #1379, .T. ) ;
#1484 = VECTOR ( 'NONE', #682, 1000.000000000000000 ) ;
#1485 = CARTESIAN_POINT ( 'NONE',  ( -100.0000000000000000, -188.0000000000000000, 339.6000000000000227 ) ) ;
#1486 = VECTOR ( 'NONE', #707, 1000.000000000000000 ) ;
#1487 = ORIENTED_EDGE ( 'NONE', *, *, #1037, .F. ) ;
#1488 = CARTESIAN_POINT ( 'NONE',  ( 60.49999999999997868, 194.0000000000000000, 318.6000000000000227 ) ) ;
#1489 = LINE ( 'NONE', #1298, #364 ) ;
#1490 = ORIENTED_EDGE ( 'NONE', *, *, #1201, .T. ) ;
#1491 = LINE ( 'NONE', #22, #1371 ) ;
#1492 = VERTEX_POINT ( 'NONE', #2111 ) ;
#1493 = DIRECTION ( 'NONE',  ( 0.000000000000000000, 1.000000000000000000, 0.000000000000000000 ) ) ;
#1494 = CARTESIAN_POINT ( 'NONE',  ( -60.50000000000000000, -388.0000000000000000, 302.1000000000000227 ) ) ;
#1495 = ORIENTED_EDGE ( 'NONE', *, *, #1968, .T. ) ;
#1496 = ORIENTED_EDGE ( 'NONE', *, *, #1051, .T. ) ;
#1497 = EDGE_CURVE ( 'NONE', #777, #1492, #2207, .T. ) ;
#1498 = DIRECTION ( 'NONE',  ( -0.000000000000000000, 1.000000000000000000, 0.000000000000000000 ) ) ;
#1499 = CARTESIAN_POINT ( 'NONE',  ( 60.50000000000000000, -146.5000000000000000, 309.8500000000000796 ) ) ;
#1500 = ORIENTED_EDGE ( 'NONE', *, *, #146, .T. ) ;
#1501 = FACE_OUTER_BOUND ( 'NONE', #1428, .T. ) ;
#1502 = VECTOR ( 'NONE', #306, 1000.000000000000000 ) ;
#1503 = VECTOR ( 'NONE', #1897, 1000.000000000000000 ) ;
#1504 = ORGANIZATION ( 'UNSPECIFIED', 'UNSPECIFIED', '' ) ;
#1505 = ORIENTED_EDGE ( 'NONE', *, *, #1795, .F. ) ;
#1506 = PLANE ( 'NONE',  #1924 ) ;
#1507 = EDGE_CURVE ( 'NONE', #38, #299, #331, .T. ) ;
#1508 = LINE ( 'NONE', #1142, #747 ) ;
#1509 = ORIENTED_EDGE ( 'NONE', *, *, #2163, .F. ) ;
#1510 = EDGE_LOOP ( 'NONE', ( #2212, #1469 ) ) ;
#1511 = LINE ( 'NONE', #2071, #1558 ) ;
#1512 = ADVANCED_BREP_SHAPE_REPRESENTATION ( 'M-20iA35M Fork Pockets-M-20iA35M_D\X2\00e9\X0\faut_sldprt', ( #422, #453, #1113 ), #1740 ) ;
#1513 = LINE ( 'NONE', #407, #2194 ) ;
#1514 = CARTESIAN_POINT ( 'NONE',  ( -60.50000000000000000, 388.0000000000000000, 318.6000000000000227 ) ) ;
#1515 = CARTESIAN_POINT ( 'NONE',  ( -100.0000000000000000, 194.0000000000000568, 339.6000000000000227 ) ) ;
#1516 = ORIENTED_EDGE ( 'NONE', *, *, #2024, .T. ) ;
#1517 = DIRECTION ( 'NONE',  ( 0.000000000000000000, 1.000000000000000000, 1.927470528863119788E-16 ) ) ;
#1518 = AXIS2_PLACEMENT_3D ( 'NONE', #1683, #63, #2261 ) ;
#1519 = DIRECTION ( 'NONE',  ( 6.123031769111888756E-17, 1.000000000000000000, 0.000000000000000000 ) ) ;
#1520 = VERTEX_POINT ( 'NONE', #477 ) ;
#1521 = EDGE_LOOP ( 'NONE', ( #1404, #1609, #2296, #1002 ) ) ;
#1522 = AXIS2_PLACEMENT_3D ( 'NONE', #2016, #1274, #705 ) ;
#1523 = CARTESIAN_POINT ( 'NONE',  ( -100.0000000000000000, 374.0000000000000000, 253.5999999999999943 ) ) ;
#1524 = CARTESIAN_POINT ( 'NONE',  ( -100.0000000000000000, -374.0000000000000000, 259.6000000000000796 ) ) ;
#1525 = ADVANCED_FACE ( 'NONE', ( #1933, #1605, #1421 ), #501, .T. ) ;
#1526 = DIRECTION ( 'NONE',  ( 0.000000000000000000, 0.000000000000000000, 1.000000000000000000 ) ) ;
#1527 = EDGE_CURVE ( 'NONE', #803, #1779, #1029, .T. ) ;
#1528 = ORIENTED_EDGE ( 'NONE', *, *, #1074, .F. ) ;
#1529 = DIRECTION ( 'NONE',  ( 9.634166742615019383E-17, 3.609500307299389097E-32, -1.000000000000000000 ) ) ;
#1530 = DIRECTION ( 'NONE',  ( -0.000000000000000000, -1.000000000000000000, 7.931299208757788288E-16 ) ) ;
#1531 = ORIENTED_EDGE ( 'NONE', *, *, #1322, .F. ) ;
#1532 = LINE ( 'NONE', #2251, #1094 ) ;
#1533 = CARTESIAN_POINT ( 'NONE',  ( -100.0000000000000000, 388.0000000000000000, 267.6000000000000227 ) ) ;
#1534 = CARTESIAN_POINT ( 'NONE',  ( -45.50000000000000000, 146.5000000000000000, 333.6000000000000227 ) ) ;
#1535 = FACE_BOUND ( 'NONE', #653, .T. ) ;
#1536 = CIRCLE ( 'NONE', #1039, 16.50000000000001421 ) ;
#1537 = ORIENTED_EDGE ( 'NONE', *, *, #849, .F. ) ;
#1538 = FACE_BOUND ( 'NONE', #2039, .T. ) ;
#1539 = ADVANCED_FACE ( 'NONE', ( #137 ), #1241, .F. ) ;
#1540 = CIRCLE ( 'NONE', #1235, 8.749999999999980460 ) ;
#1542 = CIRCLE ( 'NONE', #345, 8.000000000000007105 ) ;
#1541 = DIRECTION ( 'NONE',  ( -1.000000000000000000, -0.000000000000000000, -0.000000000000000000 ) ) ;
#1543 = VECTOR ( 'NONE', #1785, 1000.000000000000000 ) ;
#1544 = VERTEX_POINT ( 'NONE', #1398 ) ;
#1545 = ORIENTED_EDGE ( 'NONE', *, *, #1660, .F. ) ;
#1546 = CC_DESIGN_APPROVAL ( #2110, ( #463 ) ) ;
#1547 = DIRECTION ( 'NONE',  ( 0.000000000000000000, -1.000000000000000000, -1.901066822988284662E-16 ) ) ;
#1548 = DIRECTION ( 'NONE',  ( -1.000000000000000000, 0.000000000000000000, 0.000000000000000000 ) ) ;
#1549 = VERTEX_POINT ( 'NONE', #2130 ) ;
#1550 = EDGE_CURVE ( 'NONE', #175, #724, #1099, .T. ) ;
#1551 = LINE ( 'NONE', #2278, #560 ) ;
#1552 = ORIENTED_EDGE ( 'NONE', *, *, #1474, .T. ) ;
#1553 = DIRECTION ( 'NONE',  ( 1.826024711554534899E-16, 0.000000000000000000, 1.000000000000000000 ) ) ;
#1554 = ADVANCED_FACE ( 'NONE', ( #8 ), #376, .F. ) ;
#1555 = VERTEX_POINT ( 'NONE', #750 ) ;
#1556 = ORIENTED_EDGE ( 'NONE', *, *, #570, .T. ) ;
#1557 = AXIS2_PLACEMENT_3D ( 'NONE', #1355, #1890, #2046 ) ;
#1558 = VECTOR ( 'NONE', #2274, 1000.000000000000000 ) ;
#1559 = FACE_OUTER_BOUND ( 'NONE', #535, .T. ) ;
#1560 = EDGE_LOOP ( 'NONE', ( #2320, #1, #425, #2027 ) ) ;
#1561 = CIRCLE ( 'NONE', #1522, 8.749999999999980460 ) ;
#1562 = DATE_TIME_ROLE ( 'classification_date' ) ;
#1563 = DIRECTION ( 'NONE',  ( 1.000000000000000000, 4.211417726005544748E-16, 9.634166742615019383E-17 ) ) ;
#1564 = CARTESIAN_POINT ( 'NONE',  ( -45.50000000000000000, 146.5000000000000000, 333.6000000000000227 ) ) ;
#1565 = VERTEX_POINT ( 'NONE', #182 ) ;
#1566 = CARTESIAN_POINT ( 'NONE',  ( 100.0000000000000284, 202.0000000000000568, 347.6000000000000227 ) ) ;
#1567 = ORIENTED_EDGE ( 'NONE', *, *, #165, .F. ) ;
#1568 = PLANE ( 'NONE',  #1191 ) ;
#1569 = DIRECTION ( 'NONE',  ( 0.000000000000000000, 0.000000000000000000, -1.000000000000000000 ) ) ;
#1570 = ORIENTED_EDGE ( 'NONE', *, *, #2052, .T. ) ;
#1571 = EDGE_CURVE ( 'NONE', #1664, #2112, #1091, .T. ) ;
#1572 = MECHANICAL_CONTEXT ( 'NONE', #537, 'mechanical' ) ;
#1573 = DIRECTION ( 'NONE',  ( 0.000000000000000000, 0.000000000000000000, 1.000000000000000000 ) ) ;
#1574 = CARTESIAN_POINT ( 'NONE',  ( -83.50000000000001421, 146.5000000000000000, 295.5999999999999659 ) ) ;
#1575 = DIRECTION ( 'NONE',  ( 4.358865182459010735E-16, -1.000000000000000000, 6.042239212059200982E-16 ) ) ;
#1576 = ORIENTED_EDGE ( 'NONE', *, *, #896, .T. ) ;
#1577 = CARTESIAN_POINT ( 'NONE',  ( 100.0000000000000000, -188.0000000000000000, 267.6000000000000227 ) ) ;
#1578 = VERTEX_POINT ( 'NONE', #2186 ) ;
#1579 = CARTESIAN_POINT ( 'NONE',  ( 100.0000000000000000, -374.0000000000000000, 267.6000000000000227 ) ) ;
#1580 = ADVANCED_FACE ( 'NONE', ( #1858 ), #2208, .F. ) ;
#1581 = ADVANCED_FACE ( 'NONE', ( #1108 ), #562, .T. ) ;
#1582 = CIRCLE ( 'NONE', #2001, 14.00000000000001243 ) ;
#1583 = DIRECTION ( 'NONE',  ( 4.211417726005545734E-16, -1.000000000000000000, 0.000000000000000000 ) ) ;
#1584 = AXIS2_PLACEMENT_3D ( 'NONE', #2200, #335, #1809 ) ;
#1585 = AXIS2_PLACEMENT_3D ( 'NONE', #1488, #2217, #965 ) ;
#1586 = ORIENTED_EDGE ( 'NONE', *, *, #11, .F. ) ;
#1587 = CARTESIAN_POINT ( 'NONE',  ( 0.000000000000000000, 0.000000000000000000, 0.000000000000000000 ) ) ;
#1588 = ADVANCED_FACE ( 'NONE', ( #728, #1085, #2196 ), #2005, .F. ) ;
#1589 = DIRECTION ( 'NONE',  ( 0.000000000000000000, -1.000000000000000000, 7.643928642492109609E-16 ) ) ;
#1590 = CARTESIAN_POINT ( 'NONE',  ( -60.50000000000000000, -194.0000000000000000, 327.3500000000000227 ) ) ;
#1591 = DIRECTION ( 'NONE',  ( -1.000000000000000000, -4.211417726005544748E-16, -9.634166742615019383E-17 ) ) ;
#1592 = ORIENTED_EDGE ( 'NONE', *, *, #970, .T. ) ;
#1593 = CARTESIAN_POINT ( 'NONE',  ( -100.0000000000000000, -202.0000000000000000, 259.6000000000000796 ) ) ;
#1594 = VERTEX_POINT ( 'NONE', #738 ) ;
#1595 = CARTESIAN_POINT ( 'NONE',  ( -45.50000000000001421, 188.0000000000000000, 333.6000000000000227 ) ) ;
#1596 = CARTESIAN_POINT ( 'NONE',  ( 100.0000000000000000, -374.0000000000000000, 339.6000000000000227 ) ) ;
#1597 = AXIS2_PLACEMENT_3D ( 'NONE', #184, #1663, #10 ) ;
#1598 = ORIENTED_EDGE ( 'NONE', *, *, #1093, .F. ) ;
#1599 = CARTESIAN_POINT ( 'NONE',  ( 100.0000000000000711, 194.0000000000000000, 267.6000000000000227 ) ) ;
#1600 = AXIS2_PLACEMENT_3D ( 'NONE', #474, #1210, #2315 ) ;
#1601 = VECTOR ( 'NONE', #1583, 1000.000000000000000 ) ;
#1602 = DIRECTION ( 'NONE',  ( 0.000000000000000000, 0.000000000000000000, 1.000000000000000000 ) ) ;
#1603 = LINE ( 'NONE', #61, #996 ) ;
#1604 = AXIS2_PLACEMENT_3D ( 'NONE', #1359, #822, #473 ) ;
#1605 = FACE_BOUND ( 'NONE', #2333, .T. ) ;
#1606 = ORIENTED_EDGE ( 'NONE', *, *, #464, .F. ) ;
#1607 = CARTESIAN_POINT ( 'NONE',  ( -83.50000000000000000, 146.5000000000000000, 295.5999999999999659 ) ) ;
#1608 = EDGE_CURVE ( 'NONE', #1840, #346, #1489, .T. ) ;
#1609 = ORIENTED_EDGE ( 'NONE', *, *, #2227, .T. ) ;
#1610 = CARTESIAN_POINT ( 'NONE',  ( -60.50000000000000000, -150.0000000000000000, 327.3500000000000227 ) ) ;
#1611 = CARTESIAN_POINT ( 'NONE',  ( -100.0000000000000000, -374.0000000000000000, 339.6000000000000227 ) ) ;
#1612 = ORIENTED_EDGE ( 'NONE', *, *, #1322, .T. ) ;
#1613 = CARTESIAN_POINT ( 'NONE',  ( 60.50000000000000000, -388.0000000000000000, 302.1000000000000227 ) ) ;
#1614 = FACE_BOUND ( 'NONE', #342, .T. ) ;
#1615 = DIRECTION ( 'NONE',  ( -4.211417726005539817E-16, 1.000000000000000000, 0.000000000000000000 ) ) ;
#1616 = EDGE_LOOP ( 'NONE', ( #1424, #1537, #736, #781 ) ) ;
#1617 = DIRECTION ( 'NONE',  ( 0.000000000000000000, 0.000000000000000000, 1.000000000000000000 ) ) ;
#1618 = VERTEX_POINT ( 'NONE', #1285 ) ;
#1619 = ADVANCED_FACE ( 'NONE', ( #1670 ), #945, .F. ) ;
#1620 = LINE ( 'NONE', #1033, #2077 ) ;
#1621 = CARTESIAN_POINT ( 'NONE',  ( 83.50000000000000000, 146.5000000000000284, 333.6000000000000227 ) ) ;
#1622 = ORIENTED_EDGE ( 'NONE', *, *, #628, .F. ) ;
#1623 = AXIS2_PLACEMENT_3D ( 'NONE', #125, #860, #1240 ) ;
#1624 = CIRCLE ( 'NONE', #42, 14.00000000000001243 ) ;
#1625 = CARTESIAN_POINT ( 'NONE',  ( 100.0000000000000000, 202.0000000000000853, 267.6000000000000227 ) ) ;
#1626 = DIRECTION ( 'NONE',  ( 0.000000000000000000, -0.000000000000000000, -1.000000000000000000 ) ) ;
#1627 = ORIENTED_EDGE ( 'NONE', *, *, #2231, .T. ) ;
#1628 = LINE ( 'NONE', #2007, #1680 ) ;
#1629 = ORIENTED_EDGE ( 'NONE', *, *, #1122, .T. ) ;
#1630 = CARTESIAN_POINT ( 'NONE',  ( -100.0000000000000000, 388.0000000000000000, 339.6000000000000227 ) ) ;
#1631 = DIRECTION ( 'NONE',  ( 0.000000000000000000, 1.000000000000000000, 0.000000000000000000 ) ) ;
#1632 = EDGE_CURVE ( 'NONE', #1083, #1692, #1561, .T. ) ;
#1633 = VERTEX_POINT ( 'NONE', #1264 ) ;
#1634 = ADVANCED_FACE ( 'NONE', ( #1309 ), #341, .F. ) ;
#1635 = VECTOR ( 'NONE', #409, 1000.000000000000000 ) ;
#1636 = CARTESIAN_POINT ( 'NONE',  ( 60.50000000000000000, -388.0000000000000000, 318.6000000000000227 ) ) ;
#1637 = DIRECTION ( 'NONE',  ( 1.000000000000000000, 4.211417726005544748E-16, 9.634166742615019383E-17 ) ) ;
#1638 = ORIENTED_EDGE ( 'NONE', *, *, #1383, .F. ) ;
#1639 = CARTESIAN_POINT ( 'NONE',  ( 100.0000000000000000, -382.0000000000000000, 267.6000000000000227 ) ) ;
#1640 = VECTOR ( 'NONE', #1063, 1000.000000000000000 ) ;
#1641 = ORIENTED_EDGE ( 'NONE', *, *, #2024, .F. ) ;
#1642 = CARTESIAN_POINT ( 'NONE',  ( 83.50000000000000000, -188.0000000000000000, 333.6000000000000227 ) ) ;
#1643 = CARTESIAN_POINT ( 'NONE',  ( -100.0000000000000000, -388.0000000000000000, 267.6000000000000227 ) ) ;
#1644 = ORIENTED_EDGE ( 'NONE', *, *, #1898, .T. ) ;
#1645 = ADVANCED_FACE ( 'NONE', ( #2367 ), #893, .F. ) ;
#1646 = DIRECTION ( 'NONE',  ( -1.000000000000000000, 0.000000000000000000, 0.000000000000000000 ) ) ;
#1647 = CYLINDRICAL_SURFACE ( 'NONE', #1942, 14.00000000000001243 ) ;
#1648 = VERTEX_POINT ( 'NONE', #1454 ) ;
#1649 = DIRECTION ( 'NONE',  ( 0.000000000000000000, 0.000000000000000000, 1.000000000000000000 ) ) ;
#1650 = EDGE_LOOP ( 'NONE', ( #757, #2290 ) ) ;
#1651 = DIRECTION ( 'NONE',  ( 0.000000000000000000, 0.000000000000000000, 1.000000000000000000 ) ) ;
#1652 = CARTESIAN_POINT ( 'NONE',  ( -100.0000000000000000, -202.0000000000000000, 339.6000000000000227 ) ) ;
#1653 = ADVANCED_FACE ( 'NONE', ( #538 ), #1647, .T. ) ;
#1654 = EDGE_CURVE ( 'NONE', #1138, #1133, #121, .T. ) ;
#1655 = ORIENTED_EDGE ( 'NONE', *, *, #727, .T. ) ;
#1656 = CARTESIAN_POINT ( 'NONE',  ( -99.99999999999997158, 188.0000000000000000, 339.6000000000000227 ) ) ;
#1657 = CIRCLE ( 'NONE', #614, 8.749999999999980460 ) ;
#1658 = DIRECTION ( 'NONE',  ( -0.000000000000000000, -1.000000000000000000, -1.927470528863119788E-16 ) ) ;
#1659 = CIRCLE ( 'NONE', #1449, 8.000000000000007105 ) ;
#1660 = EDGE_CURVE ( 'NONE', #2138, #1229, #2365, .T. ) ;
#1661 = DIRECTION ( 'NONE',  ( 0.000000000000000000, 6.042239212059200982E-16, 1.000000000000000000 ) ) ;
#1662 = ORIENTED_EDGE ( 'NONE', *, *, #1260, .T. ) ;
#1663 = DIRECTION ( 'NONE',  ( -1.000000000000000000, -3.746562005547825557E-16, -9.634166742615019383E-17 ) ) ;
#1664 = VERTEX_POINT ( 'NONE', #2361 ) ;
#1665 = FACE_OUTER_BOUND ( 'NONE', #1303, .T. ) ;
#1666 = CARTESIAN_POINT ( 'NONE',  ( 100.0000000000000000, -202.0000000000000000, 253.5999999999999943 ) ) ;
#1667 = ORIENTED_EDGE ( 'NONE', *, *, #2073, .T. ) ;
#1668 = DIRECTION ( 'NONE',  ( 1.000000000000000000, 0.000000000000000000, 0.000000000000000000 ) ) ;
#1669 = CARTESIAN_POINT ( 'NONE',  ( -83.50000000000000000, 146.5000000000000000, 333.6000000000000227 ) ) ;
#1670 = FACE_OUTER_BOUND ( 'NONE', #37, .T. ) ;
#1671 = AXIS2_PLACEMENT_3D ( 'NONE', #956, #2028, #378 ) ;
#1672 = ORIENTED_EDGE ( 'NONE', *, *, #165, .T. ) ;
#1673 = LINE ( 'NONE', #231, #2096 ) ;
#1674 = CIRCLE ( 'NONE', #1168, 16.50000000000001421 ) ;
#1675 = VERTEX_POINT ( 'NONE', #855 ) ;
#1676 = DIRECTION ( 'NONE',  ( -0.000000000000000000, 1.000000000000000000, 1.901066822988284662E-16 ) ) ;
#1677 = CIRCLE ( 'NONE', #713, 8.000000000000007105 ) ;
#1678 = EDGE_CURVE ( 'NONE', #1124, #1143, #481, .T. ) ;
#1679 = FACE_OUTER_BOUND ( 'NONE', #202, .T. ) ;
#1680 = VECTOR ( 'NONE', #2356, 1000.000000000000000 ) ;
#1681 = ORIENTED_EDGE ( 'NONE', *, *, #1097, .T. ) ;
#1682 = ORIENTED_EDGE ( 'NONE', *, *, #1337, .F. ) ;
#1683 = CARTESIAN_POINT ( 'NONE',  ( 60.50000000000000000, 388.0000000000000000, 318.6000000000000227 ) ) ;
#1684 = DIRECTION ( 'NONE',  ( 4.358865182459010242E-16, -1.000000000000000000, 7.957702914632619964E-16 ) ) ;
#1685 = EDGE_CURVE ( 'NONE', #839, #1840, #1827, .T. ) ;
#1686 = ORIENTED_EDGE ( 'NONE', *, *, #932, .F. ) ;
#1687 = DIRECTION ( 'NONE',  ( -1.000000000000000000, -4.358865182459010735E-16, 2.633730612553341652E-31 ) ) ;
#1688 = VERTEX_POINT ( 'NONE', #889 ) ;
#1689 = DIRECTION ( 'NONE',  ( 4.358865182459010735E-16, -1.000000000000000000, 7.943306035047480960E-16 ) ) ;
#1690 = CARTESIAN_POINT ( 'NONE',  ( -60.50000000000000000, 388.0000000000000000, 318.6000000000000227 ) ) ;
#1691 = EDGE_CURVE ( 'NONE', #1295, #1820, #351, .T. ) ;
#1692 = VERTEX_POINT ( 'NONE', #1448 ) ;
#1693 = EDGE_LOOP ( 'NONE', ( #1907, #199 ) ) ;
#1694 = DIRECTION ( 'NONE',  ( 0.000000000000000000, 0.000000000000000000, -1.000000000000000000 ) ) ;
#1695 =( LENGTH_UNIT ( ) NAMED_UNIT ( * ) SI_UNIT ( .MILLI., .METRE. ) );
#1696 = FACE_OUTER_BOUND ( 'NONE', #2090, .T. ) ;
#1697 = VECTOR ( 'NONE', #2142, 1000.000000000000000 ) ;
#1698 = VECTOR ( 'NONE', #868, 1000.000000000000000 ) ;
#1699 = VECTOR ( 'NONE', #2263, 1000.000000000000000 ) ;
#1700 = VERTEX_POINT ( 'NONE', #700 ) ;
#1701 = LINE ( 'NONE', #403, #656 ) ;
#1702 = FACE_OUTER_BOUND ( 'NONE', #911, .T. ) ;
#1703 = ORIENTED_EDGE ( 'NONE', *, *, #831, .F. ) ;
#1704 = CARTESIAN_POINT ( 'NONE',  ( 100.0000000000000000, 194.0000000000000568, 339.6000000000000227 ) ) ;
#1705 = EDGE_CURVE ( 'NONE', #1941, #2079, #1866, .T. ) ;
#1706 = CARTESIAN_POINT ( 'NONE',  ( 60.50000000000000000, 388.0000000000000000, 335.1000000000000796 ) ) ;
#1707 = EDGE_CURVE ( 'NONE', #1353, #254, #509, .T. ) ;
#1708 = EDGE_CURVE ( 'NONE', #1724, #1973, #1259, .T. ) ;
#1709 = LINE ( 'NONE', #980, #23 ) ;
#1710 = DIRECTION ( 'NONE',  ( -4.358865182459010242E-16, 1.000000000000000000, -7.957702914632619964E-16 ) ) ;
#1711 = ORIENTED_EDGE ( 'NONE', *, *, #1795, .T. ) ;
#1712 = DIRECTION ( 'NONE',  ( 1.000000000000000000, 4.211417726005544748E-16, 9.634166742615019383E-17 ) ) ;
#1713 = AXIS2_PLACEMENT_3D ( 'NONE', #725, #179, #569 ) ;
#1714 = CYLINDRICAL_SURFACE ( 'NONE', #616, 14.00000000000001243 ) ;
#1715 = ORIENTED_EDGE ( 'NONE', *, *, #1307, .T. ) ;
#1716 = ORIENTED_EDGE ( 'NONE', *, *, #472, .F. ) ;
#1717 = VECTOR ( 'NONE', #1147, 1000.000000000000000 ) ;
#1718 = DIRECTION ( 'NONE',  ( -9.634166742615019383E-17, -3.609500307299389097E-32, 1.000000000000000000 ) ) ;
#1719 = CARTESIAN_POINT ( 'NONE',  ( 100.0000000000000000, -202.0000000000000000, 339.6000000000000227 ) ) ;
#1720 = CARTESIAN_POINT ( 'NONE',  ( -100.0000000000000000, 374.0000000000000000, 267.6000000000000227 ) ) ;
#1721 = EDGE_CURVE ( 'NONE', #612, #362, #2174, .T. ) ;
#1722 = LINE ( 'NONE', #66, #1895 ) ;
#1723 = DIRECTION ( 'NONE',  ( 1.000000000000000000, 4.211417726005545241E-16, 3.344552898128607712E-16 ) ) ;
#1724 = VERTEX_POINT ( 'NONE', #1621 ) ;
#1725 = FACE_OUTER_BOUND ( 'NONE', #1127, .T. ) ;
#1726 = DIRECTION ( 'NONE',  ( 3.746562005547825557E-16, -1.000000000000000000, 0.000000000000000000 ) ) ;
#1727 = ORIENTED_EDGE ( 'NONE', *, *, #1979, .F. ) ;
#1728 = ADVANCED_FACE ( 'NONE', ( #664 ), #2170, .T. ) ;
#1729 = CARTESIAN_POINT ( 'NONE',  ( 60.50000000000000000, 388.0000000000000000, 335.1000000000000796 ) ) ;
#1730 = DIRECTION ( 'NONE',  ( -0.000000000000000000, -0.000000000000000000, 1.000000000000000000 ) ) ;
#1731 = ORIENTED_EDGE ( 'NONE', *, *, #846, .F. ) ;
#1732 = PERSON_AND_ORGANIZATION_ROLE ( 'design_supplier' ) ;
#1733 = CARTESIAN_POINT ( 'NONE',  ( 83.49999999999998579, 188.0000000000000284, 295.5999999999999659 ) ) ;
#1734 = LINE ( 'NONE', #1883, #821 ) ;
#1735 = EDGE_CURVE ( 'NONE', #156, #1177, #336, .T. ) ;
#1736 = AXIS2_PLACEMENT_3D ( 'NONE', #1349, #1591, #960 ) ;
#1737 = ORIENTED_EDGE ( 'NONE', *, *, #120, .F. ) ;
#1738 = FACE_OUTER_BOUND ( 'NONE', #1805, .T. ) ;
#1739 = CLOSED_SHELL ( 'NONE', ( #1554, #275, #1004, #1263, #1453, #1198, #1581, #47, #2034, #813, #330, #272, #2221, #1634, #169, #1301, #1352, #2146, #1427, #395, #843, #1807, #83, #140, #1022, #1580, #1354, #95, #903, #541, #581, #622, #1439, #2351, #219, #771 ) ) ;
#1740 =( GEOMETRIC_REPRESENTATION_CONTEXT ( 3 ) GLOBAL_UNCERTAINTY_ASSIGNED_CONTEXT ( ( #281 ) ) GLOBAL_UNIT_ASSIGNED_CONTEXT ( ( #1695, #230, #2252 ) ) REPRESENTATION_CONTEXT ( 'NONE', 'WORKASPACE' ) );
#1741 = ORIENTED_EDGE ( 'NONE', *, *, #2114, .F. ) ;
#1742 = ORIENTED_EDGE ( 'NONE', *, *, #1761, .T. ) ;
#1743 = CARTESIAN_POINT ( 'NONE',  ( 60.50000000000000000, -150.0000000000000000, 318.6000000000000227 ) ) ;
#1744 = ORIENTED_EDGE ( 'NONE', *, *, #715, .F. ) ;
#1745 = PRODUCT ( 'M-20iA35M Fork Pockets-M-20iA35M_D\X2\00e9\X0\faut_sldprt', 'M-20iA35M Fork Pockets-M-20iA35M_D\X2\00e9\X0\faut_sldprt', '', ( #1572 ) ) ;
#1746 = DIRECTION ( 'NONE',  ( 0.000000000000000000, -1.000000000000000000, -1.901066822988284662E-16 ) ) ;
#1747 = ORIENTED_EDGE ( 'NONE', *, *, #963, .T. ) ;
#1748 = DIRECTION ( 'NONE',  ( -1.000000000000000000, -3.471394997093080139E-32, 1.826024711554534899E-16 ) ) ;
#1749 = ORIENTED_EDGE ( 'NONE', *, *, #521, .F. ) ;
#1750 = ADVANCED_FACE ( 'NONE', ( #2338 ), #1071, .F. ) ;
#1751 = DIRECTION ( 'NONE',  ( 0.000000000000000000, -1.000000000000000000, -1.901066822988284662E-16 ) ) ;
#1752 = AXIS2_PLACEMENT_3D ( 'NONE', #363, #2352, #338 ) ;
#1753 = AXIS2_PLACEMENT_3D ( 'NONE', #2086, #1007, #1754 ) ;
#1754 = DIRECTION ( 'NONE',  ( 0.000000000000000000, 0.000000000000000000, 1.000000000000000000 ) ) ;
#1755 = EDGE_LOOP ( 'NONE', ( #261, #1812, #881, #906 ) ) ;
#1756 = DIRECTION ( 'NONE',  ( 0.000000000000000000, 0.000000000000000000, 1.000000000000000000 ) ) ;
#1757 = AXIS2_PLACEMENT_3D ( 'NONE', #2181, #534, #2323 ) ;
#1758 = DATE_AND_TIME ( #1025, #270 ) ;
#1759 = CARTESIAN_POINT ( 'NONE',  ( -60.50000000000000000, 146.5000000000000000, 327.3500000000000227 ) ) ;
#1760 = DIRECTION ( 'NONE',  ( 0.000000000000000000, 0.000000000000000000, -1.000000000000000000 ) ) ;
#1761 = EDGE_CURVE ( 'NONE', #156, #2084, #1999, .T. ) ;
#1762 = CARTESIAN_POINT ( 'NONE',  ( -45.50000000000001421, -188.0000000000000000, 267.6000000000000227 ) ) ;
#1763 = ORIENTED_EDGE ( 'NONE', *, *, #976, .F. ) ;
#1764 = DIRECTION ( 'NONE',  ( -1.000000000000000000, 0.000000000000000000, -0.000000000000000000 ) ) ;
#1765 = ORIENTED_EDGE ( 'NONE', *, *, #976, .T. ) ;
#1766 = DIRECTION ( 'NONE',  ( 0.000000000000000000, 0.000000000000000000, 1.000000000000000000 ) ) ;
#1767 = EDGE_CURVE ( 'NONE', #1840, #1633, #677, .T. ) ;
#1768 = PLANE ( 'NONE',  #784 ) ;
#1769 = ORIENTED_EDGE ( 'NONE', *, *, #1249, .F. ) ;
#1770 = CARTESIAN_POINT ( 'NONE',  ( -99.99999999999994316, 188.0000000000000000, 267.6000000000000227 ) ) ;
#1771 = CARTESIAN_POINT ( 'NONE',  ( 100.0000000000000000, 374.0000000000001137, 339.6000000000000227 ) ) ;
#1772 = DIRECTION ( 'NONE',  ( 1.000000000000000000, -0.000000000000000000, -0.000000000000000000 ) ) ;
#1773 = EDGE_LOOP ( 'NONE', ( #1868, #1374, #57, #355 ) ) ;
#1774 = LINE ( 'NONE', #684, #193 ) ;
#1775 = VERTEX_POINT ( 'NONE', #1403 ) ;
#1776 = CARTESIAN_POINT ( 'NONE',  ( -100.0000000000000000, 374.0000000000000000, 347.5999999999999659 ) ) ;
#1777 = DIRECTION ( 'NONE',  ( 0.000000000000000000, 0.000000000000000000, 1.000000000000000000 ) ) ;
#1778 = VECTOR ( 'NONE', #1415, 1000.000000000000000 ) ;
#1779 = VERTEX_POINT ( 'NONE', #1964 ) ;
#1780 = LINE ( 'NONE', #1613, #361 ) ;
#1781 = EDGE_CURVE ( 'NONE', #565, #2262, #1677, .T. ) ;
#1782 = CARTESIAN_POINT ( 'NONE',  ( 100.0000000000000000, -382.0000000000000000, 339.6000000000000227 ) ) ;
#1783 = CARTESIAN_POINT ( 'NONE',  ( -60.50000000000000000, -146.5000000000000000, 327.3500000000000227 ) ) ;
#1784 = EDGE_LOOP ( 'NONE', ( #1435, #2131, #674, #1072 ) ) ;
#1785 = DIRECTION ( 'NONE',  ( -0.000000000000000000, 0.000000000000000000, 1.000000000000000000 ) ) ;
#1786 = ORIENTED_EDGE ( 'NONE', *, *, #1837, .F. ) ;
#1787 = DIRECTION ( 'NONE',  ( 1.000000000000000000, -6.123031769111888756E-17, 0.000000000000000000 ) ) ;
#1788 = CARTESIAN_POINT ( 'NONE',  ( 100.0000000000000000, 202.0000000000000853, 339.6000000000000227 ) ) ;
#1789 = ORIENTED_EDGE ( 'NONE', *, *, #1474, .F. ) ;
#1790 = DIRECTION ( 'NONE',  ( 0.000000000000000000, 1.000000000000000000, 1.927470528863119788E-16 ) ) ;
#1791 = VECTOR ( 'NONE', #1954, 1000.000000000000000 ) ;
#1792 = VECTOR ( 'NONE', #164, 1000.000000000000000 ) ;
#1793 = DIRECTION ( 'NONE',  ( 0.000000000000000000, -1.613696256722609680E-16, 1.000000000000000000 ) ) ;
#1794 = CARTESIAN_POINT ( 'NONE',  ( 100.0000000000000000, -382.0000000000000000, 267.6000000000000227 ) ) ;
#1795 = EDGE_CURVE ( 'NONE', #1973, #1188, #1416, .T. ) ;
#1796 = EDGE_LOOP ( 'NONE', ( #1531, #751, #1299, #1985 ) ) ;
#1797 = DIRECTION ( 'NONE',  ( 0.000000000000000000, 0.000000000000000000, 1.000000000000000000 ) ) ;
#1798 = ORIENTED_EDGE ( 'NONE', *, *, #2231, .F. ) ;
#1799 = PLANE ( 'NONE',  #500 ) ;
#1800 = CARTESIAN_POINT ( 'NONE',  ( -100.0000000000000000, -374.0000000000000000, 267.6000000000000227 ) ) ;
#1801 = VERTEX_POINT ( 'NONE', #869 ) ;
#1802 = CARTESIAN_POINT ( 'NONE',  ( 83.50000000000000000, -146.5000000000000000, 333.6000000000000227 ) ) ;
#1803 = EDGE_CURVE ( 'NONE', #1520, #1618, #901, .T. ) ;
#1804 = DIRECTION ( 'NONE',  ( 0.000000000000000000, 0.000000000000000000, 1.000000000000000000 ) ) ;
#1805 = EDGE_LOOP ( 'NONE', ( #1182, #1716, #982, #2312 ) ) ;
#1806 = DIRECTION ( 'NONE',  ( -0.000000000000000000, -1.000000000000000000, -1.901066822988284662E-16 ) ) ;
#1807 = ADVANCED_FACE ( 'NONE', ( #925, #2021, #951 ), #371, .T. ) ;
#1808 = ORIENTED_EDGE ( 'NONE', *, *, #943, .F. ) ;
#1809 = DIRECTION ( 'NONE',  ( 0.000000000000000000, -1.901066822988284662E-16, 1.000000000000000000 ) ) ;
#1810 = EDGE_CURVE ( 'NONE', #173, #1724, #1508, .T. ) ;
#1811 = DIRECTION ( 'NONE',  ( -4.358865182459010242E-16, 1.000000000000000000, -7.957702914632619964E-16 ) ) ;
#1812 = ORIENTED_EDGE ( 'NONE', *, *, #861, .F. ) ;
#1813 = AXIS2_PLACEMENT_3D ( 'NONE', #1636, #1658, #365 ) ;
#1814 = DIRECTION ( 'NONE',  ( 1.000000000000000000, -6.123031769111888756E-17, 0.000000000000000000 ) ) ;
#1815 = VECTOR ( 'NONE', #298, 1000.000000000000000 ) ;
#1816 = LINE ( 'NONE', #2206, #577 ) ;
#1817 = DIRECTION ( 'NONE',  ( 0.000000000000000000, -1.000000000000000000, -1.901066822988284662E-16 ) ) ;
#1818 = ORIENTED_EDGE ( 'NONE', *, *, #464, .T. ) ;
#1819 = LINE ( 'NONE', #2369, #2287 ) ;
#1820 = VERTEX_POINT ( 'NONE', #2372 ) ;
#1821 = PLANE ( 'NONE',  #1040 ) ;
#1822 = DIRECTION ( 'NONE',  ( 0.000000000000000000, -0.000000000000000000, -1.000000000000000000 ) ) ;
#1823 = ADVANCED_FACE ( 'NONE', ( #1679, #177, #1471 ), #2225, .F. ) ;
#1824 = ORIENTED_EDGE ( 'NONE', *, *, #263, .F. ) ;
#1825 = AXIS2_PLACEMENT_3D ( 'NONE', #2291, #511, #1248 ) ;
#1826 = FACE_OUTER_BOUND ( 'NONE', #714, .T. ) ;
#1827 = CIRCLE ( 'NONE', #1172, 14.00000000000001243 ) ;
#1828 = CARTESIAN_POINT ( 'NONE',  ( -60.50000000000000000, -146.5000000000000000, 318.6000000000000227 ) ) ;
#1829 = ORIENTED_EDGE ( 'NONE', *, *, #1874, .F. ) ;
#1830 = CARTESIAN_POINT ( 'NONE',  ( -60.50000000000000000, -382.0000000000000000, 318.6000000000000227 ) ) ;
#1831 = AXIS2_PLACEMENT_3D ( 'NONE', #159, #172, #354 ) ;
#1832 = EDGE_CURVE ( 'NONE', #724, #451, #2094, .T. ) ;
#1833 = ORIENTED_EDGE ( 'NONE', *, *, #1376, .F. ) ;
#1834 = CARTESIAN_POINT ( 'NONE',  ( -100.0000000000000000, 202.0000000000000000, 267.6000000000000227 ) ) ;
#1835 = LINE ( 'NONE', #755, #114 ) ;
#1836 = VERTEX_POINT ( 'NONE', #3 ) ;
#1837 = EDGE_CURVE ( 'NONE', #1934, #85, #20, .T. ) ;
#1838 = LINE ( 'NONE', #561, #267 ) ;
#1839 = DIRECTION ( 'NONE',  ( 0.000000000000000000, 0.000000000000000000, 1.000000000000000000 ) ) ;
#1840 = VERTEX_POINT ( 'NONE', #393 ) ;
#1841 = CARTESIAN_POINT ( 'NONE',  ( 60.50000000000000000, -194.0000000000000000, 318.6000000000000227 ) ) ;
#1842 = ORIENTED_EDGE ( 'NONE', *, *, #2328, .F. ) ;
#1843 = CARTESIAN_POINT ( 'NONE',  ( -100.0000000000000000, 374.0000000000000000, 267.6000000000000227 ) ) ;
#1844 = DIRECTION ( 'NONE',  ( 0.000000000000000000, 1.000000000000000000, 0.000000000000000000 ) ) ;
#1845 = ORIENTED_EDGE ( 'NONE', *, *, #2129, .F. ) ;
#1846 = VECTOR ( 'NONE', #651, 1000.000000000000000 ) ;
#1847 = LINE ( 'NONE', #1524, #43 ) ;
#1848 = VECTOR ( 'NONE', #491, 1000.000000000000000 ) ;
#1849 = ADVANCED_FACE ( 'NONE', ( #2202 ), #2057, .F. ) ;
#1850 = ORIENTED_EDGE ( 'NONE', *, *, #1173, .F. ) ;
#1851 = FACE_BOUND ( 'NONE', #1864, .T. ) ;
#1852 = ORIENTED_EDGE ( 'NONE', *, *, #1735, .F. ) ;
#1853 = CARTESIAN_POINT ( 'NONE',  ( -100.0000000000000000, 374.0000000000000000, 339.6000000000000227 ) ) ;
#1854 = DIRECTION ( 'NONE',  ( -1.518528186574072320E-16, -6.395156522377105243E-32, 1.000000000000000000 ) ) ;
#1855 = ORIENTED_EDGE ( 'NONE', *, *, #527, .T. ) ;
#1856 = PLANE ( 'NONE',  #2013 ) ;
#1857 = DIRECTION ( 'NONE',  ( 0.000000000000000000, 0.000000000000000000, -1.000000000000000000 ) ) ;
#1858 = FACE_OUTER_BOUND ( 'NONE', #2124, .T. ) ;
#1859 = VECTOR ( 'NONE', #2334, 1000.000000000000000 ) ;
#1860 = ORIENTED_EDGE ( 'NONE', *, *, #288, .T. ) ;
#1861 = FACE_OUTER_BOUND ( 'NONE', #2168, .T. ) ;
#1862 = ADVANCED_FACE ( 'NONE', ( #27 ), #1867, .F. ) ;
#1863 = CIRCLE ( 'NONE', #1055, 8.749999999999980460 ) ;
#1864 = EDGE_LOOP ( 'NONE', ( #2325, #1715 ) ) ;
#1865 = CARTESIAN_POINT ( 'NONE',  ( -60.50000000000000000, 388.0000000000000000, 302.1000000000000227 ) ) ;
#1866 = CIRCLE ( 'NONE', #1291, 16.50000000000001421 ) ;
#1867 = CYLINDRICAL_SURFACE ( 'NONE', #502, 16.50000000000001421 ) ;
#1868 = ORIENTED_EDGE ( 'NONE', *, *, #68, .F. ) ;
#1869 = CARTESIAN_POINT ( 'NONE',  ( -83.50000000000001421, 188.0000000000000000, 333.6000000000000227 ) ) ;
#1870 = DIRECTION ( 'NONE',  ( 0.000000000000000000, 0.000000000000000000, 1.000000000000000000 ) ) ;
#1871 = DIRECTION ( 'NONE',  ( -1.000000000000000000, 0.000000000000000000, 0.000000000000000000 ) ) ;
#1872 = ORIENTED_EDGE ( 'NONE', *, *, #773, .T. ) ;
#1873 = FACE_BOUND ( 'NONE', #1693, .T. ) ;
#1874 = EDGE_CURVE ( 'NONE', #588, #1820, #745, .T. ) ;
#1875 = DIRECTION ( 'NONE',  ( 0.000000000000000000, 1.000000000000000000, 0.000000000000000000 ) ) ;
#1876 = ORIENTED_EDGE ( 'NONE', *, *, #1413, .F. ) ;
#1877 = EDGE_CURVE ( 'NONE', #1544, #2339, #1536, .T. ) ;
#1878 = ORIENTED_EDGE ( 'NONE', *, *, #2241, .F. ) ;
#1879 = CARTESIAN_POINT ( 'NONE',  ( -100.0000000000000000, 202.0000000000000000, 339.6000000000000227 ) ) ;
#1880 = LINE ( 'NONE', #227, #973 ) ;
#1881 = CARTESIAN_POINT ( 'NONE',  ( 100.0000000000000000, 202.0000000000000568, 253.6000000000001080 ) ) ;
#1882 = AXIS2_PLACEMENT_3D ( 'NONE', #2184, #726, #536 ) ;
#1883 = CARTESIAN_POINT ( 'NONE',  ( -100.0000000000000000, 374.0000000000000000, 259.6000000000000796 ) ) ;
#1884 = AXIS2_PLACEMENT_3D ( 'NONE', #944, #218, #760 ) ;
#1885 = ORIENTED_EDGE ( 'NONE', *, *, #152, .F. ) ;
#1886 = FACE_OUTER_BOUND ( 'NONE', #81, .T. ) ;
#1887 = CARTESIAN_POINT ( 'NONE',  ( -100.0000000000000000, -374.0000000000000000, 253.5999999999999943 ) ) ;
#1888 = ORIENTED_EDGE ( 'NONE', *, *, #2330, .F. ) ;
#1889 = EDGE_CURVE ( 'NONE', #96, #558, #1104, .T. ) ;
#1890 = DIRECTION ( 'NONE',  ( -4.358865182459010242E-16, 1.000000000000000000, -7.957702914632619964E-16 ) ) ;
#1891 = CYLINDRICAL_SURFACE ( 'NONE', #2051, 8.000000000000007105 ) ;
#1892 = DIRECTION ( 'NONE',  ( -4.358865182459010242E-16, 1.000000000000000000, -7.931299208757790261E-16 ) ) ;
#1893 = DIRECTION ( 'NONE',  ( 4.358865182459010242E-16, -1.000000000000000000, 7.957702914632619964E-16 ) ) ;
#1894 = PLANE ( 'NONE',  #897 ) ;
#1895 = VECTOR ( 'NONE', #797, 1000.000000000000000 ) ;
#1896 = ORIENTED_EDGE ( 'NONE', *, *, #26, .F. ) ;
#1897 = DIRECTION ( 'NONE',  ( -0.000000000000000000, 0.000000000000000000, 1.000000000000000000 ) ) ;
#1898 = EDGE_CURVE ( 'NONE', #1688, #1618, #1130, .T. ) ;
#1899 = VECTOR ( 'NONE', #1906, 1000.000000000000000 ) ;
#1900 = DIRECTION ( 'NONE',  ( -1.000000000000000000, 0.000000000000000000, 0.000000000000000000 ) ) ;
#1901 = EDGE_LOOP ( 'NONE', ( #414, #1638, #1622, #490 ) ) ;
#1902 = AXIS2_PLACEMENT_3D ( 'NONE', #1043, #1575, #2304 ) ;
#1903 = ORIENTED_EDGE ( 'NONE', *, *, #2066, .T. ) ;
#1904 = AXIS2_PLACEMENT_3D ( 'NONE', #574, #2243, #1311 ) ;
#1905 = LINE ( 'NONE', #2228, #1327 ) ;
#1906 = DIRECTION ( 'NONE',  ( 0.000000000000000000, 6.042239212059200982E-16, 1.000000000000000000 ) ) ;
#1907 = ORIENTED_EDGE ( 'NONE', *, *, #701, .T. ) ;
#1908 = EDGE_CURVE ( 'NONE', #115, #1934, #1835, .T. ) ;
#1909 = APPROVAL_ROLE ( '' ) ;
#1910 = CARTESIAN_POINT ( 'NONE',  ( -100.0000000000000000, 202.0000000000000000, 259.6000000000001364 ) ) ;
#1911 = CARTESIAN_POINT ( 'NONE',  ( 100.0000000000000000, 374.0000000000000000, 259.6000000000000796 ) ) ;
#1912 = ORIENTED_EDGE ( 'NONE', *, *, #1979, .T. ) ;
#1913 = PLANE ( 'NONE',  #2119 ) ;
#1914 = ORIENTED_EDGE ( 'NONE', *, *, #1810, .T. ) ;
#1915 = VERTEX_POINT ( 'NONE', #1494 ) ;
#1916 = DIRECTION ( 'NONE',  ( 0.000000000000000000, 0.000000000000000000, 1.000000000000000000 ) ) ;
#1917 = ORIENTED_EDGE ( 'NONE', *, *, #1678, .T. ) ;
#1918 = APPROVAL_ROLE ( '' ) ;
#1919 = LINE ( 'NONE', #1372, #16 ) ;
#1920 = EDGE_CURVE ( 'NONE', #362, #968, #1292, .T. ) ;
#1921 = VECTOR ( 'NONE', #1726, 1000.000000000000000 ) ;
#1922 = ORIENTED_EDGE ( 'NONE', *, *, #1048, .F. ) ;
#1923 = CARTESIAN_POINT ( 'NONE',  ( 100.0000000000000000, -374.0000000000000000, 267.6000000000000227 ) ) ;
#1924 = AXIS2_PLACEMENT_3D ( 'NONE', #2257, #1959, #1764 ) ;
#1925 = ORIENTED_EDGE ( 'NONE', *, *, #360, .F. ) ;
#1926 = LINE ( 'NONE', #1610, #692 ) ;
#1927 = DIRECTION ( 'NONE',  ( -1.000000000000000000, -1.928527557961370469E-31, -2.431540542351344947E-16 ) ) ;
#1928 = EDGE_LOOP ( 'NONE', ( #718, #1505, #1662, #402 ) ) ;
#1929 = EDGE_CURVE ( 'NONE', #547, #531, #1542, .T. ) ;
#1930 = DATE_AND_TIME ( #2140, #194 ) ;
#1931 = DIRECTION ( 'NONE',  ( 0.000000000000000000, -1.000000000000000000, -1.901066822988284662E-16 ) ) ;
#1932 = DIRECTION ( 'NONE',  ( -3.746562005547825557E-16, 1.000000000000000000, -0.000000000000000000 ) ) ;
#1933 = FACE_OUTER_BOUND ( 'NONE', #814, .T. ) ;
#1934 = VERTEX_POINT ( 'NONE', #1485 ) ;
#1935 = LINE ( 'NONE', #1947, #1543 ) ;
#1936 = EDGE_LOOP ( 'NONE', ( #2363, #1446, #972, #702 ) ) ;
#1937 = PLANE ( 'NONE',  #2264 ) ;
#1938 = CIRCLE ( 'NONE', #1825, 8.749999999999980460 ) ;
#1939 = AXIS2_PLACEMENT_3D ( 'NONE', #1743, #1023, #1569 ) ;
#1940 = DIRECTION ( 'NONE',  ( 0.000000000000000000, 0.000000000000000000, 1.000000000000000000 ) ) ;
#1941 = VERTEX_POINT ( 'NONE', #2031 ) ;
#1942 = AXIS2_PLACEMENT_3D ( 'NONE', #1879, #2070, #1631 ) ;
#1943 = CARTESIAN_POINT ( 'NONE',  ( -100.0000000000000000, 374.0000000000000000, 259.6000000000000796 ) ) ;
#1944 = DIRECTION ( 'NONE',  ( 0.000000000000000000, 0.000000000000000000, 1.000000000000000000 ) ) ;
#1945 = CARTESIAN_POINT ( 'NONE',  ( 45.50000000000000000, 146.5000000000000000, 333.6000000000000227 ) ) ;
#1946 = ORIENTED_EDGE ( 'NONE', *, *, #2100, .T. ) ;
#1947 = CARTESIAN_POINT ( 'NONE',  ( 45.50000000000000000, -188.0000000000000000, 267.6000000000000227 ) ) ;
#1948 = EDGE_CURVE ( 'NONE', #254, #2203, #187, .T. ) ;
#1949 = ORIENTED_EDGE ( 'NONE', *, *, #512, .F. ) ;
#1950 = CARTESIAN_POINT ( 'NONE',  ( 83.50000000000000000, 146.5000000000000000, 295.5999999999999659 ) ) ;
#1951 = CARTESIAN_POINT ( 'NONE',  ( 100.0000000000000000, -202.0000000000000000, 267.6000000000000227 ) ) ;
#1952 = EDGE_CURVE ( 'NONE', #1186, #839, #668, .T. ) ;
#1953 = ORIENTED_EDGE ( 'NONE', *, *, #189, .T. ) ;
#1954 = DIRECTION ( 'NONE',  ( -0.000000000000000000, 0.000000000000000000, 1.000000000000000000 ) ) ;
#1955 = APPROVAL_STATUS ( 'not_yet_approved' ) ;
#1956 = DIRECTION ( 'NONE',  ( -1.000000000000000000, -3.746562005547825557E-16, -9.634166742615019383E-17 ) ) ;
#1957 = DIRECTION ( 'NONE',  ( 0.000000000000000000, 0.000000000000000000, 1.000000000000000000 ) ) ;
#1958 = ORIENTED_EDGE ( 'NONE', *, *, #953, .T. ) ;
#1959 = DIRECTION ( 'NONE',  ( 0.000000000000000000, 0.000000000000000000, -1.000000000000000000 ) ) ;
#1960 = EDGE_LOOP ( 'NONE', ( #1455, #1888, #216, #827 ) ) ;
#1961 = VECTOR ( 'NONE', #778, 1000.000000000000000 ) ;
#1962 = PLANE ( 'NONE',  #2308 ) ;
#1963 = VECTOR ( 'NONE', #1224, 1000.000000000000000 ) ;
#1964 = CARTESIAN_POINT ( 'NONE',  ( -100.0000000000000000, 382.0000000000000000, 339.6000000000000227 ) ) ;
#1965 = VECTOR ( 'NONE', #2156, 1000.000000000000000 ) ;
#1966 = ORIENTED_EDGE ( 'NONE', *, *, #1889, .F. ) ;
#1967 = DIRECTION ( 'NONE',  ( 9.634166742615019383E-17, 3.609500307299389097E-32, -1.000000000000000000 ) ) ;
#1968 = EDGE_CURVE ( 'NONE', #1520, #1315, #48, .T. ) ;
#1969 = CARTESIAN_POINT ( 'NONE',  ( 100.0000000000000000, -202.0000000000000000, 267.6000000000000227 ) ) ;
#1970 = CARTESIAN_POINT ( 'NONE',  ( 100.0000000000000711, 188.0000000000000000, 267.6000000000000227 ) ) ;
#1971 = ORIENTED_EDGE ( 'NONE', *, *, #344, .T. ) ;
#1972 = LINE ( 'NONE', #2144, #1965 ) ;
#1973 = VERTEX_POINT ( 'NONE', #1945 ) ;
#1974 = DIRECTION ( 'NONE',  ( 1.000000000000000000, 1.735697498546538428E-32, -9.130123557772669567E-17 ) ) ;
#1975 = EDGE_CURVE ( 'NONE', #1915, #384, #882, .T. ) ;
#1976 = DIRECTION ( 'NONE',  ( 0.000000000000000000, 1.000000000000000000, -6.042239212059200982E-16 ) ) ;
#1977 = AXIS2_PLACEMENT_3D ( 'NONE', #1434, #515, #1079 ) ;
#1978 = ORIENTED_EDGE ( 'NONE', *, *, #123, .F. ) ;
#1979 = EDGE_CURVE ( 'NONE', #299, #994, #1211, .T. ) ;
#1980 = VECTOR ( 'NONE', #2063, 1000.000000000000000 ) ;
#1981 = EDGE_CURVE ( 'NONE', #968, #1171, #2248, .T. ) ;
#1982 = VECTOR ( 'NONE', #1822, 1000.000000000000000 ) ;
#1983 = CARTESIAN_POINT ( 'NONE',  ( -45.50000000000000000, 146.5000000000000284, 333.6000000000000227 ) ) ;
#1984 = AXIS2_PLACEMENT_3D ( 'NONE', #2167, #174, #1797 ) ;
#1985 = ORIENTED_EDGE ( 'NONE', *, *, #26, .T. ) ;
#1986 = DIRECTION ( 'NONE',  ( 1.000000000000000000, -0.000000000000000000, -0.000000000000000000 ) ) ;
#1987 = ORIENTED_EDGE ( 'NONE', *, *, #953, .F. ) ;
#1988 = CARTESIAN_POINT ( 'NONE',  ( 83.50000000000001421, -146.5000000000000000, 295.5999999999999659 ) ) ;
#1989 = CARTESIAN_POINT ( 'NONE',  ( 83.50000000000000000, 146.5000000000000000, 333.6000000000000227 ) ) ;
#1990 = EDGE_LOOP ( 'NONE', ( #1850, #853, #297, #2064 ) ) ;
#1991 = DIRECTION ( 'NONE',  ( 0.000000000000000000, 1.000000000000000000, 0.000000000000000000 ) ) ;
#1992 = FACE_OUTER_BOUND ( 'NONE', #2192, .T. ) ;
#1993 = DIRECTION ( 'NONE',  ( 0.000000000000000000, -1.901066822988284662E-16, 1.000000000000000000 ) ) ;
#1994 = EDGE_LOOP ( 'NONE', ( #1978, #1749, #2000, #995 ) ) ;
#1995 = CARTESIAN_POINT ( 'NONE',  ( -45.50000000000000000, -146.5000000000000000, 333.6000000000000227 ) ) ;
#1996 = EDGE_CURVE ( 'NONE', #115, #389, #498, .T. ) ;
#1997 = VERTEX_POINT ( 'NONE', #1165 ) ;
#1998 = CARTESIAN_POINT ( 'NONE',  ( 100.0000000000000000, -188.0000000000000000, 333.6000000000000227 ) ) ;
#1999 = LINE ( 'NONE', #1082, #1982 ) ;
#2000 = ORIENTED_EDGE ( 'NONE', *, *, #2003, .F. ) ;
#2001 = AXIS2_PLACEMENT_3D ( 'NONE', #475, #2067, #489 ) ;
#2002 = CIRCLE ( 'NONE', #1153, 14.00000000000001243 ) ;
#2003 = EDGE_CURVE ( 'NONE', #565, #1549, #611, .T. ) ;
#2004 = LINE ( 'NONE', #716, #1236 ) ;
#2005 = PLANE ( 'NONE',  #1015 ) ;
#2006 = ORIENTED_EDGE ( 'NONE', *, *, #495, .F. ) ;
#2007 = CARTESIAN_POINT ( 'NONE',  ( -100.0000000000000000, 202.0000000000000000, 253.6000000000001080 ) ) ;
#2008 = ORIENTED_EDGE ( 'NONE', *, *, #1837, .T. ) ;
#2009 = DIRECTION ( 'NONE',  ( -4.358865182459010242E-16, 1.000000000000000000, -7.931299208757789275E-16 ) ) ;
#2010 = ADVANCED_FACE ( 'NONE', ( #1420 ), #984, .F. ) ;
#2011 = CARTESIAN_POINT ( 'NONE',  ( 100.0000000000000000, 374.0000000000001137, 267.6000000000000227 ) ) ;
#2012 = ORIENTED_EDGE ( 'NONE', *, *, #480, .T. ) ;
#2013 = AXIS2_PLACEMENT_3D ( 'NONE', #204, #580, #1694 ) ;
#2014 = PLANE ( 'NONE',  #2266 ) ;
#2015 = VECTOR ( 'NONE', #143, 1000.000000000000000 ) ;
#2016 = CARTESIAN_POINT ( 'NONE',  ( -60.50000000000002132, 194.0000000000000000, 318.6000000000000227 ) ) ;
#2017 = ORIENTED_EDGE ( 'NONE', *, *, #39, .F. ) ;
#2018 = CARTESIAN_POINT ( 'NONE',  ( -100.0000000000000000, -374.0000000000000000, 259.6000000000000796 ) ) ;
#2019 = ORIENTED_EDGE ( 'NONE', *, *, #1707, .T. ) ;
#2020 = DIRECTION ( 'NONE',  ( 1.000000000000000000, -0.000000000000000000, -0.000000000000000000 ) ) ;
#2021 = FACE_BOUND ( 'NONE', #1510, .T. ) ;
#2022 = ORIENTED_EDGE ( 'NONE', *, *, #2109, .F. ) ;
#2023 = FACE_BOUND ( 'NONE', #2149, .T. ) ;
#2024 = EDGE_CURVE ( 'NONE', #2189, #2306, #1312, .T. ) ;
#2025 = CARTESIAN_POINT ( 'NONE',  ( -60.50000000000000000, -194.0000000000000000, 318.6000000000000227 ) ) ;
#2026 = DIRECTION ( 'NONE',  ( 0.000000000000000000, 1.000000000000000000, 1.927470528863119788E-16 ) ) ;
#2027 = ORIENTED_EDGE ( 'NONE', *, *, #2201, .F. ) ;
#2028 = DIRECTION ( 'NONE',  ( -0.000000000000000000, -1.000000000000000000, -1.927470528863119788E-16 ) ) ;
#2029 = EDGE_LOOP ( 'NONE', ( #922, #322, #551, #167, #1552, #1050, #2179, #863 ) ) ;
#2030 = DIRECTION ( 'NONE',  ( -6.942789994186160279E-32, -1.000000000000000000, -2.535541219303499042E-47 ) ) ;
#2031 = CARTESIAN_POINT ( 'NONE',  ( 60.50000000000000000, 382.0000000000000000, 335.1000000000000796 ) ) ;
#2032 = ORIENTED_EDGE ( 'NONE', *, *, #1097, .F. ) ;
#2033 = VECTOR ( 'NONE', #1541, 1000.000000000000000 ) ;
#2034 = ADVANCED_FACE ( 'NONE', ( #1702 ), #1714, .T. ) ;
#2035 = CIRCLE ( 'NONE', #733, 8.000000000000007105 ) ;
#2036 = SECURITY_CLASSIFICATION ( '', '', #820 ) ;
#2037 = CARTESIAN_POINT ( 'NONE',  ( -60.50000000000000000, -150.0000000000000000, 318.6000000000000227 ) ) ;
#2038 = DIRECTION ( 'NONE',  ( -1.000000000000000000, 0.000000000000000000, 0.000000000000000000 ) ) ;
#2039 = EDGE_LOOP ( 'NONE', ( #1824, #84, #1686, #2226 ) ) ;
#2040 = DIRECTION ( 'NONE',  ( 1.000000000000000000, 4.358865182459010735E-16, -2.633730612553341652E-31 ) ) ;
#2041 = EDGE_LOOP ( 'NONE', ( #1481, #851, #1903, #1556 ) ) ;
#2042 = LINE ( 'NONE', #958, #805 ) ;
#2043 = DIRECTION ( 'NONE',  ( 0.000000000000000000, -0.000000000000000000, 1.000000000000000000 ) ) ;
#2044 = ORIENTED_EDGE ( 'NONE', *, *, #1068, .F. ) ;
#2045 = EDGE_LOOP ( 'NONE', ( #1478, #246, #1516, #286 ) ) ;
#2046 = DIRECTION ( 'NONE',  ( 0.000000000000000000, 0.000000000000000000, -1.000000000000000000 ) ) ;
#2047 = DIRECTION ( 'NONE',  ( -1.000000000000000000, -4.358865182459010735E-16, 3.473889030401073045E-31 ) ) ;
#2048 = EDGE_CURVE ( 'NONE', #1775, #1724, #1603, .T. ) ;
#2049 = VECTOR ( 'NONE', #252, 1000.000000000000000 ) ;
#2050 = CARTESIAN_POINT ( 'NONE',  ( 60.50000000000000000, -388.0000000000000000, 335.1000000000000796 ) ) ;
#2051 = AXIS2_PLACEMENT_3D ( 'NONE', #253, #987, #832 ) ;
#2052 = EDGE_CURVE ( 'NONE', #1692, #1083, #1075, .T. ) ;
#2053 = PERSON ( 'UNSPECIFIED', 'UNSPECIFIED', 'UNSPECIFIED', ('UNSPECIFIED'), ('UNSPECIFIED'), ('UNSPECIFIED') ) ;
#2054 = EDGE_LOOP ( 'NONE', ( #2259, #898, #954, #1763 ) ) ;
#2055 = CARTESIAN_POINT ( 'NONE',  ( 100.0000000000000000, -388.0000000000000000, 339.6000000000000227 ) ) ;
#2056 = AXIS2_PLACEMENT_3D ( 'NONE', #1828, #1464, #1123 ) ;
#2057 = CYLINDRICAL_SURFACE ( 'NONE', #1134, 8.000000000000007105 ) ;
#2058 = ORIENTED_EDGE ( 'NONE', *, *, #1527, .F. ) ;
#2059 = ORIENTED_EDGE ( 'NONE', *, *, #673, .T. ) ;
#2060 = LINE ( 'NONE', #406, #1010 ) ;
#2061 = FACE_OUTER_BOUND ( 'NONE', #1560, .T. ) ;
#2062 = DIRECTION ( 'NONE',  ( -0.000000000000000000, -1.000000000000000000, 7.931299208757788288E-16 ) ) ;
#2063 = DIRECTION ( 'NONE',  ( 0.000000000000000000, 1.000000000000000000, 1.901066822988284662E-16 ) ) ;
#2064 = ORIENTED_EDGE ( 'NONE', *, *, #2376, .T. ) ;
#2065 = CARTESIAN_POINT ( 'NONE',  ( 100.0000000000000000, -202.0000000000000000, 253.5999999999999943 ) ) ;
#2066 = EDGE_CURVE ( 'NONE', #2172, #492, #499, .T. ) ;
#2067 = DIRECTION ( 'NONE',  ( 1.000000000000000000, -0.000000000000000000, -0.000000000000000000 ) ) ;
#2068 = ORIENTED_EDGE ( 'NONE', *, *, #645, .T. ) ;
#2069 = VERTEX_POINT ( 'NONE', #627 ) ;
#2070 = DIRECTION ( 'NONE',  ( 1.000000000000000000, 4.211417726005544748E-16, 9.634166742615019383E-17 ) ) ;
#2071 = CARTESIAN_POINT ( 'NONE',  ( 100.0000000000000000, -194.0000000000000000, 339.6000000000000227 ) ) ;
#2072 = CYLINDRICAL_SURFACE ( 'NONE', #117, 8.749999999999980460 ) ;
#2073 = EDGE_CURVE ( 'NONE', #1618, #1024, #1363, .T. ) ;
#2074 = CARTESIAN_POINT ( 'NONE',  ( -100.0000000000000000, 188.0000000000000284, 295.5999999999999659 ) ) ;
#2075 = VECTOR ( 'NONE', #1854, 1000.000000000000000 ) ;
#2076 = CYLINDRICAL_SURFACE ( 'NONE', #937, 8.749999999999980460 ) ;
#2077 = VECTOR ( 'NONE', #508, 1000.000000000000000 ) ;
#2078 = APPROVAL_PERSON_ORGANIZATION ( #634, #2110, #1909 ) ;
#2079 = VERTEX_POINT ( 'NONE', #413 ) ;
#2080 = CARTESIAN_POINT ( 'NONE',  ( 100.0000000000000000, -188.0000000000000000, 267.6000000000000227 ) ) ;
#2081 = DIRECTION ( 'NONE',  ( 1.000000000000000000, 4.211417726005544748E-16, 9.634166742615019383E-17 ) ) ;
#2082 = EDGE_CURVE ( 'NONE', #1143, #1295, #2093, .T. ) ;
#2083 = ORIENTED_EDGE ( 'NONE', *, *, #1126, .F. ) ;
#2084 = VERTEX_POINT ( 'NONE', #600 ) ;
#2085 = CARTESIAN_POINT ( 'NONE',  ( 60.50000000000000000, -150.0000000000000000, 318.6000000000000227 ) ) ;
#2086 = CARTESIAN_POINT ( 'NONE',  ( 60.50000000000000000, -382.0000000000000000, 318.6000000000000227 ) ) ;
#2087 = ORIENTED_EDGE ( 'NONE', *, *, #1948, .F. ) ;
#2088 = LINE ( 'NONE', #657, #2139 ) ;
#2089 = AXIS2_PLACEMENT_3D ( 'NONE', #2293, #647, #1573 ) ;
#2090 = EDGE_LOOP ( 'NONE', ( #34, #2120, #618, #1064 ) ) ;
#2091 = LINE ( 'NONE', #1140, #419 ) ;
#2092 = VECTOR ( 'NONE', #1718, 1000.000000000000000 ) ;
#2093 = LINE ( 'NONE', #1340, #1697 ) ;
#2094 = CIRCLE ( 'NONE', #1059, 8.000000000000007105 ) ;
#2095 = FACE_OUTER_BOUND ( 'NONE', #1242, .T. ) ;
#2096 = VECTOR ( 'NONE', #1687, 1000.000000000000000 ) ;
#2097 = CARTESIAN_POINT ( 'NONE',  ( -83.49999999999998579, -188.0000000000000000, 295.5999999999999659 ) ) ;
#2098 = DIRECTION ( 'NONE',  ( 1.975034364462709866E-16, -7.931299208757788288E-16, -1.000000000000000000 ) ) ;
#2099 = ORIENTED_EDGE ( 'NONE', *, *, #2328, .T. ) ;
#2100 = EDGE_CURVE ( 'NONE', #2164, #588, #1582, .T. ) ;
#2101 = CALENDAR_DATE ( 2025, 12, 11 ) ;
#2102 = DESIGN_CONTEXT ( 'detailed design', #507, 'design' ) ;
#2103 = DIRECTION ( 'NONE',  ( 1.000000000000000000, 1.160752109978521043E-31, 1.518528186574079716E-16 ) ) ;
#2104 = LINE ( 'NONE', #232, #520 ) ;
#2105 = ORIENTED_EDGE ( 'NONE', *, *, #1708, .T. ) ;
#2106 = DIRECTION ( 'NONE',  ( -1.000000000000000000, 0.000000000000000000, 0.000000000000000000 ) ) ;
#2107 = ORIENTED_EDGE ( 'NONE', *, *, #1117, .T. ) ;
#2108 = FACE_BOUND ( 'NONE', #2029, .T. ) ;
#2109 = EDGE_CURVE ( 'NONE', #1664, #2069, #1152, .T. ) ;
#2110 = APPROVAL ( #487, 'UNSPECIFIED' ) ;
#2111 = CARTESIAN_POINT ( 'NONE',  ( 100.0000000000000000, 188.0000000000000568, 267.6000000000000227 ) ) ;
#2112 = VERTEX_POINT ( 'NONE', #1783 ) ;
#2113 = DIRECTION ( 'NONE',  ( 0.000000000000000000, 0.000000000000000000, 1.000000000000000000 ) ) ;
#2114 = EDGE_CURVE ( 'NONE', #2339, #1544, #959, .T. ) ;
#2115 = DIRECTION ( 'NONE',  ( 9.634166742615019383E-17, 3.609500307299389097E-32, -1.000000000000000000 ) ) ;
#2116 = CIRCLE ( 'NONE', #41, 8.749999999999980460 ) ;
#2117 = ORIENTED_EDGE ( 'NONE', *, *, #2215, .T. ) ;
#2118 = CARTESIAN_POINT ( 'NONE',  ( 100.0000000000000000, -202.0000000000000000, 259.6000000000000796 ) ) ;
#2119 = AXIS2_PLACEMENT_3D ( 'NONE', #2055, #609, #599 ) ;
#2120 = ORIENTED_EDGE ( 'NONE', *, *, #1146, .F. ) ;
#2121 = DIRECTION ( 'NONE',  ( 0.000000000000000000, 7.943306035047480960E-16, 1.000000000000000000 ) ) ;
#2122 = EDGE_CURVE ( 'NONE', #587, #1315, #737, .T. ) ;
#2123 = LINE ( 'NONE', #604, #711 ) ;
#2124 = EDGE_LOOP ( 'NONE', ( #1747, #1966, #1500, #332 ) ) ;
#2125 = CARTESIAN_POINT ( 'NONE',  ( 100.0000000000000000, 388.0000000000000000, 267.6000000000000227 ) ) ;
#2126 = COORDINATED_UNIVERSAL_TIME_OFFSET ( 7, 0, .AHEAD. ) ;
#2127 = DIRECTION ( 'NONE',  ( 0.000000000000000000, 1.000000000000000000, 0.000000000000000000 ) ) ;
#2128 = PLANE ( 'NONE',  #1600 ) ;
#2129 = EDGE_CURVE ( 'NONE', #1188, #173, #2004, .T. ) ;
#2130 = CARTESIAN_POINT ( 'NONE',  ( 100.0000000000000000, -374.0000000000000000, 259.6000000000000796 ) ) ;
#2131 = ORIENTED_EDGE ( 'NONE', *, *, #1952, .T. ) ;
#2132 = CARTESIAN_POINT ( 'NONE',  ( 100.0000000000000000, -374.0000000000000000, 259.6000000000000796 ) ) ;
#2133 = EDGE_CURVE ( 'NONE', #602, #1132, #921, .T. ) ;
#2134 = ORIENTED_EDGE ( 'NONE', *, *, #1173, .T. ) ;
#2135 = CARTESIAN_POINT ( 'NONE',  ( 100.0000000000000000, 202.0000000000000853, 339.6000000000000227 ) ) ;
#2136 = DIRECTION ( 'NONE',  ( -1.000000000000000000, 0.000000000000000000, 0.000000000000000000 ) ) ;
#2137 = AXIS2_PLACEMENT_3D ( 'NONE', #469, #1181, #1916 ) ;
#2138 = VERTEX_POINT ( 'NONE', #2375 ) ;
#2139 = VECTOR ( 'NONE', #257, 1000.000000000000000 ) ;
#2140 = CALENDAR_DATE ( 2025, 12, 11 ) ;
#2141 = CARTESIAN_POINT ( 'NONE',  ( -45.50000000000000711, 188.0000000000000000, 295.5999999999999659 ) ) ;
#2142 = DIRECTION ( 'NONE',  ( 0.000000000000000000, -0.000000000000000000, -1.000000000000000000 ) ) ;
#2143 = ORIENTED_EDGE ( 'NONE', *, *, #52, .F. ) ;
#2144 = CARTESIAN_POINT ( 'NONE',  ( -45.50000000000000000, -146.5000000000000000, 333.6000000000000227 ) ) ;
#2145 = VERTEX_POINT ( 'NONE', #2353 ) ;
#2146 = ADVANCED_FACE ( 'NONE', ( #1992, #1614, #704 ), #1452, .T. ) ;
#2147 = CARTESIAN_POINT ( 'NONE',  ( -100.0000000000000000, -202.0000000000000000, 339.6000000000000227 ) ) ;
#2148 = CARTESIAN_POINT ( 'NONE',  ( 45.50000000000000000, 146.5000000000000000, 333.6000000000000227 ) ) ;
#2149 = EDGE_LOOP ( 'NONE', ( #1842, #75, #1119, #2017, #290, #729, #1528, #1457 ) ) ;
#2150 = CARTESIAN_POINT ( 'NONE',  ( 60.50000000000000000, 388.0000000000000000, 302.1000000000000227 ) ) ;
#2151 = LINE ( 'NONE', #1574, #2322 ) ;
#2152 = CARTESIAN_POINT ( 'NONE',  ( 60.50000000000000000, 150.0000000000000000, 318.6000000000000227 ) ) ;
#2153 = EDGE_CURVE ( 'NONE', #28, #2172, #1475, .T. ) ;
#2154 = CC_DESIGN_DATE_AND_TIME_ASSIGNMENT ( #1758, #448, ( #190 ) ) ;
#2155 = ORIENTED_EDGE ( 'NONE', *, *, #2301, .T. ) ;
#2156 = DIRECTION ( 'NONE',  ( -1.826024711554534899E-16, -0.000000000000000000, -1.000000000000000000 ) ) ;
#2157 = AXIS2_PLACEMENT_3D ( 'NONE', #340, #691, #1432 ) ;
#2158 = EDGE_LOOP ( 'NONE', ( #1958, #1109, #753, #2032 ) ) ;
#2159 = AXIS2_PLACEMENT_3D ( 'NONE', #2236, #1712, #1493 ) ;
#2160 = CARTESIAN_POINT ( 'NONE',  ( 83.50000000000001421, -146.5000000000000000, 295.5999999999999659 ) ) ;
#2161 = DIRECTION ( 'NONE',  ( 0.000000000000000000, 0.000000000000000000, 1.000000000000000000 ) ) ;
#2162 = VECTOR ( 'NONE', #2295, 1000.000000000000000 ) ;
#2163 = EDGE_CURVE ( 'NONE', #994, #1138, #1838, .T. ) ;
#2164 = VERTEX_POINT ( 'NONE', #181 ) ;
#2165 = DIRECTION ( 'NONE',  ( -1.000000000000000000, -4.211417726005544748E-16, -9.634166742615019383E-17 ) ) ;
#2166 = EDGE_LOOP ( 'NONE', ( #1592, #1443 ) ) ;
#2167 = CARTESIAN_POINT ( 'NONE',  ( -60.50000000000000000, -388.0000000000000000, 318.6000000000000227 ) ) ;
#2168 = EDGE_LOOP ( 'NONE', ( #938, #2256, #2008, #251 ) ) ;
#2169 = DIRECTION ( 'NONE',  ( 0.000000000000000000, 1.000000000000000000, 0.000000000000000000 ) ) ;
#2170 = PLANE ( 'NONE',  #940 ) ;
#2171 = CIRCLE ( 'NONE', #434, 16.50000000000001421 ) ;
#2172 = VERTEX_POINT ( 'NONE', #915 ) ;
#2173 = CIRCLE ( 'NONE', #669, 8.000000000000007105 ) ;
#2174 = CIRCLE ( 'NONE', #559, 14.00000000000001243 ) ;
#2175 = EDGE_CURVE ( 'NONE', #346, #1675, #353, .T. ) ;
#2176 = DIRECTION ( 'NONE',  ( 1.000000000000000000, 5.821194006774528653E-32, 9.634166742615045268E-17 ) ) ;
#2177 = ORIENTED_EDGE ( 'NONE', *, *, #1397, .T. ) ;
#2178 = CARTESIAN_POINT ( 'NONE',  ( -83.50000000000000000, -146.5000000000000000, 295.5999999999999659 ) ) ;
#2179 = ORIENTED_EDGE ( 'NONE', *, *, #1383, .T. ) ;
#2180 = CYLINDRICAL_SURFACE ( 'NONE', #1390, 14.00000000000001243 ) ;
#2181 = CARTESIAN_POINT ( 'NONE',  ( 45.50000000000000000, 146.5000000000000000, 295.5999999999999659 ) ) ;
#2182 = EDGE_CURVE ( 'NONE', #107, #1035, #150, .T. ) ;
#2183 = ORIENTED_EDGE ( 'NONE', *, *, #1154, .T. ) ;
#2184 = CARTESIAN_POINT ( 'NONE',  ( -60.50000000000000000, 388.0000000000000000, 318.6000000000000227 ) ) ;
#2185 = ADVANCED_FACE ( 'NONE', ( #1251 ), #2014, .F. ) ;
#2186 = CARTESIAN_POINT ( 'NONE',  ( 100.0000000000000000, -202.0000000000000000, 347.6000000000000227 ) ) ;
#2187 = EDGE_LOOP ( 'NONE', ( #1411, #1414 ) ) ;
#2188 = LINE ( 'NONE', #2342, #1257 ) ;
#2189 = VERTEX_POINT ( 'NONE', #513 ) ;
#2190 = DIRECTION ( 'NONE',  ( -9.130123557772669567E-17, 1.901066822988284662E-16, -1.000000000000000000 ) ) ;
#2191 = DIRECTION ( 'NONE',  ( 0.000000000000000000, -0.000000000000000000, -1.000000000000000000 ) ) ;
#2192 = EDGE_LOOP ( 'NONE', ( #543, #1080, #122, #1672 ) ) ;
#2193 = CIRCLE ( 'NONE', #188, 8.000000000000007105 ) ;
#2194 = VECTOR ( 'NONE', #2233, 1000.000000000000000 ) ;
#2195 = DIRECTION ( 'NONE',  ( 4.358865182459010242E-16, -1.000000000000000000, 7.931299208757790261E-16 ) ) ;
#2196 = FACE_BOUND ( 'NONE', #1936, .T. ) ;
#2197 = ORIENTED_EDGE ( 'NONE', *, *, #2272, .F. ) ;
#2198 = CARTESIAN_POINT ( 'NONE',  ( -60.50000000000000000, 146.5000000000000000, 318.6000000000000227 ) ) ;
#2199 = EDGE_LOOP ( 'NONE', ( #829, #357, #237, #1744 ) ) ;
#2200 = CARTESIAN_POINT ( 'NONE',  ( 83.50000000000000000, -146.5000000000000000, 295.5999999999999659 ) ) ;
#2201 = EDGE_CURVE ( 'NONE', #875, #1083, #1816, .T. ) ;
#2202 = FACE_OUTER_BOUND ( 'NONE', #352, .T. ) ;
#2203 = VERTEX_POINT ( 'NONE', #1983 ) ;
#2204 = CIRCLE ( 'NONE', #1477, 8.000000000000007105 ) ;
#2205 = AXIS2_PLACEMENT_3D ( 'NONE', #603, #1320, #759 ) ;
#2206 = CARTESIAN_POINT ( 'NONE',  ( -60.50000000000000000, 150.0000000000000000, 327.3500000000000227 ) ) ;
#2207 = CIRCLE ( 'NONE', #977, 14.00000000000001243 ) ;
#2208 = PLANE ( 'NONE',  #865 ) ;
#2209 = ORIENTED_EDGE ( 'NONE', *, *, #1260, .F. ) ;
#2210 = FACE_OUTER_BOUND ( 'NONE', #529, .T. ) ;
#2211 = AXIS2_PLACEMENT_3D ( 'NONE', #1841, #697, #1479 ) ;
#2212 = ORIENTED_EDGE ( 'NONE', *, *, #693, .T. ) ;
#2213 = FACE_OUTER_BOUND ( 'NONE', #2045, .T. ) ;
#2214 = DIRECTION ( 'NONE',  ( 1.000000000000000000, 4.211417726005544748E-16, 9.634166742615019383E-17 ) ) ;
#2215 = EDGE_CURVE ( 'NONE', #602, #1180, #158, .T. ) ;
#2216 = ORIENTED_EDGE ( 'NONE', *, *, #302, .F. ) ;
#2217 = DIRECTION ( 'NONE',  ( 4.358865182459010242E-16, -1.000000000000000000, 7.931299208757790261E-16 ) ) ;
#2218 = CARTESIAN_POINT ( 'NONE',  ( 60.50000000000000000, 388.0000000000000000, 318.6000000000000227 ) ) ;
#2219 = ORIENTED_EDGE ( 'NONE', *, *, #2227, .F. ) ;
#2220 = CARTESIAN_POINT ( 'NONE',  ( 60.50000000000000000, -382.0000000000000000, 302.1000000000000227 ) ) ;
#2221 = ADVANCED_FACE ( 'NONE', ( #1826 ), #329, .T. ) ;
#2222 = CC_DESIGN_PERSON_AND_ORGANIZATION_ASSIGNMENT ( #1358, #646, ( #1745 ) ) ;
#2223 = ORIENTED_EDGE ( 'NONE', *, *, #263, .T. ) ;
#2224 = FACE_OUTER_BOUND ( 'NONE', #319, .T. ) ;
#2225 = PLANE ( 'NONE',  #207 ) ;
#2226 = ORIENTED_EDGE ( 'NONE', *, *, #1761, .F. ) ;
#2227 = EDGE_CURVE ( 'NONE', #1194, #233, #460, .T. ) ;
#2228 = CARTESIAN_POINT ( 'NONE',  ( 45.50000000000000000, -146.5000000000000000, 295.5999999999999659 ) ) ;
#2229 = VECTOR ( 'NONE', #546, 1000.000000000000000 ) ;
#2230 = CIRCLE ( 'NONE', #1112, 8.749999999999980460 ) ;
#2231 = EDGE_CURVE ( 'NONE', #1492, #839, #904, .T. ) ;
#2232 = AXIS2_PLACEMENT_3D ( 'NONE', #2240, #241, #1870 ) ;
#2233 = DIRECTION ( 'NONE',  ( -1.000000000000000000, 0.000000000000000000, 0.000000000000000000 ) ) ;
#2234 = CARTESIAN_POINT ( 'NONE',  ( -100.0000000000000000, 202.0000000000000000, 353.6000000000000227 ) ) ;
#2235 = ORIENTED_EDGE ( 'NONE', *, *, #1707, .F. ) ;
#2236 = CARTESIAN_POINT ( 'NONE',  ( -100.0000000000000000, 202.0000000000000000, 267.6000000000000227 ) ) ;
#2237 = DIRECTION ( 'NONE',  ( 0.000000000000000000, 0.000000000000000000, -1.000000000000000000 ) ) ;
#2238 = EDGE_LOOP ( 'NONE', ( #939, #1341, #1387, #1545 ) ) ;
#2239 = CARTESIAN_POINT ( 'NONE',  ( -100.0000000000000000, -202.0000000000000000, 347.6000000000000227 ) ) ;
#2240 = CARTESIAN_POINT ( 'NONE',  ( -60.50000000000000000, 150.0000000000000000, 318.6000000000000227 ) ) ;
#2241 = EDGE_CURVE ( 'NONE', #1801, #1213, #1271, .T. ) ;
#2242 = AXIS2_PLACEMENT_3D ( 'NONE', #1027, #1956, #104 ) ;
#2243 = DIRECTION ( 'NONE',  ( 1.000000000000000000, 4.211417726005544748E-16, 9.634166742615019383E-17 ) ) ;
#2244 = DIRECTION ( 'NONE',  ( 0.000000000000000000, 1.000000000000000000, -7.931299208757788288E-16 ) ) ;
#2245 = ORIENTED_EDGE ( 'NONE', *, *, #890, .F. ) ;
#2246 = CARTESIAN_POINT ( 'NONE',  ( -45.50000000000000711, -188.0000000000000000, 295.5999999999999659 ) ) ;
#2247 = AXIS2_PLACEMENT_3D ( 'NONE', #1269, #880, #1219 ) ;
#2248 = LINE ( 'NONE', #1887, #1502 ) ;
#2249 = EDGE_LOOP ( 'NONE', ( #265, #1833, #428, #1655 ) ) ;
#2250 = EDGE_CURVE ( 'NONE', #138, #1836, #2116, .T. ) ;
#2251 = CARTESIAN_POINT ( 'NONE',  ( 100.0000000000000000, -188.0000000000000000, 295.5999999999999659 ) ) ;
#2252 =( NAMED_UNIT ( * ) SI_UNIT ( $, .STERADIAN. ) SOLID_ANGLE_UNIT ( ) );
#2253 = DIRECTION ( 'NONE',  ( 0.000000000000000000, 1.901066822988284662E-16, -1.000000000000000000 ) ) ;
#2254 = DIRECTION ( 'NONE',  ( 0.000000000000000000, 1.000000000000000000, -7.931299208757788288E-16 ) ) ;
#2255 = ADVANCED_FACE ( 'NONE', ( #549 ), #1054, .F. ) ;
#2256 = ORIENTED_EDGE ( 'NONE', *, *, #1908, .T. ) ;
#2257 = CARTESIAN_POINT ( 'NONE',  ( 100.0000000000000000, -202.0000000000000000, 347.6000000000000227 ) ) ;
#2258 = DIRECTION ( 'NONE',  ( 0.000000000000000000, 0.000000000000000000, 1.000000000000000000 ) ) ;
#2259 = ORIENTED_EDGE ( 'NONE', *, *, #673, .F. ) ;
#2260 = ORIENTED_EDGE ( 'NONE', *, *, #512, .T. ) ;
#2261 = DIRECTION ( 'NONE',  ( 0.000000000000000000, 0.000000000000000000, -1.000000000000000000 ) ) ;
#2262 = VERTEX_POINT ( 'NONE', #1107 ) ;
#2263 = DIRECTION ( 'NONE',  ( 4.211417726005539817E-16, -1.000000000000000000, -0.000000000000000000 ) ) ;
#2264 = AXIS2_PLACEMENT_3D ( 'NONE', #1062, #830, #2121 ) ;
#2265 = PLANE ( 'NONE',  #640 ) ;
#2266 = AXIS2_PLACEMENT_3D ( 'NONE', #1076, #1098, #2340 ) ;
#2267 = AXIS2_PLACEMENT_3D ( 'NONE', #649, #116, #1423 ) ;
#2268 = LOCAL_TIME ( 22, 55, 9.000000000000000000, #1394 ) ;
#2269 = ORIENTED_EDGE ( 'NONE', *, *, #374, .T. ) ;
#2270 = DIRECTION ( 'NONE',  ( 0.000000000000000000, 0.000000000000000000, -1.000000000000000000 ) ) ;
#2271 = CARTESIAN_POINT ( 'NONE',  ( 99.99999999999998579, 374.0000000000000000, 347.6000000000000227 ) ) ;
#2272 = EDGE_CURVE ( 'NONE', #107, #2189, #1136, .T. ) ;
#2273 = LINE ( 'NONE', #1342, #920 ) ;
#2274 = DIRECTION ( 'NONE',  ( -1.000000000000000000, -0.000000000000000000, -0.000000000000000000 ) ) ;
#2275 = CARTESIAN_POINT ( 'NONE',  ( -100.0000000000000000, 382.0000000000000000, 267.6000000000000227 ) ) ;
#2276 = ORIENTED_EDGE ( 'NONE', *, *, #525, .F. ) ;
#2277 = PERSON_AND_ORGANIZATION ( #2053, #1504 ) ;
#2278 = CARTESIAN_POINT ( 'NONE',  ( -100.0000000000000000, 388.0000000000000000, 267.6000000000000227 ) ) ;
#2279 = CARTESIAN_POINT ( 'NONE',  ( 60.50000000000000000, 382.0000000000000000, 318.6000000000000227 ) ) ;
#2280 = AXIS2_PLACEMENT_3D ( 'NONE', #103, #462, #794 ) ;
#2281 = ORIENTED_EDGE ( 'NONE', *, *, #1874, .T. ) ;
#2282 = CARTESIAN_POINT ( 'NONE',  ( -100.0000000000000000, 374.0000000000000000, 253.5999999999999943 ) ) ;
#2283 = CIRCLE ( 'NONE', #1752, 14.00000000000001243 ) ;
#2284 = ORIENTED_EDGE ( 'NONE', *, *, #756, .T. ) ;
#2285 = AXIS2_PLACEMENT_3D ( 'NONE', #1611, #688, #1281 ) ;
#2286 = ORIENTED_EDGE ( 'NONE', *, *, #1381, .T. ) ;
#2287 = VECTOR ( 'NONE', #333, 1000.000000000000000 ) ;
#2288 = ADVANCED_FACE ( 'NONE', ( #2061 ), #592, .F. ) ;
#2289 = DIRECTION ( 'NONE',  ( 0.000000000000000000, 0.000000000000000000, 1.000000000000000000 ) ) ;
#2290 = ORIENTED_EDGE ( 'NONE', *, *, #2349, .T. ) ;
#2291 = CARTESIAN_POINT ( 'NONE',  ( 60.50000000000000000, -194.0000000000000000, 318.6000000000000227 ) ) ;
#2292 = PERSON_AND_ORGANIZATION ( #2053, #1504 ) ;
#2293 = CARTESIAN_POINT ( 'NONE',  ( 100.0000000000000000, -374.0000000000000000, 339.6000000000000227 ) ) ;
#2294 = ORIENTED_EDGE ( 'NONE', *, *, #991, .T. ) ;
#2295 = DIRECTION ( 'NONE',  ( -6.123031769111888756E-17, -1.000000000000000000, -0.000000000000000000 ) ) ;
#2296 = ORIENTED_EDGE ( 'NONE', *, *, #715, .T. ) ;
#2297 = DIRECTION ( 'NONE',  ( 0.000000000000000000, 0.000000000000000000, -1.000000000000000000 ) ) ;
#2298 = EDGE_LOOP ( 'NONE', ( #769, #1233, #2269, #197 ) ) ;
#2299 = CARTESIAN_POINT ( 'NONE',  ( -83.49999999999998579, -188.0000000000000000, 333.6000000000000227 ) ) ;
#2300 = ADVANCED_FACE ( 'NONE', ( #978 ), #2072, .F. ) ;
#2301 = EDGE_CURVE ( 'NONE', #2069, #1306, #1465, .T. ) ;
#2302 = FACE_OUTER_BOUND ( 'NONE', #1032, .T. ) ;
#2303 = DIRECTION ( 'NONE',  ( 0.000000000000000000, -1.000000000000000000, -1.901066822988284662E-16 ) ) ;
#2304 = DIRECTION ( 'NONE',  ( 0.000000000000000000, -6.042239212059200982E-16, -1.000000000000000000 ) ) ;
#2305 = AXIS2_PLACEMENT_3D ( 'NONE', #171, #1646, #1804 ) ;
#2306 = VERTEX_POINT ( 'NONE', #421 ) ;
#2307 = LINE ( 'NONE', #661, #619 ) ;
#2308 = AXIS2_PLACEMENT_3D ( 'NONE', #1950, #1218, #313 ) ;
#2309 = ORIENTED_EDGE ( 'NONE', *, *, #912, .F. ) ;
#2310 = DIRECTION ( 'NONE',  ( -1.000000000000000000, 6.942789994186160279E-32, -3.652049423109069799E-16 ) ) ;
#2311 = CARTESIAN_POINT ( 'NONE',  ( -45.50000000000000000, 146.5000000000000000, 295.5999999999999659 ) ) ;
#2312 = ORIENTED_EDGE ( 'NONE', *, *, #1507, .T. ) ;
#2313 = APPROVAL_DATE_TIME ( #844, #2110 ) ;
#2314 = LINE ( 'NONE', #1910, #858 ) ;
#2315 = DIRECTION ( 'NONE',  ( 0.000000000000000000, 1.000000000000000000, 1.901066822988284662E-16 ) ) ;
#2316 = CARTESIAN_POINT ( 'NONE',  ( -60.50000000000002132, 194.0000000000000000, 318.6000000000000227 ) ) ;
#2317 = EDGE_CURVE ( 'NONE', #988, #1017, #65, .T. ) ;
#2318 = ORIENTED_EDGE ( 'NONE', *, *, #180, .F. ) ;
#2319 = CARTESIAN_POINT ( 'NONE',  ( 60.50000000000000000, 150.0000000000000000, 327.3500000000000227 ) ) ;
#2320 = ORIENTED_EDGE ( 'NONE', *, *, #877, .F. ) ;
#2321 = FACE_OUTER_BOUND ( 'NONE', #259, .T. ) ;
#2322 = VECTOR ( 'NONE', #658, 1000.000000000000000 ) ;
#2323 = DIRECTION ( 'NONE',  ( 0.000000000000000000, -1.000000000000000000, 7.931299208757788288E-16 ) ) ;
#2324 = AXIS2_PLACEMENT_3D ( 'NONE', #1596, #1246, #2161 ) ;
#2325 = ORIENTED_EDGE ( 'NONE', *, *, #1571, .T. ) ;
#2326 = LINE ( 'NONE', #2125, #476 ) ;
#2327 = AXIS2_PLACEMENT_3D ( 'NONE', #1830, #2379, #1649 ) ;
#2328 = EDGE_CURVE ( 'NONE', #451, #565, #1847, .T. ) ;
#2329 = FACE_OUTER_BOUND ( 'NONE', #1310, .T. ) ;
#2330 = EDGE_CURVE ( 'NONE', #1438, #1466, #6, .T. ) ;
#2331 = DIRECTION ( 'NONE',  ( 0.000000000000000000, 0.000000000000000000, 1.000000000000000000 ) ) ;
#2332 = CARTESIAN_POINT ( 'NONE',  ( -100.0000000000000000, 382.0000000000000000, 339.6000000000000227 ) ) ;
#2333 = EDGE_LOOP ( 'NONE', ( #1490, #191 ) ) ;
#2334 = DIRECTION ( 'NONE',  ( 1.000000000000000000, 1.204390140465139655E-31, 1.518528186574079716E-16 ) ) ;
#2335 = EDGE_CURVE ( 'NONE', #1353, #92, #796, .T. ) ;
#2336 = ORIENTED_EDGE ( 'NONE', *, *, #1117, .F. ) ;
#2337 = CARTESIAN_POINT ( 'NONE',  ( 83.50000000000000000, -146.5000000000000000, 333.6000000000000227 ) ) ;
#2338 = FACE_OUTER_BOUND ( 'NONE', #1380, .T. ) ;
#2339 = VERTEX_POINT ( 'NONE', #749 ) ;
#2340 = DIRECTION ( 'NONE',  ( 0.000000000000000000, -1.000000000000000000, 7.931299208757788288E-16 ) ) ;
#2341 = ORIENTED_EDGE ( 'NONE', *, *, #2357, .T. ) ;
#2342 = CARTESIAN_POINT ( 'NONE',  ( 45.50000000000001421, 188.0000000000000568, 267.6000000000000227 ) ) ;
#2343 = AXIS2_PLACEMENT_3D ( 'NONE', #7, #2165, #1065 ) ;
#2344 = ORIENTED_EDGE ( 'NONE', *, *, #1654, .T. ) ;
#2345 = VECTOR ( 'NONE', #1402, 1000.000000000000000 ) ;
#2346 = FACE_BOUND ( 'NONE', #856, .T. ) ;
#2347 = CIRCLE ( 'NONE', #1884, 14.00000000000001243 ) ;
#2348 = CARTESIAN_POINT ( 'NONE',  ( -83.50000000000000000, -146.5000000000000000, 333.6000000000000227 ) ) ;
#2349 = EDGE_CURVE ( 'NONE', #1836, #138, #1192, .T. ) ;
#2350 = VERTEX_POINT ( 'NONE', #571 ) ;
#2351 = ADVANCED_FACE ( 'NONE', ( #1159 ), #1308, .F. ) ;
#2352 = DIRECTION ( 'NONE',  ( -1.000000000000000000, -4.211417726005544748E-16, -9.634166742615019383E-17 ) ) ;
#2353 = CARTESIAN_POINT ( 'NONE',  ( 60.49999999999998579, 146.5000000000000000, 309.8500000000000796 ) ) ;
#2354 = DIRECTION ( 'NONE',  ( 0.000000000000000000, 0.000000000000000000, -1.000000000000000000 ) ) ;
#2355 = VERTEX_POINT ( 'NONE', #206 ) ;
#2356 = DIRECTION ( 'NONE',  ( 1.000000000000000000, 5.821194006774528653E-32, 9.634166742615045268E-17 ) ) ;
#2357 = EDGE_CURVE ( 'NONE', #1820, #1171, #2347, .T. ) ;
#2358 = APPROVAL ( #1955, 'UNSPECIFIED' ) ;
#2359 = VERTEX_POINT ( 'NONE', #1499 ) ;
#2360 = LINE ( 'NONE', #176, #961 ) ;
#2361 = CARTESIAN_POINT ( 'NONE',  ( -60.50000000000000000, -146.5000000000000000, 309.8500000000000796 ) ) ;
#2362 = CIRCLE ( 'NONE', #1480, 8.000000000000007105 ) ;
#2363 = ORIENTED_EDGE ( 'NONE', *, *, #1381, .F. ) ;
#2364 = VECTOR ( 'NONE', #1391, 1000.000000000000000 ) ;
#2365 = CIRCLE ( 'NONE', #2247, 16.50000000000001421 ) ;
#2366 = DIRECTION ( 'NONE',  ( -9.634166742615019383E-17, -3.609500307299389097E-32, 1.000000000000000000 ) ) ;
#2367 = FACE_OUTER_BOUND ( 'NONE', #1960, .T. ) ;
#2368 = ORIENTED_EDGE ( 'NONE', *, *, #441, .T. ) ;
#2369 = CARTESIAN_POINT ( 'NONE',  ( 100.0000000000000142, -188.0000000000000000, 267.6000000000000227 ) ) ;
#2370 = EDGE_LOOP ( 'NONE', ( #608, #276, #2068, #584, #1433, #1917, #1319, #1855 ) ) ;
#2371 = CARTESIAN_POINT ( 'NONE',  ( 100.0000000000000000, -374.0000000000000000, 267.6000000000000227 ) ) ;
#2372 = CARTESIAN_POINT ( 'NONE',  ( -100.0000000000000000, -388.0000000000000000, 267.6000000000000227 ) ) ;
#2373 = ORIENTED_EDGE ( 'NONE', *, *, #1184, .F. ) ;
#2374 = EDGE_CURVE ( 'NONE', #1124, #2164, #1513, .T. ) ;
#2375 = CARTESIAN_POINT ( 'NONE',  ( -60.50000000000000000, -382.0000000000000000, 302.1000000000000227 ) ) ;
#2376 = EDGE_CURVE ( 'NONE', #568, #141, #582, .T. ) ;
#2377 = CARTESIAN_POINT ( 'NONE',  ( 83.50000000000000000, -146.5000000000000000, 295.5999999999999659 ) ) ;
#2378 = ORIENTED_EDGE ( 'NONE', *, *, #2374, .T. ) ;
#2379 = DIRECTION ( 'NONE',  ( -0.000000000000000000, -1.000000000000000000, -1.927470528863119788E-16 ) ) ;
ENDSEC;
END-ISO-10303-21;
